{
    "M_G1_M M_G1H1_M": [
        [-0.182199, 0.113759, 0.00569506]
    ],
    "M_G1_M M_G1H2_M": [
        [-0.0149624, 0.133608, 0.00668878]
    ],
    "M_G1C3_M M_G1C3H1_M": [
        [-0.25715, 0.0481005, 0.00240804]
    ],
    "M_G1C3_M M_G1C3H2_M": [
        [-0.240637, 0.0499031, 0.00249828]
    ],
    "M_G1C4_M M_G1C4H1_M": [
        [-0.223977, 0.0346752, 0.00173593]
    ],
    "M_G1C4_M M_G1C4H2_M": [
        [-0.21405, 0.0391273, 0.00195882]
    ],
    "M_G1C5_M M_G1C5H1_M": [
        [-0.25475, 0.0293292, 0.0014683]
    ],
    "M_G1C5_M M_G1C5H2_M": [
        [-0.250093, 0.0304343, 0.00152362]
    ],
    "M_G1C6_M M_G1C6H1_M": [
        [-0.261167, 0.0281316, 0.00140834]
    ],
    "M_G1C6_M M_G1C6H2_M": [
        [-0.257254, 0.0298526, 0.0014945]
    ],
    "M_G1C7_M M_G1C7H1_M": [
        [-0.27391, 0.0277347, 0.00138847]
    ],
    "M_G1C7_M M_G1C7H2_M": [
        [-0.271822, 0.0273063, 0.00136703]
    ],
    "M_G1C8_M M_G1C8H1_M": [
        [-0.270262, 0.0274959, 0.00137651]
    ],
    "M_G1C8_M M_G1C8H2_M": [
        [-0.268529, 0.0273814, 0.00137078]
    ],
    "M_G1C9_M M_G1C9H1_M": [
        [-0.271468, 0.0270799, 0.00135569]
    ],
    "M_G1C9_M M_G1C9H2_M": [
        [-0.270314, 0.0275109, 0.00137727]
    ],
    "M_G1C10_M M_G1C10H1_M": [
        [-0.25979, 0.0285966, 0.00143162]
    ],
    "M_G1C10_M M_G1C10H2_M": [
        [-0.259486, 0.0276641, 0.00138494]
    ],
    "M_G1C11_M M_G1C11H1_M": [
        [-0.252771, 0.0278205, 0.00139277]
    ],
    "M_G1C11_M M_G1C11H2_M": [
        [-0.25238, 0.0285477, 0.00142918]
    ],
    "M_G1C12_M M_G1C12H1_M": [
        [-0.234631, 0.0282493, 0.00141424]
    ],
    "M_G1C12_M M_G1C12H2_M": [
        [-0.23457, 0.0290705, 0.00145534]
    ],
    "M_G1C13_M M_G1C13H1_M": [
        [-0.22084, 0.0280811, 0.00140582]
    ],
    "M_G1C13_M M_G1C13H2_M": [
        [-0.220983, 0.0289145, 0.00144753]
    ],
    "M_G1C14_M M_G1C14H1_M": [
        [-0.195445, 0.0287102, 0.00143731]
    ],
    "M_G1C14_M M_G1C14H2_M": [
        [-0.195687, 0.0286008, 0.00143183]
    ],
    "M_G1C15_M M_G1C15H1_M": [
        [-0.169904, 0.0262741, 0.00131535]
    ],
    "M_G1C15_M M_G1C15H2_M": [
        [-0.170733, 0.0258517, 0.00129421]
    ],
    "M_G1C16_M M_G1C16H1_M": [
        [-0.128609, 0.0225738, 0.0011301]
    ],
    "M_G1C16_M M_G1C16H2_M": [
        [-0.129735, 0.0219991, 0.00110133]
    ],
    "M_G1C17_M M_G1C17H1_M": [
        [-0.042354, 0.0126088, 0.000631227]
    ],
    "M_G1C17_M M_G1C17H2_M": [
        [-0.0425905, 0.0121439, 0.000607957]
    ],
    "M_G1C17_M M_G1C17H3_M": [
        [-0.0420684, 0.0125093, 0.00062625]
    ],
    "M_G2_M M_G2H1_M": [
        [-0.212503, 0.103688, 0.00519088]
    ],
    "M_G2C3_M M_G2C3H1_M": [
        [-0.113994, 0.0866822, 0.00433954]
    ],
    "M_G2C3_M M_G2C3H2_M": [
        [-0.142626, 0.0636805, 0.00318801]
    ],
    "M_G2C4_M M_G2C4H1_M": [
        [-0.240805, 0.0416275, 0.00208398]
    ],
    "M_G2C4_M M_G2C4H2_M": [
        [-0.23594, 0.0433785, 0.00217164]
    ],
    "M_G2C5_M M_G2C5H1_M": [
        [-0.241469, 0.0352927, 0.00176684]
    ],
    "M_G2C5_M M_G2C5H2_M": [
        [-0.240477, 0.0356658, 0.00178552]
    ],
    "M_G2C6_M M_G2C6H1_M": [
        [-0.256383, 0.0356729, 0.00178588]
    ],
    "M_G2C6_M M_G2C6H2_M": [
        [-0.253561, 0.0343344, 0.00171887]
    ],
    "M_G2C7_M M_G2C7H1_M": [
        [-0.235326, 0.032577, 0.00163089]
    ],
    "M_G2C7_M M_G2C7H2_M": [
        [-0.232616, 0.0341866, 0.00171147]
    ],
    "M_G2C8_M M_G2C8H1_M": [
        [-0.224192, 0.0318277, 0.00159338]
    ],
    "M_G2C8_M M_G2C8H2_M": [
        [-0.223099, 0.0323482, 0.00161943]
    ],
    "M_G2C9_M M_G2C9H1_M": [
        [-0.13344, 0.0287585, 0.00143972]
    ],
    "M_G2C9_M M_G2C9H2_M": [
        [-0.131623, 0.0296779, 0.00148575]
    ],
    "M_G2C10_M M_G2C10H1_M": [
        [-0.0782087, 0.0329549, 0.00164981]
    ],
    "M_G2C11_M M_G2C11H1_M": [
        [-0.0712292, 0.0255374, 0.00127847]
    ],
    "M_G2C12_M M_G2C12H1_M": [
        [-0.117272, 0.0282559, 0.00141457]
    ],
    "M_G2C12_M M_G2C12H2_M": [
        [-0.118334, 0.028346, 0.00141907]
    ],
    "M_G2C13_M M_G2C13H1_M": [
        [-0.178141, 0.0305459, 0.00152921]
    ],
    "M_G2C13_M M_G2C13H2_M": [
        [-0.178433, 0.0295858, 0.00148114]
    ],
    "M_G2C14_M M_G2C14H1_M": [
        [-0.188679, 0.0300546, 0.00150461]
    ],
    "M_G2C14_M M_G2C14H2_M": [
        [-0.18829, 0.0296321, 0.00148346]
    ],
    "M_G2C15_M M_G2C15H1_M": [
        [-0.194618, 0.0296948, 0.0014866]
    ],
    "M_G2C15_M M_G2C15H2_M": [
        [-0.19416, 0.0298914, 0.00149644]
    ],
    "M_G2C16_M M_G2C16H1_M": [
        [-0.178063, 0.0284965, 0.00142661]
    ],
    "M_G2C16_M M_G2C16H2_M": [
        [-0.177105, 0.0287333, 0.00143846]
    ],
    "M_G2C17_M M_G2C17H1_M": [
        [-0.160313, 0.0266032, 0.00133182]
    ],
    "M_G2C17_M M_G2C17H2_M": [
        [-0.160568, 0.0263806, 0.00132068]
    ],
    "M_G2C18_M M_G2C18H1_M": [
        [-0.122656, 0.0217537, 0.00108905]
    ],
    "M_G2C18_M M_G2C18H2_M": [
        [-0.123195, 0.0216243, 0.00108257]
    ],
    "M_G2C19_M M_G2C19H1_M": [
        [-0.0409186, 0.0121247, 0.000606995]
    ],
    "M_G2C19_M M_G2C19H2_M": [
        [-0.0419569, 0.0117877, 0.000590125]
    ],
    "M_G2C19_M M_G2C19H3_M": [
        [-0.0421269, 0.0118038, 0.00059093]
    ],
    "M_G3_M M_G3H1_M": [
        [-0.18928, 0.119137, 0.0059643]
    ],
    "M_G3_M M_G3H2_M": [
        [-0.199286, 0.0990147, 0.00495694]
    ],
    "M_G3C4_M M_G3C4H1_M": [
        [-0.0126141, 0.0753232, 0.00377088]
    ],
    "M_G3C4_M M_G3C4H2_M": [
        [-0.00397623, 0.0862489, 0.00431785]
    ],
    "M_G3C5_M M_G3C5H1_M": [
        [-0.119461, 0.0668497, 0.00334667]
    ],
    "M_G3C5_M M_G3C5H2_M": [
        [-0.119028, 0.0657295, 0.00329059]
    ],
    "M_G3N6C1_M M_G3N6C1H1_M": [
        [0.0138976, 0.0188726, 0.000944809]
    ],
    "M_G3N6C1_M M_G3N6C1H2_M": [
        [0.0154488, 0.0186995, 0.000936144]
    ],
    "M_G3N6C1_M M_G3N6C1H3_M": [
        [0.0153273, 0.0195794, 0.000980194]
    ],
    "M_G3N6C2_M M_G3N6C2H1_M": [
        [0.0129815, 0.0179693, 0.000899592]
    ],
    "M_G3N6C2_M M_G3N6C2H2_M": [
        [0.0167155, 0.018917, 0.000947037]
    ],
    "M_G3N6C2_M M_G3N6C2H3_M": [
        [0.0144494, 0.0196779, 0.000985126]
    ],
    "M_G3N6C3_M M_G3N6C3H1_M": [
        [0.0154735, 0.0201751, 0.00101002]
    ],
    "M_G3N6C3_M M_G3N6C3H2_M": [
        [0.0157686, 0.0192435, 0.000963382]
    ],
    "M_G3N6C3_M M_G3N6C3H3_M": [
        [0.0135536, 0.0183451, 0.000918402]
    ]
}