{
    "M_G1_M M_G1H1_M": [
        [-0.1653, 0.0245327, 0.00173908]
    ],
    "M_G1_M M_G1H2_M": [
        [0.00809042, 0.0264052, 0.00187182]
    ],
    "M_G1C3_M M_G1C3H1_M": [
        [-0.223491, 0.015359, 0.00108877]
    ],
    "M_G1C3_M M_G1C3H2_M": [
        [-0.211995, 0.0164583, 0.0011667]
    ],
    "M_G1C4_M M_G1C4H1_M": [
        [-0.175342, 0.0142828, 0.00101248]
    ],
    "M_G1C4_M M_G1C4H2_M": [
        [-0.169352, 0.0124717, 0.000884095]
    ],
    "M_G1C5_M M_G1C5H1_M": [
        [-0.224446, 0.0115818, 0.000821009]
    ],
    "M_G1C5_M M_G1C5H2_M": [
        [-0.223918, 0.0115789, 0.000820805]
    ],
    "M_G1C6_M M_G1C6H1_M": [
        [-0.219871, 0.0118202, 0.000837911]
    ],
    "M_G1C6_M M_G1C6H2_M": [
        [-0.219034, 0.01221, 0.000865545]
    ],
    "M_G1C7_M M_G1C7H1_M": [
        [-0.237632, 0.0112291, 0.00079601]
    ],
    "M_G1C7_M M_G1C7H2_M": [
        [-0.236633, 0.0106976, 0.000758329]
    ],
    "M_G1C8_M M_G1C8H1_M": [
        [-0.226586, 0.0118172, 0.000837699]
    ],
    "M_G1C8_M M_G1C8H2_M": [
        [-0.225855, 0.0118877, 0.0008427]
    ],
    "M_G1C9_M M_G1C9H1_M": [
        [-0.229084, 0.0122606, 0.000869133]
    ],
    "M_G1C9_M M_G1C9H2_M": [
        [-0.228738, 0.0112452, 0.000797151]
    ],
    "M_G1C10_M M_G1C10H1_M": [
        [-0.212538, 0.0117789, 0.000834981]
    ],
    "M_G1C10_M M_G1C10H2_M": [
        [-0.212651, 0.0109653, 0.000777308]
    ],
    "M_G1C11_M M_G1C11H1_M": [
        [-0.206639, 0.0119157, 0.000844682]
    ],
    "M_G1C11_M M_G1C11H2_M": [
        [-0.207302, 0.0114747, 0.000813421]
    ],
    "M_G1C12_M M_G1C12H1_M": [
        [-0.186155, 0.0109629, 0.000777142]
    ],
    "M_G1C12_M M_G1C12H2_M": [
        [-0.186593, 0.0106435, 0.000754498]
    ],
    "M_G1C13_M M_G1C13H1_M": [
        [-0.175401, 0.0102435, 0.000726144]
    ],
    "M_G1C13_M M_G1C13H2_M": [
        [-0.175451, 0.0105832, 0.000750225]
    ],
    "M_G1C14_M M_G1C14H1_M": [
        [-0.150367, 0.00970629, 0.000688061]
    ],
    "M_G1C14_M M_G1C14H2_M": [
        [-0.151088, 0.0101568, 0.000719996]
    ],
    "M_G1C15_M M_G1C15H1_M": [
        [-0.131931, 0.00927698, 0.000657627]
    ],
    "M_G1C15_M M_G1C15H2_M": [
        [-0.131988, 0.00845222, 0.000599162]
    ],
    "M_G1C16_M M_G1C16H1_M": [
        [-0.0982805, 0.00825817, 0.000585406]
    ],
    "M_G1C16_M M_G1C16H2_M": [
        [-0.0980172, 0.0080154, 0.000568197]
    ],
    "M_G1C17_M M_G1C17H1_M": [
        [-0.0335654, 0.00664001, 0.000470698]
    ],
    "M_G1C17_M M_G1C17H2_M": [
        [-0.0328307, 0.00721569, 0.000511507]
    ],
    "M_G1C17_M M_G1C17H3_M": [
        [-0.0343961, 0.0074054, 0.000524955]
    ],
    "M_G2_M M_G2H1_M": [
        [-0.161409, 0.0283898, 0.0020125]
    ],
    "M_G2C3_M M_G2C3H1_M": [
        [-0.105886, 0.0179124, 0.00126978]
    ],
    "M_G2C3_M M_G2C3H2_M": [
        [-0.111991, 0.0165839, 0.0011756]
    ],
    "M_G2C4_M M_G2C4H1_M": [
        [-0.198512, 0.0140297, 0.000994537]
    ],
    "M_G2C4_M M_G2C4H2_M": [
        [-0.189765, 0.014465, 0.0010254]
    ],
    "M_G2C5_M M_G2C5H1_M": [
        [-0.2043, 0.0129439, 0.000917569]
    ],
    "M_G2C5_M M_G2C5H2_M": [
        [-0.202182, 0.0137506, 0.000974755]
    ],
    "M_G2C6_M M_G2C6H1_M": [
        [-0.217078, 0.0130367, 0.000924149]
    ],
    "M_G2C6_M M_G2C6H2_M": [
        [-0.215631, 0.0130345, 0.00092399]
    ],
    "M_G2C7_M M_G2C7H1_M": [
        [-0.198989, 0.0123378, 0.000874601]
    ],
    "M_G2C7_M M_G2C7H2_M": [
        [-0.199282, 0.0126137, 0.000894162]
    ],
    "M_G2C8_M M_G2C8H1_M": [
        [-0.189721, 0.0114566, 0.000812139]
    ],
    "M_G2C8_M M_G2C8H2_M": [
        [-0.190134, 0.0129651, 0.000919069]
    ],
    "M_G2C9_M M_G2C9H1_M": [
        [-0.113453, 0.0157013, 0.00111303]
    ],
    "M_G2C9_M M_G2C9H2_M": [
        [-0.112632, 0.0170689, 0.00120998]
    ],
    "M_G2C10_M M_G2C10H1_M": [
        [-0.072055, 0.0118235, 0.000838146]
    ],
    "M_G2C11_M M_G2C11H1_M": [
        [-0.0612, 0.0125619, 0.000890486]
    ],
    "M_G2C12_M M_G2C12H1_M": [
        [-0.0912716, 0.0166845, 0.00118273]
    ],
    "M_G2C12_M M_G2C12H2_M": [
        [-0.0901134, 0.0167505, 0.00118741]
    ],
    "M_G2C13_M M_G2C13H1_M": [
        [-0.137351, 0.0117209, 0.000830876]
    ],
    "M_G2C13_M M_G2C13H2_M": [
        [-0.137399, 0.0110805, 0.000785477]
    ],
    "M_G2C14_M M_G2C14H1_M": [
        [-0.142147, 0.0112302, 0.000796087]
    ],
    "M_G2C14_M M_G2C14H2_M": [
        [-0.142983, 0.0110803, 0.000785462]
    ],
    "M_G2C15_M M_G2C15H1_M": [
        [-0.145417, 0.0106954, 0.00075818]
    ],
    "M_G2C15_M M_G2C15H2_M": [
        [-0.146045, 0.0101472, 0.000719317]
    ],
    "M_G2C16_M M_G2C16H1_M": [
        [-0.130647, 0.00994801, 0.000705196]
    ],
    "M_G2C16_M M_G2C16H2_M": [
        [-0.131461, 0.0100606, 0.000713174]
    ],
    "M_G2C17_M M_G2C17H1_M": [
        [-0.117637, 0.00903395, 0.0006404]
    ],
    "M_G2C17_M M_G2C17H2_M": [
        [-0.119271, 0.00934105, 0.00066217]
    ],
    "M_G2C18_M M_G2C18H1_M": [
        [-0.0902014, 0.0085063, 0.000602996]
    ],
    "M_G2C18_M M_G2C18H2_M": [
        [-0.0904572, 0.00846916, 0.000600363]
    ],
    "M_G2C19_M M_G2C19H1_M": [
        [-0.0297107, 0.0072519, 0.000514074]
    ],
    "M_G2C19_M M_G2C19H2_M": [
        [-0.0304309, 0.00679887, 0.000481959]
    ],
    "M_G2C19_M M_G2C19H3_M": [
        [-0.030788, 0.0077506, 0.000549426]
    ],
    "M_G3_M M_G3H1_M": [
        [-0.157861, 0.0251586, 0.00178345]
    ],
    "M_G3_M M_G3H2_M": [
        [-0.163312, 0.0186486, 0.00132196]
    ],
    "M_G3C4_M M_G3C4H1_M": [
        [0.0254884, 0.0120005, 0.00085069]
    ],
    "M_G3C4_M M_G3C4H2_M": [
        [0.0176646, 0.0112221, 0.000795514]
    ],
    "M_G3C5_M M_G3C5H1_M": [
        [-0.0524168, 0.0112444, 0.000797093]
    ],
    "M_G3C5_M M_G3C5H2_M": [
        [-0.0553374, 0.0105707, 0.00074934]
    ],
    "M_G3N6C1_M M_G3N6C1H1_M": [
        [0.0085983, 0.00810112, 0.000574273]
    ],
    "M_G3N6C1_M M_G3N6C1H2_M": [
        [0.00941868, 0.00809834, 0.000574076]
    ],
    "M_G3N6C1_M M_G3N6C1H3_M": [
        [0.0087048, 0.0086471, 0.000612977]
    ],
    "M_G3N6C2_M M_G3N6C2H1_M": [
        [0.00890745, 0.00812521, 0.000575981]
    ],
    "M_G3N6C2_M M_G3N6C2H2_M": [
        [0.00944681, 0.00856014, 0.000606812]
    ],
    "M_G3N6C2_M M_G3N6C2H3_M": [
        [0.0103278, 0.00809779, 0.000574037]
    ],
    "M_G3N6C3_M M_G3N6C3H1_M": [
        [0.00901089, 0.0078412, 0.000555848]
    ],
    "M_G3N6C3_M M_G3N6C3H2_M": [
        [0.0095127, 0.00833053, 0.000590536]
    ],
    "M_G3N6C3_M M_G3N6C3H3_M": [
        [0.00858558, 0.00824324, 0.000584348]
    ]
}