{
    "M_C3_M M_C3H3_M": [
        [-0.356592, 0.0103178, 0.00147397]
    ],
    "M_C4_M M_C4H41_M": [
        [-0.308539, 0.0117122, 0.00167317]
    ],
    "M_C4_M M_C4H42_M": [
        [-0.184894, 0.0168209, 0.00240299]
    ],
    "M_C6_M M_C6H6_M": [
        [-0.0444981, 0.0185414, 0.00264877]
    ],
    "M_C7_M M_C7H71_M": [
        [-0.257313, 0.0107383, 0.00153405]
    ],
    "M_C7_M M_C7H72_M": [
        [-0.321013, 0.0115323, 0.00164748]
    ],
    "M_C8_M M_C8H8_M": [
        [-0.38926, 0.00999587, 0.00142798]
    ],
    "M_C14_M M_C14H14_M": [
        [-0.386765, 0.0095012, 0.00135731]
    ],
    "M_C15_M M_C15H151_M": [
        [-0.355736, 0.0104167, 0.00148809]
    ],
    "M_C15_M M_C15H152_M": [
        [-0.315705, 0.0128558, 0.00183655]
    ],
    "M_C16_M M_C16H161_M": [
        [-0.0836321, 0.0117815, 0.00168307]
    ],
    "M_C16_M M_C16H162_M": [
        [-0.147196, 0.014516, 0.00207371]
    ],
    "M_C17_M M_C17H17_M": [
        [-0.383698, 0.00911447, 0.00130207]
    ],
    "M_C18_M M_C18H181_M": [
        [0.111155, 0.0106273, 0.00151818]
    ],
    "M_C18_M M_C18H182_M": [
        [0.113142, 0.0104344, 0.00149062]
    ],
    "M_C18_M M_C18H183_M": [
        [0.109438, 0.0116006, 0.00165724]
    ],
    "M_C12_M M_C12H121_M": [
        [-0.11288, 0.0175096, 0.00250138]
    ],
    "M_C12_M M_C12H122_M": [
        [-0.380693, 0.0100911, 0.00144159]
    ],
    "M_C11_M M_C11H111_M": [
        [-0.38467, 0.010212, 0.00145885]
    ],
    "M_C11_M M_C11H112_M": [
        [-0.202098, 0.0116923, 0.00167032]
    ],
    "M_C9_M M_C9H9_M": [
        [-0.386312, 0.0098068, 0.00140097]
    ],
    "M_C19_M M_C19H191_M": [
        [0.110008, 0.00671376, 0.000959108]
    ],
    "M_C19_M M_C19H192_M": [
        [0.111939, 0.00640343, 0.000914776]
    ],
    "M_C19_M M_C19H193_M": [
        [0.110331, 0.00745795, 0.00106542]
    ],
    "M_C1_M M_C1H11_M": [
        [-0.198286, 0.0167284, 0.00238977]
    ],
    "M_C1_M M_C1H12_M": [
        [-0.351891, 0.0110672, 0.00158103]
    ],
    "M_C2_M M_C2H21_M": [
        [-0.20642, 0.0110214, 0.00157449]
    ],
    "M_C2_M M_C2H22_M": [
        [-0.335185, 0.011762, 0.00168028]
    ],
    "M_C20_M M_C20H20_M": [
        [-0.363144, 0.0132969, 0.00189956]
    ],
    "M_C21_M M_C21H211_M": [
        [0.102513, 0.0079878, 0.00114111]
    ],
    "M_C21_M M_C21H212_M": [
        [0.0996154, 0.00849071, 0.00121296]
    ],
    "M_C21_M M_C21H213_M": [
        [0.100243, 0.00865375, 0.00123625]
    ],
    "M_C22_M M_C22H221_M": [
        [-0.204334, 0.0214115, 0.00305879]
    ],
    "M_C22_M M_C22H222_M": [
        [-0.338401, 0.0116753, 0.0016679]
    ],
    "M_C23_M M_C23H231_M": [
        [-0.163825, 0.0164379, 0.00234826]
    ],
    "M_C23_M M_C23H232_M": [
        [-0.311769, 0.0114862, 0.00164089]
    ],
    "M_C24_M M_C24H241_M": [
        [-0.174241, 0.0194572, 0.0027796]
    ],
    "M_C24_M M_C24H242_M": [
        [-0.264228, 0.0175119, 0.0025017]
    ],
    "M_C25_M M_C25H25_M": [
        [-0.145227, 0.0108742, 0.00155346]
    ],
    "M_C26_M M_C26H261_M": [
        [0.0109875, 0.0069571, 0.000993871]
    ],
    "M_C26_M M_C26H262_M": [
        [0.0102622, 0.00786199, 0.00112314]
    ],
    "M_C26_M M_C26H263_M": [
        [0.0127055, 0.00806495, 0.00115214]
    ],
    "M_C27_M M_C27H271_M": [
        [0.00670512, 0.00851473, 0.00121639]
    ],
    "M_C27_M M_C27H272_M": [
        [0.00886729, 0.00786035, 0.00112291]
    ],
    "M_C27_M M_C27H273_M": [
        [0.00698484, 0.00782929, 0.00111847]
    ]
}