{
    "M_G1_M M_G1H1_M": [
        [-0.0200605, 0.0483991, 0.00396501]
    ],
    "M_G1_M M_G1H2_M": [
        [-0.176961, 0.0473912, 0.00388244]
    ],
    "M_G1C3_M M_G1C3H1_M": [
        [-0.235659, 0.0264339, 0.00216555]
    ],
    "M_G1C3_M M_G1C3H2_M": [
        [-0.209859, 0.0262365, 0.00214938]
    ],
    "M_G1C4_M M_G1C4H1_M": [
        [-0.186085, 0.019858, 0.00162683]
    ],
    "M_G1C4_M M_G1C4H2_M": [
        [-0.174207, 0.0191357, 0.00156766]
    ],
    "M_G1C5_M M_G1C5H1_M": [
        [-0.215268, 0.0175482, 0.00143761]
    ],
    "M_G1C5_M M_G1C5H2_M": [
        [-0.212952, 0.0168955, 0.00138413]
    ],
    "M_G1C6_M M_G1C6H1_M": [
        [-0.216545, 0.0183479, 0.00150312]
    ],
    "M_G1C6_M M_G1C6H2_M": [
        [-0.214006, 0.0185286, 0.00151792]
    ],
    "M_G1C7_M M_G1C7H1_M": [
        [-0.228377, 0.0179571, 0.0014711]
    ],
    "M_G1C7_M M_G1C7H2_M": [
        [-0.227094, 0.0182285, 0.00149333]
    ],
    "M_G1C8_M M_G1C8H1_M": [
        [-0.22066, 0.0186401, 0.00152706]
    ],
    "M_G1C8_M M_G1C8H2_M": [
        [-0.219187, 0.0185559, 0.00152016]
    ],
    "M_G1C9_M M_G1C9H1_M": [
        [-0.219841, 0.0188087, 0.00154087]
    ],
    "M_G1C9_M M_G1C9H2_M": [
        [-0.219325, 0.0187605, 0.00153692]
    ],
    "M_G1C10_M M_G1C10H1_M": [
        [-0.205027, 0.0189297, 0.00155078]
    ],
    "M_G1C10_M M_G1C10H2_M": [
        [-0.204193, 0.0195365, 0.0016005]
    ],
    "M_G1C11_M M_G1C11H1_M": [
        [-0.197075, 0.0191816, 0.00157142]
    ],
    "M_G1C11_M M_G1C11H2_M": [
        [-0.197331, 0.0197377, 0.00161698]
    ],
    "M_G1C12_M M_G1C12H1_M": [
        [-0.179164, 0.018082, 0.00148134]
    ],
    "M_G1C12_M M_G1C12H2_M": [
        [-0.178766, 0.0188508, 0.00154432]
    ],
    "M_G1C13_M M_G1C13H1_M": [
        [-0.166916, 0.0171354, 0.00140379]
    ],
    "M_G1C13_M M_G1C13H2_M": [
        [-0.166765, 0.0171125, 0.00140191]
    ],
    "M_G1C14_M M_G1C14H1_M": [
        [-0.145471, 0.0141523, 0.0011594]
    ],
    "M_G1C14_M M_G1C14H2_M": [
        [-0.145269, 0.0157612, 0.00129121]
    ],
    "M_G1C15_M M_G1C15H1_M": [
        [-0.126733, 0.0129255, 0.00105889]
    ],
    "M_G1C15_M M_G1C15H2_M": [
        [-0.126926, 0.0133825, 0.00109634]
    ],
    "M_G1C16_M M_G1C16H1_M": [
        [-0.0962803, 0.00962708, 0.000788681]
    ],
    "M_G1C16_M M_G1C16H2_M": [
        [-0.0960023, 0.00995731, 0.000815735]
    ],
    "M_G1C17_M M_G1C17H1_M": [
        [-0.0320212, 0.00500275, 0.000409842]
    ],
    "M_G1C17_M M_G1C17H2_M": [
        [-0.0319946, 0.00510886, 0.000418534]
    ],
    "M_G1C17_M M_G1C17H3_M": [
        [-0.0327294, 0.00556045, 0.00045553]
    ],
    "M_G2_M M_G2H1_M": [
        [-0.192012, 0.0473915, 0.00388246]
    ],
    "M_G2C3_M M_G2C3H1_M": [
        [-0.0855625, 0.0318625, 0.00261028]
    ],
    "M_G2C3_M M_G2C3H2_M": [
        [-0.111346, 0.0289093, 0.00236835]
    ],
    "M_G2C4_M M_G2C4H1_M": [
        [-0.20089, 0.0227011, 0.00185975]
    ],
    "M_G2C4_M M_G2C4H2_M": [
        [-0.201543, 0.021926, 0.00179625]
    ],
    "M_G2C5_M M_G2C5H1_M": [
        [-0.202479, 0.0212182, 0.00173826]
    ],
    "M_G2C5_M M_G2C5H2_M": [
        [-0.203489, 0.0213007, 0.00174502]
    ],
    "M_G2C6_M M_G2C6H1_M": [
        [-0.213901, 0.0216223, 0.00177137]
    ],
    "M_G2C6_M M_G2C6H2_M": [
        [-0.211449, 0.0211848, 0.00173553]
    ],
    "M_G2C7_M M_G2C7H1_M": [
        [-0.193221, 0.0207419, 0.00169924]
    ],
    "M_G2C7_M M_G2C7H2_M": [
        [-0.19048, 0.0214796, 0.00175968]
    ],
    "M_G2C8_M M_G2C8H1_M": [
        [-0.183385, 0.0200565, 0.00164309]
    ],
    "M_G2C8_M M_G2C8H2_M": [
        [-0.181287, 0.0210188, 0.00172193]
    ],
    "M_G2C9_M M_G2C9H1_M": [
        [-0.106157, 0.0226432, 0.001855]
    ],
    "M_G2C9_M M_G2C9H2_M": [
        [-0.105337, 0.0211197, 0.0017302]
    ],
    "M_G2C10_M M_G2C10H1_M": [
        [-0.0572106, 0.0234161, 0.00191832]
    ],
    "M_G2C11_M M_G2C11H1_M": [
        [-0.0538257, 0.0176967, 0.00144977]
    ],
    "M_G2C12_M M_G2C12H1_M": [
        [-0.0867896, 0.0190885, 0.00156379]
    ],
    "M_G2C12_M M_G2C12H2_M": [
        [-0.0851037, 0.0204192, 0.00167281]
    ],
    "M_G2C13_M M_G2C13H1_M": [
        [-0.130068, 0.0181742, 0.00148889]
    ],
    "M_G2C13_M M_G2C13H2_M": [
        [-0.130184, 0.0173069, 0.00141784]
    ],
    "M_G2C14_M M_G2C14H1_M": [
        [-0.137761, 0.0173198, 0.0014189]
    ],
    "M_G2C14_M M_G2C14H2_M": [
        [-0.13829, 0.0172963, 0.00141697]
    ],
    "M_G2C15_M M_G2C15H1_M": [
        [-0.142656, 0.0170468, 0.00139653]
    ],
    "M_G2C15_M M_G2C15H2_M": [
        [-0.143235, 0.0170343, 0.00139551]
    ],
    "M_G2C16_M M_G2C16H1_M": [
        [-0.130801, 0.0156086, 0.00127871]
    ],
    "M_G2C16_M M_G2C16H2_M": [
        [-0.131247, 0.0152672, 0.00125074]
    ],
    "M_G2C17_M M_G2C17H1_M": [
        [-0.118189, 0.013219, 0.00108294]
    ],
    "M_G2C17_M M_G2C17H2_M": [
        [-0.119218, 0.0130368, 0.00106802]
    ],
    "M_G2C18_M M_G2C18H1_M": [
        [-0.0923718, 0.0102356, 0.000838534]
    ],
    "M_G2C18_M M_G2C18H2_M": [
        [-0.0928468, 0.0104882, 0.00085923]
    ],
    "M_G2C19_M M_G2C19H1_M": [
        [-0.0305299, 0.00526265, 0.000431133]
    ],
    "M_G2C19_M M_G2C19H2_M": [
        [-0.0305646, 0.00539904, 0.000442307]
    ],
    "M_G2C19_M M_G2C19H3_M": [
        [-0.0305379, 0.00529376, 0.000433682]
    ],
    "M_G3_M M_G3H1_M": [
        [-0.195151, 0.039858, 0.00326529]
    ],
    "M_G3_M M_G3H2_M": [
        [-0.213237, 0.0332284, 0.00272217]
    ],
    "M_G3C4_M M_G3C4H1_M": [
        [0.0276985, 0.0215019, 0.00176151]
    ],
    "M_G3C4_M M_G3C4H2_M": [
        [0.0281295, 0.0195361, 0.00160046]
    ],
    "M_G3C5_M M_G3C5H1_M": [
        [0.0173447, 0.0245318, 0.00200972]
    ],
    "M_G3C6_M M_G3C6H1_M": [
        [0.0098307, 0.0215796, 0.00176787]
    ],
    "M_G3C6_M M_G3C6H2_M": [
        [0.01995, 0.0223942, 0.00183461]
    ]
}