{
    "M_G1_M M_G1H1_M": [
        [-0.103899, 0.0544346, 0.0016953]
    ],
    "M_G1_M M_G1H2_M": [
        [-0.167667, 0.0490773, 0.00152845]
    ],
    "M_G1C3_M M_G1C3H1_M": [
        [-0.264098, 0.0377936, 0.00117703]
    ],
    "M_G1C3_M M_G1C3H2_M": [
        [-0.264001, 0.0363591, 0.00113236]
    ],
    "M_G1C4_M M_G1C4H1_M": [
        [-0.23928, 0.045951, 0.00143109]
    ],
    "M_G1C4_M M_G1C4H2_M": [
        [-0.24411, 0.0448257, 0.00139604]
    ],
    "M_G1C5_M M_G1C5H1_M": [
        [-0.273726, 0.0460971, 0.00143564]
    ],
    "M_G1C5_M M_G1C5H2_M": [
        [-0.277768, 0.0453326, 0.00141183]
    ],
    "M_G1C6_M M_G1C6H1_M": [
        [-0.266648, 0.0521939, 0.00162551]
    ],
    "M_G1C6_M M_G1C6H2_M": [
        [-0.267556, 0.0518389, 0.00161446]
    ],
    "M_G1C7_M M_G1C7H1_M": [
        [-0.279415, 0.0524576, 0.00163372]
    ],
    "M_G1C7_M M_G1C7H2_M": [
        [-0.279286, 0.0523589, 0.00163065]
    ],
    "M_G1C8_M M_G1C8H1_M": [
        [-0.271194, 0.0570155, 0.00177568]
    ],
    "M_G1C8_M M_G1C8H2_M": [
        [-0.270992, 0.0569292, 0.00177299]
    ],
    "M_G1C9_M M_G1C9H1_M": [
        [-0.271839, 0.0585438, 0.00182327]
    ],
    "M_G1C9_M M_G1C9H2_M": [
        [-0.271921, 0.0585694, 0.00182407]
    ],
    "M_G1C10_M M_G1C10H1_M": [
        [-0.259827, 0.0626232, 0.00195032]
    ],
    "M_G1C10_M M_G1C10H2_M": [
        [-0.260058, 0.0626012, 0.00194964]
    ],
    "M_G1C11_M M_G1C11H1_M": [
        [-0.254104, 0.0642942, 0.00200236]
    ],
    "M_G1C11_M M_G1C11H2_M": [
        [-0.254173, 0.0645168, 0.0020093]
    ],
    "M_G1C12_M M_G1C12H1_M": [
        [-0.237911, 0.067626, 0.00210613]
    ],
    "M_G1C12_M M_G1C12H2_M": [
        [-0.238138, 0.0675445, 0.00210359]
    ],
    "M_G1C13_M M_G1C13H1_M": [
        [-0.224843, 0.0683869, 0.00212982]
    ],
    "M_G1C13_M M_G1C13H2_M": [
        [-0.224957, 0.0683955, 0.00213009]
    ],
    "M_G1C14_M M_G1C14H1_M": [
        [-0.198476, 0.068813, 0.00214309]
    ],
    "M_G1C14_M M_G1C14H2_M": [
        [-0.198609, 0.0686193, 0.00213706]
    ],
    "M_G1C15_M M_G1C15H1_M": [
        [-0.170097, 0.0632268, 0.00196912]
    ],
    "M_G1C15_M M_G1C15H2_M": [
        [-0.170347, 0.0630327, 0.00196307]
    ],
    "M_G1C16_M M_G1C16H1_M": [
        [-0.121174, 0.0500358, 0.0015583]
    ],
    "M_G1C16_M M_G1C16H2_M": [
        [-0.121833, 0.050406, 0.00156983]
    ],
    "M_G1C17_M M_G1C17H1_M": [
        [-0.0373585, 0.0153806, 0.00047901]
    ],
    "M_G1C17_M M_G1C17H2_M": [
        [-0.0370011, 0.0156917, 0.000488699]
    ],
    "M_G1C17_M M_G1C17H3_M": [
        [-0.0369666, 0.0157236, 0.00048969]
    ],
    "M_G2_M M_G2H1_M": [
        [-0.0413549, 0.0657659, 0.0020482]
    ],
    "M_G2C3_M M_G2C3H1_M": [
        [-0.16151, 0.0445071, 0.00138612]
    ],
    "M_G2C3_M M_G2C3H2_M": [
        [-0.162043, 0.0433408, 0.00134979]
    ],
    "M_G2C4_M M_G2C4H1_M": [
        [-0.244191, 0.0400249, 0.00124652]
    ],
    "M_G2C4_M M_G2C4H2_M": [
        [-0.21411, 0.0428055, 0.00133312]
    ],
    "M_G2C5_M M_G2C5H1_M": [
        [-0.253565, 0.0440372, 0.00137148]
    ],
    "M_G2C5_M M_G2C5H2_M": [
        [-0.250834, 0.0448777, 0.00139766]
    ],
    "M_G2C6_M M_G2C6H1_M": [
        [-0.270003, 0.0480045, 0.00149504]
    ],
    "M_G2C6_M M_G2C6H2_M": [
        [-0.267411, 0.0484345, 0.00150843]
    ],
    "M_G2C7_M M_G2C7H1_M": [
        [-0.272453, 0.0507368, 0.00158013]
    ],
    "M_G2C7_M M_G2C7H2_M": [
        [-0.272342, 0.0507057, 0.00157916]
    ],
    "M_G2C8_M M_G2C8H1_M": [
        [-0.279395, 0.0531236, 0.00165447]
    ],
    "M_G2C8_M M_G2C8H2_M": [
        [-0.278823, 0.0531995, 0.00165683]
    ],
    "M_G2C9_M M_G2C9H1_M": [
        [-0.275712, 0.0562405, 0.00175154]
    ],
    "M_G2C9_M M_G2C9H2_M": [
        [-0.275251, 0.0562023, 0.00175035]
    ],
    "M_G2C10_M M_G2C10H1_M": [
        [-0.274287, 0.0585103, 0.00182223]
    ],
    "M_G2C10_M M_G2C10H2_M": [
        [-0.274988, 0.0586529, 0.00182667]
    ],
    "M_G2C11_M M_G2C11H1_M": [
        [-0.264829, 0.0623193, 0.00194086]
    ],
    "M_G2C11_M M_G2C11H2_M": [
        [-0.264914, 0.0621198, 0.00193464]
    ],
    "M_G2C12_M M_G2C12H1_M": [
        [-0.25836, 0.0643921, 0.00200541]
    ],
    "M_G2C12_M M_G2C12H2_M": [
        [-0.258484, 0.06429, 0.00200223]
    ],
    "M_G2C13_M M_G2C13H1_M": [
        [-0.243585, 0.0677706, 0.00211063]
    ],
    "M_G2C13_M M_G2C13H2_M": [
        [-0.243305, 0.067611, 0.00210566]
    ],
    "M_G2C14_M M_G2C14H1_M": [
        [-0.228662, 0.0691659, 0.00215408]
    ],
    "M_G2C14_M M_G2C14H2_M": [
        [-0.228587, 0.0692602, 0.00215702]
    ],
    "M_G2C15_M M_G2C15H1_M": [
        [-0.198749, 0.0698338, 0.00217489]
    ],
    "M_G2C15_M M_G2C15H2_M": [
        [-0.198699, 0.0697692, 0.00217287]
    ],
    "M_G2C16_M M_G2C16H1_M": [
        [-0.158234, 0.0628715, 0.00195805]
    ],
    "M_G2C16_M M_G2C16H2_M": [
        [-0.158022, 0.0623242, 0.00194101]
    ],
    "M_G2C17_M M_G2C17H1_M": [
        [-0.0416615, 0.0216568, 0.000674475]
    ],
    "M_G2C17_M M_G2C17H2_M": [
        [-0.0413795, 0.0212263, 0.000661067]
    ],
    "M_G2C17_M M_G2C17H3_M": [
        [-0.0415708, 0.0210733, 0.0006563]
    ],
    "M_G3_M M_G3H1_M": [
        [-0.0312849, 0.0627271, 0.00195356]
    ],
    "M_G3_M M_G3H2_M": [
        [-0.0324145, 0.0637205, 0.00198449]
    ],
    "M_G3C4_M M_G3C4H1_M": [
        [0.051418, 0.0267712, 0.000833757]
    ],
    "M_G3C4_M M_G3C4H2_M": [
        [0.0364337, 0.0238565, 0.000742982]
    ],
    "M_G3C5_M M_G3C5H1_M": [
        [-0.0541134, 0.0185222, 0.000576851]
    ],
    "M_G3C5_M M_G3C5H2_M": [
        [-0.0234216, 0.021047, 0.000655483]
    ],
    "M_G3N6C1_M M_G3N6C1H1_M": [
        [0.0129886, 0.00887207, 0.00027631]
    ],
    "M_G3N6C1_M M_G3N6C1H2_M": [
        [0.0137807, 0.00863608, 0.00026896]
    ],
    "M_G3N6C1_M M_G3N6C1H3_M": [
        [0.0132089, 0.008473, 0.000263881]
    ],
    "M_G3N6C2_M M_G3N6C2H1_M": [
        [0.0134039, 0.00892297, 0.000277895]
    ],
    "M_G3N6C2_M M_G3N6C2H2_M": [
        [0.0132671, 0.00880114, 0.0002741]
    ],
    "M_G3N6C2_M M_G3N6C2H3_M": [
        [0.0127453, 0.00848931, 0.000264389]
    ],
    "M_G3N6C3_M M_G3N6C3H1_M": [
        [0.0129402, 0.0086628, 0.000269792]
    ],
    "M_G3N6C3_M M_G3N6C3H2_M": [
        [0.0131184, 0.00826197, 0.000257309]
    ],
    "M_G3N6C3_M M_G3N6C3H3_M": [
        [0.0130719, 0.00847148, 0.000263833]
    ]
}