{
    "M_G1_M M_G1H1_M": [
        [-0.187624, 0.0502366, 0.00445778]
    ],
    "M_G1_M M_G1H2_M": [
        [-0.0366425, 0.0410574, 0.00364326]
    ],
    "M_G1C3_M M_G1C3H1_M": [
        [-0.258887, 0.0235916, 0.00209342]
    ],
    "M_G1C3_M M_G1C3H2_M": [
        [-0.239684, 0.0225276, 0.001999]
    ],
    "M_G1C4_M M_G1C4H1_M": [
        [-0.215492, 0.0182691, 0.00162112]
    ],
    "M_G1C4_M M_G1C4H2_M": [
        [-0.204377, 0.0185119, 0.00164266]
    ],
    "M_G1C5_M M_G1C5H1_M": [
        [-0.245044, 0.0167613, 0.00148732]
    ],
    "M_G1C5_M M_G1C5H2_M": [
        [-0.241076, 0.0161372, 0.00143195]
    ],
    "M_G1C6_M M_G1C6H1_M": [
        [-0.249717, 0.0176438, 0.00156563]
    ],
    "M_G1C6_M M_G1C6H2_M": [
        [-0.245524, 0.0164637, 0.00146091]
    ],
    "M_G1C7_M M_G1C7H1_M": [
        [-0.263233, 0.0171061, 0.00151792]
    ],
    "M_G1C7_M M_G1C7H2_M": [
        [-0.260631, 0.0156572, 0.00138935]
    ],
    "M_G1C8_M M_G1C8H1_M": [
        [-0.257265, 0.01666, 0.00147834]
    ],
    "M_G1C8_M M_G1C8H2_M": [
        [-0.25657, 0.014702, 0.00130459]
    ],
    "M_G1C9_M M_G1C9H1_M": [
        [-0.259561, 0.016741, 0.00148552]
    ],
    "M_G1C9_M M_G1C9H2_M": [
        [-0.258085, 0.0148183, 0.00131491]
    ],
    "M_G1C10_M M_G1C10H1_M": [
        [-0.246845, 0.0159055, 0.00141138]
    ],
    "M_G1C10_M M_G1C10H2_M": [
        [-0.245595, 0.0155047, 0.00137582]
    ],
    "M_G1C11_M M_G1C11H1_M": [
        [-0.241444, 0.0152864, 0.00135644]
    ],
    "M_G1C11_M M_G1C11H2_M": [
        [-0.239117, 0.0147448, 0.00130839]
    ],
    "M_G1C12_M M_G1C12H1_M": [
        [-0.221525, 0.0143809, 0.0012761]
    ],
    "M_G1C12_M M_G1C12H2_M": [
        [-0.221407, 0.0142718, 0.00126642]
    ],
    "M_G1C13_M M_G1C13H1_M": [
        [-0.208701, 0.0140942, 0.00125066]
    ],
    "M_G1C13_M M_G1C13H2_M": [
        [-0.208981, 0.0143865, 0.00127659]
    ],
    "M_G1C14_M M_G1C14H1_M": [
        [-0.182675, 0.0130611, 0.00115899]
    ],
    "M_G1C14_M M_G1C14H2_M": [
        [-0.18446, 0.0126041, 0.00111844]
    ],
    "M_G1C15_M M_G1C15H1_M": [
        [-0.16043, 0.0129541, 0.00114949]
    ],
    "M_G1C15_M M_G1C15H2_M": [
        [-0.161305, 0.011524, 0.00102259]
    ],
    "M_G1C16_M M_G1C16H1_M": [
        [-0.120882, 0.0112166, 0.000995316]
    ],
    "M_G1C16_M M_G1C16H2_M": [
        [-0.122943, 0.0102823, 0.00091241]
    ],
    "M_G1C17_M M_G1C17H1_M": [
        [-0.0415814, 0.00837695, 0.000743335]
    ],
    "M_G1C17_M M_G1C17H2_M": [
        [-0.0400725, 0.00920974, 0.000817232]
    ],
    "M_G1C17_M M_G1C17H3_M": [
        [-0.0408876, 0.00938703, 0.000832964]
    ],
    "M_G2_M M_G2H1_M": [
        [-0.209109, 0.0409656, 0.00363511]
    ],
    "M_G2C3_M M_G2C3H1_M": [
        [-0.0914198, 0.0308451, 0.00273706]
    ],
    "M_G2C3_M M_G2C3H2_M": [
        [-0.132725, 0.0249552, 0.00221441]
    ],
    "M_G2C4_M M_G2C4H1_M": [
        [-0.233973, 0.0190449, 0.00168996]
    ],
    "M_G2C4_M M_G2C4H2_M": [
        [-0.233079, 0.0197928, 0.00175633]
    ],
    "M_G2C5_M M_G2C5H1_M": [
        [-0.232899, 0.0173893, 0.00154305]
    ],
    "M_G2C5_M M_G2C5H2_M": [
        [-0.232919, 0.0182558, 0.00161994]
    ],
    "M_G2C6_M M_G2C6H1_M": [
        [-0.247053, 0.0155053, 0.00137587]
    ],
    "M_G2C6_M M_G2C6H2_M": [
        [-0.244015, 0.0174356, 0.00154716]
    ],
    "M_G2C7_M M_G2C7H1_M": [
        [-0.224246, 0.0159368, 0.00141416]
    ],
    "M_G2C7_M M_G2C7H2_M": [
        [-0.221918, 0.0176402, 0.00156531]
    ],
    "M_G2C8_M M_G2C8H1_M": [
        [-0.214394, 0.0152092, 0.00134959]
    ],
    "M_G2C8_M M_G2C8H2_M": [
        [-0.212375, 0.0167664, 0.00148778]
    ],
    "M_G2C9_M M_G2C9H1_M": [
        [-0.120757, 0.0176982, 0.00157046]
    ],
    "M_G2C9_M M_G2C9H2_M": [
        [-0.124453, 0.0165287, 0.00146668]
    ],
    "M_G2C10_M M_G2C10H1_M": [
        [-0.0708051, 0.0202036, 0.00179278]
    ],
    "M_G2C11_M M_G2C11H1_M": [
        [-0.0686358, 0.0199694, 0.001772]
    ],
    "M_G2C12_M M_G2C12H1_M": [
        [-0.111687, 0.0180922, 0.00160542]
    ],
    "M_G2C12_M M_G2C12H2_M": [
        [-0.113658, 0.0191472, 0.00169904]
    ],
    "M_G2C13_M M_G2C13H1_M": [
        [-0.168898, 0.0170459, 0.00151258]
    ],
    "M_G2C13_M M_G2C13H2_M": [
        [-0.169333, 0.0165555, 0.00146906]
    ],
    "M_G2C14_M M_G2C14H1_M": [
        [-0.178097, 0.0146649, 0.0013013]
    ],
    "M_G2C14_M M_G2C14H2_M": [
        [-0.17881, 0.0159395, 0.0014144]
    ],
    "M_G2C15_M M_G2C15H1_M": [
        [-0.184082, 0.0145673, 0.00129264]
    ],
    "M_G2C15_M M_G2C15H2_M": [
        [-0.184465, 0.0153721, 0.00136406]
    ],
    "M_G2C16_M M_G2C16H1_M": [
        [-0.168098, 0.0143533, 0.00127365]
    ],
    "M_G2C16_M M_G2C16H2_M": [
        [-0.168432, 0.0143882, 0.00127675]
    ],
    "M_G2C17_M M_G2C17H1_M": [
        [-0.152342, 0.013321, 0.00118205]
    ],
    "M_G2C17_M M_G2C17H2_M": [
        [-0.151955, 0.0128679, 0.00114184]
    ],
    "M_G2C18_M M_G2C18H1_M": [
        [-0.117658, 0.0129037, 0.00114502]
    ],
    "M_G2C18_M M_G2C18H2_M": [
        [-0.116946, 0.0113617, 0.00100819]
    ],
    "M_G2C19_M M_G2C19H1_M": [
        [-0.038651, 0.00810849, 0.000719512]
    ],
    "M_G2C19_M M_G2C19H2_M": [
        [-0.0405713, 0.00935469, 0.000830095]
    ],
    "M_G2C19_M M_G2C19H3_M": [
        [-0.0398613, 0.0103606, 0.00091935]
    ],
    "M_G3_M M_G3H1_M": [
        [-0.216788, 0.0362743, 0.00321882]
    ],
    "M_G3_M M_G3H2_M": [
        [-0.232803, 0.0280733, 0.0024911]
    ],
    "M_G3C4_M M_G3C4H1_M": [
        [0.0265246, 0.0248156, 0.00220203]
    ],
    "M_G3C4_M M_G3C4H2_M": [
        [0.0346258, 0.0260607, 0.00231251]
    ],
    "M_G3C5_M M_G3C5H1_M": [
        [-0.0982097, 0.0196818, 0.00174648]
    ],
    "M_G3C5_M M_G3C5H2_M": [
        [-0.0990697, 0.0210181, 0.00186505]
    ],
    "M_G3N6C1_M M_G3N6C1H1_M": [
        [0.0162287, 0.013243, 0.00117513]
    ],
    "M_G3N6C1_M M_G3N6C1H2_M": [
        [0.0163157, 0.0117783, 0.00104516]
    ],
    "M_G3N6C1_M M_G3N6C1H3_M": [
        [0.0166285, 0.0119328, 0.00105886]
    ],
    "M_G3N6C2_M M_G3N6C2H1_M": [
        [0.016075, 0.011945, 0.00105995]
    ],
    "M_G3N6C2_M M_G3N6C2H2_M": [
        [0.0137394, 0.012436, 0.00110351]
    ],
    "M_G3N6C2_M M_G3N6C2H3_M": [
        [0.0159132, 0.0138439, 0.00122845]
    ],
    "M_G3N6C3_M M_G3N6C3H1_M": [
        [0.0159903, 0.0126726, 0.00112451]
    ],
    "M_G3N6C3_M M_G3N6C3H2_M": [
        [0.0163115, 0.0127132, 0.00112811]
    ],
    "M_G3N6C3_M M_G3N6C3H3_M": [
        [0.014506, 0.0126673, 0.00112404]
    ]
}