{
    "M_G1_M M_G1H1_M": [
        [-0.180223, 0.0521129, 0.00462427]
    ],
    "M_G1_M M_G1H2_M": [
        [-0.0354106, 0.0493446, 0.00437863]
    ],
    "M_G1C3_M M_G1C3H1_M": [
        [-0.252751, 0.0258353, 0.00229252]
    ],
    "M_G1C3_M M_G1C3H2_M": [
        [-0.23033, 0.027676, 0.00245585]
    ],
    "M_G1C4_M M_G1C4H1_M": [
        [-0.211683, 0.0207386, 0.00184026]
    ],
    "M_G1C4_M M_G1C4H2_M": [
        [-0.200156, 0.0215121, 0.00190889]
    ],
    "M_G1C5_M M_G1C5H1_M": [
        [-0.241616, 0.0189951, 0.00168554]
    ],
    "M_G1C5_M M_G1C5H2_M": [
        [-0.240452, 0.0178238, 0.00158161]
    ],
    "M_G1C6_M M_G1C6H1_M": [
        [-0.247246, 0.0192935, 0.00171202]
    ],
    "M_G1C6_M M_G1C6H2_M": [
        [-0.245616, 0.0196344, 0.00174227]
    ],
    "M_G1C7_M M_G1C7H1_M": [
        [-0.259776, 0.0170543, 0.00151333]
    ],
    "M_G1C7_M M_G1C7H2_M": [
        [-0.258954, 0.017751, 0.00157515]
    ],
    "M_G1C8_M M_G1C8H1_M": [
        [-0.25381, 0.0174526, 0.00154867]
    ],
    "M_G1C8_M M_G1C8H2_M": [
        [-0.252684, 0.0170899, 0.00151649]
    ],
    "M_G1C9_M M_G1C9H1_M": [
        [-0.254207, 0.0171385, 0.0015208]
    ],
    "M_G1C9_M M_G1C9H2_M": [
        [-0.253465, 0.0164394, 0.00145876]
    ],
    "M_G1C10_M M_G1C10H1_M": [
        [-0.239972, 0.016983, 0.00150699]
    ],
    "M_G1C10_M M_G1C10H2_M": [
        [-0.240278, 0.0169517, 0.00150422]
    ],
    "M_G1C11_M M_G1C11H1_M": [
        [-0.232221, 0.0157313, 0.00139593]
    ],
    "M_G1C11_M M_G1C11H2_M": [
        [-0.232755, 0.0170006, 0.00150856]
    ],
    "M_G1C12_M M_G1C12H1_M": [
        [-0.212159, 0.0164014, 0.00145539]
    ],
    "M_G1C12_M M_G1C12H2_M": [
        [-0.21335, 0.0159107, 0.00141184]
    ],
    "M_G1C13_M M_G1C13H1_M": [
        [-0.199422, 0.0164041, 0.00145563]
    ],
    "M_G1C13_M M_G1C13H2_M": [
        [-0.197568, 0.0152633, 0.0013544]
    ],
    "M_G1C14_M M_G1C14H1_M": [
        [-0.173542, 0.0148513, 0.00131784]
    ],
    "M_G1C14_M M_G1C14H2_M": [
        [-0.172268, 0.0146174, 0.00129708]
    ],
    "M_G1C15_M M_G1C15H1_M": [
        [-0.150778, 0.0126751, 0.00112474]
    ],
    "M_G1C15_M M_G1C15H2_M": [
        [-0.150241, 0.0130137, 0.00115478]
    ],
    "M_G1C16_M M_G1C16H1_M": [
        [-0.11235, 0.010825, 0.000960564]
    ],
    "M_G1C16_M M_G1C16H2_M": [
        [-0.112368, 0.0123677, 0.00109745]
    ],
    "M_G1C17_M M_G1C17H1_M": [
        [-0.0367058, 0.00960378, 0.000852198]
    ],
    "M_G1C17_M M_G1C17H2_M": [
        [-0.0372463, 0.00911505, 0.00080883]
    ],
    "M_G1C17_M M_G1C17H3_M": [
        [-0.0376352, 0.00801615, 0.000711318]
    ],
    "M_G2_M M_G2H1_M": [
        [-0.19712, 0.049791, 0.00441824]
    ],
    "M_G2C3_M M_G2C3H1_M": [
        [-0.0849677, 0.0359676, 0.00319161]
    ],
    "M_G2C3_M M_G2C3H2_M": [
        [-0.127123, 0.0257068, 0.00228111]
    ],
    "M_G2C4_M M_G2C4H1_M": [
        [-0.223357, 0.0195254, 0.0017326]
    ],
    "M_G2C4_M M_G2C4H2_M": [
        [-0.225241, 0.0194789, 0.00172847]
    ],
    "M_G2C5_M M_G2C5H1_M": [
        [-0.225275, 0.0200586, 0.00177991]
    ],
    "M_G2C5_M M_G2C5H2_M": [
        [-0.227885, 0.0200229, 0.00177674]
    ],
    "M_G2C6_M M_G2C6H1_M": [
        [-0.242434, 0.0196239, 0.00174134]
    ],
    "M_G2C6_M M_G2C6H2_M": [
        [-0.239965, 0.0201315, 0.00178638]
    ],
    "M_G2C7_M M_G2C7H1_M": [
        [-0.221176, 0.020296, 0.00180098]
    ],
    "M_G2C7_M M_G2C7H2_M": [
        [-0.219793, 0.0207041, 0.00183719]
    ],
    "M_G2C8_M M_G2C8H1_M": [
        [-0.21178, 0.0193407, 0.00171621]
    ],
    "M_G2C8_M M_G2C8H2_M": [
        [-0.210417, 0.0199497, 0.00177025]
    ],
    "M_G2C9_M M_G2C9H1_M": [
        [-0.126458, 0.0180663, 0.00160313]
    ],
    "M_G2C9_M M_G2C9H2_M": [
        [-0.125521, 0.0198748, 0.0017636]
    ],
    "M_G2C10_M M_G2C10H1_M": [
        [-0.0766784, 0.0210968, 0.00187204]
    ],
    "M_G2C11_M M_G2C11H1_M": [
        [-0.0615619, 0.0184476, 0.00163696]
    ],
    "M_G2C12_M M_G2C12H1_M": [
        [-0.103264, 0.018771, 0.00166566]
    ],
    "M_G2C12_M M_G2C12H2_M": [
        [-0.104289, 0.0170273, 0.00151093]
    ],
    "M_G2C13_M M_G2C13H1_M": [
        [-0.159815, 0.017119, 0.00151906]
    ],
    "M_G2C13_M M_G2C13H2_M": [
        [-0.160859, 0.0175909, 0.00156094]
    ],
    "M_G2C14_M M_G2C14H1_M": [
        [-0.169222, 0.0148638, 0.00131895]
    ],
    "M_G2C14_M M_G2C14H2_M": [
        [-0.169234, 0.016239, 0.00144098]
    ],
    "M_G2C15_M M_G2C15H1_M": [
        [-0.174778, 0.0141532, 0.00125589]
    ],
    "M_G2C15_M M_G2C15H2_M": [
        [-0.173995, 0.01633, 0.00144905]
    ],
    "M_G2C16_M M_G2C16H1_M": [
        [-0.158596, 0.014051, 0.00124683]
    ],
    "M_G2C16_M M_G2C16H2_M": [
        [-0.157673, 0.0134676, 0.00119506]
    ],
    "M_G2C17_M M_G2C17H1_M": [
        [-0.141233, 0.0126471, 0.00112225]
    ],
    "M_G2C17_M M_G2C17H2_M": [
        [-0.142506, 0.0132557, 0.00117625]
    ],
    "M_G2C18_M M_G2C18H1_M": [
        [-0.109048, 0.0109741, 0.00097379]
    ],
    "M_G2C18_M M_G2C18H2_M": [
        [-0.109265, 0.0107886, 0.000957333]
    ],
    "M_G2C19_M M_G2C19H1_M": [
        [-0.0374481, 0.00784473, 0.000696107]
    ],
    "M_G2C19_M M_G2C19H2_M": [
        [-0.0387464, 0.00913722, 0.000810797]
    ],
    "M_G2C19_M M_G2C18H3_M": [
        [-0.036027, 0.00815751, 0.000723862]
    ],
    "M_G3_M M_G3H1_M": [
        [-0.214143, 0.0415831, 0.0036899]
    ],
    "M_G3_M M_G3H2_M": [
        [-0.222699, 0.0310561, 0.00275578]
    ],
    "M_G3C4_M M_G3C4H1_M": [
        [0.0945559, 0.0234764, 0.00208319]
    ],
    "M_G3C4_M M_G3C4H2_M": [
        [0.061279, 0.0218672, 0.0019404]
    ],
    "M_G3C5_M M_G3C5H1_M": [
        [-0.00835242, 0.0201922, 0.00179177]
    ],
    "M_G3C5_M M_G3C5H2_M": [
        [0.00384901, 0.0269876, 0.00239476]
    ]
}