{
    "M_G1_M M_G1H1_M": [
        [-0.17559, 0.0179921, 0.000795926]
    ],
    "M_G1_M M_G1H2_M": [
        [-0.0387037, 0.0157061, 0.000694796]
    ],
    "M_G1C3_M M_G1C3H1_M": [
        [-0.242927, 0.0109144, 0.000482826]
    ],
    "M_G1C3_M M_G1C3H2_M": [
        [-0.216406, 0.0115757, 0.000512079]
    ],
    "M_G1C4_M M_G1C4H1_M": [
        [-0.190334, 0.00883857, 0.000390995]
    ],
    "M_G1C4_M M_G1C4H2_M": [
        [-0.17911, 0.00873194, 0.000386278]
    ],
    "M_G1C5_M M_G1C5H1_M": [
        [-0.217356, 0.00788615, 0.000348863]
    ],
    "M_G1C5_M M_G1C5H2_M": [
        [-0.215465, 0.00772003, 0.000341514]
    ],
    "M_G1C6_M M_G1C6H1_M": [
        [-0.219548, 0.00787503, 0.000348371]
    ],
    "M_G1C6_M M_G1C6H2_M": [
        [-0.217242, 0.00811054, 0.000358789]
    ],
    "M_G1C7_M M_G1C7H1_M": [
        [-0.231198, 0.00793166, 0.000350876]
    ],
    "M_G1C7_M M_G1C7H2_M": [
        [-0.230012, 0.00803447, 0.000355424]
    ],
    "M_G1C8_M M_G1C8H1_M": [
        [-0.222853, 0.00840994, 0.000372034]
    ],
    "M_G1C8_M M_G1C8H2_M": [
        [-0.222342, 0.00829626, 0.000367005]
    ],
    "M_G1C9_M M_G1C9H1_M": [
        [-0.22223, 0.00843772, 0.000373263]
    ],
    "M_G1C9_M M_G1C9H2_M": [
        [-0.222358, 0.00836891, 0.000370219]
    ],
    "M_G1C10_M M_G1C10H1_M": [
        [-0.207501, 0.00857513, 0.000379342]
    ],
    "M_G1C10_M M_G1C10H2_M": [
        [-0.207258, 0.0086652, 0.000383326]
    ],
    "M_G1C11_M M_G1C11H1_M": [
        [-0.199636, 0.00850809, 0.000376376]
    ],
    "M_G1C11_M M_G1C11H2_M": [
        [-0.199813, 0.00867556, 0.000383784]
    ],
    "M_G1C12_M M_G1C12H1_M": [
        [-0.180418, 0.00839313, 0.00037129]
    ],
    "M_G1C12_M M_G1C12H2_M": [
        [-0.180305, 0.00829517, 0.000366957]
    ],
    "M_G1C13_M M_G1C13H1_M": [
        [-0.167698, 0.00822896, 0.000364028]
    ],
    "M_G1C13_M M_G1C13H2_M": [
        [-0.167893, 0.00784422, 0.000347008]
    ],
    "M_G1C14_M M_G1C14H1_M": [
        [-0.144842, 0.00746179, 0.00033009]
    ],
    "M_G1C14_M M_G1C14H2_M": [
        [-0.145178, 0.00736885, 0.000325979]
    ],
    "M_G1C15_M M_G1C15H1_M": [
        [-0.125612, 0.00681569, 0.000301508]
    ],
    "M_G1C15_M M_G1C15H2_M": [
        [-0.126131, 0.00656528, 0.000290431]
    ],
    "M_G1C16_M M_G1C16H1_M": [
        [-0.0941289, 0.00565772, 0.000250283]
    ],
    "M_G1C16_M M_G1C16H2_M": [
        [-0.0938005, 0.0054384, 0.000240581]
    ],
    "M_G1C17_M M_G1C17H1_M": [
        [-0.0312434, 0.00427014, 0.0001889]
    ],
    "M_G1C17_M M_G1C17H2_M": [
        [-0.0309262, 0.00450473, 0.000199277]
    ],
    "M_G1C17_M M_G1C17H3_M": [
        [-0.0313057, 0.00420811, 0.000186156]
    ],
    "M_G2_M M_G2H1_M": [
        [-0.194592, 0.0160764, 0.000711177]
    ],
    "M_G2C3_M M_G2C3H1_M": [
        [-0.0787623, 0.0124508, 0.000550792]
    ],
    "M_G2C3_M M_G2C3H2_M": [
        [-0.114103, 0.0107809, 0.00047692]
    ],
    "M_G2C4_M M_G2C4H1_M": [
        [-0.20953, 0.00913893, 0.000404282]
    ],
    "M_G2C4_M M_G2C4H2_M": [
        [-0.214311, 0.00825611, 0.000365229]
    ],
    "M_G2C5_M M_G2C5H1_M": [
        [-0.208911, 0.00869214, 0.000384518]
    ],
    "M_G2C5_M M_G2C5H2_M": [
        [-0.211009, 0.00863143, 0.000381832]
    ],
    "M_G2C6_M M_G2C6H1_M": [
        [-0.221884, 0.00871116, 0.000385359]
    ],
    "M_G2C6_M M_G2C6H2_M": [
        [-0.220084, 0.0087391, 0.000386595]
    ],
    "M_G2C7_M M_G2C7H1_M": [
        [-0.198712, 0.0084113, 0.000372094]
    ],
    "M_G2C7_M M_G2C7H2_M": [
        [-0.197369, 0.00869353, 0.000384579]
    ],
    "M_G2C8_M M_G2C8H1_M": [
        [-0.189353, 0.00824296, 0.000364647]
    ],
    "M_G2C8_M M_G2C8H2_M": [
        [-0.188308, 0.00809836, 0.00035825]
    ],
    "M_G2C9_M M_G2C9H1_M": [
        [-0.109546, 0.00776791, 0.000343632]
    ],
    "M_G2C9_M M_G2C9H2_M": [
        [-0.109586, 0.00782778, 0.00034628]
    ],
    "M_G2C10_M M_G2C10H1_M": [
        [-0.063233, 0.00854007, 0.000377791]
    ],
    "M_G2C11_M M_G2C11H1_M": [
        [-0.0550636, 0.00783405, 0.000346558]
    ],
    "M_G2C12_M M_G2C12H1_M": [
        [-0.0877007, 0.0079616, 0.0003522]
    ],
    "M_G2C12_M M_G2C12H2_M": [
        [-0.0878773, 0.00791457, 0.00035012]
    ],
    "M_G2C13_M M_G2C13H1_M": [
        [-0.133554, 0.00821003, 0.00036319]
    ],
    "M_G2C13_M M_G2C13H2_M": [
        [-0.133565, 0.00809039, 0.000357898]
    ],
    "M_G2C14_M M_G2C14H1_M": [
        [-0.140211, 0.00797989, 0.00035301]
    ],
    "M_G2C14_M M_G2C14H2_M": [
        [-0.140374, 0.0077537, 0.000343004]
    ],
    "M_G2C15_M M_G2C15H1_M": [
        [-0.144757, 0.00790371, 0.000349639]
    ],
    "M_G2C15_M M_G2C15H2_M": [
        [-0.144899, 0.00788781, 0.000348936]
    ],
    "M_G2C16_M M_G2C16H1_M": [
        [-0.131264, 0.00697294, 0.000308465]
    ],
    "M_G2C16_M M_G2C16H2_M": [
        [-0.131006, 0.00740471, 0.000327565]
    ],
    "M_G2C17_M M_G2C17H1_M": [
        [-0.118663, 0.00647689, 0.000286521]
    ],
    "M_G2C17_M M_G2C17H2_M": [
        [-0.117937, 0.00640077, 0.000283153]
    ],
    "M_G2C18_M M_G2C18H1_M": [
        [-0.0914544, 0.00549392, 0.000243037]
    ],
    "M_G2C18_M M_G2C18H2_M": [
        [-0.0909701, 0.00538117, 0.000238049]
    ],
    "M_G2C19_M M_G2C19H1_M": [
        [-0.0305116, 0.00453361, 0.000200555]
    ],
    "M_G2C19_M M_G2C19H2_M": [
        [-0.030302, 0.0043822, 0.000193857]
    ],
    "M_G2C19_M M_G2C19H3_M": [
        [-0.0302875, 0.00472344, 0.000208953]
    ],
    "M_G3_M M_G3H1_M": [
        [-0.221825, 0.0143934, 0.000636725]
    ],
    "M_G3_M M_G3H2_M": [
        [-0.241763, 0.011087, 0.000490459]
    ],
    "M_G3C4_M M_G3C4H1_M": [
        [0.0306108, 0.00929011, 0.00041097]
    ],
    "M_G3C4_M M_G3C4H2_M": [
        [0.0297809, 0.00940759, 0.000416167]
    ],
    "M_G3C5_M M_G3C5H1_M": [
        [-0.079326, 0.00802086, 0.000354822]
    ],
    "M_G3C5_M M_G3C5H2_M": [
        [-0.0797892, 0.00830833, 0.000367539]
    ],
    "M_G3N6C1_M M_G3N6C1H1_M": [
        [0.0116601, 0.00549135, 0.000242923]
    ],
    "M_G3N6C1_M M_G3N6C1H2_M": [
        [0.0118597, 0.00537666, 0.00023785]
    ],
    "M_G3N6C1_M M_G3N6C1H3_M": [
        [0.0114312, 0.0054761, 0.000242248]
    ],
    "M_G3N6C2_M M_G3N6C2H1_M": [
        [0.0119825, 0.00575029, 0.000254378]
    ],
    "M_G3N6C2_M M_G3N6C2H2_M": [
        [0.0116414, 0.00567134, 0.000250885]
    ],
    "M_G3N6C2_M M_G3N6C2H3_M": [
        [0.0114879, 0.00539689, 0.000238744]
    ],
    "M_G3N6C3_M M_G3N6C3H1_M": [
        [0.0114507, 0.00560773, 0.000248071]
    ],
    "M_G3N6C3_M M_G3N6C3H2_M": [
        [0.0118482, 0.00575428, 0.000254554]
    ],
    "M_G3N6C3_M M_G3N6C3H3_M": [
        [0.0120542, 0.00559236, 0.000247391]
    ]
}