{
    "M_G1_M M_G1H1_M": [
        [-0.179231, 0.214143, 0.0151802]
    ],
    "M_G1_M M_G1H2_M": [
        [0.0130367, 0.214831, 0.015229]
    ],
    "M_G1C3_M M_G1C3H1_M": [
        [-0.239418, 0.0927445, 0.00657448]
    ],
    "M_G1C3_M M_G1C3H2_M": [
        [-0.232404, 0.100455, 0.00712105]
    ],
    "M_G1C4_M M_G1C4H1_M": [
        [-0.188404, 0.0676667, 0.00479676]
    ],
    "M_G1C4_M M_G1C4H2_M": [
        [-0.184733, 0.0694011, 0.00491971]
    ],
    "M_G1C5_M M_G1C5H1_M": [
        [-0.222657, 0.050058, 0.00354852]
    ],
    "M_G1C5_M M_G1C5H2_M": [
        [-0.221359, 0.0499949, 0.00354404]
    ],
    "M_G1C6_M M_G1C6H1_M": [
        [-0.224517, 0.0473403, 0.00335586]
    ],
    "M_G1C6_M M_G1C6H2_M": [
        [-0.224653, 0.0457789, 0.00324518]
    ],
    "M_G1C7_M M_G1C7H1_M": [
        [-0.240365, 0.0436515, 0.00309437]
    ],
    "M_G1C7_M M_G1C7H2_M": [
        [-0.238093, 0.0428389, 0.00303677]
    ],
    "M_G1C8_M M_G1C8H1_M": [
        [-0.230414, 0.0428029, 0.00303422]
    ],
    "M_G1C8_M M_G1C8H2_M": [
        [-0.23005, 0.0406386, 0.00288079]
    ],
    "M_G1C9_M M_G1C9H1_M": [
        [-0.230785, 0.0417599, 0.00296028]
    ],
    "M_G1C9_M M_G1C9H2_M": [
        [-0.231627, 0.0396383, 0.00280988]
    ],
    "M_G1C10_M M_G1C10H1_M": [
        [-0.21532, 0.0413743, 0.00293295]
    ],
    "M_G1C10_M M_G1C10H2_M": [
        [-0.214434, 0.0386671, 0.00274104]
    ],
    "M_G1C11_M M_G1C11H1_M": [
        [-0.206882, 0.0400655, 0.00284017]
    ],
    "M_G1C11_M M_G1C11H2_M": [
        [-0.207166, 0.0374243, 0.00265294]
    ],
    "M_G1C12_M M_G1C12H1_M": [
        [-0.185083, 0.0380305, 0.00269591]
    ],
    "M_G1C12_M M_G1C12H2_M": [
        [-0.18533, 0.0364425, 0.00258334]
    ],
    "M_G1C13_M M_G1C13H1_M": [
        [-0.1716, 0.0354665, 0.00251415]
    ],
    "M_G1C13_M M_G1C13H2_M": [
        [-0.17278, 0.034016, 0.00241133]
    ],
    "M_G1C14_M M_G1C14H1_M": [
        [-0.146712, 0.0330501, 0.00234286]
    ],
    "M_G1C14_M M_G1C14H2_M": [
        [-0.146128, 0.0326503, 0.00231452]
    ],
    "M_G1C15_M M_G1C15H1_M": [
        [-0.126119, 0.0279755, 0.00198313]
    ],
    "M_G1C15_M M_G1C15H2_M": [
        [-0.125771, 0.0286371, 0.00203003]
    ],
    "M_G1C16_M M_G1C16H1_M": [
        [-0.0901788, 0.0227869, 0.00161532]
    ],
    "M_G1C16_M M_G1C16H2_M": [
        [-0.0914515, 0.0229919, 0.00162985]
    ],
    "M_G1C17_M M_G1C17H1_M": [
        [-0.0298321, 0.00967858, 0.000686097]
    ],
    "M_G1C17_M M_G1C17H2_M": [
        [-0.0289357, 0.00891678, 0.000632094]
    ],
    "M_G1C17_M M_G1C17H3_M": [
        [-0.02875, 0.00903558, 0.000640516]
    ],
    "M_G2_M M_G2H1_M": [
        [-0.217537, 0.204759, 0.014515]
    ],
    "M_G2C3_M M_G2C3H1_M": [
        [-0.142524, 0.131402, 0.00931484]
    ],
    "M_G2C3_M M_G2C3H2_M": [
        [-0.125036, 0.111538, 0.00790672]
    ],
    "M_G2C4_M M_G2C4H1_M": [
        [-0.211125, 0.0686247, 0.00486468]
    ],
    "M_G2C4_M M_G2C4H2_M": [
        [-0.187589, 0.0739176, 0.00523988]
    ],
    "M_G2C5_M M_G2C5H1_M": [
        [-0.210315, 0.0568134, 0.0040274]
    ],
    "M_G2C5_M M_G2C5H2_M": [
        [-0.203385, 0.0569798, 0.00403919]
    ],
    "M_G2C6_M M_G2C6H1_M": [
        [-0.220792, 0.0546109, 0.00387127]
    ],
    "M_G2C6_M M_G2C6H2_M": [
        [-0.217083, 0.0569916, 0.00404003]
    ],
    "M_G2C7_M M_G2C7H1_M": [
        [-0.201081, 0.0495574, 0.00351303]
    ],
    "M_G2C7_M M_G2C7H2_M": [
        [-0.200349, 0.0522952, 0.00370711]
    ],
    "M_G2C8_M M_G2C8H1_M": [
        [-0.192858, 0.0463447, 0.00328529]
    ],
    "M_G2C8_M M_G2C8H2_M": [
        [-0.194256, 0.0494957, 0.00350866]
    ],
    "M_G2C9_M M_G2C9H1_M": [
        [-0.113147, 0.0430909, 0.00305464]
    ],
    "M_G2C9_M M_G2C9H2_M": [
        [-0.117723, 0.0414679, 0.00293958]
    ],
    "M_G2C10_M M_G2C10H1_M": [
        [-0.0661996, 0.0510986, 0.00362229]
    ],
    "M_G2C11_M M_G2C11H1_M": [
        [-0.0498116, 0.0446441, 0.00316474]
    ],
    "M_G2C12_M M_G2C12H1_M": [
        [-0.0892288, 0.0409907, 0.00290575]
    ],
    "M_G2C12_M M_G2C12H2_M": [
        [-0.0900195, 0.0427615, 0.00303128]
    ],
    "M_G2C13_M M_G2C13H1_M": [
        [-0.138131, 0.0400492, 0.00283901]
    ],
    "M_G2C13_M M_G2C13H2_M": [
        [-0.138246, 0.0400294, 0.00283761]
    ],
    "M_G2C14_M M_G2C14H1_M": [
        [-0.145714, 0.0380258, 0.00269558]
    ],
    "M_G2C14_M M_G2C14H2_M": [
        [-0.145501, 0.036262, 0.00257055]
    ],
    "M_G2C15_M M_G2C15H1_M": [
        [-0.150601, 0.0367267, 0.00260349]
    ],
    "M_G2C15_M M_G2C15H2_M": [
        [-0.149676, 0.0344376, 0.00244122]
    ],
    "M_G2C16_M M_G2C16H1_M": [
        [-0.133716, 0.0322039, 0.00228288]
    ],
    "M_G2C16_M M_G2C16H2_M": [
        [-0.134461, 0.0316487, 0.00224352]
    ],
    "M_G2C17_M M_G2C17H1_M": [
        [-0.119478, 0.0276012, 0.0019566]
    ],
    "M_G2C17_M M_G2C17H2_M": [
        [-0.119717, 0.0278353, 0.0019732]
    ],
    "M_G2C18_M M_G2C18H1_M": [
        [-0.0900598, 0.020936, 0.00148411]
    ],
    "M_G2C18_M M_G2C18H2_M": [
        [-0.0890806, 0.0218419, 0.00154833]
    ],
    "M_G2C19_M M_G2C19H1_M": [
        [-0.0282278, 0.00853942, 0.000605343]
    ],
    "M_G2C19_M M_G2C19H2_M": [
        [-0.0279009, 0.00792254, 0.000561614]
    ],
    "M_G2C19_M M_G2C19H3_M": [
        [-0.0286823, 0.00841724, 0.000596682]
    ],
    "M_G3_M M_G3H1_M": [
        [-0.150939, 0.21644, 0.015343]
    ],
    "M_G3_M M_G3H2_M": [
        [-0.137648, 0.216997, 0.0153825]
    ],
    "M_G3C4_M M_G3C4H1_M": [
        [-0.0577619, 0.214571, 0.0152106]
    ],
    "M_G3C4_M M_G3C4H2_M": [
        [-0.03487, 0.221878, 0.0157285]
    ],
    "M_G3C5_M M_G3C5H1_M": [
        [-0.174467, 0.183517, 0.0130092]
    ],
    "M_G3C5_M M_G3C5H2_M": [
        [-0.197809, 0.159579, 0.0113122]
    ],
    "M_G3N6C1_M M_G3N6C1H1_M": [
        [0.0251278, 0.0423254, 0.00300037]
    ],
    "M_G3N6C1_M M_G3N6C1H2_M": [
        [0.0241243, 0.0437988, 0.00310481]
    ],
    "M_G3N6C1_M M_G3N6C1H3_M": [
        [0.0228099, 0.044352, 0.00314403]
    ],
    "M_G3N6C2_M M_G3N6C2H1_M": [
        [0.0226269, 0.0396864, 0.0028133]
    ],
    "M_G3N6C2_M M_G3N6C2H2_M": [
        [0.0219214, 0.0415272, 0.00294379]
    ],
    "M_G3N6C2_M M_G3N6C2H3_M": [
        [0.0213523, 0.0394602, 0.00279726]
    ],
    "M_G3N6C3_M M_G3N6C3H1_M": [
        [0.0256801, 0.0383954, 0.00272178]
    ],
    "M_G3N6C3_M M_G3N6C3H2_M": [
        [0.0239326, 0.0415683, 0.0029467]
    ],
    "M_G3N6C3_M M_G3N6C3H3_M": [
        [0.0255078, 0.042701, 0.00302699]
    ]
}