{
    "M_C3_M M_C3H3_M": [
        [-0.368437, 0.0076049, 0.00037331]
    ],
    "M_C4_M M_C4H41_M": [
        [-0.330094, 0.00793319, 0.000389425]
    ],
    "M_C4_M M_C4H42_M": [
        [-0.149729, 0.0120023, 0.000589172]
    ],
    "M_C6_M M_C6H6_M": [
        [-0.0290337, 0.0131593, 0.000645965]
    ],
    "M_C7_M M_C7H71_M": [
        [-0.276997, 0.00903477, 0.000443499]
    ],
    "M_C7_M M_C7H72_M": [
        [-0.334868, 0.00780635, 0.000383198]
    ],
    "M_C8_M M_C8H8_M": [
        [-0.401935, 0.00727287, 0.000357011]
    ],
    "M_C14_M M_C14H14_M": [
        [-0.397545, 0.00740248, 0.000363373]
    ],
    "M_C15_M M_C15H151_M": [
        [-0.369581, 0.00815988, 0.000400553]
    ],
    "M_C15_M M_C15H152_M": [
        [-0.299552, 0.0101836, 0.000499893]
    ],
    "M_C16_M M_C16H161_M": [
        [-0.0682461, 0.011556, 0.000567263]
    ],
    "M_C16_M M_C16H162_M": [
        [-0.18622, 0.0101112, 0.00049634]
    ],
    "M_C17_M M_C17H17_M": [
        [-0.389412, 0.00766515, 0.000376267]
    ],
    "M_C18_M M_C18H181_M": [
        [0.11441, 0.0145108, 0.000712308]
    ],
    "M_C18_M M_C18H182_M": [
        [0.113557, 0.0141803, 0.000696083]
    ],
    "M_C18_M M_C18H183_M": [
        [0.112766, 0.0144204, 0.000707869]
    ],
    "M_C12_M M_C12H121_M": [
        [-0.0740712, 0.0129101, 0.000633734]
    ],
    "M_C12_M M_C12H122_M": [
        [-0.394186, 0.00738986, 0.000362754]
    ],
    "M_C11_M M_C11H111_M": [
        [-0.397549, 0.00750302, 0.000368309]
    ],
    "M_C11_M M_C11H112_M": [
        [-0.213982, 0.00990485, 0.00048621]
    ],
    "M_C9_M M_C9H9_M": [
        [-0.399379, 0.0072502, 0.000355898]
    ],
    "M_C19_M M_C19H191_M": [
        [0.115794, 0.0155364, 0.000762651]
    ],
    "M_C19_M M_C19H192_M": [
        [0.113736, 0.0158479, 0.000777944]
    ],
    "M_C19_M M_C19H193_M": [
        [0.114826, 0.0143912, 0.000706435]
    ],
    "M_C1_M M_C1H11_M": [
        [-0.196244, 0.0118783, 0.000583083]
    ],
    "M_C1_M M_C1H12_M": [
        [-0.354329, 0.0077052, 0.000378233]
    ],
    "M_C2_M M_C2H21_M": [
        [-0.220678, 0.00950425, 0.000466545]
    ],
    "M_C2_M M_C2H22_M": [
        [-0.340678, 0.00775156, 0.000380509]
    ],
    "M_C20_M M_C20H20_M": [
        [-0.374295, 0.00753474, 0.000369866]
    ],
    "M_C21_M M_C21H211_M": [
        [0.0963305, 0.014881, 0.000730481]
    ],
    "M_C21_M M_C21H212_M": [
        [0.0971789, 0.0142674, 0.000700357]
    ],
    "M_C21_M M_C21H213_M": [
        [0.0973852, 0.0137914, 0.000676991]
    ],
    "M_C22_M M_C22H221_M": [
        [-0.201726, 0.0177818, 0.000872874]
    ],
    "M_C22_M M_C22H222_M": [
        [-0.331943, 0.00896047, 0.000439852]
    ],
    "M_C23_M M_C23H231_M": [
        [-0.147714, 0.0161095, 0.000790782]
    ],
    "M_C23_M M_C23H232_M": [
        [-0.31334, 0.00969416, 0.000475868]
    ],
    "M_C24_M M_C24H241_M": [
        [-0.15802, 0.0139764, 0.000686074]
    ],
    "M_C24_M M_C24H242_M": [
        [-0.263988, 0.0104283, 0.000511904]
    ],
    "M_C25_M M_C25H25_M": [
        [-0.169085, 0.0127899, 0.000627832]
    ],
    "M_C26_M M_C26H261_M": [
        [0.0133026, 0.0144806, 0.000710827]
    ],
    "M_C26_M M_C26H262_M": [
        [0.0151974, 0.0149154, 0.000732166]
    ],
    "M_C26_M M_C26H263_M": [
        [0.0151703, 0.0147025, 0.00072172]
    ],
    "M_C27_M M_C27H271_M": [
        [0.000825748, 0.0139068, 0.000682658]
    ],
    "M_C27_M M_C27H272_M": [
        [0.00171502, 0.0139931, 0.000686897]
    ],
    "M_C27_M M_C27H273_M": [
        [0.00165615, 0.0141387, 0.000694042]
    ]
}