{
    "M_C3_M M_C3H3_M": [
        [0.551818, 0.0578565, 0.00977953]
    ],
    "M_C4_M M_C4H41_M": [
        [-0.388065, 0.0244358, 0.0041304]
    ],
    "M_C4_M M_C4H42_M": [
        [-0.0757009, 0.0636845, 0.0107646]
    ],
    "M_C6_M M_C6H6_M": [
        [0.042377, 0.067347, 0.0113837]
    ],
    "M_C7_M M_C7H71_M": [
        [-0.308264, 0.0412003, 0.00696412]
    ],
    "M_C7_M M_C7H72_M": [
        [-0.390996, 0.0244751, 0.00413705]
    ],
    "M_C8_M M_C8H8_M": [
        [-0.405834, 0.0204873, 0.00346298]
    ],
    "M_C14_M M_C14H14_M": [
        [-0.381575, 0.0246659, 0.00416929]
    ],
    "M_C15_M M_C15H151_M": [
        [-0.391055, 0.0239118, 0.00404183]
    ],
    "M_C15_M M_C15H152_M": [
        [-0.28002, 0.0410918, 0.00694577]
    ],
    "M_C16_M M_C16H161_M": [
        [-0.0558541, 0.047696, 0.00806209]
    ],
    "M_C16_M M_C16H162_M": [
        [-0.188582, 0.052356, 0.00884977]
    ],
    "M_C17_M M_C17H17_M": [
        [-0.321022, 0.0317937, 0.00537412]
    ],
    "M_C18_M M_C18H181_M": [
        [0.105187, 0.00891967, 0.0015077]
    ],
    "M_C18_M M_C18H182_M": [
        [0.1052, 0.00935694, 0.00158161]
    ],
    "M_C18_M M_C18H183_M": [
        [0.104346, 0.0102472, 0.00173209]
    ],
    "M_C12_M M_C12H121_M": [
        [0.0659407, 0.0683831, 0.0115588]
    ],
    "M_C12_M M_C12H122_M": [
        [-0.401665, 0.0204303, 0.00345335]
    ],
    "M_C11_M M_C11H111_M": [
        [-0.397633, 0.0216144, 0.0036535]
    ],
    "M_C11_M M_C11H112_M": [
        [-0.246129, 0.0496397, 0.00839065]
    ],
    "M_C9_M M_C9H9_M": [
        [-0.399109, 0.0217134, 0.00367024]
    ],
    "M_C19_M M_C19H191_M": [
        [0.119029, 0.0248731, 0.00420433]
    ],
    "M_C19_M M_C19H192_M": [
        [0.122909, 0.0254015, 0.00429363]
    ],
    "M_C19_M M_C19H193_M": [
        [0.111564, 0.0283043, 0.0047843]
    ],
    "M_C1_M M_C1H11_M": [
        [-0.110815, 0.0612405, 0.0103515]
    ],
    "M_C1_M M_C1H12_M": [
        [-0.402076, 0.0210555, 0.00355902]
    ],
    "M_C2_M M_C2H21_M": [
        [-0.229756, 0.0446745, 0.00755136]
    ],
    "M_C2_M M_C2H22_M": [
        [-0.396844, 0.0213329, 0.00360592]
    ],
    "M_C20_M M_C20H20_M": [
        [-0.376057, 0.0178291, 0.00301366]
    ],
    "M_C21_M M_C21H211_M": [
        [0.115328, 0.0173614, 0.00293462]
    ],
    "M_C21_M M_C21H212_M": [
        [0.113248, 0.0194959, 0.00329541]
    ],
    "M_C21_M M_C21H213_M": [
        [0.121876, 0.0171059, 0.00289143]
    ],
    "M_C22_M M_C22H221_M": [
        [-0.348518, 0.0650414, 0.010994]
    ],
    "M_C22_M M_C22H222_M": [
        [-0.365075, 0.0167566, 0.00283238]
    ],
    "M_C23_M M_C23H231_M": [
        [-0.276747, 0.0589883, 0.00997084]
    ],
    "M_C23_M M_C23H232_M": [
        [-0.363702, 0.0176697, 0.00298672]
    ],
    "M_C24_M M_C24H241_M": [
        [-0.249222, 0.0411642, 0.00695803]
    ],
    "M_C24_M M_C24H242_M": [
        [-0.325128, 0.0207665, 0.00351018]
    ],
    "M_C25_M M_C25H25_M": [
        [-0.245811, 0.0307952, 0.00520534]
    ],
    "M_C26_M M_C26H261_M": [
        [0.0259589, 0.0176645, 0.00298585]
    ],
    "M_C26_M M_C26H262_M": [
        [0.0328135, 0.0217326, 0.00367348]
    ],
    "M_C26_M M_C26H263_M": [
        [0.0321636, 0.0186313, 0.00314927]
    ],
    "M_C27_M M_C27H271_M": [
        [0.016212, 0.0200697, 0.0033924]
    ],
    "M_C27_M M_C27H272_M": [
        [0.0170657, 0.0170004, 0.0028736]
    ],
    "M_C27_M M_C27H273_M": [
        [0.0186052, 0.0155905, 0.00263527]
    ]
}