{"POPI": 0.2747516430186447, "POPE": 0.25696479489362284}