{
    "M_G1_M M_G1H1_M": [
        [-0.171318, 0.0357186, 0.00327432]
    ],
    "M_G1_M M_G1H2_M": [
        [-0.0234777, 0.0349321, 0.00320222]
    ],
    "M_G2_M M_G2H1_M": [
        [-0.189094, 0.0370946, 0.00340046]
    ],
    "M_G3_M M_G3H1_M": [
        [-0.198841, 0.0309465, 0.00283686]
    ],
    "M_G3_M M_G3H2_M": [
        [-0.214807, 0.0242702, 0.00222485]
    ],
    "M_G3C4_M M_G3C4H1_M": [
        [0.0898891, 0.0208447, 0.00191083]
    ],
    "M_G3C4_M M_G3C4H2_M": [
        [0.0657046, 0.0170765, 0.0015654]
    ],
    "M_G3C5_M M_G3C5H1_M": [
        [-0.00783867, 0.0154223, 0.00141376]
    ],
    "M_G3C5_M M_G3C5H2_M": [
        [0.00162622, 0.0158439, 0.0014524]
    ],
    "M_G1C3_M M_G1C3H1_M": [
        [-0.245904, 0.0163356, 0.00149748]
    ],
    "M_G1C3_M M_G1C3H2_M": [
        [-0.225896, 0.0176638, 0.00161924]
    ],
    "M_G1C4_M M_G1C4H1_M": [
        [-0.206586, 0.0127204, 0.00116608]
    ],
    "M_G1C4_M M_G1C4H2_M": [
        [-0.197149, 0.0127584, 0.00116956]
    ],
    "M_G1C5_M M_G1C5H1_M": [
        [-0.23869, 0.0109342, 0.00100234]
    ],
    "M_G1C5_M M_G1C5H2_M": [
        [-0.235724, 0.0106398, 0.000975353]
    ],
    "M_G1C6_M M_G1C6H1_M": [
        [-0.24297, 0.0101319, 0.000928791]
    ],
    "M_G1C6_M M_G1C6H2_M": [
        [-0.240263, 0.0102841, 0.000942741]
    ],
    "M_G1C7_M M_G1C7H1_M": [
        [-0.255753, 0.00941157, 0.000862757]
    ],
    "M_G1C7_M M_G1C7H2_M": [
        [-0.25385, 0.00959823, 0.000879868]
    ],
    "M_G1C8_M M_G1C8H1_M": [
        [-0.249003, 0.00987984, 0.000905684]
    ],
    "M_G1C8_M M_G1C8H2_M": [
        [-0.24848, 0.00978498, 0.000896988]
    ],
    "M_G1C9_M M_G1C9H1_M": [
        [-0.249522, 0.00979978, 0.000898344]
    ],
    "M_G1C9_M M_G1C9H2_M": [
        [-0.249384, 0.00985004, 0.000902951]
    ],
    "M_G1C10_M M_G1C10H1_M": [
        [-0.236136, 0.0105887, 0.000970661]
    ],
    "M_G1C10_M M_G1C10H2_M": [
        [-0.236, 0.0102475, 0.000939382]
    ],
    "M_G1C11_M M_G1C11H1_M": [
        [-0.228066, 0.0109001, 0.000999207]
    ],
    "M_G1C11_M M_G1C11H2_M": [
        [-0.227896, 0.0103843, 0.000951931]
    ],
    "M_G1C12_M M_G1C12H1_M": [
        [-0.208186, 0.0111602, 0.00102305]
    ],
    "M_G1C12_M M_G1C12H2_M": [
        [-0.207892, 0.0111742, 0.00102433]
    ],
    "M_G1C13_M M_G1C13H1_M": [
        [-0.193546, 0.0103983, 0.00095321]
    ],
    "M_G1C13_M M_G1C13H2_M": [
        [-0.193859, 0.0108323, 0.000993]
    ],
    "M_G1C14_M M_G1C14H1_M": [
        [-0.167799, 0.0100333, 0.000919754]
    ],
    "M_G1C14_M M_G1C14H2_M": [
        [-0.167908, 0.0102778, 0.000942165]
    ],
    "M_G1C15_M M_G1C15H1_M": [
        [-0.144849, 0.00880608, 0.000807252]
    ],
    "M_G1C15_M M_G1C15H2_M": [
        [-0.144687, 0.00891238, 0.000816997]
    ],
    "M_G1C16_M M_G1C16H1_M": [
        [-0.10811, 0.00736524, 0.000675171]
    ],
    "M_G1C16_M M_G1C16H2_M": [
        [-0.108079, 0.00727146, 0.000666574]
    ],
    "M_G1C17_M M_G1C17H1_M": [
        [-0.0348657, 0.00349448, 0.000320339]
    ],
    "M_G1C17_M M_G1C17H2_M": [
        [-0.0348269, 0.00375543, 0.00034426]
    ],
    "M_G1C17_M M_G1C17H3_M": [
        [-0.0350606, 0.00307978, 0.000282323]
    ],
    "M_G2C3_M M_G2C3H1_M": [
        [-0.0958464, 0.0265329, 0.00243227]
    ],
    "M_G2C3_M M_G2C3H2_M": [
        [-0.128764, 0.0194217, 0.00178038]
    ],
    "M_G2C4_M M_G2C4H1_M": [
        [-0.22359, 0.0159223, 0.0014596]
    ],
    "M_G2C4_M M_G2C4H2_M": [
        [-0.222544, 0.0135757, 0.00124448]
    ],
    "M_G2C5_M M_G2C5H1_M": [
        [-0.225525, 0.0134986, 0.00123741]
    ],
    "M_G2C5_M M_G2C5H2_M": [
        [-0.226517, 0.0126265, 0.00115747]
    ],
    "M_G2C6_M M_G2C6H1_M": [
        [-0.24016, 0.0138218, 0.00126704]
    ],
    "M_G2C6_M M_G2C6H2_M": [
        [-0.239252, 0.0122205, 0.00112025]
    ],
    "M_G2C7_M M_G2C7H1_M": [
        [-0.218145, 0.0129126, 0.0011837]
    ],
    "M_G2C7_M M_G2C7H2_M": [
        [-0.217839, 0.012245, 0.0011225]
    ],
    "M_G2C8_M M_G2C8H1_M": [
        [-0.208389, 0.0123376, 0.00113099]
    ],
    "M_G2C8_M M_G2C8H2_M": [
        [-0.20744, 0.0119668, 0.00109699]
    ],
    "M_G2C9_M M_G2C9H1_M": [
        [-0.12491, 0.0112306, 0.00102951]
    ],
    "M_G2C9_M M_G2C9H2_M": [
        [-0.123469, 0.0113142, 0.00103717]
    ],
    "M_G2C10_M M_G2C10H1_M": [
        [-0.0761989, 0.0132173, 0.00121162]
    ],
    "M_G2C11_M M_G2C11H1_M": [
        [-0.064277, 0.013094, 0.00120032]
    ],
    "M_G2C12_M M_G2C12H1_M": [
        [-0.103119, 0.0117502, 0.00107714]
    ],
    "M_G2C12_M M_G2C12H2_M": [
        [-0.10357, 0.0124834, 0.00114435]
    ],
    "M_G2C13_M M_G2C13H1_M": [
        [-0.158364, 0.0111545, 0.00102254]
    ],
    "M_G2C13_M M_G2C13H2_M": [
        [-0.15747, 0.0114325, 0.00104801]
    ],
    "M_G2C14_M M_G2C14H1_M": [
        [-0.165935, 0.0106516, 0.000976431]
    ],
    "M_G2C14_M M_G2C14H2_M": [
        [-0.165438, 0.0104939, 0.000961974]
    ],
    "M_G2C15_M M_G2C15H1_M": [
        [-0.170933, 0.0102501, 0.000939623]
    ],
    "M_G2C15_M M_G2C15H2_M": [
        [-0.170789, 0.00995783, 0.000912833]
    ],
    "M_G2C16_M M_G2C16H1_M": [
        [-0.153587, 0.00907157, 0.000831589]
    ],
    "M_G2C16_M M_G2C16H2_M": [
        [-0.153624, 0.00864805, 0.000792765]
    ],
    "M_G2C17_M M_G2C17H1_M": [
        [-0.137892, 0.0077657, 0.00071188]
    ],
    "M_G2C17_M M_G2C17H2_M": [
        [-0.137732, 0.00764135, 0.000700481]
    ],
    "M_G2C18_M M_G2C18H1_M": [
        [-0.104861, 0.00604712, 0.000554339]
    ],
    "M_G2C18_M M_G2C18H2_M": [
        [-0.104803, 0.00600833, 0.000550782]
    ],
    "M_G2C19_M M_G2C19H1_M": [
        [-0.0352679, 0.00308275, 0.000282595]
    ],
    "M_G2C19_M M_G2C19H2_M": [
        [-0.0347544, 0.00272969, 0.00025023]
    ],
    "M_G2C19_M M_G2C19H3_M": [
        [-0.0348495, 0.00334987, 0.000307082]
    ]
}