{"headgroup": 0.7134897210006615, "tails": 0.803368642357694, "total": 0.77340900190535}