{
    "M_G1_M M_G1H1_M": [
        [-0.256951, 0.0571408, 0.0074391]
    ],
    "M_G1_M M_G1H2_M": [
        [0.0164664, 0.0493256, 0.00642165]
    ],
    "M_G1C3_M M_G1C3H1_M": [
        [-0.261892, 0.0166879, 0.00217258]
    ],
    "M_G1C3_M M_G1C3H2_M": [
        [-0.248383, 0.0190818, 0.00248424]
    ],
    "M_G1C4_M M_G1C4H1_M": [
        [-0.217283, 0.0134936, 0.00175672]
    ],
    "M_G1C4_M M_G1C4H2_M": [
        [-0.207539, 0.0160731, 0.00209254]
    ],
    "M_G1C5_M M_G1C5H1_M": [
        [-0.249383, 0.0130301, 0.00169637]
    ],
    "M_G1C5_M M_G1C5H2_M": [
        [-0.243476, 0.0138378, 0.00180152]
    ],
    "M_G1C6_M M_G1C6H1_M": [
        [-0.233188, 0.0138131, 0.00179831]
    ],
    "M_G1C6_M M_G1C6H2_M": [
        [-0.229413, 0.0140491, 0.00182904]
    ],
    "M_G1C7_M M_G1C7H1_M": [
        [-0.245978, 0.0138051, 0.00179727]
    ],
    "M_G1C7_M M_G1C7H2_M": [
        [-0.243621, 0.0140414, 0.00182804]
    ],
    "M_G1C8_M M_G1C8H1_M": [
        [-0.23136, 0.0135929, 0.00176964]
    ],
    "M_G1C8_M M_G1C8H2_M": [
        [-0.228973, 0.01499, 0.00195154]
    ],
    "M_G1C9_M M_G1C9H1_M": [
        [-0.231473, 0.0136927, 0.00178264]
    ],
    "M_G1C9_M M_G1C9H2_M": [
        [-0.232118, 0.0129307, 0.00168344]
    ],
    "M_G1C10_M M_G1C10H1_M": [
        [-0.211594, 0.012806, 0.0016672]
    ],
    "M_G1C10_M M_G1C10H2_M": [
        [-0.212252, 0.0118859, 0.00154742]
    ],
    "M_G1C11_M M_G1C11H1_M": [
        [-0.205489, 0.0116296, 0.00151405]
    ],
    "M_G1C11_M M_G1C11H2_M": [
        [-0.20604, 0.0118902, 0.00154797]
    ],
    "M_G1C12_M M_G1C12H1_M": [
        [-0.182665, 0.0114173, 0.0014864]
    ],
    "M_G1C12_M M_G1C12H2_M": [
        [-0.182083, 0.0118692, 0.00154524]
    ],
    "M_G1C13_M M_G1C13H1_M": [
        [-0.171317, 0.0103538, 0.00134795]
    ],
    "M_G1C13_M M_G1C13H2_M": [
        [-0.17074, 0.0118527, 0.00154309]
    ],
    "M_G1C14_M M_G1C14H1_M": [
        [-0.144783, 0.00919956, 0.00119768]
    ],
    "M_G1C14_M M_G1C14H2_M": [
        [-0.14409, 0.0106608, 0.00138792]
    ],
    "M_G1C15_M M_G1C15H1_M": [
        [-0.125799, 0.00837957, 0.00109093]
    ],
    "M_G1C15_M M_G1C15H2_M": [
        [-0.125316, 0.00956653, 0.00124546]
    ],
    "M_G1C16_M M_G1C16H1_M": [
        [-0.0879264, 0.00733498, 0.000954932]
    ],
    "M_G1C16_M M_G1C16H2_M": [
        [-0.087942, 0.00641064, 0.000834595]
    ],
    "M_G1C17_M M_G1C17H1_M": [
        [-0.0305689, 0.00305695, 0.000397981]
    ],
    "M_G1C17_M M_G1C17H2_M": [
        [-0.0306648, 0.00374843, 0.000488003]
    ],
    "M_G1C17_M M_G1C17H3_M": [
        [-0.0297995, 0.0037051, 0.000482363]
    ],
    "M_G2_M M_G2H1_M": [
        [-0.241044, 0.0482124, 0.00627672]
    ],
    "M_G2C3_M M_G2C3H1_M": [
        [-0.127025, 0.0199612, 0.00259873]
    ],
    "M_G2C3_M M_G2C3H2_M": [
        [-0.120087, 0.027513, 0.00358189]
    ],
    "M_G2C4_M M_G2C4H1_M": [
        [-0.189686, 0.0168719, 0.00219653]
    ],
    "M_G2C4_M M_G2C4H2_M": [
        [-0.178216, 0.021722, 0.00282796]
    ],
    "M_G2C5_M M_G2C5H1_M": [
        [-0.197683, 0.016712, 0.00217571]
    ],
    "M_G2C5_M M_G2C5H2_M": [
        [-0.192695, 0.0199006, 0.00259084]
    ],
    "M_G2C6_M M_G2C6H1_M": [
        [-0.212776, 0.0172898, 0.00225095]
    ],
    "M_G2C6_M M_G2C6H2_M": [
        [-0.211071, 0.0175275, 0.00228189]
    ],
    "M_G2C7_M M_G2C7H1_M": [
        [-0.188397, 0.0161629, 0.00210424]
    ],
    "M_G2C7_M M_G2C7H2_M": [
        [-0.186768, 0.0173192, 0.00225477]
    ],
    "M_G2C8_M M_G2C8H1_M": [
        [-0.184663, 0.0147815, 0.00192438]
    ],
    "M_G2C8_M M_G2C8H2_M": [
        [-0.183577, 0.0151555, 0.00197308]
    ],
    "M_G2C9_M M_G2C9H1_M": [
        [-0.128067, 0.0123048, 0.00160195]
    ],
    "M_G2C9_M M_G2C9H2_M": [
        [-0.125801, 0.0136557, 0.00177782]
    ],
    "M_G2C10_M M_G2C10H1_M": [
        [-0.0949797, 0.0141901, 0.00184739]
    ],
    "M_G2C11_M M_G2C11H1_M": [
        [0.00935556, 0.016163, 0.00210425]
    ],
    "M_G2C12_M M_G2C12H1_M": [
        [-0.0653372, 0.0128724, 0.00167584]
    ],
    "M_G2C12_M M_G2C12H2_M": [
        [-0.0673766, 0.0126673, 0.00164914]
    ],
    "M_G2C13_M M_G2C13H1_M": [
        [-0.121632, 0.0139187, 0.00181206]
    ],
    "M_G2C13_M M_G2C13H2_M": [
        [-0.122864, 0.0124856, 0.00162549]
    ],
    "M_G2C14_M M_G2C14H1_M": [
        [-0.127681, 0.0124355, 0.00161897]
    ],
    "M_G2C14_M M_G2C14H2_M": [
        [-0.127325, 0.0126326, 0.00164463]
    ],
    "M_G2C15_M M_G2C15H1_M": [
        [-0.136529, 0.0118731, 0.00154574]
    ],
    "M_G2C15_M M_G2C15H2_M": [
        [-0.136216, 0.0119185, 0.00155166]
    ],
    "M_G2C16_M M_G2C16H1_M": [
        [-0.123103, 0.0107554, 0.00140023]
    ],
    "M_G2C16_M M_G2C16H2_M": [
        [-0.122778, 0.0106829, 0.0013908]
    ],
    "M_G2C17_M M_G2C17H1_M": [
        [-0.112034, 0.00893851, 0.00116369]
    ],
    "M_G2C17_M M_G2C17H2_M": [
        [-0.112002, 0.00962777, 0.00125343]
    ],
    "M_G2C18_M M_G2C18H1_M": [
        [-0.0831644, 0.00748776, 0.000974823]
    ],
    "M_G2C18_M M_G2C18H2_M": [
        [-0.0823815, 0.00726229, 0.00094547]
    ],
    "M_G2C19_M M_G2C19H1_M": [
        [-0.0271319, 0.00328875, 0.000428158]
    ],
    "M_G2C19_M M_G2C19H2_M": [
        [-0.0267624, 0.00317202, 0.000412962]
    ],
    "M_G2C19_M M_G2C19H3_M": [
        [-0.0267082, 0.00278332, 0.000362357]
    ],
    "M_G3_M M_G3H1_M": [
        [-0.163125, 0.0598695, 0.00779435]
    ],
    "M_G3_M M_G3H2_M": [
        [-0.225674, 0.0485822, 0.00632486]
    ],
    "M_G3C4_M M_G3C4H1_M": [
        [0.0508586, 0.0272326, 0.00354539]
    ],
    "M_G3C4_M M_G3C4H2_M": [
        [0.0565368, 0.0221345, 0.00288166]
    ],
    "M_G3C5_M M_G3C5H1_M": [
        [-0.00272376, 0.0192754, 0.00250945]
    ],
    "M_G3C5_M M_G3C5H2_M": [
        [-0.00623322, 0.0162189, 0.00211152]
    ],
    "M_G3N6C1_M M_G3N6C1H1_M": [
        [0.0120387, 0.00382081, 0.000497426]
    ],
    "M_G3N6C1_M M_G3N6C1H2_M": [
        [0.0116737, 0.00384465, 0.00050053]
    ],
    "M_G3N6C1_M M_G3N6C1H3_M": [
        [0.0124747, 0.00398954, 0.000519393]
    ],
    "M_G3N6C2_M M_G3N6C2H1_M": [
        [0.0113908, 0.0044436, 0.000578508]
    ],
    "M_G3N6C2_M M_G3N6C2H2_M": [
        [0.0115832, 0.00479465, 0.00062421]
    ],
    "M_G3N6C2_M M_G3N6C2H3_M": [
        [0.0124463, 0.00365855, 0.000476303]
    ],
    "M_G3N6C3_M M_G3N6C3H1_M": [
        [0.0113392, 0.00418153, 0.000544389]
    ],
    "M_G3N6C3_M M_G3N6C3H2_M": [
        [0.0116685, 0.00407622, 0.000530678]
    ],
    "M_G3N6C3_M M_G3N6C3H3_M": [
        [0.0118703, 0.00431476, 0.000561734]
    ]
}