{
    "M_G1_M M_G1H1_M": [
        [-0.257561, 0.0466424, 0.0140632]
    ],
    "M_G1_M M_G1H2_M": [
        [0.0106475, 0.0363884, 0.0109715]
    ],
    "M_G1C3_M M_G1C3H1_M": [
        [-0.281257, 0.0196773, 0.00593293]
    ],
    "M_G1C3_M M_G1C3H2_M": [
        [-0.265341, 0.0199426, 0.00601291]
    ],
    "M_G1C4_M M_G1C4H1_M": [
        [-0.218256, 0.0164602, 0.00496292]
    ],
    "M_G1C4_M M_G1C4H2_M": [
        [-0.206717, 0.0143677, 0.00433202]
    ],
    "M_G1C5_M M_G1C5H1_M": [
        [-0.245402, 0.0152848, 0.00460855]
    ],
    "M_G1C5_M M_G1C5H2_M": [
        [-0.240572, 0.0104286, 0.00314435]
    ],
    "M_G1C6_M M_G1C6H1_M": [
        [-0.234381, 0.0147385, 0.00444382]
    ],
    "M_G1C6_M M_G1C6H2_M": [
        [-0.226064, 0.0144044, 0.00434308]
    ],
    "M_G1C7_M M_G1C7H1_M": [
        [-0.241414, 0.0150591, 0.0045405]
    ],
    "M_G1C7_M M_G1C7H2_M": [
        [-0.247244, 0.0141656, 0.00427109]
    ],
    "M_G1C8_M M_G1C8H1_M": [
        [-0.232158, 0.0162013, 0.00488487]
    ],
    "M_G1C8_M M_G1C8H2_M": [
        [-0.226951, 0.0175286, 0.00528508]
    ],
    "M_G1C9_M M_G1C9H1_M": [
        [-0.231457, 0.0150462, 0.00453659]
    ],
    "M_G1C9_M M_G1C9H2_M": [
        [-0.227657, 0.0182025, 0.00548827]
    ],
    "M_G1C10_M M_G1C10H1_M": [
        [-0.211003, 0.0200097, 0.00603316]
    ],
    "M_G1C10_M M_G1C10H2_M": [
        [-0.208532, 0.0213546, 0.00643866]
    ],
    "M_G1C11_M M_G1C11H1_M": [
        [-0.204956, 0.0193627, 0.00583809]
    ],
    "M_G1C11_M M_G1C11H2_M": [
        [-0.203385, 0.0208303, 0.00628057]
    ],
    "M_G1C12_M M_G1C12H1_M": [
        [-0.182533, 0.0196561, 0.00592653]
    ],
    "M_G1C12_M M_G1C12H2_M": [
        [-0.180014, 0.0224753, 0.00677656]
    ],
    "M_G1C13_M M_G1C13H1_M": [
        [-0.169335, 0.0179611, 0.00541547]
    ],
    "M_G1C13_M M_G1C13H2_M": [
        [-0.169037, 0.0206574, 0.00622843]
    ],
    "M_G1C14_M M_G1C14H1_M": [
        [-0.142538, 0.0177558, 0.00535358]
    ],
    "M_G1C14_M M_G1C14H2_M": [
        [-0.143094, 0.0172286, 0.00519463]
    ],
    "M_G1C15_M M_G1C15H1_M": [
        [-0.124729, 0.013943, 0.00420396]
    ],
    "M_G1C15_M M_G1C15H2_M": [
        [-0.123611, 0.0146154, 0.0044067]
    ],
    "M_G1C16_M M_G1C16H1_M": [
        [-0.0896861, 0.0112033, 0.00337792]
    ],
    "M_G1C16_M M_G1C16H2_M": [
        [-0.0889766, 0.0119818, 0.00361264]
    ],
    "M_G1C17_M M_G1C17H1_M": [
        [-0.0307884, 0.00301191, 0.000908126]
    ],
    "M_G1C17_M M_G1C17H2_M": [
        [-0.0305905, 0.00346021, 0.00104329]
    ],
    "M_G1C17_M M_G1C17H3_M": [
        [-0.0300455, 0.00310688, 0.000936759]
    ],
    "M_G2_M M_G2H1_M": [
        [-0.218106, 0.0617449, 0.0186168]
    ],
    "M_G2C3_M M_G2C3H1_M": [
        [-0.149693, 0.0288005, 0.00868366]
    ],
    "M_G2C3_M M_G2C3H2_M": [
        [-0.112267, 0.0253126, 0.00763205]
    ],
    "M_G2C4_M M_G2C4H1_M": [
        [-0.208725, 0.022152, 0.00667908]
    ],
    "M_G2C4_M M_G2C4H2_M": [
        [-0.186447, 0.0202368, 0.00610162]
    ],
    "M_G2C5_M M_G2C5H1_M": [
        [-0.199409, 0.0222873, 0.00671989]
    ],
    "M_G2C5_M M_G2C5H2_M": [
        [-0.193638, 0.0226771, 0.0068374]
    ],
    "M_G2C6_M M_G2C6H1_M": [
        [-0.209782, 0.0209537, 0.00631777]
    ],
    "M_G2C6_M M_G2C6H2_M": [
        [-0.209732, 0.0248851, 0.00750315]
    ],
    "M_G2C7_M M_G2C7H1_M": [
        [-0.181565, 0.0226734, 0.00683629]
    ],
    "M_G2C7_M M_G2C7H2_M": [
        [-0.18434, 0.023443, 0.00706833]
    ],
    "M_G2C8_M M_G2C8H1_M": [
        [-0.17841, 0.0201491, 0.00607519]
    ],
    "M_G2C8_M M_G2C8H2_M": [
        [-0.181193, 0.0221567, 0.00668048]
    ],
    "M_G2C9_M M_G2C9H1_M": [
        [-0.125324, 0.0150406, 0.00453492]
    ],
    "M_G2C9_M M_G2C9H2_M": [
        [-0.12387, 0.0174343, 0.00525663]
    ],
    "M_G2C10_M M_G2C10H1_M": [
        [-0.0961276, 0.0154986, 0.004673]
    ],
    "M_G2C11_M M_G2C11H1_M": [
        [0.00963165, 0.0127692, 0.00385005]
    ],
    "M_G2C12_M M_G2C12H1_M": [
        [-0.0589026, 0.0109275, 0.00329475]
    ],
    "M_G2C12_M M_G2C12H2_M": [
        [-0.0611431, 0.00920189, 0.00277447]
    ],
    "M_G2C13_M M_G2C13H1_M": [
        [-0.116701, 0.0104944, 0.00316419]
    ],
    "M_G2C13_M M_G2C13H2_M": [
        [-0.114564, 0.0111708, 0.00336813]
    ],
    "M_G2C14_M M_G2C14H1_M": [
        [-0.125542, 0.0101987, 0.00307501]
    ],
    "M_G2C14_M M_G2C14H2_M": [
        [-0.123982, 0.00882803, 0.00266175]
    ],
    "M_G2C15_M M_G2C15H1_M": [
        [-0.133631, 0.0089264, 0.00269141]
    ],
    "M_G2C15_M M_G2C15H2_M": [
        [-0.134034, 0.00645849, 0.00194731]
    ],
    "M_G2C16_M M_G2C16H1_M": [
        [-0.123785, 0.00821876, 0.00247805]
    ],
    "M_G2C16_M M_G2C16H2_M": [
        [-0.122621, 0.00569474, 0.00171703]
    ],
    "M_G2C17_M M_G2C17H1_M": [
        [-0.110482, 0.00634503, 0.0019131]
    ],
    "M_G2C17_M M_G2C17H2_M": [
        [-0.110498, 0.00496155, 0.00149596]
    ],
    "M_G2C18_M M_G2C18H1_M": [
        [-0.0845547, 0.00465004, 0.00140204]
    ],
    "M_G2C18_M M_G2C18H2_M": [
        [-0.085142, 0.00463409, 0.00139723]
    ],
    "M_G2C19_M M_G2C19H1_M": [
        [-0.0243476, 0.00179838, 0.000542231]
    ],
    "M_G2C19_M M_G2C19H2_M": [
        [-0.0266721, 0.00213398, 0.000643419]
    ],
    "M_G2C19_M M_G2C19H3_M": [
        [-0.024873, 0.00266285, 0.000802879]
    ],
    "M_G3_M M_G3H1_M": [
        [-0.172201, 0.0339264, 0.0102292]
    ],
    "M_G3_M M_G3H2_M": [
        [-0.286433, 0.0389201, 0.0117349]
    ],
    "M_G3C4_M M_G3C4H1_M": [
        [0.136874, 0.0681373, 0.0205442]
    ],
    "M_G3C4_M M_G3C4H2_M": [
        [0.0969091, 0.0566435, 0.0170787]
    ],
    "M_G3C5_M M_G3C5H1_M": [
        [0.0559503, 0.0667389, 0.0201225]
    ]
}