{
    "M_G1_M M_G1H1_M": [
        [0.0428192, 0.0972726, 0.00870032]
    ],
    "M_G1_M M_G1H2_M": [
        [-0.126197, 0.0766443, 0.00685528]
    ],
    "M_G1C3_M M_G1C3H1_M": [
        [-0.217896, 0.0366536, 0.0032784]
    ],
    "M_G1C3_M M_G1C3H2_M": [
        [-0.235895, 0.0313595, 0.00280488]
    ],
    "M_G1C4_M M_G1C4H1_M": [
        [-0.198977, 0.0303322, 0.00271299]
    ],
    "M_G1C4_M M_G1C4H2_M": [
        [-0.219655, 0.0273003, 0.00244181]
    ],
    "M_G1C5_M M_G1C5H1_M": [
        [-0.23064, 0.0269291, 0.00240861]
    ],
    "M_G1C5_M M_G1C5H2_M": [
        [-0.236937, 0.0266904, 0.00238726]
    ],
    "M_G1C6_M M_G1C6H1_M": [
        [-0.223312, 0.0262217, 0.00234534]
    ],
    "M_G1C6_M M_G1C6H2_M": [
        [-0.224613, 0.0251561, 0.00225003]
    ],
    "M_G1C7_M M_G1C7H1_M": [
        [-0.22999, 0.0248793, 0.00222528]
    ],
    "M_G1C7_M M_G1C7H2_M": [
        [-0.230461, 0.0240947, 0.0021551]
    ],
    "M_G1C8_M M_G1C8H1_M": [
        [-0.219916, 0.0250948, 0.00224454]
    ],
    "M_G1C8_M M_G1C8H2_M": [
        [-0.220976, 0.0249645, 0.00223289]
    ],
    "M_G1C9_M M_G1C9H1_M": [
        [-0.216171, 0.0252458, 0.00225805]
    ],
    "M_G1C9_M M_G1C9H2_M": [
        [-0.216022, 0.0241223, 0.00215756]
    ],
    "M_G1C10_M M_G1C10H1_M": [
        [-0.202487, 0.0230552, 0.00206212]
    ],
    "M_G1C10_M M_G1C10H2_M": [
        [-0.203312, 0.0240706, 0.00215294]
    ],
    "M_G1C11_M M_G1C11H1_M": [
        [-0.191572, 0.0222755, 0.00199238]
    ],
    "M_G1C11_M M_G1C11H2_M": [
        [-0.190878, 0.0222962, 0.00199424]
    ],
    "M_G1C12_M M_G1C12H1_M": [
        [-0.172209, 0.0206451, 0.00184655]
    ],
    "M_G1C12_M M_G1C12H2_M": [
        [-0.172954, 0.0203782, 0.00182269]
    ],
    "M_G1C13_M M_G1C13H1_M": [
        [-0.156081, 0.0198488, 0.00177533]
    ],
    "M_G1C13_M M_G1C13H2_M": [
        [-0.156432, 0.0193446, 0.00173023]
    ],
    "M_G1C14_M M_G1C14H1_M": [
        [-0.134868, 0.0175063, 0.00156581]
    ],
    "M_G1C14_M M_G1C14H2_M": [
        [-0.13554, 0.0179029, 0.00160129]
    ],
    "M_G1C15_M M_G1C15H1_M": [
        [-0.112626, 0.0158221, 0.00141517]
    ],
    "M_G1C15_M M_G1C15H2_M": [
        [-0.11281, 0.014635, 0.00130899]
    ],
    "M_G1C16_M M_G1C16H1_M": [
        [-0.0822881, 0.0115055, 0.00102908]
    ],
    "M_G1C16_M M_G1C16H2_M": [
        [-0.0819919, 0.0115195, 0.00103034]
    ],
    "M_G1C17_M M_G1C17H1_M": [
        [-0.0241863, 0.0060593, 0.000541961]
    ],
    "M_G1C17_M M_G1C17H2_M": [
        [-0.0239934, 0.00638155, 0.000570783]
    ],
    "M_G1C17_M M_G1C17H3_M": [
        [-0.0241168, 0.00618339, 0.000553059]
    ],
    "M_G2_M M_G2H1_M": [
        [0.00581712, 0.100974, 0.00903138]
    ],
    "M_G2C3_M M_G2C3H1_M": [
        [-0.217511, 0.0448458, 0.00401113]
    ],
    "M_G2C3_M M_G2C3H2_M": [
        [-0.145228, 0.0489972, 0.00438245]
    ],
    "M_G2C4_M M_G2C4H1_M": [
        [-0.226325, 0.0317872, 0.00284314]
    ],
    "M_G2C4_M M_G2C4H2_M": [
        [-0.160091, 0.041138, 0.00367949]
    ],
    "M_G2C5_M M_G2C5H1_M": [
        [-0.216434, 0.0299649, 0.00268015]
    ],
    "M_G2C5_M M_G2C5H2_M": [
        [-0.202396, 0.0347385, 0.0031071]
    ],
    "M_G2C6_M M_G2C6H1_M": [
        [-0.207237, 0.0311559, 0.00278667]
    ],
    "M_G2C6_M M_G2C6H2_M": [
        [-0.20302, 0.0312228, 0.00279265]
    ],
    "M_G2C7_M M_G2C7H1_M": [
        [-0.193147, 0.0285319, 0.00255197]
    ],
    "M_G2C7_M M_G2C7H2_M": [
        [-0.192611, 0.0288351, 0.00257909]
    ],
    "M_G2C8_M M_G2C8H1_M": [
        [-0.182287, 0.0271206, 0.00242574]
    ],
    "M_G2C8_M M_G2C8H2_M": [
        [-0.18083, 0.0279076, 0.00249614]
    ],
    "M_G2C9_M M_G2C9H1_M": [
        [-0.136516, 0.0256636, 0.00229542]
    ],
    "M_G2C9_M M_G2C9H2_M": [
        [-0.137198, 0.0272576, 0.00243799]
    ],
    "M_G2C10_M M_G2C10H1_M": [
        [-0.109104, 0.0296183, 0.00264914]
    ],
    "M_G2C11_M M_G2C11H1_M": [
        [-0.040304, 0.0352055, 0.00314887]
    ],
    "M_G2C12_M M_G2C12H1_M": [
        [-0.0720691, 0.0288979, 0.00258471]
    ],
    "M_G2C12_M M_G2C12H2_M": [
        [-0.0703851, 0.0321105, 0.00287205]
    ],
    "M_G2C13_M M_G2C13H1_M": [
        [-0.114301, 0.0269593, 0.00241131]
    ],
    "M_G2C13_M M_G2C13H2_M": [
        [-0.116598, 0.0255438, 0.00228471]
    ],
    "M_G2C14_M M_G2C14H1_M": [
        [-0.115575, 0.0241621, 0.00216112]
    ],
    "M_G2C14_M M_G2C14H2_M": [
        [-0.116029, 0.0235617, 0.00210742]
    ],
    "M_G2C15_M M_G2C15H1_M": [
        [-0.124118, 0.0230162, 0.00205863]
    ],
    "M_G2C15_M M_G2C15H2_M": [
        [-0.124033, 0.0214301, 0.00191677]
    ],
    "M_G2C16_M M_G2C16H1_M": [
        [-0.111246, 0.0191404, 0.00171197]
    ],
    "M_G2C16_M M_G2C16H2_M": [
        [-0.108841, 0.020012, 0.00178993]
    ],
    "M_G2C17_M M_G2C17H1_M": [
        [-0.0995231, 0.0157943, 0.00141268]
    ],
    "M_G2C17_M M_G2C17H2_M": [
        [-0.0990649, 0.0168294, 0.00150527]
    ],
    "M_G2C18_M M_G2C18H1_M": [
        [-0.0724098, 0.0123444, 0.00110412]
    ],
    "M_G2C18_M M_G2C18H2_M": [
        [-0.0721961, 0.0130814, 0.00117004]
    ],
    "M_G2C19_M M_G2C19H1_M": [
        [-0.0241351, 0.0059631, 0.000533356]
    ],
    "M_G2C19_M M_G2C19H2_M": [
        [-0.023825, 0.00571933, 0.000511552]
    ],
    "M_G2C19_M M_G2C19H3_M": [
        [-0.0241951, 0.00608843, 0.000544565]
    ],
    "M_G3_M M_G3H1_M": [
        [0.0351629, 0.0898585, 0.00803719]
    ],
    "M_G3_M M_G3H2_M": [
        [0.123391, 0.0915601, 0.00818938]
    ],
    "M_G3C4_M M_G3C4H1_M": [
        [0.00499692, 0.0420157, 0.00375799]
    ],
    "M_G3C4_M M_G3C4H2_M": [
        [-0.0269857, 0.0399621, 0.00357432]
    ],
    "M_G3C5_M M_G3C5H1_M": [
        [0.0236091, 0.0331027, 0.0029608]
    ],
    "M_G3C6_M M_G3C6H1_M": [
        [-0.0155162, 0.0246133, 0.00220148]
    ],
    "M_G3C6_M M_G3C6H2_M": [
        [0.00223174, 0.023814, 0.00212999]
    ]
}