{
    "M_G1_M M_G1H1_M": [
        [-0.0173024, 0.14456, 0.0120887]
    ],
    "M_G1_M M_G1H2_M": [
        [-0.147381, 0.122906, 0.0102779]
    ],
    "M_G1C3_M M_G1C3H1_M": [
        [-0.249957, 0.0436555, 0.00365066]
    ],
    "M_G1C3_M M_G1C3H2_M": [
        [-0.242941, 0.0398208, 0.00332998]
    ],
    "M_G1C4_M M_G1C4H1_M": [
        [-0.5, 0, 0]
    ],
    "M_G1C4_M M_G1C4H2_M": [
        [-0.5, 0, 0]
    ],
    "M_G1C5_M M_G1C5H1_M": [
        [-0.5, 0, 0]
    ],
    "M_G1C5_M M_G1C5H2_M": [
        [-0.5, 0, 0]
    ],
    "M_G1C6_M M_G1C6H1_M": [
        [-0.5, 0, 0]
    ],
    "M_G1C6_M M_G1C6H2_M": [
        [-0.5, 0, 0]
    ],
    "M_G1C7_M M_G1C7H1_M": [
        [-0.5, 0, 0]
    ],
    "M_G1C7_M M_G1C7H2_M": [
        [-0.5, 0, 0]
    ],
    "M_G1C8_M M_G1C8H1_M": [
        [-0.5, 0, 0]
    ],
    "M_G1C8_M M_G1C8H2_M": [
        [-0.5, 0, 0]
    ],
    "M_G1C9_M M_G1C9H1_M": [
        [-0.10821, 0.0182395, 0.00152527]
    ],
    "M_G1C9_M M_G1C9H2_M": [
        [-0.5, 0, 0]
    ],
    "M_G1C10_M M_G1C10H1_M": [
        [-0.150164, 0.0180536, 0.00150972]
    ],
    "M_G1C10_M M_G1C10H2_M": [
        [-0.151845, 0.0185858, 0.00155422]
    ],
    "M_G1C11_M M_G1C11H1_M": [
        [-0.23992, 0.0189309, 0.00158308]
    ],
    "M_G1C11_M M_G1C11H2_M": [
        [-0.240311, 0.0189794, 0.00158713]
    ],
    "M_G1C12_M M_G1C12H1_M": [
        [-0.253795, 0.0196065, 0.00163958]
    ],
    "M_G1C12_M M_G1C12H2_M": [
        [-0.25442, 0.019883, 0.0016627]
    ],
    "M_G1C13_M M_G1C13H1_M": [
        [-0.263909, 0.0200102, 0.00167333]
    ],
    "M_G1C13_M M_G1C13H2_M": [
        [-0.264198, 0.0194254, 0.00162444]
    ],
    "M_G1C14_M M_G1C14H1_M": [
        [-0.243648, 0.0215369, 0.00180101]
    ],
    "M_G1C14_M M_G1C14H2_M": [
        [-0.243646, 0.0210034, 0.00175639]
    ],
    "M_G1C15_M M_G1C15H1_M": [
        [-0.220652, 0.0216524, 0.00181066]
    ],
    "M_G1C15_M M_G1C15H2_M": [
        [-0.220297, 0.0212357, 0.00177581]
    ],
    "M_G1C16_M M_G1C16H1_M": [
        [-0.159903, 0.0198824, 0.00166265]
    ],
    "M_G1C16_M M_G1C16H2_M": [
        [-0.160381, 0.0200401, 0.00167583]
    ],
    "M_G1C17_M M_G1C17H1_M": [
        [-0.0493609, 0.00913302, 0.000763741]
    ],
    "M_G1C17_M M_G1C17H2_M": [
        [-0.0500247, 0.00917016, 0.000766847]
    ],
    "M_G1C17_M M_G1C17H3_M": [
        [-0.0485594, 0.00963763, 0.000805939]
    ],
    "M_G2_M M_G2H1_M": [
        [-0.131731, 0.152732, 0.0127721]
    ],
    "M_G2C3_M M_G2C3H1_M": [
        [-0.213674, 0.0442449, 0.00369995]
    ],
    "M_G2C3_M M_G2C3H2_M": [
        [-0.16524, 0.0837969, 0.00700745]
    ],
    "M_G2C4_M M_G2C4H1_M": [
        [-0.243119, 0.0294824, 0.00246544]
    ],
    "M_G2C4_M M_G2C4H2_M": [
        [-0.242472, 0.0274567, 0.00229605]
    ],
    "M_G2C5_M M_G2C5H1_M": [
        [-0.272214, 0.0234395, 0.00196011]
    ],
    "M_G2C5_M M_G2C5H2_M": [
        [-0.273214, 0.0189208, 0.00158224]
    ],
    "M_G2C6_M M_G2C6H1_M": [
        [-0.300372, 0.019562, 0.00163586]
    ],
    "M_G2C6_M M_G2C6H2_M": [
        [-0.299316, 0.0175904, 0.00147099]
    ],
    "M_G2C7_M M_G2C7H1_M": [
        [-0.319332, 0.0170908, 0.0014292]
    ],
    "M_G2C7_M M_G2C7H2_M": [
        [-0.31831, 0.0168673, 0.00141051]
    ],
    "M_G2C8_M M_G2C8H1_M": [
        [-0.324047, 0.0168287, 0.00140729]
    ],
    "M_G2C8_M M_G2C8H2_M": [
        [-0.322718, 0.0170188, 0.00142318]
    ],
    "M_G2C9_M M_G2C9H1_M": [
        [-0.325033, 0.0162392, 0.00135799]
    ],
    "M_G2C9_M M_G2C9H2_M": [
        [-0.325297, 0.0164983, 0.00137966]
    ],
    "M_G2C10_M M_G2C10H1_M": [
        [-0.321429, 0.0165674, 0.00138544]
    ],
    "M_G2C11_M M_G2C11H1_M": [
        [-0.5, 0, 0]
    ],
    "M_G2C12_M M_G2C12H1_M": [
        [-0.5, 0, 0]
    ],
    "M_G2C12_M M_G2C12H2_M": [
        [-0.5, 0, 0]
    ],
    "M_G2C13_M M_G2C13H1_M": [
        [-0.5, 0, 0]
    ],
    "M_G2C13_M M_G2C13H2_M": [
        [-0.5, 0, 0]
    ],
    "M_G2C14_M M_G2C14H1_M": [
        [-0.5, 0, 0]
    ],
    "M_G2C14_M M_G2C14H2_M": [
        [-0.5, 0, 0]
    ],
    "M_G2C15_M M_G2C15H1_M": [
        [-0.5, 0, 0]
    ],
    "M_G2C15_M M_G2C15H2_M": [
        [-0.5, 0, 0]
    ],
    "M_G2C16_M M_G2C16H1_M": [
        [-0.5, 0, 0]
    ],
    "M_G2C16_M M_G2C16H2_M": [
        [-0.5, 0, 0]
    ],
    "M_G2C17_M M_G2C17H1_M": [
        [-0.5, 0, 0]
    ],
    "M_G2C17_M M_G2C17H2_M": [
        [-0.5, 0, 0]
    ],
    "M_G2C18_M M_G2C18H1_M": [
        [-0.5, 0, 0]
    ],
    "M_G2C18_M M_G2C18H2_M": [
        [-0.5, 0, 0]
    ],
    "M_G2C19_M M_G2C19H1_M": [
        [-0.5, 0, 0]
    ],
    "M_G2C19_M M_G2C19H2_M": [
        [-0.5, 0, 0]
    ],
    "M_G2C19_M M_G2C19H3_M": [
        [-0.5, 0, 0]
    ],
    "M_G3_M M_G3H1_M": [
        [-0.158234, 0.140315, 0.0117338]
    ],
    "M_G3_M M_G3H2_M": [
        [-0.0554713, 0.13246, 0.0110768]
    ],
    "M_G3C4_M M_G3C4H1_M": [
        [0.116925, 0.150896, 0.0126185]
    ],
    "M_G3C4_M M_G3C4H2_M": [
        [0.00147537, 0.110072, 0.00920466]
    ],
    "M_G3C5_M M_G3C5H1_M": [
        [0.00745698, 0.105672, 0.00883671]
    ],
    "M_G3C5_M M_G3C5H2_M": [
        [0.102908, 0.142715, 0.0119344]
    ]
}