{
    "M_G1_M M_G1H1_M": [
        [-0.181939, 0.0680625, 0.0065192]
    ],
    "M_G1_M M_G1H2_M": [
        [-0.040917, 0.0494406, 0.00473555]
    ],
    "M_G1C3_M M_G1C3H1_M": [
        [-0.242751, 0.0393174, 0.00376593]
    ],
    "M_G1C3_M M_G1C3H2_M": [
        [-0.211106, 0.0409618, 0.00392343]
    ],
    "M_G1C4_M M_G1C4H1_M": [
        [-0.192899, 0.0266694, 0.00255447]
    ],
    "M_G1C4_M M_G1C4H2_M": [
        [-0.178817, 0.0269783, 0.00258406]
    ],
    "M_G1C5_M M_G1C5H1_M": [
        [-0.223071, 0.0231147, 0.00221399]
    ],
    "M_G1C5_M M_G1C5H2_M": [
        [-0.219307, 0.0239768, 0.00229656]
    ],
    "M_G1C6_M M_G1C6H1_M": [
        [-0.225461, 0.0233584, 0.00223733]
    ],
    "M_G1C6_M M_G1C6H2_M": [
        [-0.222282, 0.023924, 0.0022915]
    ],
    "M_G1C7_M M_G1C7H1_M": [
        [-0.238175, 0.022792, 0.00218308]
    ],
    "M_G1C7_M M_G1C7H2_M": [
        [-0.237571, 0.0229557, 0.00219876]
    ],
    "M_G1C8_M M_G1C8H1_M": [
        [-0.231729, 0.0236679, 0.00226698]
    ],
    "M_G1C8_M M_G1C8H2_M": [
        [-0.231289, 0.0252006, 0.00241378]
    ],
    "M_G1C9_M M_G1C9H1_M": [
        [-0.232015, 0.0240549, 0.00230404]
    ],
    "M_G1C9_M M_G1C9H2_M": [
        [-0.233281, 0.0240289, 0.00230155]
    ],
    "M_G1C10_M M_G1C10H1_M": [
        [-0.218532, 0.0243057, 0.00232806]
    ],
    "M_G1C10_M M_G1C10H2_M": [
        [-0.218463, 0.023952, 0.00229419]
    ],
    "M_G1C11_M M_G1C11H1_M": [
        [-0.211804, 0.023372, 0.00223863]
    ],
    "M_G1C11_M M_G1C11H2_M": [
        [-0.211818, 0.0229371, 0.00219697]
    ],
    "M_G1C12_M M_G1C12H1_M": [
        [-0.192074, 0.023504, 0.00225127]
    ],
    "M_G1C12_M M_G1C12H2_M": [
        [-0.19298, 0.0223624, 0.00214193]
    ],
    "M_G1C13_M M_G1C13H1_M": [
        [-0.179205, 0.0217593, 0.00208417]
    ],
    "M_G1C13_M M_G1C13H2_M": [
        [-0.180671, 0.021317, 0.0020418]
    ],
    "M_G1C14_M M_G1C14H1_M": [
        [-0.155709, 0.0194842, 0.00186625]
    ],
    "M_G1C14_M M_G1C14H2_M": [
        [-0.157135, 0.0195511, 0.00187265]
    ],
    "M_G1C15_M M_G1C15H1_M": [
        [-0.135535, 0.0166691, 0.00159661]
    ],
    "M_G1C15_M M_G1C15H2_M": [
        [-0.137418, 0.0167382, 0.00160323]
    ],
    "M_G1C16_M M_G1C16H1_M": [
        [-0.102086, 0.0131724, 0.00126169]
    ],
    "M_G1C16_M M_G1C16H2_M": [
        [-0.102737, 0.0139614, 0.00133726]
    ],
    "M_G1C17_M M_G1C17H1_M": [
        [-0.0345909, 0.00649988, 0.000622576]
    ],
    "M_G1C17_M M_G1C17H2_M": [
        [-0.0353323, 0.00575686, 0.000551407]
    ],
    "M_G1C17_M M_G1C17H3_M": [
        [-0.0346623, 0.00676561, 0.000648028]
    ],
    "M_G2_M M_G2H1_M": [
        [-0.204381, 0.0520267, 0.00498325]
    ],
    "M_G2C3_M M_G2C3H1_M": [
        [-0.0744375, 0.0409832, 0.00392548]
    ],
    "M_G2C3_M M_G2C3H2_M": [
        [-0.12165, 0.0316022, 0.00302694]
    ],
    "M_G2C4_M M_G2C4H1_M": [
        [-0.215993, 0.0269805, 0.00258426]
    ],
    "M_G2C4_M M_G2C4H2_M": [
        [-0.219764, 0.0270777, 0.00259358]
    ],
    "M_G2C5_M M_G2C5H1_M": [
        [-0.214749, 0.026366, 0.00252541]
    ],
    "M_G2C5_M M_G2C5H2_M": [
        [-0.217986, 0.0257669, 0.00246802]
    ],
    "M_G2C6_M M_G2C6H1_M": [
        [-0.228985, 0.0275887, 0.00264252]
    ],
    "M_G2C6_M M_G2C6H2_M": [
        [-0.226184, 0.0269743, 0.00258367]
    ],
    "M_G2C7_M M_G2C7H1_M": [
        [-0.204305, 0.0259829, 0.00248871]
    ],
    "M_G2C7_M M_G2C7H2_M": [
        [-0.204226, 0.0256536, 0.00245716]
    ],
    "M_G2C8_M M_G2C8H1_M": [
        [-0.196181, 0.0247894, 0.00237439]
    ],
    "M_G2C8_M M_G2C8H2_M": [
        [-0.194654, 0.0266658, 0.00255412]
    ],
    "M_G2C9_M M_G2C9H1_M": [
        [-0.11188, 0.0234306, 0.00224424]
    ],
    "M_G2C9_M M_G2C9H2_M": [
        [-0.112844, 0.0289208, 0.00277011]
    ],
    "M_G2C10_M M_G2C10H1_M": [
        [-0.0635863, 0.0315743, 0.00302427]
    ],
    "M_G2C11_M M_G2C11H1_M": [
        [-0.0515116, 0.0267746, 0.00256454]
    ],
    "M_G2C12_M M_G2C12H1_M": [
        [-0.0898532, 0.0281377, 0.0026951]
    ],
    "M_G2C12_M M_G2C12H2_M": [
        [-0.0893529, 0.0270807, 0.00259386]
    ],
    "M_G2C13_M M_G2C13H1_M": [
        [-0.140125, 0.0251969, 0.00241343]
    ],
    "M_G2C13_M M_G2C13H2_M": [
        [-0.138817, 0.0248615, 0.0023813]
    ],
    "M_G2C14_M M_G2C14H1_M": [
        [-0.146657, 0.0223425, 0.00214003]
    ],
    "M_G2C14_M M_G2C14H2_M": [
        [-0.148124, 0.0225314, 0.00215811]
    ],
    "M_G2C15_M M_G2C15H1_M": [
        [-0.152336, 0.022879, 0.00219141]
    ],
    "M_G2C15_M M_G2C15H2_M": [
        [-0.152653, 0.021914, 0.00209898]
    ],
    "M_G2C16_M M_G2C16H1_M": [
        [-0.139637, 0.0195226, 0.00186993]
    ],
    "M_G2C16_M M_G2C16H2_M": [
        [-0.139286, 0.0197539, 0.00189208]
    ],
    "M_G2C17_M M_G2C17H1_M": [
        [-0.126414, 0.0176159, 0.0016873]
    ],
    "M_G2C17_M M_G2C17H2_M": [
        [-0.126803, 0.0170792, 0.00163589]
    ],
    "M_G2C18_M M_G2C18H1_M": [
        [-0.0986862, 0.0137782, 0.00131971]
    ],
    "M_G2C18_M M_G2C18H2_M": [
        [-0.0987485, 0.0136004, 0.00130268]
    ],
    "M_G2C19_M M_G2C19H1_M": [
        [-0.0326523, 0.00647695, 0.000620379]
    ],
    "M_G2C19_M M_G2C19H2_M": [
        [-0.0327023, 0.0060867, 0.000583001]
    ],
    "M_G2C19_M M_G2C19H3_M": [
        [-0.032029, 0.00682916, 0.000654115]
    ],
    "M_G3_M M_G3H1_M": [
        [-0.23296, 0.0407606, 0.00390416]
    ],
    "M_G3_M M_G3H2_M": [
        [-0.24267, 0.0371504, 0.00355836]
    ],
    "M_G3C4_M M_G3C4H1_M": [
        [0.0298377, 0.0392393, 0.00375844]
    ],
    "M_G3C4_M M_G3C4H2_M": [
        [0.0220682, 0.0357677, 0.00342592]
    ],
    "M_G3C5_M M_G3C5H1_M": [
        [-0.0937751, 0.0295998, 0.00283515]
    ],
    "M_G3C5_M M_G3C5H2_M": [
        [-0.091611, 0.0317351, 0.00303967]
    ],
    "M_G3N6C1_M M_G3N6C1H1_M": [
        [0.0146067, 0.0179548, 0.00171976]
    ],
    "M_G3N6C1_M M_G3N6C1H2_M": [
        [0.0124986, 0.0162626, 0.00155768]
    ],
    "M_G3N6C1_M M_G3N6C1H3_M": [
        [0.010464, 0.0167158, 0.00160108]
    ],
    "M_G3N6C2_M M_G3N6C2H1_M": [
        [0.0119666, 0.0146817, 0.00140625]
    ],
    "M_G3N6C2_M M_G3N6C2H2_M": [
        [0.0138242, 0.0146476, 0.00140299]
    ],
    "M_G3N6C2_M M_G3N6C2H3_M": [
        [0.0130923, 0.0164139, 0.00157216]
    ],
    "M_G3N6C3_M M_G3N6C3H1_M": [
        [0.0122313, 0.0142573, 0.0013656]
    ],
    "M_G3N6C3_M M_G3N6C3H2_M": [
        [0.0145117, 0.0158043, 0.00151377]
    ],
    "M_G3N6C3_M M_G3N6C3H3_M": [
        [0.0113624, 0.0156862, 0.00150246]
    ]
}