{
    "M_G1_M M_G1H1_M": [
        [-0.184902, 0.0828201, 0.0180728]
    ],
    "M_G1_M M_G1H2_M": [
        [-0.0359376, 0.0689438, 0.0150448]
    ],
    "M_G1C3_M M_G1C3H1_M": [
        [-0.262707, 0.0341797, 0.00745862]
    ],
    "M_G1C3_M M_G1C3H2_M": [
        [-0.238511, 0.0354823, 0.00774287]
    ],
    "M_G1C4_M M_G1C4H1_M": [
        [-0.209087, 0.0246293, 0.00537454]
    ],
    "M_G1C4_M M_G1C4H2_M": [
        [-0.198793, 0.0229223, 0.00500205]
    ],
    "M_G1C5_M M_G1C5H1_M": [
        [-0.232822, 0.0230069, 0.00502052]
    ],
    "M_G1C5_M M_G1C5H2_M": [
        [-0.232569, 0.0195175, 0.00425907]
    ],
    "M_G1C6_M M_G1C6H1_M": [
        [-0.234117, 0.0241146, 0.00526225]
    ],
    "M_G1C6_M M_G1C6H2_M": [
        [-0.234728, 0.0239789, 0.00523262]
    ],
    "M_G1C7_M M_G1C7H1_M": [
        [-0.245287, 0.0257071, 0.00560974]
    ],
    "M_G1C7_M M_G1C7H2_M": [
        [-0.245188, 0.0237301, 0.00517833]
    ],
    "M_G1C8_M M_G1C8H1_M": [
        [-0.238159, 0.0260239, 0.00567889]
    ],
    "M_G1C8_M M_G1C8H2_M": [
        [-0.237262, 0.0246055, 0.00536937]
    ],
    "M_G1C9_M M_G1C9H1_M": [
        [-0.23624, 0.0271244, 0.00591903]
    ],
    "M_G1C9_M M_G1C9H2_M": [
        [-0.237371, 0.0255063, 0.00556592]
    ],
    "M_G1C10_M M_G1C10H1_M": [
        [-0.220938, 0.0296503, 0.00647022]
    ],
    "M_G1C10_M M_G1C10H2_M": [
        [-0.223211, 0.0254875, 0.00556184]
    ],
    "M_G1C11_M M_G1C11H1_M": [
        [-0.213786, 0.0266954, 0.00582541]
    ],
    "M_G1C11_M M_G1C11H2_M": [
        [-0.212986, 0.025892, 0.0056501]
    ],
    "M_G1C12_M M_G1C12H1_M": [
        [-0.194315, 0.0236193, 0.00515416]
    ],
    "M_G1C12_M M_G1C12H2_M": [
        [-0.191967, 0.022577, 0.00492671]
    ],
    "M_G1C13_M M_G1C13H1_M": [
        [-0.180347, 0.0243121, 0.00530534]
    ],
    "M_G1C13_M M_G1C13H2_M": [
        [-0.179628, 0.0212781, 0.00464327]
    ],
    "M_G1C14_M M_G1C14H1_M": [
        [-0.157489, 0.019341, 0.00422056]
    ],
    "M_G1C14_M M_G1C14H2_M": [
        [-0.155235, 0.0190701, 0.00416144]
    ],
    "M_G1C15_M M_G1C15H1_M": [
        [-0.138001, 0.0170408, 0.00371861]
    ],
    "M_G1C15_M M_G1C15H2_M": [
        [-0.137078, 0.0164898, 0.00359838]
    ],
    "M_G1C16_M M_G1C16H1_M": [
        [-0.103082, 0.0122704, 0.00267762]
    ],
    "M_G1C16_M M_G1C16H2_M": [
        [-0.103591, 0.0122241, 0.00266752]
    ],
    "M_G1C17_M M_G1C17H1_M": [
        [-0.0347007, 0.00587343, 0.00128169]
    ],
    "M_G1C17_M M_G1C17H2_M": [
        [-0.0360731, 0.00615934, 0.00134408]
    ],
    "M_G1C17_M M_G1C17H3_M": [
        [-0.0344294, 0.00579634, 0.00126487]
    ],
    "M_G2_M M_G2H1_M": [
        [-0.225722, 0.0561624, 0.0122556]
    ],
    "M_G2C3_M M_G2C3H1_M": [
        [-0.0959082, 0.048533, 0.0105908]
    ],
    "M_G2C3_M M_G2C3H2_M": [
        [-0.123864, 0.0426628, 0.00930979]
    ],
    "M_G2C4_M M_G2C4H1_M": [
        [-0.22926, 0.0340113, 0.00742186]
    ],
    "M_G2C4_M M_G2C4H2_M": [
        [-0.220943, 0.0269617, 0.00588352]
    ],
    "M_G2C5_M M_G2C5H1_M": [
        [-0.226853, 0.0305361, 0.00666353]
    ],
    "M_G2C5_M M_G2C5H2_M": [
        [-0.215648, 0.0287504, 0.00627386]
    ],
    "M_G2C6_M M_G2C6H1_M": [
        [-0.236734, 0.0282106, 0.00615606]
    ],
    "M_G2C6_M M_G2C6H2_M": [
        [-0.229054, 0.0269812, 0.00588778]
    ],
    "M_G2C7_M M_G2C7H1_M": [
        [-0.211805, 0.0275572, 0.00601347]
    ],
    "M_G2C7_M M_G2C7H2_M": [
        [-0.208497, 0.026059, 0.00568654]
    ],
    "M_G2C8_M M_G2C8H1_M": [
        [-0.200616, 0.0240053, 0.00523838]
    ],
    "M_G2C8_M M_G2C8H2_M": [
        [-0.198679, 0.0265512, 0.00579394]
    ],
    "M_G2C9_M M_G2C9H1_M": [
        [-0.111449, 0.0258219, 0.00563479]
    ],
    "M_G2C9_M M_G2C9H2_M": [
        [-0.109685, 0.0275089, 0.00600293]
    ],
    "M_G2C10_M M_G2C10H1_M": [
        [-0.0575672, 0.0326512, 0.00712507]
    ],
    "M_G2C11_M M_G2C11H1_M": [
        [-0.0615338, 0.0247918, 0.00541001]
    ],
    "M_G2C12_M M_G2C12H1_M": [
        [-0.100383, 0.0201092, 0.00438819]
    ],
    "M_G2C12_M M_G2C12H2_M": [
        [-0.101173, 0.0209102, 0.00456297]
    ],
    "M_G2C13_M M_G2C13H1_M": [
        [-0.149752, 0.0205431, 0.00448288]
    ],
    "M_G2C13_M M_G2C13H2_M": [
        [-0.14711, 0.0201194, 0.00439041]
    ],
    "M_G2C14_M M_G2C14H1_M": [
        [-0.159232, 0.0212036, 0.00462701]
    ],
    "M_G2C14_M M_G2C14H2_M": [
        [-0.156227, 0.020547, 0.00448372]
    ],
    "M_G2C15_M M_G2C15H1_M": [
        [-0.16119, 0.0225376, 0.00491811]
    ],
    "M_G2C15_M M_G2C15H2_M": [
        [-0.160647, 0.0208848, 0.00455744]
    ],
    "M_G2C16_M M_G2C16H1_M": [
        [-0.147154, 0.0197955, 0.00431974]
    ],
    "M_G2C16_M M_G2C16H2_M": [
        [-0.146616, 0.0174225, 0.0038019]
    ],
    "M_G2C17_M M_G2C17H1_M": [
        [-0.13389, 0.0183247, 0.00399877]
    ],
    "M_G2C17_M M_G2C17H2_M": [
        [-0.133756, 0.0169671, 0.00370252]
    ],
    "M_G2C18_M M_G2C18H1_M": [
        [-0.102278, 0.0133295, 0.00290873]
    ],
    "M_G2C18_M M_G2C18H2_M": [
        [-0.104234, 0.0136681, 0.00298263]
    ],
    "M_G2C19_M M_G2C19H1_M": [
        [-0.0351322, 0.00682185, 0.00148865]
    ],
    "M_G2C19_M M_G2C19H2_M": [
        [-0.0343268, 0.0066767, 0.00145698]
    ],
    "M_G2C19_M M_G2C19H3_M": [
        [-0.0349071, 0.00595321, 0.0012991]
    ],
    "M_G3_M M_G3H1_M": [
        [-0.239204, 0.0550762, 0.0120186]
    ],
    "M_G3_M M_G3H2_M": [
        [-0.250041, 0.0424819, 0.0092703]
    ],
    "M_G3C4_M M_G3C4H1_M": [
        [0.0929321, 0.0493748, 0.0107745]
    ],
    "M_G3C4_M M_G3C4H2_M": [
        [-0.102765, 0.0250335, 0.00546275]
    ],
    "M_G3C5_M M_G3C5H1_M": [
        [-0.125913, 0.0276784, 0.00603992]
    ]
}