{
    "M_G1_M M_G1H1_M": [
        [-0.243093, 0.0295615, 0.00891312]
    ],
    "M_G1_M M_G1H2_M": [
        [-0.0208484, 0.0354835, 0.0106987]
    ],
    "M_G1C3_M M_G1C3H1_M": [
        [-0.242461, 0.0137834, 0.00415585]
    ],
    "M_G1C3_M M_G1C3H2_M": [
        [-0.24732, 0.0133985, 0.00403981]
    ],
    "M_G1C4_M M_G1C4H1_M": [
        [-0.171006, 0.0138685, 0.00418152]
    ],
    "M_G1C4_M M_G1C4H2_M": [
        [-0.170103, 0.0127862, 0.00385519]
    ],
    "M_G1C5_M M_G1C5H1_M": [
        [-0.211043, 0.0126559, 0.00381589]
    ],
    "M_G1C5_M M_G1C5H2_M": [
        [-0.206698, 0.0155142, 0.0046777]
    ],
    "M_G1C6_M M_G1C6H1_M": [
        [-0.214643, 0.0144831, 0.00436682]
    ],
    "M_G1C6_M M_G1C6H2_M": [
        [-0.213061, 0.0143779, 0.00433511]
    ],
    "M_G1C7_M M_G1C7H1_M": [
        [-0.22918, 0.0128676, 0.00387972]
    ],
    "M_G1C7_M M_G1C7H2_M": [
        [-0.228089, 0.0144976, 0.00437118]
    ],
    "M_G1C8_M M_G1C8H1_M": [
        [-0.218742, 0.0146277, 0.00441043]
    ],
    "M_G1C8_M M_G1C8H2_M": [
        [-0.219945, 0.0129557, 0.00390628]
    ],
    "M_G1C9_M M_G1C9H1_M": [
        [-0.219585, 0.012522, 0.00377553]
    ],
    "M_G1C9_M M_G1C9H2_M": [
        [-0.218474, 0.012291, 0.00370587]
    ],
    "M_G1C10_M M_G1C10H1_M": [
        [-0.202146, 0.0115621, 0.00348609]
    ],
    "M_G1C10_M M_G1C10H2_M": [
        [-0.201752, 0.0122293, 0.00368729]
    ],
    "M_G1C11_M M_G1C11H1_M": [
        [-0.19452, 0.010991, 0.0033139]
    ],
    "M_G1C11_M M_G1C11H2_M": [
        [-0.195783, 0.00950065, 0.00286455]
    ],
    "M_G1C12_M M_G1C12H1_M": [
        [-0.174297, 0.0100552, 0.00303177]
    ],
    "M_G1C12_M M_G1C12H2_M": [
        [-0.174401, 0.00782329, 0.00235881]
    ],
    "M_G1C13_M M_G1C13H1_M": [
        [-0.16149, 0.00998863, 0.00301169]
    ],
    "M_G1C13_M M_G1C13H2_M": [
        [-0.162022, 0.00743131, 0.00224063]
    ],
    "M_G1C14_M M_G1C14H1_M": [
        [-0.137241, 0.00849027, 0.00255991]
    ],
    "M_G1C14_M M_G1C14H2_M": [
        [-0.136812, 0.0075051, 0.00226287]
    ],
    "M_G1C15_M M_G1C15H1_M": [
        [-0.118842, 0.00692441, 0.00208779]
    ],
    "M_G1C15_M M_G1C15H2_M": [
        [-0.118168, 0.00749791, 0.00226071]
    ],
    "M_G1C16_M M_G1C16H1_M": [
        [-0.0864502, 0.00592306, 0.00178587]
    ],
    "M_G1C16_M M_G1C16H2_M": [
        [-0.08534, 0.00527082, 0.00158921]
    ],
    "M_G1C17_M M_G1C17H1_M": [
        [-0.0282462, 0.00274764, 0.000828445]
    ],
    "M_G1C17_M M_G1C17H2_M": [
        [-0.0280786, 0.00229325, 0.000691441]
    ],
    "M_G1C17_M M_G1C17H3_M": [
        [-0.0270137, 0.00260712, 0.000786076]
    ],
    "M_G2_M M_G2H1_M": [
        [-0.216548, 0.0477294, 0.0143909]
    ],
    "M_G2C3_M M_G2C3H1_M": [
        [-0.0933051, 0.0210953, 0.00636047]
    ],
    "M_G2C3_M M_G2C3H2_M": [
        [-0.108893, 0.0188307, 0.00567768]
    ],
    "M_G2C4_M M_G2C4H1_M": [
        [-0.156421, 0.0157198, 0.00473969]
    ],
    "M_G2C4_M M_G2C4H2_M": [
        [-0.155127, 0.0138353, 0.00417151]
    ],
    "M_G2C5_M M_G2C5H1_M": [
        [-0.179273, 0.016161, 0.00487271]
    ],
    "M_G2C5_M M_G2C5H2_M": [
        [-0.178023, 0.0147983, 0.00446186]
    ],
    "M_G2C6_M M_G2C6H1_M": [
        [-0.191265, 0.0156586, 0.00472124]
    ],
    "M_G2C6_M M_G2C6H2_M": [
        [-0.194926, 0.0160745, 0.00484665]
    ],
    "M_G2C7_M M_G2C7H1_M": [
        [-0.174657, 0.013472, 0.00406196]
    ],
    "M_G2C7_M M_G2C7H2_M": [
        [-0.177616, 0.0146693, 0.00442295]
    ],
    "M_G2C8_M M_G2C8H1_M": [
        [-0.170541, 0.0139337, 0.00420118]
    ],
    "M_G2C8_M M_G2C8H2_M": [
        [-0.173346, 0.0122282, 0.00368693]
    ],
    "M_G2C9_M M_G2C9H1_M": [
        [-0.122786, 0.0119187, 0.00359361]
    ],
    "M_G2C9_M M_G2C9H2_M": [
        [-0.124805, 0.00950934, 0.00286717]
    ],
    "M_G2C10_M M_G2C10H1_M": [
        [-0.101605, 0.0104765, 0.00315879]
    ],
    "M_G2C11_M M_G2C11H1_M": [
        [-0.00738872, 0.0101256, 0.00305298]
    ],
    "M_G2C12_M M_G2C12H1_M": [
        [-0.0586917, 0.0134801, 0.00406442]
    ],
    "M_G2C12_M M_G2C12H2_M": [
        [-0.060579, 0.00935026, 0.00281921]
    ],
    "M_G2C13_M M_G2C13H1_M": [
        [-0.111388, 0.0140154, 0.00422581]
    ],
    "M_G2C13_M M_G2C13H2_M": [
        [-0.115494, 0.0118315, 0.00356734]
    ],
    "M_G2C14_M M_G2C14H1_M": [
        [-0.118879, 0.0106539, 0.00321227]
    ],
    "M_G2C14_M M_G2C14H2_M": [
        [-0.12157, 0.00993753, 0.00299628]
    ],
    "M_G2C15_M M_G2C15H1_M": [
        [-0.12803, 0.00927552, 0.00279667]
    ],
    "M_G2C15_M M_G2C15H2_M": [
        [-0.130867, 0.00860395, 0.00259419]
    ],
    "M_G2C16_M M_G2C16H1_M": [
        [-0.118618, 0.00835169, 0.00251813]
    ],
    "M_G2C16_M M_G2C16H2_M": [
        [-0.119938, 0.00803523, 0.00242271]
    ],
    "M_G2C17_M M_G2C17H1_M": [
        [-0.108589, 0.00743075, 0.00224045]
    ],
    "M_G2C17_M M_G2C17H2_M": [
        [-0.109149, 0.00702513, 0.00211816]
    ],
    "M_G2C18_M M_G2C18H1_M": [
        [-0.0853364, 0.00578965, 0.00174564]
    ],
    "M_G2C18_M M_G2C18H2_M": [
        [-0.0828849, 0.00639709, 0.0019288]
    ],
    "M_G2C19_M M_G2C19H1_M": [
        [-0.025437, 0.00294318, 0.000887401]
    ],
    "M_G2C19_M M_G2C19H2_M": [
        [-0.0262234, 0.00317237, 0.000956505]
    ],
    "M_G2C19_M M_G2C19H3_M": [
        [-0.0263469, 0.00256375, 0.000772998]
    ],
    "M_G3_M M_G3H1_M": [
        [-0.160024, 0.040483, 0.0122061]
    ],
    "M_G3_M M_G3H2_M": [
        [-0.195243, 0.0292516, 0.0088197]
    ],
    "M_G3C4_M M_G3C4H1_M": [
        [0.0828129, 0.0366547, 0.0110518]
    ],
    "M_G3C4_M M_G3C4H2_M": [
        [0.0335731, 0.0193924, 0.00584704]
    ],
    "M_G3C5_M M_G3C5H1_M": [
        [-0.0173055, 0.0203332, 0.00613068]
    ]
}