{
    "M_G1_M M_G1H1_M": [
        [-0.204973, 0.0505657, 0.00422852]
    ],
    "M_G1_M M_G1H2_M": [
        [0.00484276, 0.0493309, 0.00412526]
    ],
    "M_G1C3_M M_G1C3H1_M": [
        [-0.269514, 0.0202975, 0.00169736]
    ],
    "M_G1C3_M M_G1C3H2_M": [
        [-0.252727, 0.021627, 0.00180854]
    ],
    "M_G1C4_M M_G1C4H1_M": [
        [-0.24185, 0.0140981, 0.00117894]
    ],
    "M_G1C4_M M_G1C4H2_M": [
        [-0.22945, 0.0160412, 0.00134143]
    ],
    "M_G1C5_M M_G1C5H1_M": [
        [-0.274444, 0.0132657, 0.00110934]
    ],
    "M_G1C5_M M_G1C5H2_M": [
        [-0.270808, 0.0126878, 0.00106101]
    ],
    "M_G1C6_M M_G1C6H1_M": [
        [-0.28346, 0.0124693, 0.00104273]
    ],
    "M_G1C6_M M_G1C6H2_M": [
        [-0.279359, 0.0126055, 0.00105413]
    ],
    "M_G1C7_M M_G1C7H1_M": [
        [-0.295979, 0.0114032, 0.000953582]
    ],
    "M_G1C7_M M_G1C7H2_M": [
        [-0.297383, 0.0118156, 0.000988066]
    ],
    "M_G1C8_M M_G1C8H1_M": [
        [-0.29553, 0.0116048, 0.000970444]
    ],
    "M_G1C8_M M_G1C8H2_M": [
        [-0.293813, 0.0118316, 0.000989407]
    ],
    "M_G1C9_M M_G1C9H1_M": [
        [-0.297989, 0.0115478, 0.000965674]
    ],
    "M_G1C9_M M_G1C9H2_M": [
        [-0.297938, 0.0115244, 0.000963717]
    ],
    "M_G1C10_M M_G1C10H1_M": [
        [-0.288865, 0.0120934, 0.0010113]
    ],
    "M_G1C10_M M_G1C10H2_M": [
        [-0.287345, 0.0121084, 0.00101255]
    ],
    "M_G1C11_M M_G1C11H1_M": [
        [-0.283355, 0.0120145, 0.00100471]
    ],
    "M_G1C11_M M_G1C11H2_M": [
        [-0.282785, 0.0119381, 0.000998318]
    ],
    "M_G1C12_M M_G1C12H1_M": [
        [-0.266004, 0.0125499, 0.00104948]
    ],
    "M_G1C12_M M_G1C12H2_M": [
        [-0.266522, 0.0121299, 0.00101436]
    ],
    "M_G1C13_M M_G1C13H1_M": [
        [-0.252761, 0.012396, 0.0010366]
    ],
    "M_G1C13_M M_G1C13H2_M": [
        [-0.252883, 0.0111642, 0.000933601]
    ],
    "M_G1C14_M M_G1C14H1_M": [
        [-0.225645, 0.0125904, 0.00105286]
    ],
    "M_G1C14_M M_G1C14H2_M": [
        [-0.225234, 0.0118346, 0.000989659]
    ],
    "M_G1C15_M M_G1C15H1_M": [
        [-0.197726, 0.0113887, 0.000952375]
    ],
    "M_G1C15_M M_G1C15H2_M": [
        [-0.197469, 0.0113636, 0.000950269]
    ],
    "M_G1C16_M M_G1C16H1_M": [
        [-0.149315, 0.0106804, 0.00089314]
    ],
    "M_G1C16_M M_G1C16H2_M": [
        [-0.149587, 0.00998445, 0.000834942]
    ],
    "M_G1C17_M M_G1C17H1_M": [
        [-0.0498532, 0.00643369, 0.000538012]
    ],
    "M_G1C17_M M_G1C17H2_M": [
        [-0.049249, 0.0066672, 0.00055754]
    ],
    "M_G1C17_M M_G1C17H3_M": [
        [-0.0492509, 0.00605483, 0.00050633]
    ],
    "M_G2_M M_G2H1_M": [
        [-0.228043, 0.0438632, 0.00366803]
    ],
    "M_G2C3_M M_G2C3H1_M": [
        [-0.112987, 0.0299325, 0.00250308]
    ],
    "M_G2C3_M M_G2C3H2_M": [
        [-0.155995, 0.0241747, 0.00202159]
    ],
    "M_G2C4_M M_G2C4H1_M": [
        [-0.252038, 0.0163029, 0.00136332]
    ],
    "M_G2C4_M M_G2C4H2_M": [
        [-0.24802, 0.0169301, 0.00141577]
    ],
    "M_G2C5_M M_G2C5H1_M": [
        [-0.258067, 0.0134354, 0.00112352]
    ],
    "M_G2C5_M M_G2C5H2_M": [
        [-0.257591, 0.0144177, 0.00120567]
    ],
    "M_G2C6_M M_G2C6H1_M": [
        [-0.275474, 0.0136002, 0.00113731]
    ],
    "M_G2C6_M M_G2C6H2_M": [
        [-0.272094, 0.0143736, 0.00120198]
    ],
    "M_G2C7_M M_G2C7H1_M": [
        [-0.25434, 0.0123186, 0.00103013]
    ],
    "M_G2C7_M M_G2C7H2_M": [
        [-0.252198, 0.0142834, 0.00119444]
    ],
    "M_G2C8_M M_G2C8H1_M": [
        [-0.243452, 0.0129084, 0.00107945]
    ],
    "M_G2C8_M M_G2C8H2_M": [
        [-0.242029, 0.0135646, 0.00113433]
    ],
    "M_G2C9_M M_G2C9H1_M": [
        [-0.143056, 0.013657, 0.00114205]
    ],
    "M_G2C9_M M_G2C9H2_M": [
        [-0.14426, 0.0141397, 0.00118242]
    ],
    "M_G2C10_M M_G2C10H1_M": [
        [-0.0851178, 0.0142658, 0.00119296]
    ],
    "M_G2C11_M M_G2C11H1_M": [
        [-0.0841148, 0.0128876, 0.00107772]
    ],
    "M_G2C12_M M_G2C12H1_M": [
        [-0.138707, 0.0140619, 0.00117592]
    ],
    "M_G2C12_M M_G2C12H2_M": [
        [-0.138877, 0.0134659, 0.00112607]
    ],
    "M_G2C13_M M_G2C13H1_M": [
        [-0.208542, 0.0127846, 0.0010691]
    ],
    "M_G2C13_M M_G2C13H2_M": [
        [-0.209131, 0.0118529, 0.000991187]
    ],
    "M_G2C14_M M_G2C14H1_M": [
        [-0.220365, 0.0124123, 0.00103797]
    ],
    "M_G2C14_M M_G2C14H2_M": [
        [-0.221389, 0.0117384, 0.000981613]
    ],
    "M_G2C15_M M_G2C15H1_M": [
        [-0.227086, 0.0114218, 0.000955138]
    ],
    "M_G2C15_M M_G2C15H2_M": [
        [-0.227226, 0.0122479, 0.00102422]
    ],
    "M_G2C16_M M_G2C16H1_M": [
        [-0.208285, 0.0113894, 0.000952427]
    ],
    "M_G2C16_M M_G2C16H2_M": [
        [-0.207767, 0.0117885, 0.000985801]
    ],
    "M_G2C17_M M_G2C17H1_M": [
        [-0.18753, 0.0105952, 0.000886018]
    ],
    "M_G2C17_M M_G2C17H2_M": [
        [-0.187299, 0.0115344, 0.000964556]
    ],
    "M_G2C18_M M_G2C18H1_M": [
        [-0.143524, 0.0101425, 0.000848158]
    ],
    "M_G2C18_M M_G2C18H2_M": [
        [-0.143503, 0.00955955, 0.000799409]
    ],
    "M_G2C19_M M_G2C19H1_M": [
        [-0.049313, 0.00616049, 0.000515166]
    ],
    "M_G2C19_M M_G2C19H2_M": [
        [-0.048771, 0.00678993, 0.000567802]
    ],
    "M_G2C19_M M_G2C19H3_M": [
        [-0.0486592, 0.00683496, 0.000571568]
    ],
    "M_G3_M M_G3H1_M": [
        [-0.166963, 0.0431195, 0.00360583]
    ],
    "M_G3_M M_G3H2_M": [
        [-0.179458, 0.0332211, 0.00277809]
    ],
    "M_G3C4_M M_G3C4H1_M": [
        [-0.0332866, 0.0380253, 0.00317983]
    ],
    "M_G3C4_M M_G3C4H2_M": [
        [-0.0790755, 0.0235878, 0.00197251]
    ],
    "M_G3C5_M M_G3C5H1_M": [
        [-0.10729, 0.0212605, 0.00177789]
    ]
}