{
    "M_G1_M M_G1H1_M": [
        [-0.227166, 0.0514563, 0.00456601]
    ],
    "M_G1_M M_G1H2_M": [
        [-0.0187641, 0.0609767, 0.0054108]
    ],
    "M_G1C3_M M_G1C3H1_M": [
        [-0.224812, 0.0307643, 0.00272989]
    ],
    "M_G1C3_M M_G1C3H2_M": [
        [-0.230836, 0.0282587, 0.00250755]
    ],
    "M_G1C4_M M_G1C4H1_M": [
        [-0.156736, 0.0328278, 0.00291299]
    ],
    "M_G1C4_M M_G1C4H2_M": [
        [-0.156023, 0.0329173, 0.00292094]
    ],
    "M_G1C5_M M_G1C5H1_M": [
        [-0.195256, 0.031972, 0.00283706]
    ],
    "M_G1C5_M M_G1C5H2_M": [
        [-0.194221, 0.0324347, 0.00287812]
    ],
    "M_G1C6_M M_G1C6H1_M": [
        [-0.187833, 0.0312293, 0.00277115]
    ],
    "M_G1C6_M M_G1C6H2_M": [
        [-0.189722, 0.0329217, 0.00292132]
    ],
    "M_G1C7_M M_G1C7H1_M": [
        [-0.200685, 0.0301358, 0.00267412]
    ],
    "M_G1C7_M M_G1C7H2_M": [
        [-0.199301, 0.0307339, 0.00272719]
    ],
    "M_G1C8_M M_G1C8H1_M": [
        [-0.186262, 0.0293093, 0.00260078]
    ],
    "M_G1C8_M M_G1C8H2_M": [
        [-0.184097, 0.0294836, 0.00261624]
    ],
    "M_G1C9_M M_G1C9H1_M": [
        [-0.18589, 0.0277253, 0.00246022]
    ],
    "M_G1C9_M M_G1C9H2_M": [
        [-0.183063, 0.0280374, 0.00248792]
    ],
    "M_G1C10_M M_G1C10H1_M": [
        [-0.164047, 0.0250402, 0.00222196]
    ],
    "M_G1C10_M M_G1C10H2_M": [
        [-0.164332, 0.0276207, 0.00245094]
    ],
    "M_G1C11_M M_G1C11H1_M": [
        [-0.155379, 0.024804, 0.002201]
    ],
    "M_G1C11_M M_G1C11H2_M": [
        [-0.157419, 0.0253589, 0.00225024]
    ],
    "M_G1C12_M M_G1C12H1_M": [
        [-0.136223, 0.0236681, 0.00210021]
    ],
    "M_G1C12_M M_G1C12H2_M": [
        [-0.136343, 0.0223963, 0.00198735]
    ],
    "M_G1C13_M M_G1C13H1_M": [
        [-0.125098, 0.0217837, 0.00193299]
    ],
    "M_G1C13_M M_G1C13H2_M": [
        [-0.126274, 0.0208951, 0.00185414]
    ],
    "M_G1C14_M M_G1C14H1_M": [
        [-0.104865, 0.0181295, 0.00160873]
    ],
    "M_G1C14_M M_G1C14H2_M": [
        [-0.103544, 0.0183179, 0.00162545]
    ],
    "M_G1C15_M M_G1C15H1_M": [
        [-0.0900307, 0.0152357, 0.00135195]
    ],
    "M_G1C15_M M_G1C15H2_M": [
        [-0.089706, 0.016541, 0.00146778]
    ],
    "M_G1C16_M M_G1C16H1_M": [
        [-0.0630154, 0.0127064, 0.00112751]
    ],
    "M_G1C16_M M_G1C16H2_M": [
        [-0.0626798, 0.0134363, 0.00119228]
    ],
    "M_G1C17_M M_G1C17H1_M": [
        [-0.0205214, 0.00824766, 0.000731862]
    ],
    "M_G1C17_M M_G1C17H2_M": [
        [-0.0200322, 0.00814701, 0.000722931]
    ],
    "M_G1C17_M M_G1C17H3_M": [
        [-0.0203372, 0.0077009, 0.000683344]
    ],
    "M_G2_M M_G2H1_M": [
        [-0.215771, 0.0715132, 0.00634577]
    ],
    "M_G2C3_M M_G2C3H1_M": [
        [-0.224812, 0.0307643, 0.00272989]
    ],
    "M_G2C3_M M_G2C3H2_M": [
        [-0.230836, 0.0282587, 0.00250755]
    ],
    "M_G2C4_M M_G2C4H1_M": [
        [-0.156736, 0.0328278, 0.00291299]
    ],
    "M_G2C4_M M_G2C4H2_M": [
        [-0.156023, 0.0329173, 0.00292094]
    ],
    "M_G2C5_M M_G2C5H1_M": [
        [-0.195256, 0.031972, 0.00283706]
    ],
    "M_G2C5_M M_G2C5H2_M": [
        [-0.194221, 0.0324347, 0.00287812]
    ],
    "M_G2C6_M M_G2C6H1_M": [
        [-0.187833, 0.0312293, 0.00277115]
    ],
    "M_G2C6_M M_G2C6H2_M": [
        [-0.189722, 0.0329217, 0.00292132]
    ],
    "M_G2C7_M M_G2C7H1_M": [
        [-0.200685, 0.0301358, 0.00267412]
    ],
    "M_G2C7_M M_G2C7H2_M": [
        [-0.199301, 0.0307339, 0.00272719]
    ],
    "M_G2C8_M M_G2C8H1_M": [
        [-0.186262, 0.0293093, 0.00260078]
    ],
    "M_G2C8_M M_G2C8H2_M": [
        [-0.184097, 0.0294836, 0.00261624]
    ],
    "M_G2C9_M M_G2C9H1_M": [
        [-0.18589, 0.0277253, 0.00246022]
    ],
    "M_G2C9_M M_G2C9H2_M": [
        [-0.183063, 0.0280374, 0.00248792]
    ],
    "M_G2C10_M M_G2C10H1_M": [
        [-0.164047, 0.0250402, 0.00222196]
    ],
    "M_G2C11_M M_G2C11H1_M": [
        [-0.155379, 0.024804, 0.002201]
    ],
    "M_G2C12_M M_G2C12H1_M": [
        [-0.136223, 0.0236681, 0.00210021]
    ],
    "M_G2C12_M M_G2C12H2_M": [
        [-0.136343, 0.0223963, 0.00198735]
    ],
    "M_G2C13_M M_G2C13H1_M": [
        [-0.125098, 0.0217837, 0.00193299]
    ],
    "M_G2C13_M M_G2C13H2_M": [
        [-0.126274, 0.0208951, 0.00185414]
    ],
    "M_G2C14_M M_G2C14H1_M": [
        [-0.104865, 0.0181295, 0.00160873]
    ],
    "M_G2C14_M M_G2C14H2_M": [
        [-0.103544, 0.0183179, 0.00162545]
    ],
    "M_G2C15_M M_G2C15H1_M": [
        [-0.0900307, 0.0152357, 0.00135195]
    ],
    "M_G2C15_M M_G2C15H2_M": [
        [-0.089706, 0.016541, 0.00146778]
    ],
    "M_G2C16_M M_G2C16H1_M": [
        [-0.0630154, 0.0127064, 0.00112751]
    ],
    "M_G2C16_M M_G2C16H2_M": [
        [-0.0626798, 0.0134363, 0.00119228]
    ],
    "M_G2C17_M M_G2C17H1_M": [
        [-0.0205214, 0.00824766, 0.000731862]
    ],
    "M_G2C17_M M_G2C17H2_M": [
        [-0.0200322, 0.00814701, 0.000722931]
    ],
    "M_G2C18_M M_G2C18H1_M": [
        [-0.0619042, 0.0114698, 0.00101778]
    ],
    "M_G2C18_M M_G2C18H2_M": [
        [-0.0603282, 0.012057, 0.00106988]
    ],
    "M_G2C19_M M_G2C19H1_M": [
        [-0.0194789, 0.00771314, 0.000684431]
    ],
    "M_G2C19_M M_G2C19H2_M": [
        [-0.0203374, 0.0074564, 0.000661649]
    ],
    "M_G2C19_M M_G2C19H3_M": [
        [-0.01935, 0.0076088, 0.000675171]
    ],
    "M_G3_M M_G3H1_M": [
        [-0.161005, 0.0660838, 0.00586399]
    ],
    "M_G3_M M_G3H2_M": [
        [-0.177567, 0.0502411, 0.00445817]
    ],
    "M_G3C4_M M_G3C4H1_M": [
        [0.0138637, 0.019537, 0.00173363]
    ],
    "M_G3C4_M M_G3C4H2_M": [
        [0.0145245, 0.0198497, 0.00176138]
    ],
    "M_G3C5_M M_G3C5H1_M": [
        [-0.0422358, 0.015837, 0.00140531]
    ],
    "M_G3C5_M M_G3C5H2_M": [
        [-0.0444496, 0.0163655, 0.0014522]
    ],
    "M_G3N6C1_M M_G3N6C1H1_M": [
        [0.011993, 0.008657, 0.000768184]
    ],
    "M_G3N6C1_M M_G3N6C1H2_M": [
        [0.0105983, 0.00840736, 0.000746033]
    ],
    "M_G3N6C1_M M_G3N6C1H3_M": [
        [0.010787, 0.007703, 0.00068353]
    ],
    "M_G3N6C2_M M_G3N6C2H1_M": [
        [0.0109153, 0.00716138, 0.00063547]
    ],
    "M_G3N6C2_M M_G3N6C2H2_M": [
        [0.0114678, 0.00711757, 0.000631582]
    ],
    "M_G3N6C2_M M_G3N6C2H3_M": [
        [0.0111793, 0.00801404, 0.000711131]
    ],
    "M_G3N6C3_M M_G3N6C3H1_M": [
        [0.0105387, 0.0080407, 0.000713496]
    ],
    "M_G3N6C3_M M_G3N6C3H2_M": [
        [0.0108393, 0.0085271, 0.000756658]
    ],
    "M_G3N6C3_M M_G3N6C3H3_M": [
        [0.0113237, 0.00802389, 0.000712005]
    ]
}