{
    "M_C3_M M_C3H3_M": [
        [-0.426044, 0.00469484, 0.000633052]
    ],
    "M_C4_M M_C4H41_M": [
        [-0.381662, 0.00797952, 0.00107596]
    ],
    "M_C4_M M_C4H42_M": [
        [-0.195076, 0.0176088, 0.00237438]
    ],
    "M_C6_M M_C6H6_M": [
        [-0.0557688, 0.0209448, 0.00282419]
    ],
    "M_C7_M M_C7H71_M": [
        [-0.315887, 0.0123327, 0.00166294]
    ],
    "M_C7_M M_C7H72_M": [
        [-0.386476, 0.00773762, 0.00104334]
    ],
    "M_C8_M M_C8H8_M": [
        [-0.463555, 0.00255094, 0.000343969]
    ],
    "M_C14_M M_C14H14_M": [
        [-0.458642, 0.00265434, 0.000357911]
    ],
    "M_C15_M M_C15H151_M": [
        [-0.426748, 0.00624155, 0.00084161]
    ],
    "M_C15_M M_C15H152_M": [
        [-0.362627, 0.010164, 0.00137051]
    ],
    "M_C16_M M_C16H161_M": [
        [-0.0717215, 0.0149474, 0.0020155]
    ],
    "M_C16_M M_C16H162_M": [
        [-0.21376, 0.0131188, 0.00176893]
    ],
    "M_C17_M M_C17H17_M": [
        [-0.45266, 0.00297595, 0.000401277]
    ],
    "M_C18_M M_C18H181_M": [
        [0.128459, 0.0171333, 0.00231025]
    ],
    "M_C18_M M_C18H182_M": [
        [0.135204, 0.0157992, 0.00213036]
    ],
    "M_C18_M M_C18H183_M": [
        [0.131766, 0.0137855, 0.00185883]
    ],
    "M_C12_M M_C12H121_M": [
        [-0.111004, 0.0192367, 0.00259387]
    ],
    "M_C12_M M_C12H122_M": [
        [-0.455978, 0.00293169, 0.000395309]
    ],
    "M_C11_M M_C11H111_M": [
        [-0.460975, 0.00250675, 0.00033801]
    ],
    "M_C11_M M_C11H112_M": [
        [-0.241573, 0.0148515, 0.00200258]
    ],
    "M_C9_M M_C9H9_M": [
        [-0.460884, 0.00282103, 0.000380388]
    ],
    "M_C19_M M_C19H191_M": [
        [0.130367, 0.0159409, 0.00214947]
    ],
    "M_C19_M M_C19H192_M": [
        [0.137053, 0.0171602, 0.00231388]
    ],
    "M_C19_M M_C19H193_M": [
        [0.132725, 0.0137134, 0.00184912]
    ],
    "M_C1_M M_C1H11_M": [
        [-0.248935, 0.0161516, 0.00217789]
    ],
    "M_C1_M M_C1H12_M": [
        [-0.410547, 0.00612734, 0.00082621]
    ],
    "M_C2_M M_C2H21_M": [
        [-0.242953, 0.0138384, 0.00186598]
    ],
    "M_C2_M M_C2H22_M": [
        [-0.39514, 0.00728338, 0.00098209]
    ],
    "M_C20_M M_C20H20_M": [
        [-0.438118, 0.00435969, 0.00058786]
    ],
    "M_C21_M M_C21H211_M": [
        [0.117193, 0.0162437, 0.0021903]
    ],
    "M_C21_M M_C21H212_M": [
        [0.127587, 0.013876, 0.00187104]
    ],
    "M_C21_M M_C21H213_M": [
        [0.118085, 0.0168806, 0.00227618]
    ],
    "M_C22_M M_C22H221_M": [
        [-0.342456, 0.0267951, 0.00361305]
    ],
    "M_C22_M M_C22H222_M": [
        [-0.409357, 0.011027, 0.00148688]
    ],
    "M_C23_M M_C23H231_M": [
        [-0.278189, 0.0238548, 0.00321658]
    ],
    "M_C23_M M_C23H232_M": [
        [-0.400976, 0.00812175, 0.00109514]
    ],
    "M_C24_M M_C24H241_M": [
        [-0.284515, 0.0177405, 0.00239213]
    ],
    "M_C24_M M_C24H242_M": [
        [-0.3577, 0.014103, 0.00190165]
    ],
    "M_C25_M M_C25H25_M": [
        [-0.274933, 0.0155288, 0.00209391]
    ],
    "M_C26_M M_C26H261_M": [
        [0.0242759, 0.0132778, 0.00179038]
    ],
    "M_C26_M M_C26H262_M": [
        [0.0204031, 0.0162235, 0.00218758]
    ],
    "M_C26_M M_C26H263_M": [
        [0.0172275, 0.0168308, 0.00226946]
    ],
    "M_C27_M M_C27H271_M": [
        [0.0143026, 0.0175518, 0.00236669]
    ],
    "M_C27_M M_C27H272_M": [
        [0.0116655, 0.0174839, 0.00235753]
    ],
    "M_C27_M M_C27H273_M": [
        [0.0104546, 0.0164084, 0.00221251]
    ]
}