{
    "M_C3_M M_C3H3_M": [
        [-0.395069, 0.00903818, 0.00180764]
    ],
    "M_C4_M M_C4H41_M": [
        [-0.23372, 0.0196619, 0.00393238]
    ],
    "M_C4_M M_C4H42_M": [
        [-0.347627, 0.0153503, 0.00307006]
    ],
    "M_C6_M M_C6H6_M": [
        [-0.0433944, 0.0205438, 0.00410876]
    ],
    "M_C7_M M_C7H71_M": [
        [-0.380778, 0.0120721, 0.00241443]
    ],
    "M_C7_M M_C7H72_M": [
        [-0.330397, 0.0132853, 0.00265707]
    ],
    "M_C8_M M_C8H8_M": [
        [-0.430275, 0.00630179, 0.00126036]
    ],
    "M_C14_M M_C14H14_M": [
        [-0.416481, 0.00994648, 0.0019893]
    ],
    "M_C15_M M_C15H151_M": [
        [-0.350031, 0.0143004, 0.00286008]
    ],
    "M_C15_M M_C15H152_M": [
        [-0.402854, 0.00960597, 0.00192119]
    ],
    "M_C16_M M_C16H161_M": [
        [-0.185757, 0.0215069, 0.00430138]
    ],
    "M_C16_M M_C16H162_M": [
        [-0.0776249, 0.025758, 0.0051516]
    ],
    "M_C17_M M_C17H17_M": [
        [-0.425929, 0.00730882, 0.00146176]
    ],
    "M_C18_M M_C18H181_M": [
        [0.106077, 0.0135974, 0.00271949]
    ],
    "M_C18_M M_C18H182_M": [
        [0.109541, 0.0144687, 0.00289373]
    ],
    "M_C18_M M_C18H183_M": [
        [0.106976, 0.0180992, 0.00361984]
    ],
    "M_C12_M M_C12H121_M": [
        [-0.422374, 0.0068801, 0.00137602]
    ],
    "M_C12_M M_C12H122_M": [
        [-0.109711, 0.0214082, 0.00428163]
    ],
    "M_C11_M M_C11H111_M": [
        [-0.245542, 0.0174165, 0.0034833]
    ],
    "M_C11_M M_C11H112_M": [
        [-0.427278, 0.00647997, 0.00129599]
    ],
    "M_C9_M M_C9H9_M": [
        [-0.423235, 0.00921376, 0.00184275]
    ],
    "M_C19_M M_C19H191_M": [
        [0.114747, 0.0153997, 0.00307995]
    ],
    "M_C19_M M_C19H192_M": [
        [0.114625, 0.0122029, 0.00244058]
    ],
    "M_C19_M M_C19H193_M": [
        [0.112324, 0.0159819, 0.00319637]
    ],
    "M_C1_M M_C1H11_M": [
        [-0.386625, 0.0107612, 0.00215223]
    ],
    "M_C1_M M_C1H12_M": [
        [-0.236087, 0.0191962, 0.00383923]
    ],
    "M_C2_M M_C2H21_M": [
        [-0.361678, 0.0132706, 0.00265413]
    ],
    "M_C2_M M_C2H22_M": [
        [-0.250962, 0.0180522, 0.00361044]
    ],
    "M_C20_M M_C20H20_M": [
        [-0.415278, 0.00990352, 0.0019807]
    ],
    "M_C21_M M_C21H211_M": [
        [0.104538, 0.0171841, 0.00343683]
    ],
    "M_C21_M M_C21H212_M": [
        [0.100793, 0.0114034, 0.00228067]
    ],
    "M_C21_M M_C21H213_M": [
        [0.104866, 0.0157768, 0.00315536]
    ],
    "M_C22_M M_C22H221_M": [
        [-0.382709, 0.0115896, 0.00231792]
    ],
    "M_C22_M M_C22H222_M": [
        [-0.341149, 0.0320192, 0.00640384]
    ],
    "M_C23_M M_C23H231_M": [
        [-0.375017, 0.0119564, 0.00239129]
    ],
    "M_C23_M M_C23H232_M": [
        [-0.302886, 0.0299538, 0.00599075]
    ],
    "M_C24_M M_C24H241_M": [
        [-0.348826, 0.0145548, 0.00291096]
    ],
    "M_C24_M M_C24H242_M": [
        [-0.296698, 0.0241112, 0.00482225]
    ],
    "M_C25_M M_C25H25_M": [
        [-0.276354, 0.0195536, 0.00391072]
    ],
    "M_C26_M M_C26H261_M": [
        [0.0193608, 0.0123091, 0.00246181]
    ],
    "M_C26_M M_C26H262_M": [
        [0.0127423, 0.0155877, 0.00311754]
    ],
    "M_C26_M M_C26H263_M": [
        [0.0120052, 0.0148737, 0.00297474]
    ],
    "M_C27_M M_C27H271_M": [
        [0.00618507, 0.0174623, 0.00349247]
    ],
    "M_C27_M M_C27H272_M": [
        [-0.0012884, 0.0141521, 0.00283041]
    ],
    "M_C27_M M_C27H273_M": [
        [0.00475777, 0.0175335, 0.0035067]
    ]
}