{
    "M_G1_M M_G1H1_M": [
        [0.0243223, 0.0981624, 0.0123673]
    ],
    "M_G1_M M_G1H2_M": [
        [-0.194074, 0.0692119, 0.00871988]
    ],
    "M_G1C3_M M_G1C3H1_M": [
        [-0.254675, 0.0349326, 0.0044011]
    ],
    "M_G1C3_M M_G1C3H2_M": [
        [-0.238004, 0.0348245, 0.00438747]
    ],
    "M_G1C4_M M_G1C4H1_M": [
        [-0.26605, 0.0214399, 0.00270118]
    ],
    "M_G1C4_M M_G1C4H2_M": [
        [-0.250134, 0.0216594, 0.00272882]
    ],
    "M_G1C5_M M_G1C5H1_M": [
        [-0.301307, 0.0180821, 0.00227813]
    ],
    "M_G1C5_M M_G1C5H2_M": [
        [-0.304067, 0.0156448, 0.00197106]
    ],
    "M_G1C6_M M_G1C6H1_M": [
        [-0.340591, 0.016483, 0.00207666]
    ],
    "M_G1C6_M M_G1C6H2_M": [
        [-0.336346, 0.0155552, 0.00195977]
    ],
    "M_G1C7_M M_G1C7H1_M": [
        [-0.361018, 0.0147265, 0.00185536]
    ],
    "M_G1C7_M M_G1C7H2_M": [
        [-0.358733, 0.0149311, 0.00188114]
    ],
    "M_G1C8_M M_G1C8H1_M": [
        [-0.366933, 0.0136954, 0.00172546]
    ],
    "M_G1C8_M M_G1C8H2_M": [
        [-0.36726, 0.0138384, 0.00174347]
    ],
    "M_G1C9_M M_G1C9H1_M": [
        [-0.368869, 0.0120244, 0.00151493]
    ],
    "M_G1C9_M M_G1C9H2_M": [
        [-0.36842, 0.0126466, 0.00159333]
    ],
    "M_G1C10_M M_G1C10H1_M": [
        [-0.365095, 0.0120355, 0.00151633]
    ],
    "M_G1C10_M M_G1C10H2_M": [
        [-0.364208, 0.0118251, 0.00148983]
    ],
    "M_G1C11_M M_G1C11H1_M": [
        [-0.354829, 0.0118674, 0.00149515]
    ],
    "M_G1C11_M M_G1C11H2_M": [
        [-0.353893, 0.0117375, 0.00147879]
    ],
    "M_G1C12_M M_G1C12H1_M": [
        [-0.340284, 0.0132912, 0.00167453]
    ],
    "M_G1C12_M M_G1C12H2_M": [
        [-0.339097, 0.0138834, 0.00174915]
    ],
    "M_G1C13_M M_G1C13H1_M": [
        [-0.321068, 0.0152736, 0.00192429]
    ],
    "M_G1C13_M M_G1C13H2_M": [
        [-0.321844, 0.0151528, 0.00190908]
    ],
    "M_G1C14_M M_G1C14H1_M": [
        [-0.292827, 0.0171494, 0.00216062]
    ],
    "M_G1C14_M M_G1C14H2_M": [
        [-0.294694, 0.0175565, 0.00221191]
    ],
    "M_G1C15_M M_G1C15H1_M": [
        [-0.253832, 0.0191636, 0.00241438]
    ],
    "M_G1C15_M M_G1C15H2_M": [
        [-0.254108, 0.0169495, 0.00213543]
    ],
    "M_G1C16_M M_G1C16H1_M": [
        [-0.187225, 0.0193949, 0.00244353]
    ],
    "M_G1C16_M M_G1C16H2_M": [
        [-0.189374, 0.0169189, 0.00213158]
    ],
    "M_G1C17_M M_G1C17H1_M": [
        [-0.044808, 0.0139233, 0.00175417]
    ],
    "M_G1C17_M M_G1C17H2_M": [
        [-0.0448684, 0.0148041, 0.00186514]
    ],
    "M_G1C17_M M_G1C17H3_M": [
        [-0.0481597, 0.0137485, 0.00173214]
    ],
    "M_G2_M M_G2H1_M": [
        [-0.215504, 0.0831167, 0.0104717]
    ],
    "M_G2C3_M M_G2C3H1_M": [
        [-0.217126, 0.0421658, 0.00531239]
    ],
    "M_G2C3_M M_G2C3H2_M": [
        [-0.158284, 0.058155, 0.00732685]
    ],
    "M_G2C4_M M_G2C4H1_M": [
        [-0.266037, 0.0283084, 0.00356653]
    ],
    "M_G2C4_M M_G2C4H2_M": [
        [-0.258902, 0.0288977, 0.00364077]
    ],
    "M_G2C5_M M_G2C5H1_M": [
        [-0.278052, 0.018111, 0.00228177]
    ],
    "M_G2C5_M M_G2C5H2_M": [
        [-0.26478, 0.0209023, 0.00263344]
    ],
    "M_G2C6_M M_G2C6H1_M": [
        [-0.309181, 0.0164664, 0.00207458]
    ],
    "M_G2C6_M M_G2C6H2_M": [
        [-0.29915, 0.0200794, 0.00252977]
    ],
    "M_G2C7_M M_G2C7H1_M": [
        [-0.30619, 0.0180724, 0.00227691]
    ],
    "M_G2C7_M M_G2C7H2_M": [
        [-0.300537, 0.0188637, 0.00237661]
    ],
    "M_G2C8_M M_G2C8H1_M": [
        [-0.293953, 0.0170442, 0.00214736]
    ],
    "M_G2C8_M M_G2C8H2_M": [
        [-0.289954, 0.0166432, 0.00209685]
    ],
    "M_G2C9_M M_G2C9H1_M": [
        [-0.184965, 0.0191592, 0.00241383]
    ],
    "M_G2C9_M M_G2C9H2_M": [
        [-0.188875, 0.0210851, 0.00265647]
    ],
    "M_G2C10_M M_G2C10H1_M": [
        [-0.136531, 0.0196302, 0.00247318]
    ],
    "M_G2C11_M M_G2C11H1_M": [
        [-0.118502, 0.0182698, 0.00230177]
    ],
    "M_G2C12_M M_G2C12H1_M": [
        [-0.17614, 0.0185864, 0.00234167]
    ],
    "M_G2C12_M M_G2C12H2_M": [
        [-0.175371, 0.0168348, 0.00212098]
    ],
    "M_G2C13_M M_G2C13H1_M": [
        [-0.268082, 0.0151545, 0.00190928]
    ],
    "M_G2C13_M M_G2C13H2_M": [
        [-0.26796, 0.0174851, 0.00220292]
    ],
    "M_G2C14_M M_G2C14H1_M": [
        [-0.281442, 0.0193744, 0.00244095]
    ],
    "M_G2C14_M M_G2C14H2_M": [
        [-0.281574, 0.0149881, 0.00188832]
    ],
    "M_G2C15_M M_G2C15H1_M": [
        [-0.290161, 0.0165071, 0.0020797]
    ],
    "M_G2C15_M M_G2C15H2_M": [
        [-0.288644, 0.0183563, 0.00231268]
    ],
    "M_G2C16_M M_G2C16H1_M": [
        [-0.266435, 0.0204318, 0.00257416]
    ],
    "M_G2C16_M M_G2C16H2_M": [
        [-0.268326, 0.0202581, 0.00255228]
    ],
    "M_G2C17_M M_G2C17H1_M": [
        [-0.241546, 0.020753, 0.00261463]
    ],
    "M_G2C17_M M_G2C17H2_M": [
        [-0.242692, 0.0220081, 0.00277275]
    ],
    "M_G2C18_M M_G2C18H1_M": [
        [-0.175664, 0.0237672, 0.00299439]
    ],
    "M_G2C18_M M_G2C18H2_M": [
        [-0.174565, 0.0208447, 0.00262618]
    ],
    "M_G2C19_M M_G2C19H1_M": [
        [-0.0540378, 0.0164485, 0.00207232]
    ],
    "M_G2C19_M M_G2C19H2_M": [
        [-0.0605065, 0.015687, 0.00197637]
    ],
    "M_G2C19_M M_G2C19H3_M": [
        [-0.0559979, 0.0164627, 0.00207411]
    ],
    "M_G3_M M_G3H1_M": [
        [-0.23849, 0.0699079, 0.00880756]
    ],
    "M_G3_M M_G3H2_M": [
        [-0.161223, 0.0727842, 0.00916994]
    ],
    "M_G3C4_M M_G3C4H1_M": [
        [0.0523063, 0.0549227, 0.00691961]
    ],
    "M_G3C4_M M_G3C4H2_M": [
        [0.0484903, 0.0556107, 0.00700629]
    ],
    "M_G3C5_M M_G3C5H1_M": [
        [0.021192, 0.0565962, 0.00713045]
    ],
    "M_G3C5_M M_G3C5H2_M": [
        [0.0310277, 0.0585441, 0.00737586]
    ],
    "M_G3N6C1_M M_G3N6C1H1_M": [
        [-0.0129228, 0.0160576, 0.00202307]
    ],
    "M_G3N6C1_M M_G3N6C1H2_M": [
        [-0.0178866, 0.0184676, 0.0023267]
    ],
    "M_G3N6C1_M M_G3N6C1H3_M": [
        [-0.0135878, 0.0155275, 0.00195628]
    ],
    "M_G3N6C2_M M_G3N6C2H1_M": [
        [-0.0135188, 0.0174832, 0.00220267]
    ],
    "M_G3N6C2_M M_G3N6C2H2_M": [
        [-0.00978734, 0.0156238, 0.00196842]
    ],
    "M_G3N6C2_M M_G3N6C2H3_M": [
        [-0.0147802, 0.0152872, 0.001926]
    ],
    "M_G3N6C3_M M_G3N6C3H1_M": [
        [-0.00914234, 0.0145931, 0.00183856]
    ],
    "M_G3N6C3_M M_G3N6C3H2_M": [
        [-0.0111774, 0.0162644, 0.00204913]
    ],
    "M_G3N6C3_M M_G3N6C3H3_M": [
        [-0.0158901, 0.0160128, 0.00201742]
    ]
}