{
    "M_G1_M M_G1H1_M": [
        [-0.184204, 0.0439658, 0.00311665]
    ],
    "M_G1_M M_G1H2_M": [
        [-0.044582, 0.0402344, 0.00285214]
    ],
    "M_G1C3_M M_G1C3H1_M": [
        [-0.239894, 0.0237643, 0.00168461]
    ],
    "M_G1C3_M M_G1C3H2_M": [
        [-0.206277, 0.0259809, 0.00184174]
    ],
    "M_G1C4_M M_G1C4H1_M": [
        [-0.174797, 0.0179322, 0.00127118]
    ],
    "M_G1C4_M M_G1C4H2_M": [
        [-0.160494, 0.0186952, 0.00132527]
    ],
    "M_G1C5_M M_G1C5H1_M": [
        [-0.204598, 0.0162327, 0.00115071]
    ],
    "M_G1C5_M M_G1C5H2_M": [
        [-0.201754, 0.0169969, 0.00120488]
    ],
    "M_G1C6_M M_G1C6H1_M": [
        [-0.204519, 0.0163036, 0.00115573]
    ],
    "M_G1C6_M M_G1C6H2_M": [
        [-0.200889, 0.0174266, 0.00123534]
    ],
    "M_G1C7_M M_G1C7H1_M": [
        [-0.216178, 0.0167862, 0.00118994]
    ],
    "M_G1C7_M M_G1C7H2_M": [
        [-0.215401, 0.0176633, 0.00125212]
    ],
    "M_G1C8_M M_G1C8H1_M": [
        [-0.20506, 0.0168748, 0.00119622]
    ],
    "M_G1C8_M M_G1C8H2_M": [
        [-0.203442, 0.0175666, 0.00124526]
    ],
    "M_G1C9_M M_G1C9H1_M": [
        [-0.202975, 0.0162162, 0.00114953]
    ],
    "M_G1C9_M M_G1C9H2_M": [
        [-0.202388, 0.016278, 0.00115391]
    ],
    "M_G1C10_M M_G1C10H1_M": [
        [-0.184621, 0.0155042, 0.00109906]
    ],
    "M_G1C10_M M_G1C10H2_M": [
        [-0.183925, 0.0151892, 0.00107673]
    ],
    "M_G1C11_M M_G1C11H1_M": [
        [-0.175646, 0.0139419, 0.000988314]
    ],
    "M_G1C11_M M_G1C11H2_M": [
        [-0.176126, 0.0145878, 0.0010341]
    ],
    "M_G1C12_M M_G1C12H1_M": [
        [-0.154655, 0.0132975, 0.000942637]
    ],
    "M_G1C12_M M_G1C12H2_M": [
        [-0.155077, 0.0134, 0.000949902]
    ],
    "M_G1C13_M M_G1C13H1_M": [
        [-0.142802, 0.0116625, 0.000826734]
    ],
    "M_G1C13_M M_G1C13H2_M": [
        [-0.143463, 0.0120791, 0.000856265]
    ],
    "M_G1C14_M M_G1C14H1_M": [
        [-0.120906, 0.0104699, 0.000742195]
    ],
    "M_G1C14_M M_G1C14H2_M": [
        [-0.121505, 0.0101828, 0.000721839]
    ],
    "M_G1C15_M M_G1C15H1_M": [
        [-0.104915, 0.0086605, 0.000613927]
    ],
    "M_G1C15_M M_G1C15H2_M": [
        [-0.105172, 0.00869719, 0.000616527]
    ],
    "M_G1C16_M M_G1C16H1_M": [
        [-0.0760728, 0.00675927, 0.000479152]
    ],
    "M_G1C16_M M_G1C16H2_M": [
        [-0.0763522, 0.00675752, 0.000479028]
    ],
    "M_G1C17_M M_G1C17H1_M": [
        [-0.0252648, 0.00328662, 0.000232982]
    ],
    "M_G1C17_M M_G1C17H2_M": [
        [-0.0249086, 0.00341826, 0.000242314]
    ],
    "M_G1C17_M M_G1C17H3_M": [
        [-0.0251607, 0.00363707, 0.000257825]
    ],
    "M_G2_M M_G2H1_M": [
        [-0.199453, 0.0390245, 0.00276638]
    ],
    "M_G2C3_M M_G2C3H1_M": [
        [-0.0680274, 0.0313325, 0.0022211]
    ],
    "M_G2C3_M M_G2C3H2_M": [
        [-0.104297, 0.0273206, 0.0019367]
    ],
    "M_G2C4_M M_G2C4H1_M": [
        [-0.198932, 0.0231838, 0.00164346]
    ],
    "M_G2C4_M M_G2C4H2_M": [
        [-0.20694, 0.0203402, 0.00144188]
    ],
    "M_G2C5_M M_G2C5H1_M": [
        [-0.198032, 0.0197378, 0.00139917]
    ],
    "M_G2C5_M M_G2C5H2_M": [
        [-0.200881, 0.0193678, 0.00137295]
    ],
    "M_G2C6_M M_G2C6H1_M": [
        [-0.209167, 0.0199372, 0.00141331]
    ],
    "M_G2C6_M M_G2C6H2_M": [
        [-0.208121, 0.0195822, 0.00138815]
    ],
    "M_G2C7_M M_G2C7H1_M": [
        [-0.187738, 0.01778, 0.00126039]
    ],
    "M_G2C7_M M_G2C7H2_M": [
        [-0.185735, 0.018345, 0.00130044]
    ],
    "M_G2C8_M M_G2C8H1_M": [
        [-0.178557, 0.0178573, 0.00126587]
    ],
    "M_G2C8_M M_G2C8H2_M": [
        [-0.177812, 0.017278, 0.0012248]
    ],
    "M_G2C9_M M_G2C9H1_M": [
        [-0.104005, 0.0158135, 0.00112099]
    ],
    "M_G2C9_M M_G2C9H2_M": [
        [-0.104732, 0.0169088, 0.00119863]
    ],
    "M_G2C10_M M_G2C10H1_M": [
        [-0.0571243, 0.0201879, 0.00143108]
    ],
    "M_G2C11_M M_G2C11H1_M": [
        [-0.0425269, 0.0154539, 0.0010955]
    ],
    "M_G2C12_M M_G2C12H1_M": [
        [-0.0745101, 0.0142659, 0.00101128]
    ],
    "M_G2C12_M M_G2C12H2_M": [
        [-0.0747501, 0.0142906, 0.00101303]
    ],
    "M_G2C13_M M_G2C13H1_M": [
        [-0.115493, 0.0136151, 0.000965152]
    ],
    "M_G2C13_M M_G2C13H2_M": [
        [-0.11584, 0.0134571, 0.00095395]
    ],
    "M_G2C14_M M_G2C14H1_M": [
        [-0.120512, 0.0127412, 0.000903198]
    ],
    "M_G2C14_M M_G2C14H2_M": [
        [-0.120475, 0.012798, 0.000907224]
    ],
    "M_G2C15_M M_G2C15H1_M": [
        [-0.124239, 0.0123087, 0.000872542]
    ],
    "M_G2C15_M M_G2C15H2_M": [
        [-0.124189, 0.0120203, 0.000852096]
    ],
    "M_G2C16_M M_G2C16H1_M": [
        [-0.111229, 0.010654, 0.000755241]
    ],
    "M_G2C16_M M_G2C16H2_M": [
        [-0.111352, 0.0105924, 0.000750873]
    ],
    "M_G2C17_M M_G2C17H1_M": [
        [-0.099309, 0.00889709, 0.000630698]
    ],
    "M_G2C17_M M_G2C17H2_M": [
        [-0.0998734, 0.00915374, 0.000648891]
    ],
    "M_G2C18_M M_G2C18H1_M": [
        [-0.0752452, 0.00731443, 0.000518506]
    ],
    "M_G2C18_M M_G2C18H2_M": [
        [-0.075754, 0.00711186, 0.000504146]
    ],
    "M_G2C19_M M_G2C19H1_M": [
        [-0.0236179, 0.00313329, 0.000222113]
    ],
    "M_G2C19_M M_G2C19H2_M": [
        [-0.0231764, 0.00355871, 0.00025227]
    ],
    "M_G2C19_M M_G2C19H3_M": [
        [-0.0237079, 0.0032791, 0.000232449]
    ],
    "M_G3_M M_G3H1_M": [
        [-0.233269, 0.0358767, 0.00254323]
    ],
    "M_G3_M M_G3H2_M": [
        [-0.253039, 0.0292923, 0.00207648]
    ],
    "M_G3C4_M M_G3C4H1_M": [
        [0.0464495, 0.024723, 0.00175257]
    ],
    "M_G3C4_M M_G3C4H2_M": [
        [0.0464155, 0.0261166, 0.00185136]
    ],
    "M_G3C5_M M_G3C5H1_M": [
        [-0.0430893, 0.0282648, 0.00200364]
    ],
    "M_G3C5_M M_G3C5H2_M": [
        [-0.0435062, 0.0264932, 0.00187805]
    ],
    "M_G3N6C1_M M_G3N6C1H1_M": [
        [0.00757521, 0.0113413, 0.000803961]
    ],
    "M_G3N6C1_M M_G3N6C1H2_M": [
        [0.00777427, 0.0111167, 0.000788045]
    ],
    "M_G3N6C1_M M_G3N6C1H3_M": [
        [0.00850421, 0.0101573, 0.00072003]
    ],
    "M_G3N6C2_M M_G3N6C2H1_M": [
        [0.00741997, 0.0115939, 0.000821869]
    ],
    "M_G3N6C2_M M_G3N6C2H2_M": [
        [0.00947131, 0.0111031, 0.000787078]
    ],
    "M_G3N6C2_M M_G3N6C2H3_M": [
        [0.00790028, 0.0116451, 0.000825498]
    ],
    "M_G3N6C3_M M_G3N6C3H1_M": [
        [0.00823013, 0.0112399, 0.000796777]
    ],
    "M_G3N6C3_M M_G3N6C3H2_M": [
        [0.00643629, 0.0115854, 0.000821264]
    ],
    "M_G3N6C3_M M_G3N6C3H3_M": [
        [0.00873109, 0.0111036, 0.000787111]
    ]
}