{
    "M_G1_M M_G1H1_M": [
        [-0.158167, 0.0145932, 0.000456259]
    ],
    "M_G1_M M_G1H2_M": [
        [-0.0259805, 0.0137551, 0.000430056]
    ],
    "M_G1C3_M M_G1C3H1_M": [
        [-0.197402, 0.0124471, 0.000389163]
    ],
    "M_G1C3_M M_G1C3H2_M": [
        [-0.220812, 0.011571, 0.000361769]
    ],
    "M_G1C4_M M_G1C4H1_M": [
        [-0.162144, 0.0123255, 0.000385361]
    ],
    "M_G1C4_M M_G1C4H2_M": [
        [-0.15382, 0.0119826, 0.000374639]
    ],
    "M_G1C5_M M_G1C5H1_M": [
        [-0.187957, 0.0115813, 0.000362091]
    ],
    "M_G1C5_M M_G1C5H2_M": [
        [-0.189366, 0.0118043, 0.000369064]
    ],
    "M_G1C6_M M_G1C6H1_M": [
        [-0.188251, 0.0116064, 0.000362876]
    ],
    "M_G1C6_M M_G1C6H2_M": [
        [-0.187067, 0.0112616, 0.000352097]
    ],
    "M_G1C7_M M_G1C7H1_M": [
        [-0.198879, 0.0114291, 0.000357333]
    ],
    "M_G1C7_M M_G1C7H2_M": [
        [-0.199177, 0.0111303, 0.000347991]
    ],
    "M_G1C8_M M_G1C8H1_M": [
        [-0.190548, 0.0118224, 0.000369632]
    ],
    "M_G1C8_M M_G1C8H2_M": [
        [-0.190588, 0.0118691, 0.000371092]
    ],
    "M_G1C9_M M_G1C9H1_M": [
        [-0.190425, 0.0119254, 0.000372852]
    ],
    "M_G1C9_M M_G1C9H2_M": [
        [-0.189577, 0.0123098, 0.000384869]
    ],
    "M_G1C10_M M_G1C10H1_M": [
        [-0.175241, 0.0121664, 0.000380386]
    ],
    "M_G1C10_M M_G1C10H2_M": [
        [-0.175438, 0.0118469, 0.000370395]
    ],
    "M_G1C11_M M_G1C11H1_M": [
        [-0.167804, 0.0121673, 0.000380414]
    ],
    "M_G1C11_M M_G1C11H2_M": [
        [-0.168378, 0.0119369, 0.000373211]
    ],
    "M_G1C12_M M_G1C12H1_M": [
        [-0.15072, 0.0122509, 0.000383029]
    ],
    "M_G1C12_M M_G1C12H2_M": [
        [-0.150452, 0.0122498, 0.000382994]
    ],
    "M_G1C13_M M_G1C13H1_M": [
        [-0.140569, 0.0127551, 0.00039879]
    ],
    "M_G1C13_M M_G1C13H2_M": [
        [-0.140243, 0.0119364, 0.000373193]
    ],
    "M_G1C14_M M_G1C14H1_M": [
        [-0.122769, 0.012453, 0.000389345]
    ],
    "M_G1C14_M M_G1C14H2_M": [
        [-0.123318, 0.0127295, 0.00039799]
    ],
    "M_G1C15_M M_G1C15H1_M": [
        [-0.110757, 0.0129831, 0.000405919]
    ],
    "M_G1C15_M M_G1C15H2_M": [
        [-0.111333, 0.0128689, 0.00040235]
    ],
    "M_G1C16_M M_G1C16H1_M": [
        [-0.0950197, 0.012637, 0.0003951]
    ],
    "M_G1C16_M M_G1C16H2_M": [
        [-0.0945627, 0.013049, 0.000407979]
    ],
    "M_G1C17_M M_G1C17H1_M": [
        [-0.0812442, 0.0130957, 0.000409441]
    ],
    "M_G1C17_M M_G1C17H2_M": [
        [-0.0818865, 0.0128975, 0.000403243]
    ],
    "M_G1C18_M M_G1C18H1_M": [
        [-0.0617507, 0.0134601, 0.000420834]
    ],
    "M_G1C18_M M_G1C18H2_M": [
        [-0.0615984, 0.0133923, 0.000418715]
    ],
    "M_G1C19_M M_G1C19H1_M": [
        [-0.0196509, 0.0137177, 0.000428889]
    ],
    "M_G1C19_M M_G1C19H2_M": [
        [-0.019696, 0.01405, 0.000439278]
    ],
    "M_G1C19_M M_G1C19H3_M": [
        [-0.0194788, 0.0142494, 0.00044551]
    ],
    "M_G2_M M_G2H1_M": [
        [-0.180583, 0.0133494, 0.000417374]
    ],
    "M_G2C3_M M_G2C3H1_M": [
        [-0.100159, 0.013701, 0.000428364]
    ],
    "M_G2C3_M M_G2C3H2_M": [
        [-0.0812839, 0.0132528, 0.000414352]
    ],
    "M_G2C4_M M_G2C4H1_M": [
        [-0.1871, 0.0120845, 0.000377826]
    ],
    "M_G2C4_M M_G2C4H2_M": [
        [-0.1916, 0.0115926, 0.000362445]
    ],
    "M_G2C5_M M_G2C5H1_M": [
        [-0.18681, 0.0121049, 0.000378464]
    ],
    "M_G2C5_M M_G2C5H2_M": [
        [-0.184189, 0.0123128, 0.000384962]
    ],
    "M_G2C6_M M_G2C6H1_M": [
        [-0.193962, 0.0120979, 0.000378245]
    ],
    "M_G2C6_M M_G2C6H2_M": [
        [-0.193004, 0.0116424, 0.000364003]
    ],
    "M_G2C7_M M_G2C7H1_M": [
        [-0.170413, 0.0120798, 0.000377679]
    ],
    "M_G2C7_M M_G2C7H2_M": [
        [-0.172681, 0.0120182, 0.000375752]
    ],
    "M_G2C8_M M_G2C8H1_M": [
        [-0.163534, 0.011798, 0.000368867]
    ],
    "M_G2C8_M M_G2C8H2_M": [
        [-0.162818, 0.0121648, 0.000380335]
    ],
    "M_G2C9_M M_G2C9H1_M": [
        [-0.0964985, 0.0132632, 0.000414676]
    ],
    "M_G2C9_M M_G2C9H2_M": [
        [-0.096678, 0.0137569, 0.000430113]
    ],
    "M_G2C10_M M_G2C10H1_M": [
        [-0.0587912, 0.0135901, 0.000424897]
    ],
    "M_G2C11_M M_G2C11H1_M": [
        [-0.0451022, 0.0140204, 0.00043835]
    ],
    "M_G2C12_M M_G2C12H1_M": [
        [-0.0698023, 0.0136379, 0.000426393]
    ],
    "M_G2C12_M M_G2C12H2_M": [
        [-0.0690879, 0.0136158, 0.0004257]
    ],
    "M_G2C13_M M_G2C13H1_M": [
        [-0.105709, 0.0130841, 0.000409079]
    ],
    "M_G2C13_M M_G2C13H2_M": [
        [-0.105702, 0.012635, 0.000395036]
    ],
    "M_G2C14_M M_G2C14H1_M": [
        [-0.109666, 0.0128205, 0.000400837]
    ],
    "M_G2C14_M M_G2C14H2_M": [
        [-0.109916, 0.0130401, 0.000407703]
    ],
    "M_G2C15_M M_G2C15H1_M": [
        [-0.113689, 0.0125909, 0.000393658]
    ],
    "M_G2C15_M M_G2C15H2_M": [
        [-0.11361, 0.0124551, 0.000389413]
    ],
    "M_G2C16_M M_G2C16H1_M": [
        [-0.10221, 0.0126853, 0.000396611]
    ],
    "M_G2C16_M M_G2C16H2_M": [
        [-0.101749, 0.0126398, 0.000395186]
    ],
    "M_G2C17_M M_G2C17H1_M": [
        [-0.0929917, 0.0134144, 0.000419405]
    ],
    "M_G2C17_M M_G2C17H2_M": [
        [-0.0926729, 0.0134122, 0.000419336]
    ],
    "M_G2C18_M M_G2C18H1_M": [
        [-0.0720988, 0.0136109, 0.000425549]
    ],
    "M_G2C18_M M_G2C18H2_M": [
        [-0.0711623, 0.0134968, 0.000421981]
    ],
    "M_G2C19_M M_G2C19H1_M": [
        [-0.024185, 0.0139212, 0.000435251]
    ],
    "M_G2C19_M M_G2C19H2_M": [
        [-0.0246286, 0.0136489, 0.000426735]
    ],
    "M_G2C19_M M_G2C19H3_M": [
        [-0.0232119, 0.0141623, 0.000442789]
    ],
    "M_G3_M M_G3H1_M": [
        [-0.23763, 0.0103172, 0.000322571]
    ],
    "M_G3_M M_G3H2_M": [
        [-0.219057, 0.0123093, 0.000384853]
    ],
    "M_G3C4_M M_G3C4H1_M": [
        [0.0368409, 0.0152318, 0.000476226]
    ],
    "M_G3C4_M M_G3C4H2_M": [
        [0.036472, 0.0150664, 0.000471054]
    ],
    "M_G3C5_M M_G3C5H1_M": [
        [-0.059284, 0.0139196, 0.000435201]
    ],
    "M_G3C5_M M_G3C5H2_M": [
        [-0.0613215, 0.0138348, 0.000432548]
    ],
    "M_G3N6C1_M M_G3N6C1H1_M": [
        [0.00878765, 0.0139447, 0.000435984]
    ],
    "M_G3N6C1_M M_G3N6C1H2_M": [
        [0.00944232, 0.0142596, 0.000445831]
    ],
    "M_G3N6C1_M M_G3N6C1H3_M": [
        [0.00855307, 0.0139537, 0.000436266]
    ],
    "M_G3N6C2_M M_G3N6C2H1_M": [
        [0.00926422, 0.0141785, 0.000443295]
    ],
    "M_G3N6C2_M M_G3N6C2H2_M": [
        [0.00879077, 0.0141675, 0.00044295]
    ],
    "M_G3N6C2_M M_G3N6C2H3_M": [
        [0.00896921, 0.0147846, 0.000462245]
    ],
    "M_G3N6C3_M M_G3N6C3H1_M": [
        [0.00868092, 0.014214, 0.000444403]
    ],
    "M_G3N6C3_M M_G3N6C3H2_M": [
        [0.0093282, 0.0144263, 0.000451042]
    ],
    "M_G3N6C3_M M_G3N6C3H3_M": [
        [0.00881271, 0.014232, 0.000444967]
    ]
}