{
    "M_G1_M M_G1H1_M": [
        [-0.180151, 0.0205259, 0.000908012]
    ],
    "M_G1_M M_G1H2_M": [
        [-0.0397997, 0.0185578, 0.00082095]
    ],
    "M_G1C3_M M_G1C3H1_M": [
        [-0.246634, 0.0116705, 0.000516273]
    ],
    "M_G1C3_M M_G1C3H2_M": [
        [-0.222833, 0.0118538, 0.000524383]
    ],
    "M_G1C4_M M_G1C4H1_M": [
        [-0.192474, 0.0101585, 0.000449387]
    ],
    "M_G1C4_M M_G1C4H2_M": [
        [-0.182373, 0.00991344, 0.000438545]
    ],
    "M_G1C5_M M_G1C5H1_M": [
        [-0.217522, 0.00991118, 0.000438445]
    ],
    "M_G1C5_M M_G1C5H2_M": [
        [-0.215509, 0.00941706, 0.000416586]
    ],
    "M_G1C6_M M_G1C6H1_M": [
        [-0.217319, 0.0101609, 0.000449491]
    ],
    "M_G1C6_M M_G1C6H2_M": [
        [-0.215287, 0.0100232, 0.000443401]
    ],
    "M_G1C7_M M_G1C7H1_M": [
        [-0.227706, 0.0102389, 0.000452941]
    ],
    "M_G1C7_M M_G1C7H2_M": [
        [-0.226147, 0.0102276, 0.000452443]
    ],
    "M_G1C8_M M_G1C8H1_M": [
        [-0.218554, 0.010563, 0.00046728]
    ],
    "M_G1C8_M M_G1C8H2_M": [
        [-0.217489, 0.0101541, 0.00044919]
    ],
    "M_G1C9_M M_G1C9H1_M": [
        [-0.21899, 0.0104598, 0.000462716]
    ],
    "M_G1C9_M M_G1C9H2_M": [
        [-0.217715, 0.0105182, 0.000465297]
    ],
    "M_G1C10_M M_G1C10H1_M": [
        [-0.205333, 0.0108607, 0.000480447]
    ],
    "M_G1C10_M M_G1C10H2_M": [
        [-0.204836, 0.010802, 0.000477852]
    ],
    "M_G1C11_M M_G1C11H1_M": [
        [-0.200292, 0.0110306, 0.000487963]
    ],
    "M_G1C11_M M_G1C11H2_M": [
        [-0.199941, 0.0108302, 0.000479099]
    ],
    "M_G1C12_M M_G1C12H1_M": [
        [-0.184422, 0.0109041, 0.00048237]
    ],
    "M_G1C12_M M_G1C12H2_M": [
        [-0.184238, 0.01084, 0.000479533]
    ],
    "M_G1C13_M M_G1C13H1_M": [
        [-0.174402, 0.0101124, 0.000447348]
    ],
    "M_G1C13_M M_G1C13H2_M": [
        [-0.17433, 0.0102527, 0.000453554]
    ],
    "M_G1C14_M M_G1C14H1_M": [
        [-0.153191, 0.00935913, 0.000414023]
    ],
    "M_G1C14_M M_G1C14H2_M": [
        [-0.152804, 0.00938975, 0.000415378]
    ],
    "M_G1C15_M M_G1C15H1_M": [
        [-0.133587, 0.00893896, 0.000395436]
    ],
    "M_G1C15_M M_G1C15H2_M": [
        [-0.133317, 0.00859395, 0.000380174]
    ],
    "M_G1C16_M M_G1C16H1_M": [
        [-0.0989093, 0.00779571, 0.000344862]
    ],
    "M_G1C16_M M_G1C16H2_M": [
        [-0.0990158, 0.00720163, 0.000318582]
    ],
    "M_G1C17_M M_G1C17H1_M": [
        [-0.0327968, 0.00607666, 0.000268816]
    ],
    "M_G1C17_M M_G1C17H2_M": [
        [-0.0322594, 0.0063683, 0.000281717]
    ],
    "M_G1C17_M M_G1C17H3_M": [
        [-0.0318677, 0.00617168, 0.000273019]
    ],
    "M_G2_M M_G2H1_M": [
        [-0.200617, 0.0172975, 0.000765196]
    ],
    "M_G2C3_M M_G2C3H1_M": [
        [-0.0920668, 0.0142524, 0.000630489]
    ],
    "M_G2C3_M M_G2C3H2_M": [
        [-0.126835, 0.0117817, 0.00052119]
    ],
    "M_G2C4_M M_G2C4H1_M": [
        [-0.217183, 0.0103493, 0.000457824]
    ],
    "M_G2C4_M M_G2C4H2_M": [
        [-0.220861, 0.00894628, 0.00039576]
    ],
    "M_G2C5_M M_G2C5H1_M": [
        [-0.223472, 0.00935654, 0.000413909]
    ],
    "M_G2C5_M M_G2C5H2_M": [
        [-0.226545, 0.00929742, 0.000411294]
    ],
    "M_G2C6_M M_G2C6H1_M": [
        [-0.23683, 0.00959357, 0.000424395]
    ],
    "M_G2C6_M M_G2C6H2_M": [
        [-0.23563, 0.00945477, 0.000418254]
    ],
    "M_G2C7_M M_G2C7H1_M": [
        [-0.233182, 0.00980343, 0.000433678]
    ],
    "M_G2C7_M M_G2C7H2_M": [
        [-0.232301, 0.00979481, 0.000433297]
    ],
    "M_G2C8_M M_G2C8H1_M": [
        [-0.234949, 0.00995417, 0.000440347]
    ],
    "M_G2C8_M M_G2C8H2_M": [
        [-0.234466, 0.00966167, 0.000427407]
    ],
    "M_G2C9_M M_G2C9H1_M": [
        [-0.226611, 0.0102275, 0.000452437]
    ],
    "M_G2C9_M M_G2C9H2_M": [
        [-0.225871, 0.0100781, 0.000445827]
    ],
    "M_G2C10_M M_G2C10H1_M": [
        [-0.221716, 0.0103908, 0.000459661]
    ],
    "M_G2C10_M M_G2C10H2_M": [
        [-0.222248, 0.0101206, 0.000447709]
    ],
    "M_G2C11_M M_G2C11H1_M": [
        [-0.209873, 0.0102274, 0.000452432]
    ],
    "M_G2C11_M M_G2C11H2_M": [
        [-0.209464, 0.0105832, 0.000468175]
    ],
    "M_G2C12_M M_G2C12H1_M": [
        [-0.201542, 0.0105523, 0.000466807]
    ],
    "M_G2C12_M M_G2C12H2_M": [
        [-0.201411, 0.0104308, 0.00046143]
    ],
    "M_G2C13_M M_G2C13H1_M": [
        [-0.186045, 0.0104419, 0.00046192]
    ],
    "M_G2C13_M M_G2C13H2_M": [
        [-0.186056, 0.0100655, 0.000445274]
    ],
    "M_G2C14_M M_G2C14H1_M": [
        [-0.172803, 0.00988863, 0.000437447]
    ],
    "M_G2C14_M M_G2C14H2_M": [
        [-0.172843, 0.00949857, 0.000420192]
    ],
    "M_G2C15_M M_G2C15H1_M": [
        [-0.147206, 0.00914852, 0.000404707]
    ],
    "M_G2C15_M M_G2C15H2_M": [
        [-0.14806, 0.00879668, 0.000389142]
    ],
    "M_G2C16_M M_G2C16H1_M": [
        [-0.118652, 0.00803114, 0.000355277]
    ],
    "M_G2C16_M M_G2C16H2_M": [
        [-0.118909, 0.00793446, 0.000351]
    ],
    "M_G2C17_M M_G2C17H1_M": [
        [-0.0302026, 0.00649595, 0.000287364]
    ],
    "M_G2C17_M M_G2C17H2_M": [
        [-0.0307511, 0.00633327, 0.000280167]
    ],
    "M_G2C17_M M_G2C17H3_M": [
        [-0.0312784, 0.00648659, 0.00028695]
    ],
    "M_G3_M M_G3H1_M": [
        [-0.232758, 0.014878, 0.000658164]
    ],
    "M_G3_M M_G3H2_M": [
        [-0.248975, 0.0123111, 0.00054461]
    ],
    "M_G3C4_M M_G3C4H1_M": [
        [0.0319012, 0.0115057, 0.000508982]
    ],
    "M_G3C4_M M_G3C4H2_M": [
        [0.0290915, 0.0108439, 0.000479708]
    ],
    "M_G3C5_M M_G3C5H1_M": [
        [-0.07113, 0.0101715, 0.000449963]
    ],
    "M_G3C5_M M_G3C5H2_M": [
        [-0.0715317, 0.0105796, 0.000468012]
    ],
    "M_G3N6C1_M M_G3N6C1H1_M": [
        [0.00965563, 0.0075891, 0.000335722]
    ],
    "M_G3N6C1_M M_G3N6C1H2_M": [
        [0.0108193, 0.00779795, 0.000344961]
    ],
    "M_G3N6C1_M M_G3N6C1H3_M": [
        [0.010663, 0.00747909, 0.000330856]
    ],
    "M_G3N6C2_M M_G3N6C2H1_M": [
        [0.0101693, 0.0074085, 0.000327733]
    ],
    "M_G3N6C2_M M_G3N6C2H2_M": [
        [0.0107169, 0.00783585, 0.000346638]
    ],
    "M_G3N6C2_M M_G3N6C2H3_M": [
        [0.0104829, 0.0071211, 0.000315019]
    ],
    "M_G3N6C3_M M_G3N6C3H1_M": [
        [0.0108485, 0.00782812, 0.000346295]
    ],
    "M_G3N6C3_M M_G3N6C3H2_M": [
        [0.0103842, 0.0073019, 0.000323017]
    ],
    "M_G3N6C3_M M_G3N6C3H3_M": [
        [0.0101579, 0.00720613, 0.00031878]
    ]
}