{
    "M_G1_M M_G1H1_M": [
        [-0.237982, 0.0644695, 0.00572074]
    ],
    "M_G1_M M_G1H2_M": [
        [-0.0400889, 0.119152, 0.010573]
    ],
    "M_G1C3_M M_G1C3H1_M": [
        [-0.357622, 0.0306174, 0.00271686]
    ],
    "M_G1C3_M M_G1C3H2_M": [
        [-0.351229, 0.0332552, 0.00295092]
    ],
    "M_G1C4_M M_G1C4H1_M": [
        [-0.367351, 0.0241103, 0.00213945]
    ],
    "M_G1C4_M M_G1C4H2_M": [
        [-0.359565, 0.0253034, 0.00224531]
    ],
    "M_G1C5_M M_G1C5H1_M": [
        [-0.392253, 0.0188837, 0.00167565]
    ],
    "M_G1C5_M M_G1C5H2_M": [
        [-0.390397, 0.0186408, 0.0016541]
    ],
    "M_G1C6_M M_G1C6H1_M": [
        [-0.402231, 0.016366, 0.00145225]
    ],
    "M_G1C6_M M_G1C6H2_M": [
        [-0.401315, 0.0164342, 0.0014583]
    ],
    "M_G1C7_M M_G1C7H1_M": [
        [-0.410449, 0.014526, 0.00128898]
    ],
    "M_G1C7_M M_G1C7H2_M": [
        [-0.409042, 0.0146029, 0.0012958]
    ],
    "M_G1C8_M M_G1C8H1_M": [
        [-0.410295, 0.0145993, 0.00129548]
    ],
    "M_G1C8_M M_G1C8H2_M": [
        [-0.409521, 0.0146689, 0.00130165]
    ],
    "M_G1C9_M M_G1C9H1_M": [
        [-0.411576, 0.0146798, 0.00130262]
    ],
    "M_G1C9_M M_G1C9H2_M": [
        [-0.41068, 0.0151126, 0.00134102]
    ],
    "M_G1C10_M M_G1C10H1_M": [
        [-0.406937, 0.0174172, 0.00154553]
    ],
    "M_G1C10_M M_G1C10H2_M": [
        [-0.406677, 0.017636, 0.00156494]
    ],
    "M_G1C11_M M_G1C11H1_M": [
        [-0.404783, 0.0190852, 0.00169353]
    ],
    "M_G1C11_M M_G1C11H2_M": [
        [-0.403956, 0.0198791, 0.00176399]
    ],
    "M_G1C12_M M_G1C12H1_M": [
        [-0.395906, 0.0236461, 0.00209825]
    ],
    "M_G1C12_M M_G1C12H2_M": [
        [-0.395706, 0.0235832, 0.00209267]
    ],
    "M_G1C13_M M_G1C13H1_M": [
        [-0.387565, 0.0265416, 0.00235518]
    ],
    "M_G1C13_M M_G1C13H2_M": [
        [-0.386804, 0.027018, 0.00239746]
    ],
    "M_G1C14_M M_G1C14H1_M": [
        [-0.365549, 0.031972, 0.00283706]
    ],
    "M_G1C14_M M_G1C14H2_M": [
        [-0.364886, 0.0323183, 0.00286779]
    ],
    "M_G1C15_M M_G1C15H1_M": [
        [-0.32786, 0.0356481, 0.00316326]
    ],
    "M_G1C15_M M_G1C15H2_M": [
        [-0.328264, 0.0355999, 0.00315898]
    ],
    "M_G1C16_M M_G1C16H1_M": [
        [-0.254359, 0.0382577, 0.00339482]
    ],
    "M_G1C16_M M_G1C16H2_M": [
        [-0.254074, 0.0383504, 0.00340305]
    ],
    "M_G1C17_M M_G1C17H1_M": [
        [-0.0809174, 0.0147194, 0.00130614]
    ],
    "M_G1C17_M M_G1C17H2_M": [
        [-0.0802725, 0.0143801, 0.00127602]
    ],
    "M_G1C17_M M_G1C17H3_M": [
        [-0.0809429, 0.0143092, 0.00126974]
    ],
    "M_G2_M M_G2H1_M": [
        [-0.252503, 0.0524522, 0.00465438]
    ],
    "M_G2C3_M M_G2C3H1_M": [
        [-0.137145, 0.0855703, 0.00759313]
    ],
    "M_G2C3_M M_G2C3H2_M": [
        [-0.234439, 0.0496295, 0.0044039]
    ],
    "M_G2C4_M M_G2C4H1_M": [
        [-0.352986, 0.0286249, 0.00254005]
    ],
    "M_G2C4_M M_G2C4H2_M": [
        [-0.353246, 0.0270702, 0.00240209]
    ],
    "M_G2C5_M M_G2C5H1_M": [
        [-0.377214, 0.0219793, 0.00195035]
    ],
    "M_G2C5_M M_G2C5H2_M": [
        [-0.379542, 0.0201826, 0.00179091]
    ],
    "M_G2C6_M M_G2C6H1_M": [
        [-0.402261, 0.0163946, 0.00145479]
    ],
    "M_G2C6_M M_G2C6H2_M": [
        [-0.401235, 0.0165827, 0.00147147]
    ],
    "M_G2C7_M M_G2C7H1_M": [
        [-0.408128, 0.0144288, 0.00128035]
    ],
    "M_G2C7_M M_G2C7H2_M": [
        [-0.407501, 0.0146141, 0.00129679]
    ],
    "M_G2C8_M M_G2C8H1_M": [
        [-0.414005, 0.0130783, 0.00116051]
    ],
    "M_G2C8_M M_G2C8H2_M": [
        [-0.413781, 0.0129862, 0.00115234]
    ],
    "M_G2C9_M M_G2C9H1_M": [
        [-0.413958, 0.0130725, 0.00115999]
    ],
    "M_G2C9_M M_G2C9H2_M": [
        [-0.413889, 0.0131546, 0.00116728]
    ],
    "M_G2C10_M M_G2C10H1_M": [
        [-0.4149, 0.0133432, 0.00118401]
    ],
    "M_G2C10_M M_G2C10H2_M": [
        [-0.414612, 0.0131337, 0.00116542]
    ],
    "M_G2C11_M M_G2C11H1_M": [
        [-0.411083, 0.0147344, 0.00130747]
    ],
    "M_G2C11_M M_G2C11H2_M": [
        [-0.41128, 0.0149807, 0.00132932]
    ],
    "M_G2C12_M M_G2C12H1_M": [
        [-0.40829, 0.0166649, 0.00147878]
    ],
    "M_G2C12_M M_G2C12H2_M": [
        [-0.408712, 0.0165093, 0.00146496]
    ],
    "M_G2C13_M M_G2C13H1_M": [
        [-0.400316, 0.0203534, 0.00180607]
    ],
    "M_G2C13_M M_G2C13H2_M": [
        [-0.400713, 0.020275, 0.00179912]
    ],
    "M_G2C14_M M_G2C14H1_M": [
        [-0.390566, 0.023867, 0.00211785]
    ],
    "M_G2C14_M M_G2C14H2_M": [
        [-0.390912, 0.0239983, 0.0021295]
    ],
    "M_G2C15_M M_G2C15H1_M": [
        [-0.362932, 0.0295763, 0.00262448]
    ],
    "M_G2C15_M M_G2C15H2_M": [
        [-0.363186, 0.0299371, 0.00265648]
    ],
    "M_G2C16_M M_G2C16H1_M": [
        [-0.314093, 0.033623, 0.00298356]
    ],
    "M_G2C16_M M_G2C16H2_M": [
        [-0.314192, 0.0342985, 0.0030435]
    ],
    "M_G2C17_M M_G2C17H1_M": [
        [-0.0898543, 0.0139211, 0.0012353]
    ],
    "M_G2C17_M M_G2C17H2_M": [
        [-0.0888852, 0.0144713, 0.00128412]
    ],
    "M_G2C17_M M_G2C17H3_M": [
        [-0.0894534, 0.0137918, 0.00122382]
    ],
    "M_G3_M M_G3H1_M": [
        [-0.241613, 0.0631818, 0.00560648]
    ],
    "M_G3_M M_G3H2_M": [
        [-0.258412, 0.0567715, 0.00503765]
    ],
    "M_G3C4_M M_G3C4H1_M": [
        [0.0333451, 0.0224753, 0.00199436]
    ],
    "M_G3C4_M M_G3C4H2_M": [
        [0.0281492, 0.0211741, 0.0018789]
    ],
    "M_G3C5_M M_G3C5H1_M": [
        [-0.0762209, 0.0266764, 0.00236715]
    ],
    "M_G3C5_M M_G3C5H2_M": [
        [-0.0755507, 0.0259893, 0.00230618]
    ],
    "M_G3N6C1_M M_G3N6C1H1_M": [
        [0.0125632, 0.00753097, 0.000668266]
    ],
    "M_G3N6C1_M M_G3N6C1H2_M": [
        [0.0124809, 0.00826796, 0.000733663]
    ],
    "M_G3N6C1_M M_G3N6C1H3_M": [
        [0.0125814, 0.00763567, 0.000677556]
    ],
    "M_G3N6C2_M M_G3N6C2H1_M": [
        [0.0126757, 0.00747066, 0.000662914]
    ],
    "M_G3N6C2_M M_G3N6C2H2_M": [
        [0.0131023, 0.00783454, 0.000695203]
    ],
    "M_G3N6C2_M M_G3N6C2H3_M": [
        [0.0127891, 0.00739204, 0.000655938]
    ],
    "M_G3N6C3_M M_G3N6C3H1_M": [
        [0.0110038, 0.00760558, 0.000674886]
    ],
    "M_G3N6C3_M M_G3N6C3H2_M": [
        [0.0125507, 0.00837868, 0.000743488]
    ],
    "M_G3N6C3_M M_G3N6C3H3_M": [
        [0.0126886, 0.00704219, 0.000624893]
    ]
}