{
    "M_G1_M M_G1H1_M": [
        [-0.176921, 0.0240307, 0.00170349]
    ],
    "M_G1_M M_G1H2_M": [
        [-0.040915, 0.0197292, 0.00139857]
    ],
    "M_G1C3_M M_G1C3H1_M": [
        [-0.226677, 0.0143378, 0.00101638]
    ],
    "M_G1C3_M M_G1C3H2_M": [
        [-0.191704, 0.014189, 0.00100583]
    ],
    "M_G1C4_M M_G1C4H1_M": [
        [-0.159369, 0.0102449, 0.00072624]
    ],
    "M_G1C4_M M_G1C4H2_M": [
        [-0.145322, 0.0110184, 0.000781072]
    ],
    "M_G1C5_M M_G1C5H1_M": [
        [-0.187278, 0.00960101, 0.000680598]
    ],
    "M_G1C5_M M_G1C5H2_M": [
        [-0.186123, 0.00963755, 0.000683188]
    ],
    "M_G1C6_M M_G1C6H1_M": [
        [-0.185582, 0.00948223, 0.000672177]
    ],
    "M_G1C6_M M_G1C6H2_M": [
        [-0.183901, 0.00973612, 0.000690175]
    ],
    "M_G1C7_M M_G1C7H1_M": [
        [-0.197543, 0.00962029, 0.000681964]
    ],
    "M_G1C7_M M_G1C7H2_M": [
        [-0.196806, 0.00972591, 0.000689452]
    ],
    "M_G1C8_M M_G1C8H1_M": [
        [-0.185567, 0.00973103, 0.000689814]
    ],
    "M_G1C8_M M_G1C8H2_M": [
        [-0.185644, 0.0092954, 0.000658933]
    ],
    "M_G1C9_M M_G1C9H1_M": [
        [-0.18402, 0.00953422, 0.000675863]
    ],
    "M_G1C9_M M_G1C9H2_M": [
        [-0.183977, 0.00946078, 0.000670657]
    ],
    "M_G1C10_M M_G1C10H1_M": [
        [-0.166672, 0.0090918, 0.0006445]
    ],
    "M_G1C10_M M_G1C10H2_M": [
        [-0.166353, 0.00916873, 0.000649954]
    ],
    "M_G1C11_M M_G1C11H1_M": [
        [-0.15893, 0.00867907, 0.000615243]
    ],
    "M_G1C11_M M_G1C11H2_M": [
        [-0.15872, 0.00893081, 0.000633088]
    ],
    "M_G1C12_M M_G1C12H1_M": [
        [-0.139851, 0.00807648, 0.000572527]
    ],
    "M_G1C12_M M_G1C12H2_M": [
        [-0.139411, 0.00809473, 0.00057382]
    ],
    "M_G1C13_M M_G1C13H1_M": [
        [-0.129091, 0.00728577, 0.000516475]
    ],
    "M_G1C13_M M_G1C13H2_M": [
        [-0.12922, 0.00728852, 0.000516669]
    ],
    "M_G1C14_M M_G1C14H1_M": [
        [-0.109625, 0.00618673, 0.000438566]
    ],
    "M_G1C14_M M_G1C14H2_M": [
        [-0.10973, 0.00612566, 0.000434236]
    ],
    "M_G1C15_M M_G1C15H1_M": [
        [-0.0952852, 0.0052302, 0.000370759]
    ],
    "M_G1C15_M M_G1C15H2_M": [
        [-0.0955875, 0.00511458, 0.000362563]
    ],
    "M_G1C16_M M_G1C16H1_M": [
        [-0.0698453, 0.00400838, 0.000284146]
    ],
    "M_G1C16_M M_G1C16H2_M": [
        [-0.0698138, 0.00386721, 0.000274139]
    ],
    "M_G1C17_M M_G1C17H1_M": [
        [-0.0230015, 0.00223599, 0.000158505]
    ],
    "M_G1C17_M M_G1C17H2_M": [
        [-0.0229481, 0.00205221, 0.000145477]
    ],
    "M_G1C17_M M_G1C17H3_M": [
        [-0.0231589, 0.00205046, 0.000145353]
    ],
    "M_G2_M M_G2H1_M": [
        [-0.197136, 0.0198486, 0.00140703]
    ],
    "M_G2C3_M M_G2C3H1_M": [
        [-0.0618187, 0.0162193, 0.00114976]
    ],
    "M_G2C3_M M_G2C3H2_M": [
        [-0.0958918, 0.0133662, 0.000947503]
    ],
    "M_G2C4_M M_G2C4H1_M": [
        [-0.186169, 0.0119226, 0.000845174]
    ],
    "M_G2C4_M M_G2C4H2_M": [
        [-0.192352, 0.0105757, 0.00074969]
    ],
    "M_G2C5_M M_G2C5H1_M": [
        [-0.183454, 0.01097, 0.000777642]
    ],
    "M_G2C5_M M_G2C5H2_M": [
        [-0.18537, 0.0106399, 0.000754242]
    ],
    "M_G2C6_M M_G2C6H1_M": [
        [-0.192761, 0.0110112, 0.000780561]
    ],
    "M_G2C6_M M_G2C6H2_M": [
        [-0.190925, 0.0106691, 0.00075631]
    ],
    "M_G2C7_M M_G2C7H1_M": [
        [-0.170175, 0.0105288, 0.000746364]
    ],
    "M_G2C7_M M_G2C7H2_M": [
        [-0.169376, 0.00979939, 0.00069466]
    ],
    "M_G2C8_M M_G2C8H1_M": [
        [-0.161295, 0.009987, 0.00070796]
    ],
    "M_G2C8_M M_G2C8H2_M": [
        [-0.161018, 0.00984307, 0.000697757]
    ],
    "M_G2C9_M M_G2C9H1_M": [
        [-0.092229, 0.00894753, 0.000634274]
    ],
    "M_G2C9_M M_G2C9H2_M": [
        [-0.09326, 0.00906989, 0.000642948]
    ],
    "M_G2C10_M M_G2C10H1_M": [
        [-0.0473768, 0.0108758, 0.000770962]
    ],
    "M_G2C11_M M_G2C11H1_M": [
        [-0.0379546, 0.00896695, 0.00063565]
    ],
    "M_G2C12_M M_G2C12H1_M": [
        [-0.0655828, 0.00819476, 0.000580911]
    ],
    "M_G2C12_M M_G2C12H2_M": [
        [-0.0659746, 0.0080535, 0.000570897]
    ],
    "M_G2C13_M M_G2C13H1_M": [
        [-0.100846, 0.0081886, 0.000580475]
    ],
    "M_G2C13_M M_G2C13H2_M": [
        [-0.100756, 0.00808753, 0.00057331]
    ],
    "M_G2C14_M M_G2C14H1_M": [
        [-0.105208, 0.00734423, 0.000520618]
    ],
    "M_G2C14_M M_G2C14H2_M": [
        [-0.10575, 0.00751227, 0.000532531]
    ],
    "M_G2C15_M M_G2C15H1_M": [
        [-0.108686, 0.00716274, 0.000507753]
    ],
    "M_G2C15_M M_G2C15H2_M": [
        [-0.109034, 0.00698954, 0.000495475]
    ],
    "M_G2C16_M M_G2C16H1_M": [
        [-0.0983352, 0.00615377, 0.000436229]
    ],
    "M_G2C16_M M_G2C16H2_M": [
        [-0.0982286, 0.00578822, 0.000410316]
    ],
    "M_G2C17_M M_G2C17H1_M": [
        [-0.0883584, 0.00508809, 0.000360685]
    ],
    "M_G2C17_M M_G2C17H2_M": [
        [-0.0886216, 0.00483533, 0.000342768]
    ],
    "M_G2C18_M M_G2C18H1_M": [
        [-0.0679844, 0.00393053, 0.000278628]
    ],
    "M_G2C18_M M_G2C18H2_M": [
        [-0.0678555, 0.00384693, 0.000272702]
    ],
    "M_G2C19_M M_G2C19H1_M": [
        [-0.0214267, 0.00194048, 0.000137557]
    ],
    "M_G2C19_M M_G2C19H2_M": [
        [-0.0209416, 0.00239161, 0.000169537]
    ],
    "M_G2C19_M M_G2C19H3_M": [
        [-0.0211505, 0.00221979, 0.000157356]
    ],
    "M_G3_M M_G3H1_M": [
        [-0.225307, 0.0169667, 0.00120274]
    ],
    "M_G3_M M_G3H2_M": [
        [-0.248348, 0.0126113, 0.000893992]
    ],
    "M_G3C4_M M_G3C4H1_M": [
        [0.0269468, 0.0122636, 0.000869345]
    ],
    "M_G3C4_M M_G3C4H2_M": [
        [0.0247211, 0.0125691, 0.000890999]
    ],
    "M_G3C5_M M_G3C5H1_M": [
        [-0.0802424, 0.0106314, 0.000753641]
    ],
    "M_G3C5_M M_G3C5H2_M": [
        [-0.0825436, 0.0117101, 0.000830105]
    ],
    "M_G3N6C1_M M_G3N6C1H1_M": [
        [0.0116206, 0.00629739, 0.00044641]
    ],
    "M_G3N6C1_M M_G3N6C1H2_M": [
        [0.0117692, 0.00595315, 0.000422008]
    ],
    "M_G3N6C1_M M_G3N6C1H3_M": [
        [0.0117241, 0.00675466, 0.000478825]
    ],
    "M_G3N6C2_M M_G3N6C2H1_M": [
        [0.0115111, 0.00628675, 0.000445656]
    ],
    "M_G3N6C2_M M_G3N6C2H2_M": [
        [0.0115187, 0.00675594, 0.000478916]
    ],
    "M_G3N6C2_M M_G3N6C2H3_M": [
        [0.0124645, 0.00627384, 0.00044474]
    ],
    "M_G3N6C3_M M_G3N6C3H1_M": [
        [0.0114115, 0.00582229, 0.000412731]
    ],
    "M_G3N6C3_M M_G3N6C3H2_M": [
        [0.0120245, 0.00610184, 0.000432548]
    ],
    "M_G3N6C3_M M_G3N6C3H3_M": [
        [0.0112089, 0.00576309, 0.000408535]
    ]
}