{
    "M_C3_M M_C3H1_M": [
        [-0.400582, 0.0463496, 0.00424886]
    ],
    "M_C4_M M_C4H1_M": [
        [-0.347715, 0.0532365, 0.00488018]
    ],
    "M_C4_M M_C4H2_M": [
        [-0.207468, 0.0626014, 0.00573866]
    ],
    "M_C6_M M_C6H1_M": [
        [-0.0430558, 0.0703337, 0.00644748]
    ],
    "M_C7_M M_C7H1_M": [
        [-0.305737, 0.0494766, 0.00453552]
    ],
    "M_C7_M M_C7H2_M": [
        [-0.360916, 0.0521203, 0.00477786]
    ],
    "M_C8_M M_C8H1_M": [
        [-0.437031, 0.0433921, 0.00397775]
    ],
    "M_C14_M M_C14H1_M": [
        [-0.435566, 0.0415635, 0.00381012]
    ],
    "M_C15_M M_C15H1_M": [
        [-0.392852, 0.0487329, 0.00446734]
    ],
    "M_C15_M M_C15H2_M": [
        [-0.367968, 0.0498992, 0.00457425]
    ],
    "M_C16_M M_C16H1_M": [
        [-0.109113, 0.0546706, 0.00501165]
    ],
    "M_C16_M M_C16H2_M": [
        [-0.165493, 0.0590162, 0.00541001]
    ],
    "M_C17_M M_C17H1_M": [
        [-0.434599, 0.0416698, 0.00381986]
    ],
    "M_C18_M M_C18H1_M": [
        [0.126999, 0.015827, 0.00145086]
    ],
    "M_C18_M M_C18H2_M": [
        [0.12591, 0.0157839, 0.00144691]
    ],
    "M_C18_M M_C18H3_M": [
        [0.125695, 0.015897, 0.00145727]
    ],
    "M_C12_M M_C12H1_M": [
        [-0.126805, 0.0668456, 0.00612772]
    ],
    "M_C12_M M_C12H2_M": [
        [-0.427303, 0.0443468, 0.00406526]
    ],
    "M_C11_M M_C11H1_M": [
        [-0.434818, 0.0433475, 0.00397366]
    ],
    "M_C11_M M_C11H2_M": [
        [-0.248308, 0.0534123, 0.0048963]
    ],
    "M_C9_M M_C9H1_M": [
        [-0.433093, 0.0421152, 0.0038607]
    ],
    "M_C19_M M_C19H1_M": [
        [0.126183, 0.0148436, 0.00136071]
    ],
    "M_C19_M M_C19H2_M": [
        [0.12394, 0.015215, 0.00139476]
    ],
    "M_C19_M M_C19H3_M": [
        [0.123454, 0.0144203, 0.0013219]
    ],
    "M_C1_M M_C1H1_M": [
        [-0.222664, 0.062064, 0.0056894]
    ],
    "M_C1_M M_C1H2_M": [
        [-0.396386, 0.0490163, 0.00449331]
    ],
    "M_C2_M M_C2H1_M": [
        [-0.240828, 0.0514249, 0.00471411]
    ],
    "M_C2_M M_C2H2_M": [
        [-0.380395, 0.0502199, 0.00460365]
    ],
    "M_C20_M M_C20H1_M": [
        [-0.421208, 0.041279, 0.00378404]
    ],
    "M_C21_M M_C21H1_M": [
        [0.120497, 0.0149316, 0.00136878]
    ],
    "M_C21_M M_C21H2_M": [
        [0.120813, 0.0147368, 0.00135092]
    ],
    "M_C21_M M_C21H3_M": [
        [0.120462, 0.0137383, 0.00125939]
    ],
    "M_C22_M M_C22H1_M": [
        [-0.385568, 0.0652349, 0.00598007]
    ],
    "M_C22_M M_C22H2_M": [
        [-0.408176, 0.038442, 0.00352397]
    ],
    "M_C23_M M_C23H1_M": [
        [-0.331473, 0.0624712, 0.00572672]
    ],
    "M_C23_M M_C23H2_M": [
        [-0.400186, 0.041264, 0.00378266]
    ],
    "M_C24_M M_C24H1_M": [
        [-0.314388, 0.0553043, 0.00506974]
    ],
    "M_C24_M M_C24H2_M": [
        [-0.364274, 0.0432101, 0.00396106]
    ],
    "M_C25_M M_C25H1_M": [
        [-0.244884, 0.0485381, 0.00444948]
    ],
    "M_C26_M M_C26H1_M": [
        [0.0218879, 0.0115756, 0.00106113]
    ],
    "M_C26_M M_C26H2_M": [
        [0.020309, 0.0104531, 0.000958236]
    ],
    "M_C26_M M_C26H3_M": [
        [0.0205562, 0.0106085, 0.000972476]
    ],
    "M_C27_M M_C27H1_M": [
        [0.0290049, 0.0123105, 0.0011285]
    ],
    "M_C27_M M_C27H2_M": [
        [0.0279432, 0.0111532, 0.00102241]
    ],
    "M_C27_M M_C27H3_M": [
        [0.028569, 0.0110586, 0.00101374]
    ]
}