{
    "M_G1_M M_G1H1_M": [
        [-0.159635, 0.102053, 0.00905575]
    ],
    "M_G1_M M_G1H2_M": [
        [0.201877, 0.155956, 0.0138389]
    ],
    "M_G1C3_M M_G1C3H1_M": [
        [-0.22467, 0.0403885, 0.0035839]
    ],
    "M_G1C3_M M_G1C3H2_M": [
        [-0.201966, 0.0459093, 0.00407379]
    ],
    "M_G1C4_M M_G1C4H1_M": [
        [-0.209207, 0.033149, 0.0029415]
    ],
    "M_G1C4_M M_G1C4H2_M": [
        [-0.205829, 0.0331365, 0.00294039]
    ],
    "M_G1C5_M M_G1C5H1_M": [
        [-0.224571, 0.0362297, 0.00321487]
    ],
    "M_G1C5_M M_G1C5H2_M": [
        [-0.225044, 0.0354623, 0.00314677]
    ],
    "M_G1C6_M M_G1C6H1_M": [
        [-0.239812, 0.034984, 0.00310433]
    ],
    "M_G1C6_M M_G1C6H2_M": [
        [-0.237169, 0.0367008, 0.00325667]
    ],
    "M_G1C7_M M_G1C7H1_M": [
        [-0.244551, 0.0340759, 0.00302374]
    ],
    "M_G1C7_M M_G1C7H2_M": [
        [-0.244621, 0.0346226, 0.00307226]
    ],
    "M_G1C8_M M_G1C8H1_M": [
        [-0.244176, 0.0332517, 0.00295061]
    ],
    "M_G1C8_M M_G1C8H2_M": [
        [-0.244321, 0.0347572, 0.0030842]
    ],
    "M_G1C9_M M_G1C9H1_M": [
        [-0.24014, 0.0318284, 0.00282432]
    ],
    "M_G1C9_M M_G1C9H2_M": [
        [-0.241076, 0.032203, 0.00285755]
    ],
    "M_G1C10_M M_G1C10H1_M": [
        [-0.232736, 0.0319064, 0.00283124]
    ],
    "M_G1C10_M M_G1C10H2_M": [
        [-0.233675, 0.0319639, 0.00283633]
    ],
    "M_G1C11_M M_G1C11H1_M": [
        [-0.22141, 0.0321613, 0.00285385]
    ],
    "M_G1C11_M M_G1C11H2_M": [
        [-0.221312, 0.0306474, 0.00271952]
    ],
    "M_G1C12_M M_G1C12H1_M": [
        [-0.205676, 0.030995, 0.00275036]
    ],
    "M_G1C12_M M_G1C12H2_M": [
        [-0.205831, 0.0293515, 0.00260452]
    ],
    "M_G1C13_M M_G1C13H1_M": [
        [-0.185912, 0.0290185, 0.00257498]
    ],
    "M_G1C13_M M_G1C13H2_M": [
        [-0.186449, 0.0278013, 0.00246696]
    ],
    "M_G1C14_M M_G1C14H1_M": [
        [-0.16382, 0.0274912, 0.00243945]
    ],
    "M_G1C14_M M_G1C14H2_M": [
        [-0.163892, 0.0262437, 0.00232875]
    ],
    "M_G1C15_M M_G1C15H1_M": [
        [-0.137485, 0.0234225, 0.00207841]
    ],
    "M_G1C15_M M_G1C15H2_M": [
        [-0.137054, 0.0223657, 0.00198463]
    ],
    "M_G1C16_M M_G1C16H1_M": [
        [-0.102876, 0.0189636, 0.00168275]
    ],
    "M_G1C16_M M_G1C16H2_M": [
        [-0.104096, 0.0189736, 0.00168364]
    ],
    "M_G1C17_M M_G1C17H1_M": [
        [-0.0270293, 0.00808806, 0.0007177]
    ],
    "M_G1C17_M M_G1C17H2_M": [
        [-0.0266588, 0.00780176, 0.000692294]
    ],
    "M_G1C17_M M_G1C17H3_M": [
        [-0.0271228, 0.00760208, 0.000674575]
    ],
    "M_G2_M M_G2H1_M": [
        [-0.243964, 0.0779444, 0.00691645]
    ],
    "M_G2C3_M M_G2C3H1_M": [
        [-0.242922, 0.0529539, 0.0046989]
    ],
    "M_G2C3_M M_G2C3H2_M": [
        [-0.21575, 0.0680345, 0.00603708]
    ],
    "M_G2C4_M M_G2C4H1_M": [
        [-0.222387, 0.0356849, 0.00316652]
    ],
    "M_G2C4_M M_G2C4H2_M": [
        [-0.218265, 0.0370846, 0.00329073]
    ],
    "M_G2C5_M M_G2C5H1_M": [
        [-0.218266, 0.0377718, 0.00335171]
    ],
    "M_G2C5_M M_G2C5H2_M": [
        [-0.216742, 0.0381583, 0.00338601]
    ],
    "M_G2C6_M M_G2C6H1_M": [
        [-0.22757, 0.0352773, 0.00313036]
    ],
    "M_G2C6_M M_G2C6H2_M": [
        [-0.226652, 0.0384772, 0.0034143]
    ],
    "M_G2C7_M M_G2C7H1_M": [
        [-0.208272, 0.036776, 0.00326334]
    ],
    "M_G2C7_M M_G2C7H2_M": [
        [-0.207489, 0.038585, 0.00342386]
    ],
    "M_G2C8_M M_G2C8H1_M": [
        [-0.189328, 0.0347392, 0.0030826]
    ],
    "M_G2C8_M M_G2C8H2_M": [
        [-0.187148, 0.0346265, 0.00307261]
    ],
    "M_G2C9_M M_G2C9H1_M": [
        [-0.119207, 0.0371068, 0.00329269]
    ],
    "M_G2C9_M M_G2C9H2_M": [
        [-0.117994, 0.0375128, 0.00332873]
    ],
    "M_G2C10_M M_G2C10H1_M": [
        [-0.0788082, 0.0465698, 0.0041324]
    ],
    "M_G2C11_M M_G2C11H1_M": [
        [-0.0460353, 0.0376551, 0.00334135]
    ],
    "M_G2C12_M M_G2C12H1_M": [
        [-0.0737496, 0.0338075, 0.00299993]
    ],
    "M_G2C12_M M_G2C12H2_M": [
        [-0.0726031, 0.0351102, 0.00311553]
    ],
    "M_G2C13_M M_G2C13H1_M": [
        [-0.122598, 0.0328472, 0.00291472]
    ],
    "M_G2C13_M M_G2C13H2_M": [
        [-0.123557, 0.0305883, 0.00271427]
    ],
    "M_G2C14_M M_G2C14H1_M": [
        [-0.134389, 0.0308967, 0.00274164]
    ],
    "M_G2C14_M M_G2C14H2_M": [
        [-0.13665, 0.0286025, 0.00253806]
    ],
    "M_G2C15_M M_G2C15H1_M": [
        [-0.142364, 0.0286192, 0.00253954]
    ],
    "M_G2C15_M M_G2C15H2_M": [
        [-0.143505, 0.0282019, 0.00250251]
    ],
    "M_G2C16_M M_G2C16H1_M": [
        [-0.128991, 0.0266545, 0.0023652]
    ],
    "M_G2C16_M M_G2C16H2_M": [
        [-0.128198, 0.0261763, 0.00232277]
    ],
    "M_G2C17_M M_G2C17H1_M": [
        [-0.115205, 0.022319, 0.00198049]
    ],
    "M_G2C17_M M_G2C17H2_M": [
        [-0.115465, 0.0228654, 0.00202898]
    ],
    "M_G2C18_M M_G2C18H1_M": [
        [-0.0860562, 0.0180406, 0.00160085]
    ],
    "M_G2C18_M M_G2C18H2_M": [
        [-0.0858873, 0.0183831, 0.00163124]
    ],
    "M_G2C19_M M_G2C19H1_M": [
        [-0.0261454, 0.00724602, 0.000642981]
    ],
    "M_G2C19_M M_G2C19H2_M": [
        [-0.0273769, 0.00727106, 0.000645203]
    ],
    "M_G2C19_M M_G2C19H3_M": [
        [-0.0266624, 0.00759835, 0.000674245]
    ],
    "M_G3_M M_G3H1_M": [
        [-0.2914, 0.0833123, 0.00739277]
    ],
    "M_G3_M M_G3H2_M": [
        [-0.248158, 0.0697158, 0.00618628]
    ],
    "M_G3C4_M M_G3C4H1_M": [
        [0.000339332, 0.071957, 0.00638515]
    ],
    "M_G3C4_M M_G3C4H2_M": [
        [-0.0073074, 0.0672603, 0.00596838]
    ],
    "M_G3C5_M M_G3C5H1_M": [
        [-0.131632, 0.0631628, 0.0056048]
    ],
    "M_G3C5_M M_G3C5H2_M": [
        [-0.138169, 0.0531965, 0.00472043]
    ],
    "M_G3N6C1_M M_G3N6C1H1_M": [
        [0.0163023, 0.0200756, 0.00178142]
    ],
    "M_G3N6C1_M M_G3N6C1H2_M": [
        [0.0144138, 0.0217496, 0.00192997]
    ],
    "M_G3N6C1_M M_G3N6C1H3_M": [
        [0.0117024, 0.0180048, 0.00159767]
    ],
    "M_G3N6C2_M M_G3N6C2H1_M": [
        [0.00940392, 0.0221946, 0.00196945]
    ],
    "M_G3N6C2_M M_G3N6C2H2_M": [
        [0.0140457, 0.0244961, 0.00217368]
    ],
    "M_G3N6C2_M M_G3N6C2H3_M": [
        [0.0118695, 0.0208333, 0.00184865]
    ],
    "M_G3N6C3_M M_G3N6C3H1_M": [
        [0.0116438, 0.0208182, 0.00184732]
    ],
    "M_G3N6C3_M M_G3N6C3H2_M": [
        [0.0141828, 0.0215537, 0.00191258]
    ],
    "M_G3N6C3_M M_G3N6C3H3_M": [
        [0.0131506, 0.0205231, 0.00182113]
    ]
}