{
    "M_G01_M M_G01H1_M": [
        [0.0711801, 0.0107798, 0.00172616]
    ],
    "M_G01_M M_G01H2_M": [
        [0.093184, 0.0120832, 0.00193487]
    ],
    "M_G02_M M_G02H1_M": [
        [0.108287, 0.0141007, 0.00225791]
    ],
    "M_G03_M M_G03H1_M": [
        [0.0523172, 0.00919369, 0.00147217]
    ],
    "M_G03_M M_G03H2_M": [
        [0.111313, 0.0111929, 0.00179229]
    ],
    "M_G13_M M_G13H1_M": [
        [-0.232346, 0.0110195, 0.00176453]
    ],
    "M_G13_M M_G13H2_M": [
        [-0.199018, 0.0178339, 0.00285571]
    ],
    "M_G12_M M_G12H1_M": [
        [-0.163735, 0.0195098, 0.00312407]
    ],
    "M_G11_M M_G11H1_M": [
        [-0.0409067, 0.0187422, 0.00300116]
    ],
    "M_G11_M M_G11H2_M": [
        [-0.156588, 0.0149678, 0.00239677]
    ],
    "M_G23_M M_G23H1_M": [
        [-0.196102, 0.0173883, 0.00278436]
    ],
    "M_G23_M M_G23H2_M": [
        [-0.235552, 0.0105214, 0.00168478]
    ],
    "M_G22_M M_G22H1_M": [
        [-0.163173, 0.0226182, 0.00362181]
    ],
    "M_G21_M M_G21H1_M": [
        [-0.15571, 0.0208699, 0.00334186]
    ],
    "M_G21_M M_G21H2_M": [
        [-0.0388634, 0.0168011, 0.00269034]
    ],
    "M_G22C3_M M_G22C3H1_M": [
        [-0.082109, 0.0124546, 0.00199433]
    ],
    "M_G22C3_M M_G22C3H2_M": [
        [-0.0984938, 0.0138601, 0.00221939]
    ],
    "M_G22C4_M M_G22C4H1_M": [
        [-0.194477, 0.00903741, 0.00144714]
    ],
    "M_G22C4_M M_G22C4H2_M": [
        [-0.19328, 0.00989506, 0.00158448]
    ],
    "M_G22C5_M M_G22C5H1_M": [
        [-0.199279, 0.00797266, 0.00127665]
    ],
    "M_G22C5_M M_G22C5H2_M": [
        [-0.200953, 0.00888536, 0.0014228]
    ],
    "M_G22C6_M M_G22C6H1_M": [
        [-0.208862, 0.00837197, 0.00134059]
    ],
    "M_G22C6_M M_G22C6H2_M": [
        [-0.208085, 0.00814432, 0.00130413]
    ],
    "M_G22C7_M M_G22C7H1_M": [
        [-0.188369, 0.00726384, 0.00116315]
    ],
    "M_G22C7_M M_G22C7H2_M": [
        [-0.187568, 0.00791982, 0.00126819]
    ],
    "M_G22C8_M M_G22C8H1_M": [
        [-0.176942, 0.00714977, 0.00114488]
    ],
    "M_G22C8_M M_G22C8H2_M": [
        [-0.177335, 0.00755498, 0.00120977]
    ],
    "M_G22C9_M M_G22C9H1_M": [
        [-0.104165, 0.00689272, 0.00110372]
    ],
    "M_G22C9_M M_G22C9H2_M": [
        [-0.106303, 0.00727918, 0.0011656]
    ],
    "M_G22C10_M M_G22C10H1_M": [
        [-0.0547381, 0.0074798, 0.00119773]
    ],
    "M_G22C11_M M_G22C11H1_M": [
        [-0.0317943, 0.00663883, 0.00106306]
    ],
    "M_G22C12_M M_G22C12H1_M": [
        [-0.0223711, 0.00452729, 0.000724947]
    ],
    "M_G22C12_M M_G22C12H2_M": [
        [-0.0217685, 0.00496757, 0.000795447]
    ],
    "M_G22C13_M M_G22C13H1_M": [
        [-0.0400782, 0.00495559, 0.000793529]
    ],
    "M_G22C14_M M_G22C14H1_M": [
        [-0.0171894, 0.00478512, 0.000766232]
    ],
    "M_G22C15_M M_G22C15H1_M": [
        [-0.0502751, 0.00400689, 0.000641616]
    ],
    "M_G22C15_M M_G22C15H2_M": [
        [-0.0500281, 0.00384401, 0.000615534]
    ],
    "M_G22C16_M M_G22C16H1_M": [
        [-0.0722595, 0.00361116, 0.000578249]
    ],
    "M_G22C16_M M_G22C16H2_M": [
        [-0.0711624, 0.00406845, 0.000651474]
    ],
    "M_G22C17_M M_G22C17H1_M": [
        [-0.0705132, 0.0032458, 0.000519744]
    ],
    "M_G22C17_M M_G22C17H2_M": [
        [-0.070804, 0.00393026, 0.000629345]
    ],
    "M_G22C18_M M_G22C18H1_M": [
        [-0.0651426, 0.00320413, 0.000513071]
    ],
    "M_G22C18_M M_G22C18H2_M": [
        [-0.0657461, 0.0030307, 0.000485301]
    ],
    "M_G22C19_M M_G22C19H1_M": [
        [-0.0163593, 0.00213175, 0.000341353]
    ],
    "M_G22C19_M M_G22C19H2_M": [
        [-0.0163415, 0.00181277, 0.000290275]
    ],
    "M_G22C19_M M_G22C19H3_M": [
        [-0.0162442, 0.00207459, 0.000332201]
    ],
    "M_G21C3_M M_G21C3H1_M": [
        [-0.224786, 0.011101, 0.00177757]
    ],
    "M_G21C3_M M_G21C3H2_M": [
        [-0.201916, 0.0109899, 0.0017598]
    ],
    "M_G21C4_M M_G21C4H1_M": [
        [-0.174782, 0.00778546, 0.00124667]
    ],
    "M_G21C4_M M_G21C4H2_M": [
        [-0.165369, 0.00703829, 0.00112703]
    ],
    "M_G21C5_M M_G21C5H1_M": [
        [-0.195024, 0.00800619, 0.00128202]
    ],
    "M_G21C5_M M_G21C5H2_M": [
        [-0.193947, 0.00607798, 0.000973256]
    ],
    "M_G21C6_M M_G21C6H1_M": [
        [-0.193289, 0.00758208, 0.0012141]
    ],
    "M_G21C6_M M_G21C6H2_M": [
        [-0.190829, 0.00671835, 0.0010758]
    ],
    "M_G21C7_M M_G21C7H1_M": [
        [-0.189018, 0.00721449, 0.00115524]
    ],
    "M_G21C7_M M_G21C7H2_M": [
        [-0.186401, 0.00744157, 0.0011916]
    ],
    "M_G21C8_M M_G21C8H1_M": [
        [-0.167039, 0.00618285, 0.000990048]
    ],
    "M_G21C8_M M_G21C8H2_M": [
        [-0.165656, 0.005859, 0.00093819]
    ],
    "M_G21C9_M M_G21C9H1_M": [
        [-0.123093, 0.00663834, 0.00106299]
    ],
    "M_G21C9_M M_G21C9H2_M": [
        [-0.123691, 0.00705412, 0.00112956]
    ],
    "M_G21C10_M M_G21C10H1_M": [
        [-0.0788929, 0.00806871, 0.00129203]
    ],
    "M_G21C11_M M_G21C11H1_M": [
        [-0.0644623, 0.00566149, 0.000906565]
    ],
    "M_G21C12_M M_G21C12H1_M": [
        [-0.0200146, 0.00368494, 0.000590063]
    ],
    "M_G21C12_M M_G21C12H2_M": [
        [-0.0202635, 0.00415525, 0.000665373]
    ],
    "M_G21C13_M M_G21C13H1_M": [
        [-0.0346575, 0.00448, 0.000717373]
    ],
    "M_G21C14_M M_G21C14H1_M": [
        [0.00386504, 0.00526739, 0.000843458]
    ],
    "M_G21C15_M M_G21C15H1_M": [
        [-0.0382278, 0.00444276, 0.000711411]
    ],
    "M_G21C15_M M_G21C15H2_M": [
        [-0.0385979, 0.00371867, 0.000595464]
    ],
    "M_G21C16_M M_G21C16H1_M": [
        [-0.0584757, 0.00378572, 0.0006062]
    ],
    "M_G21C16_M M_G21C16H2_M": [
        [-0.0579009, 0.00404726, 0.00064808]
    ],
    "M_G21C17_M M_G21C17H1_M": [
        [-0.0589633, 0.00368607, 0.000590243]
    ],
    "M_G21C17_M M_G21C17H2_M": [
        [-0.0591103, 0.00355324, 0.000568973]
    ],
    "M_G21C18_M M_G21C18H1_M": [
        [-0.0546183, 0.00366472, 0.000586824]
    ],
    "M_G21C18_M M_G21C18H2_M": [
        [-0.0550176, 0.00311305, 0.000498486]
    ],
    "M_G21C19_M M_G21C19H1_M": [
        [-0.0142545, 0.0022039, 0.000352907]
    ],
    "M_G21C19_M M_G21C19H2_M": [
        [-0.0151838, 0.00214549, 0.000343553]
    ],
    "M_G21C19_M M_G21C19H3_M": [
        [-0.014715, 0.00230575, 0.000369215]
    ],
    "M_G12C3_M M_G12C3H1_M": [
        [-0.0791504, 0.0108377, 0.00173542]
    ],
    "M_G12C3_M M_G12C3H2_M": [
        [-0.10157, 0.0109487, 0.00175319]
    ],
    "M_G12C4_M M_G12C4H1_M": [
        [-0.194796, 0.00797076, 0.00127634]
    ],
    "M_G12C4_M M_G12C4H2_M": [
        [-0.194289, 0.00977928, 0.00156594]
    ],
    "M_G12C5_M M_G12C5H1_M": [
        [-0.199441, 0.00753443, 0.00120647]
    ],
    "M_G12C5_M M_G12C5H2_M": [
        [-0.20045, 0.00823084, 0.00131799]
    ],
    "M_G12C6_M M_G12C6H1_M": [
        [-0.208436, 0.00793855, 0.00127118]
    ],
    "M_G12C6_M M_G12C6H2_M": [
        [-0.208172, 0.0070703, 0.00113215]
    ],
    "M_G12C7_M M_G12C7H1_M": [
        [-0.187077, 0.00824925, 0.00132094]
    ],
    "M_G12C7_M M_G12C7H2_M": [
        [-0.186621, 0.00721766, 0.00115575]
    ],
    "M_G12C8_M M_G12C8H1_M": [
        [-0.176175, 0.00718627, 0.00115072]
    ],
    "M_G12C8_M M_G12C8H2_M": [
        [-0.17579, 0.00723537, 0.00115859]
    ],
    "M_G12C9_M M_G12C9H1_M": [
        [-0.103325, 0.00599608, 0.000960141]
    ],
    "M_G12C9_M M_G12C9H2_M": [
        [-0.103727, 0.00600033, 0.000960822]
    ],
    "M_G12C10_M M_G12C10H1_M": [
        [-0.0532777, 0.00679868, 0.00108866]
    ],
    "M_G12C11_M M_G12C11H1_M": [
        [-0.03225, 0.00802942, 0.00128574]
    ],
    "M_G12C12_M M_G12C12H1_M": [
        [-0.0218403, 0.00499746, 0.000800234]
    ],
    "M_G12C12_M M_G12C12H2_M": [
        [-0.0221817, 0.00566933, 0.000907819]
    ],
    "M_G12C13_M M_G12C13H1_M": [
        [-0.0393474, 0.00641862, 0.0010278]
    ],