{
    "M_G1_M M_G1H1_M": [
        [-0.229287, 0.0339434, 0.00441906]
    ],
    "M_G1_M M_G1H2_M": [
        [-0.032, 0.0243508, 0.00317021]
    ],
    "M_G1C3_M M_G1C3H1_M": [
        [-0.231202, 0.0111293, 0.00144891]
    ],
    "M_G1C3_M M_G1C3H2_M": [
        [-0.23553, 0.0121536, 0.00158226]
    ],
    "M_G1C4_M M_G1C4H1_M": [
        [-0.164317, 0.0124101, 0.00161565]
    ],
    "M_G1C4_M M_G1C4H2_M": [
        [-0.164523, 0.0133582, 0.00173909]
    ],
    "M_G1C5_M M_G1C5H1_M": [
        [-0.205817, 0.011017, 0.00143429]
    ],
    "M_G1C5_M M_G1C5H2_M": [
        [-0.202132, 0.0118828, 0.001547]
    ],
    "M_G1C6_M M_G1C6H1_M": [
        [-0.199668, 0.0123775, 0.00161142]
    ],
    "M_G1C6_M M_G1C6H2_M": [
        [-0.199295, 0.0115483, 0.00150346]
    ],
    "M_G1C7_M M_G1C7H1_M": [
        [-0.212577, 0.0133048, 0.00173213]
    ],
    "M_G1C7_M M_G1C7H2_M": [
        [-0.211972, 0.011711, 0.00152465]
    ],
    "M_G1C8_M M_G1C8H1_M": [
        [-0.197301, 0.0132597, 0.00172627]
    ],
    "M_G1C8_M M_G1C8H2_M": [
        [-0.198957, 0.0122172, 0.00159054]
    ],
    "M_G1C9_M M_G1C9H1_M": [
        [-0.197362, 0.0126944, 0.00165267]
    ],
    "M_G1C9_M M_G1C9H2_M": [
        [-0.198127, 0.0123484, 0.00160762]
    ],
    "M_G1C10_M M_G1C10H1_M": [
        [-0.179029, 0.0122889, 0.00159987]
    ],
    "M_G1C10_M M_G1C10H2_M": [
        [-0.178931, 0.0127275, 0.00165697]
    ],
    "M_G1C11_M M_G1C11H1_M": [
        [-0.171278, 0.0121856, 0.00158643]
    ],
    "M_G1C11_M M_G1C11H2_M": [
        [-0.172167, 0.0111696, 0.00145416]
    ],
    "M_G1C12_M M_G1C12H1_M": [
        [-0.150353, 0.0116133, 0.00151193]
    ],
    "M_G1C12_M M_G1C12H2_M": [
        [-0.150003, 0.0110593, 0.0014398]
    ],
    "M_G1C13_M M_G1C13H1_M": [
        [-0.140042, 0.0106553, 0.0013872]
    ],
    "M_G1C13_M M_G1C13H2_M": [
        [-0.139583, 0.0107696, 0.00140209]
    ],
    "M_G1C14_M M_G1C14H1_M": [
        [-0.117413, 0.00925551, 0.00120496]
    ],
    "M_G1C14_M M_G1C14H2_M": [
        [-0.117152, 0.00864708, 0.00112575]
    ],
    "M_G1C15_M M_G1C15H1_M": [
        [-0.102959, 0.00786743, 0.00102425]
    ],
    "M_G1C15_M M_G1C15H2_M": [
        [-0.102732, 0.00686575, 0.000893845]
    ],
    "M_G1C16_M M_G1C16H1_M": [
        [-0.0726027, 0.00554762, 0.000722239]
    ],
    "M_G1C16_M M_G1C16H2_M": [
        [-0.0729524, 0.0050959, 0.00066343]
    ],
    "M_G1C17_M M_G1C17H1_M": [
        [-0.0246226, 0.00271952, 0.000354052]
    ],
    "M_G1C17_M M_G1C17H2_M": [
        [-0.0248479, 0.00233731, 0.000304292]
    ],
    "M_G1C17_M M_G1C17H3_M": [
        [-0.0248053, 0.00293639, 0.000382285]
    ],
    "M_G2_M M_G2H1_M": [
        [-0.21469, 0.0391432, 0.00509601]
    ],
    "M_G2C3_M M_G2C3H1_M": [
        [-0.0655724, 0.0191212, 0.00248937]
    ],
    "M_G2C3_M M_G2C3H2_M": [
        [-0.0939455, 0.0197583, 0.00257231]
    ],
    "M_G2C4_M M_G2C4H1_M": [
        [-0.131474, 0.0167179, 0.00217649]
    ],
    "M_G2C4_M M_G2C4H2_M": [
        [-0.140824, 0.0129897, 0.00169112]
    ],
    "M_G2C5_M M_G2C5H1_M": [
        [-0.164633, 0.0158277, 0.0020606]
    ],
    "M_G2C5_M M_G2C5H2_M": [
        [-0.164878, 0.0147923, 0.00192579]
    ],
    "M_G2C6_M M_G2C6H1_M": [
        [-0.178279, 0.0173649, 0.00226072]
    ],
    "M_G2C6_M M_G2C6H2_M": [
        [-0.178175, 0.0161858, 0.00210721]
    ],
    "M_G2C7_M M_G2C7H1_M": [
        [-0.160738, 0.0153938, 0.00200411]
    ],
    "M_G2C7_M M_G2C7H2_M": [
        [-0.162433, 0.0154982, 0.00201769]
    ],
    "M_G2C8_M M_G2C8H1_M": [
        [-0.156858, 0.0144698, 0.00188381]
    ],
    "M_G2C8_M M_G2C8H2_M": [
        [-0.158341, 0.0145997, 0.00190071]
    ],
    "M_G2C9_M M_G2C9H1_M": [
        [-0.114147, 0.0121962, 0.0015878]
    ],
    "M_G2C9_M M_G2C9H2_M": [
        [-0.114083, 0.0118207, 0.00153892]
    ],
    "M_G2C10_M M_G2C10H1_M": [
        [-0.0875812, 0.0126264, 0.00164381]
    ],
    "M_G2C11_M M_G2C11H1_M": [
        [0.0045785, 0.013721, 0.00178632]
    ],
    "M_G2C12_M M_G2C12H1_M": [
        [-0.0544422, 0.0110512, 0.00143875]
    ],
    "M_G2C12_M M_G2C12H2_M": [
        [-0.0567193, 0.0105931, 0.00137911]
    ],
    "M_G2C13_M M_G2C13H1_M": [
        [-0.102338, 0.0111618, 0.00145314]
    ],
    "M_G2C13_M M_G2C13H2_M": [
        [-0.101623, 0.0114897, 0.00149583]
    ],
    "M_G2C14_M M_G2C14H1_M": [
        [-0.104456, 0.0100717, 0.00131122]
    ],
    "M_G2C14_M M_G2C14H2_M": [
        [-0.104339, 0.0096097, 0.00125108]
    ],
    "M_G2C15_M M_G2C15H1_M": [
        [-0.113403, 0.00948784, 0.00123521]
    ],
    "M_G2C15_M M_G2C15H2_M": [
        [-0.112739, 0.00952995, 0.00124069]
    ],
    "M_G2C16_M M_G2C16H1_M": [
        [-0.101448, 0.0083757, 0.00109042]
    ],
    "M_G2C16_M M_G2C16H2_M": [
        [-0.101703, 0.00863143, 0.00112372]
    ],
    "M_G2C17_M M_G2C17H1_M": [
        [-0.0936171, 0.00680283, 0.000885653]
    ],
    "M_G2C17_M M_G2C17H2_M": [
        [-0.0936213, 0.007699, 0.00100232]
    ],
    "M_G2C18_M M_G2C18H1_M": [
        [-0.0694363, 0.00533513, 0.000694575]
    ],
    "M_G2C18_M M_G2C18H2_M": [
        [-0.069557, 0.0055108, 0.000717445]
    ],
    "M_G2C19_M M_G2C19H1_M": [
        [-0.0230688, 0.00282997, 0.00036843]
    ],
    "M_G2C19_M M_G2C19H2_M": [
        [-0.0228342, 0.00302776, 0.000394181]
    ],
    "M_G2C19_M M_G2C19H3_M": [
        [-0.0224666, 0.00280836, 0.000365617]
    ],
    "M_G3_M M_G3H1_M": [
        [-0.162826, 0.0356127, 0.00463638]
    ],
    "M_G3_M M_G3H2_M": [
        [-0.183603, 0.0223252, 0.0029065]
    ],
    "M_G3C4_M M_G3C4H1_M": [
        [0.0172677, 0.00815249, 0.00106136]
    ],
    "M_G3C4_M M_G3C4H2_M": [
        [0.0200696, 0.00864179, 0.00112507]
    ],
    "M_G3C5_M M_G3C5H1_M": [
        [-0.0452899, 0.00675967, 0.000880034]
    ],
    "M_G3C5_M M_G3C5H2_M": [
        [-0.0467872, 0.00714373, 0.000930034]
    ],
    "M_G3N6C1_M M_G3N6C1H1_M": [
        [0.0115562, 0.00239801, 0.000312195]
    ],
    "M_G3N6C1_M M_G3N6C1H2_M": [
        [0.0121752, 0.00339655, 0.000442194]
    ],
    "M_G3N6C1_M M_G3N6C1H3_M": [
        [0.0115204, 0.00239448, 0.000311735]
    ],
    "M_G3N6C2_M M_G3N6C2H1_M": [
        [0.012167, 0.00303915, 0.000395663]
    ],
    "M_G3N6C2_M M_G3N6C2H2_M": [
        [0.011731, 0.003269, 0.000425587]
    ],
    "M_G3N6C2_M M_G3N6C2H3_M": [
        [0.0120634, 0.00292193, 0.000380402]
    ],
    "M_G3N6C3_M M_G3N6C3H1_M": [
        [0.0113585, 0.00333424, 0.000434081]
    ],
    "M_G3N6C3_M M_G3N6C3H2_M": [
        [0.0114404, 0.00300674, 0.000391444]
    ],
    "M_G3N6C3_M M_G3N6C3H3_M": [
        [0.012344, 0.00308012, 0.000400997]
    ]
}