{
    "M_G1_M M_G1H1_M": [
        [-0.227437, 0.0127544, 0.00570392]
    ],
    "M_G1_M M_G1H2_M": [
        [-0.00860872, 0.0204403, 0.00914119]
    ],
    "M_G1C3_M M_G1C3H1_M": [
        [-0.229858, 0.006717, 0.00300393]
    ],
    "M_G1C3_M M_G1C3H2_M": [
        [-0.230112, 0.00747665, 0.00334366]
    ],
    "M_G1C4_M M_G1C4H1_M": [
        [-0.163264, 0.00861267, 0.0038517]
    ],
    "M_G1C4_M M_G1C4H2_M": [
        [-0.160282, 0.00805835, 0.0036038]
    ],
    "M_G1C5_M M_G1C5H1_M": [
        [-0.204484, 0.00980488, 0.00438487]
    ],
    "M_G1C5_M M_G1C5H2_M": [
        [-0.199101, 0.00943911, 0.0042213]
    ],
    "M_G1C6_M M_G1C6H1_M": [
        [-0.207802, 0.00703626, 0.00314671]
    ],
    "M_G1C6_M M_G1C6H2_M": [
        [-0.208271, 0.00918226, 0.00410643]
    ],
    "M_G1C7_M M_G1C7H1_M": [
        [-0.22245, 0.0117091, 0.00523648]
    ],
    "M_G1C7_M M_G1C7H2_M": [
        [-0.222385, 0.00837593, 0.00374583]
    ],
    "M_G1C8_M M_G1C8H1_M": [
        [-0.212572, 0.00706604, 0.00316003]
    ],
    "M_G1C8_M M_G1C8H2_M": [
        [-0.213293, 0.0124816, 0.00558196]
    ],
    "M_G1C9_M M_G1C9H1_M": [
        [-0.21317, 0.00568167, 0.00254092]
    ],
    "M_G1C9_M M_G1C9H2_M": [
        [-0.214583, 0.00915149, 0.00409267]
    ],
    "M_G1C10_M M_G1C10H1_M": [
        [-0.198728, 0.00614605, 0.0027486]
    ],
    "M_G1C10_M M_G1C10H2_M": [
        [-0.198331, 0.00977386, 0.004371]
    ],
    "M_G1C11_M M_G1C11H1_M": [
        [-0.192918, 0.00766276, 0.00342689]
    ],
    "M_G1C11_M M_G1C11H2_M": [
        [-0.190544, 0.00478569, 0.00214023]
    ],
    "M_G1C12_M M_G1C12H1_M": [
        [-0.171475, 0.00869228, 0.00388731]
    ],
    "M_G1C12_M M_G1C12H2_M": [
        [-0.169092, 0.00498882, 0.00223107]
    ],
    "M_G1C13_M M_G1C13H1_M": [
        [-0.155472, 0.00579761, 0.00259277]
    ],
    "M_G1C13_M M_G1C13H2_M": [
        [-0.157544, 0.00551112, 0.00246465]
    ],
    "M_G1C14_M M_G1C14H1_M": [
        [-0.132088, 0.00566227, 0.00253224]
    ],
    "M_G1C14_M M_G1C14H2_M": [
        [-0.131782, 0.00536747, 0.00240041]
    ],
    "M_G1C15_M M_G1C15H1_M": [
        [-0.113617, 0.00442556, 0.00197917]
    ],
    "M_G1C15_M M_G1C15H2_M": [
        [-0.113097, 0.00570277, 0.00255035]
    ],
    "M_G1C16_M M_G1C16H1_M": [
        [-0.083724, 0.00436365, 0.00195148]
    ],
    "M_G1C16_M M_G1C16H2_M": [
        [-0.0826525, 0.00566571, 0.00253378]
    ],
    "M_G1C17_M M_G1C17H1_M": [
        [-0.0288427, 0.00235474, 0.00105307]
    ],
    "M_G1C17_M M_G1C17H2_M": [
        [-0.0263418, 0.00185531, 0.000829721]
    ],
    "M_G1C17_M M_G1C17H3_M": [
        [-0.025821, 0.00263258, 0.00117733]
    ],
    "M_G2_M M_G2H1_M": [
        [-0.205783, 0.0207514, 0.00928032]
    ],
    "M_G2C3_M M_G2C3H1_M": [
        [-0.0911174, 0.0188126, 0.00841324]
    ],
    "M_G2C3_M M_G2C3H2_M": [
        [-0.104428, 0.0123421, 0.00551954]
    ],
    "M_G2C4_M M_G2C4H1_M": [
        [-0.154599, 0.0150091, 0.00671225]
    ],
    "M_G2C4_M M_G2C4H2_M": [
        [-0.148801, 0.0157452, 0.00704148]
    ],
    "M_G2C5_M M_G2C5H1_M": [
        [-0.174594, 0.00821175, 0.0036724]
    ],
    "M_G2C5_M M_G2C5H2_M": [
        [-0.169192, 0.0137539, 0.00615094]
    ],
    "M_G2C6_M M_G2C6H1_M": [
        [-0.186701, 0.00997731, 0.00446199]
    ],
    "M_G2C6_M M_G2C6H2_M": [
        [-0.182105, 0.0117661, 0.00526195]
    ],
    "M_G2C7_M M_G2C7H1_M": [
        [-0.169069, 0.00975808, 0.00436395]
    ],
    "M_G2C7_M M_G2C7H2_M": [
        [-0.166441, 0.011583, 0.00518006]
    ],
    "M_G2C8_M M_G2C8H1_M": [
        [-0.1634, 0.0089782, 0.00401517]
    ],
    "M_G2C8_M M_G2C8H2_M": [
        [-0.165444, 0.00850279, 0.00380256]
    ],
    "M_G2C9_M M_G2C9H1_M": [
        [-0.116014, 0.0142275, 0.00636275]
    ],
    "M_G2C9_M M_G2C9H2_M": [
        [-0.122886, 0.00600083, 0.00268365]
    ],
    "M_G2C10_M M_G2C10H1_M": [
        [-0.09486, 0.00770446, 0.00344554]
    ],
    "M_G2C11_M M_G2C11H1_M": [
        [-0.00746, 0.0128378, 0.00574124]
    ],
    "M_G2C12_M M_G2C12H1_M": [
        [-0.0596034, 0.0138494, 0.00619365]
    ],
    "M_G2C12_M M_G2C12H2_M": [
        [-0.0572744, 0.0132453, 0.00592346]
    ],
    "M_G2C13_M M_G2C13H1_M": [
        [-0.110469, 0.0148495, 0.00664089]
    ],
    "M_G2C13_M M_G2C13H2_M": [
        [-0.104931, 0.0160066, 0.00715838]
    ],
    "M_G2C14_M M_G2C14H1_M": [
        [-0.112811, 0.0146525, 0.00655278]
    ],
    "M_G2C14_M M_G2C14H2_M": [
        [-0.113706, 0.0135215, 0.00604699]
    ],
    "M_G2C15_M M_G2C15H1_M": [
        [-0.121828, 0.0138661, 0.00620109]
    ],
    "M_G2C15_M M_G2C15H2_M": [
        [-0.120199, 0.0121702, 0.00544269]
    ],
    "M_G2C16_M M_G2C16H1_M": [
        [-0.110725, 0.00942311, 0.00421414]
    ],
    "M_G2C16_M M_G2C16H2_M": [
        [-0.108955, 0.0116675, 0.00521784]
    ],
    "M_G2C17_M M_G2C17H1_M": [
        [-0.0995286, 0.00601397, 0.00268953]
    ],
    "M_G2C17_M M_G2C17H2_M": [
        [-0.0985998, 0.00805355, 0.00360166]
    ],
    "M_G2C18_M M_G2C18H1_M": [
        [-0.077363, 0.00445952, 0.00199436]
    ],
    "M_G2C18_M M_G2C18H2_M": [
        [-0.0754439, 0.0037893, 0.00169463]
    ],
    "M_G2C19_M M_G2C19H1_M": [
        [-0.0243377, 0.00197338, 0.000882522]
    ],
    "M_G2C19_M M_G2C19H2_M": [
        [-0.023985, 0.00107119, 0.000479049]
    ],
    "M_G2C19_M M_G2C19H3_M": [
        [-0.0223297, 0.00409438, 0.00183106]
    ],
    "M_G3_M M_G3H1_M": [
        [-0.154889, 0.0191905, 0.00858224]
    ],
    "M_G3_M M_G3H2_M": [
        [-0.204251, 0.0200045, 0.00894629]
    ],
    "M_G3C4_M M_G3C4H1_M": [
        [0.0778598, 0.0193408, 0.00864945]
    ],
    "M_G3C4_M M_G3C4H2_M": [
        [0.0413522, 0.0148446, 0.00663869]
    ],
    "M_G3C5_M M_G3C5H1_M": [
        [-0.0208024, 0.0133809, 0.00598413]
    ]
}