{
    "M_G1_M M_G1H1_M": [
        [-0.175451, 0.0328857, 0.00390282]
    ],
    "M_G1_M M_G1H2_M": [
        [-0.0443963, 0.0274035, 0.0032522]
    ],
    "M_G1C3_M M_G1C3H1_M": [
        [-0.241799, 0.0188836, 0.00224107]
    ],
    "M_G1C3_M M_G1C3H2_M": [
        [-0.209195, 0.0212386, 0.00252056]
    ],
    "M_G1C4_M M_G1C4H1_M": [
        [-0.180833, 0.0148478, 0.00176211]
    ],
    "M_G1C4_M M_G1C4H2_M": [
        [-0.168524, 0.0144017, 0.00170916]
    ],
    "M_G1C5_M M_G1C5H1_M": [
        [-0.209481, 0.0142917, 0.00169611]
    ],
    "M_G1C5_M M_G1C5H2_M": [
        [-0.205612, 0.0122607, 0.00145508]
    ],
    "M_G1C6_M M_G1C6H1_M": [
        [-0.210032, 0.012702, 0.00150745]
    ],
    "M_G1C6_M M_G1C6H2_M": [
        [-0.206163, 0.0130205, 0.00154525]
    ],
    "M_G1C7_M M_G1C7H1_M": [
        [-0.22106, 0.0117377, 0.00139301]
    ],
    "M_G1C7_M M_G1C7H2_M": [
        [-0.220288, 0.0131051, 0.00155529]
    ],
    "M_G1C8_M M_G1C8H1_M": [
        [-0.212261, 0.0117378, 0.00139302]
    ],
    "M_G1C8_M M_G1C8H2_M": [
        [-0.212226, 0.0110127, 0.00130697]
    ],
    "M_G1C9_M M_G1C9H1_M": [
        [-0.212381, 0.0114138, 0.00135457]
    ],
    "M_G1C9_M M_G1C9H2_M": [
        [-0.211428, 0.0118987, 0.00141211]
    ],
    "M_G1C10_M M_G1C10H1_M": [
        [-0.196856, 0.0109895, 0.00130421]
    ],
    "M_G1C10_M M_G1C10H2_M": [
        [-0.195229, 0.0120595, 0.0014312]
    ],
    "M_G1C11_M M_G1C11H1_M": [
        [-0.188988, 0.0109618, 0.00130093]
    ],
    "M_G1C11_M M_G1C11H2_M": [
        [-0.186615, 0.0109854, 0.00130372]
    ],
    "M_G1C12_M M_G1C12H1_M": [
        [-0.168259, 0.010314, 0.00122405]
    ],
    "M_G1C12_M M_G1C12H2_M": [
        [-0.167556, 0.0102015, 0.00121069]
    ],
    "M_G1C13_M M_G1C13H1_M": [
        [-0.156889, 0.00978273, 0.001161]
    ],
    "M_G1C13_M M_G1C13H2_M": [
        [-0.155906, 0.00838713, 0.000995369]
    ],
    "M_G1C14_M M_G1C14H1_M": [
        [-0.134859, 0.00863864, 0.00102522]
    ],
    "M_G1C14_M M_G1C14H2_M": [
        [-0.134391, 0.00757017, 0.000898414]
    ],
    "M_G1C15_M M_G1C15H1_M": [
        [-0.118213, 0.00822072, 0.00097562]
    ],
    "M_G1C15_M M_G1C15H2_M": [
        [-0.117207, 0.00785405, 0.000932104]
    ],
    "M_G1C16_M M_G1C16H1_M": [
        [-0.088146, 0.007114, 0.000844276]
    ],
    "M_G1C16_M M_G1C16H2_M": [
        [-0.0880644, 0.00763755, 0.000906411]
    ],
    "M_G1C17_M M_G1C17H1_M": [
        [-0.0299989, 0.00565969, 0.000671682]
    ],
    "M_G1C17_M M_G1C17H2_M": [
        [-0.0287448, 0.00689882, 0.00081874]
    ],
    "M_G1C17_M M_G1C17H3_M": [
        [-0.0303947, 0.0051731, 0.000613935]
    ],
    "M_G2_M M_G2H1_M": [
        [-0.195334, 0.030127, 0.00357541]
    ],
    "M_G2C3_M M_G2C3H1_M": [
        [-0.0727888, 0.0220617, 0.00261824]
    ],
    "M_G2C3_M M_G2C3H2_M": [
        [-0.111803, 0.0171401, 0.00203415]
    ],
    "M_G2C4_M M_G2C4H1_M": [
        [-0.205251, 0.0138574, 0.00164457]
    ],
    "M_G2C4_M M_G2C4H2_M": [
        [-0.211335, 0.0133201, 0.00158081]
    ],
    "M_G2C5_M M_G2C5H1_M": [
        [-0.203985, 0.0115153, 0.00136662]
    ],
    "M_G2C5_M M_G2C5H2_M": [
        [-0.207093, 0.0121494, 0.00144187]
    ],
    "M_G2C6_M M_G2C6H1_M": [
        [-0.216814, 0.0128506, 0.00152509]
    ],
    "M_G2C6_M M_G2C6H2_M": [
        [-0.213203, 0.0127421, 0.00151221]
    ],
    "M_G2C7_M M_G2C7H1_M": [
        [-0.19138, 0.0137283, 0.00162924]
    ],
    "M_G2C7_M M_G2C7H2_M": [
        [-0.19108, 0.0130912, 0.00155364]
    ],
    "M_G2C8_M M_G2C8H1_M": [
        [-0.182171, 0.0134663, 0.00159816]
    ],
    "M_G2C8_M M_G2C8H2_M": [
        [-0.181242, 0.0129529, 0.00153723]
    ],
    "M_G2C9_M M_G2C9H1_M": [
        [-0.101926, 0.0152941, 0.00181507]
    ],
    "M_G2C9_M M_G2C9H2_M": [
        [-0.104502, 0.0123221, 0.00146236]
    ],
    "M_G2C10_M M_G2C10H1_M": [
        [-0.0575183, 0.0151642, 0.00179966]
    ],
    "M_G2C11_M M_G2C11H1_M": [
        [-0.0481801, 0.0128402, 0.00152385]
    ],
    "M_G2C12_M M_G2C12H1_M": [
        [-0.0784322, 0.0132914, 0.0015774]
    ],
    "M_G2C12_M M_G2C12H2_M": [
        [-0.0766551, 0.0115016, 0.00136498]
    ],
    "M_G2C13_M M_G2C13H1_M": [
        [-0.120201, 0.0108349, 0.00128586]
    ],
    "M_G2C13_M M_G2C13H2_M": [
        [-0.118003, 0.0118067, 0.00140119]
    ],
    "M_G2C14_M M_G2C14H1_M": [
        [-0.125568, 0.0100961, 0.00119819]
    ],
    "M_G2C14_M M_G2C14H2_M": [
        [-0.125651, 0.0107232, 0.00127261]
    ],
    "M_G2C15_M M_G2C15H1_M": [
        [-0.129741, 0.00947885, 0.00112493]
    ],
    "M_G2C15_M M_G2C15H2_M": [
        [-0.130969, 0.0106246, 0.00126091]
    ],
    "M_G2C16_M M_G2C16H1_M": [
        [-0.118168, 0.00737844, 0.00087566]
    ],
    "M_G2C16_M M_G2C16H2_M": [
        [-0.119365, 0.00892953, 0.00105974]
    ],
    "M_G2C17_M M_G2C17H1_M": [
        [-0.108316, 0.00664136, 0.000788184]
    ],
    "M_G2C17_M M_G2C17H2_M": [
        [-0.108162, 0.00775376, 0.000920202]
    ],
    "M_G2C18_M M_G2C18H1_M": [
        [-0.0849088, 0.00611512, 0.000725731]
    ],
    "M_G2C18_M M_G2C18H2_M": [
        [-0.0845904, 0.0063513, 0.000753761]
    ],
    "M_G2C19_M M_G2C19H1_M": [
        [-0.027581, 0.00734572, 0.000871777]
    ],
    "M_G2C19_M M_G2C19H2_M": [
        [-0.0278011, 0.00622837, 0.000739171]
    ],
    "M_G2C19_M M_G2C19H3_M": [
        [-0.0285292, 0.00644067, 0.000764367]
    ],
    "M_G3_M M_G3H1_M": [
        [-0.23025, 0.0246127, 0.00292099]
    ],
    "M_G3_M M_G3H2_M": [
        [-0.250813, 0.0191212, 0.00226927]
    ],
    "M_G3C4_M M_G3C4H1_M": [
        [0.0353932, 0.0156923, 0.00186233]
    ],
    "M_G3C4_M M_G3C4H2_M": [
        [0.0314032, 0.0144179, 0.00171109]
    ],
    "M_G3C5_M M_G3C5H1_M": [
        [-0.0788312, 0.0119411, 0.00141715]
    ],
    "M_G3C5_M M_G3C5H2_M": [
        [-0.07551, 0.0152818, 0.00181361]
    ],
    "M_G3N6C1_M M_G3N6C1H1_M": [
        [0.0109245, 0.00881932, 0.00104666]
    ],
    "M_G3N6C1_M M_G3N6C1H2_M": [
        [0.012025, 0.00910827, 0.00108095]
    ],
    "M_G3N6C1_M M_G3N6C1H3_M": [
        [0.0115823, 0.00944034, 0.00112036]
    ],
    "M_G3N6C2_M M_G3N6C2H1_M": [
        [0.00938351, 0.00957148, 0.00113593]
    ],
    "M_G3N6C2_M M_G3N6C2H2_M": [
        [0.0108837, 0.00896832, 0.00106434]
    ],
    "M_G3N6C2_M M_G3N6C2H3_M": [
        [0.01211, 0.00901372, 0.00106973]
    ],
    "M_G3N6C3_M M_G3N6C3H1_M": [
        [0.0123562, 0.00882135, 0.0010469]
    ],
    "M_G3N6C3_M M_G3N6C3H2_M": [
        [0.0107138, 0.00797943, 0.000946984]
    ],
    "M_G3N6C3_M M_G3N6C3H3_M": [
        [0.0111136, 0.00921329, 0.00109342]
    ]
}