{
    "M_G1_M M_G1H2_M": [
        [-0.245719, 0.0104402, 0.000926414]
    ],
    "M_G1C1_M M_G1C1H1_M": [
        [-0.198732, 0.00793894, 0.000704467]
    ],
    "M_G1C2_M M_G1C2H1_M": [
        [-0.194928, 0.00806036, 0.000715242]
    ],
    "M_G1C3_M M_G1C3H1_M": [
        [-0.252861, 0.00670931, 0.000595355]
    ],
    "M_G1C3_M M_G1C3H2_M": [
        [-0.265152, 0.00640533, 0.000568381]
    ],
    "M_G1C4_M M_G1C4H1_M": [
        [-0.24274, 0.00700671, 0.000621745]
    ],
    "M_G1C4_M M_G1C4H2_M": [
        [-0.249553, 0.00700453, 0.000621551]
    ],
    "M_G1C5_M M_G1C5H1_M": [
        [-0.265625, 0.00673172, 0.000597344]
    ],
    "M_G1C5_M M_G1C5H2_M": [
        [-0.269416, 0.00674596, 0.000598607]
    ],
    "M_G1C6_M M_G1C6H1_M": [
        [-0.258525, 0.00734964, 0.000652175]
    ],
    "M_G1C6_M M_G1C6H2_M": [
        [-0.261035, 0.00745391, 0.000661428]
    ],
    "M_G1C7_M M_G1C7H1_M": [
        [-0.266293, 0.00715549, 0.000634947]
    ],
    "M_G1C7_M M_G1C7H2_M": [
        [-0.267329, 0.00737678, 0.000654583]
    ],
    "M_G1C8_M M_G1C8H1_M": [
        [-0.253073, 0.00813782, 0.000722115]
    ],
    "M_G1C8_M M_G1C8H2_M": [
        [-0.253787, 0.0079923, 0.000709202]
    ],
    "M_G1C9_M M_G1C9H1_M": [
        [-0.250539, 0.00794287, 0.000704816]
    ],
    "M_G1C9_M M_G1C9H2_M": [
        [-0.251281, 0.00804916, 0.000714247]
    ],
    "M_G1C10_M M_G1C10H1_M": [
        [-0.231135, 0.00809157, 0.00071801]
    ],
    "M_G1C10_M M_G1C10H2_M": [
        [-0.231599, 0.00851475, 0.000755562]
    ],
    "M_G1C11_M M_G1C11H1_M": [
        [-0.22143, 0.00788525, 0.000699702]
    ],
    "M_G1C11_M M_G1C11H2_M": [
        [-0.22137, 0.00848581, 0.000752994]
    ],
    "M_G1C12_M M_G1C12H1_M": [
        [-0.194398, 0.00804006, 0.00071344]
    ],
    "M_G1C12_M M_G1C12H2_M": [
        [-0.194409, 0.00861137, 0.000764136]
    ],
    "M_G1C13_M M_G1C13H1_M": [
        [-0.17303, 0.0074795, 0.000663698]
    ],
    "M_G1C13_M M_G1C13H2_M": [
        [-0.173366, 0.00778399, 0.000690717]
    ],
    "M_G1C14_M M_G1C14H1_M": [
        [-0.129162, 0.00631401, 0.000560278]
    ],
    "M_G1C14_M M_G1C14H2_M": [
        [-0.129265, 0.00670478, 0.000594953]
    ],
    "M_G1C15_M M_G1C15H1_M": [
        [-0.0462696, 0.00313955, 0.00027859]
    ],
    "M_G1C15_M M_G1C15H2_M": [
        [-0.0458871, 0.00320056, 0.000284003]
    ],
    "M_G1C15_M M_G1C15H3_M": [
        [-0.045796, 0.00320125, 0.000284065]
    ],
    "M_G2_M M_G2H1_M": [
        [-0.259115, 0.0113379, 0.00100608]
    ],
    "M_G2C3_M M_G2C3H1_M": [
        [-0.0654039, 0.0223362, 0.00198202]
    ],
    "M_G2C3_M M_G2C3H2_M": [
        [-0.119369, 0.0141878, 0.00125897]
    ],
    "M_G2C4_M M_G2C4H1_M": [
        [-0.214884, 0.0107285, 0.000952003]
    ],
    "M_G2C4_M M_G2C4H2_M": [
        [-0.174662, 0.0113625, 0.00100826]
    ],
    "M_G2C5_M M_G2C5H1_M": [
        [-0.249761, 0.00809967, 0.00071873]
    ],
    "M_G2C5_M M_G2C5H2_M": [
        [-0.232985, 0.00827377, 0.000734178]
    ],
    "M_G2C6_M M_G2C6H1_M": [
        [-0.254576, 0.00826723, 0.000733598]
    ],
    "M_G2C6_M M_G2C6H2_M": [
        [-0.24749, 0.00817506, 0.000725419]
    ],
    "M_G2C7_M M_G2C7H1_M": [
        [-0.262117, 0.00832104, 0.000738373]
    ],
    "M_G2C7_M M_G2C7H2_M": [
        [-0.258756, 0.00802053, 0.000711707]
    ],
    "M_G2C8_M M_G2C8H1_M": [
        [-0.262851, 0.008205, 0.000728076]
    ],
    "M_G2C8_M M_G2C8H2_M": [
        [-0.261584, 0.00774286, 0.000687068]
    ],
    "M_G2C9_M M_G2C9H1_M": [
        [-0.258876, 0.00810818, 0.000719485]
    ],
    "M_G2C9_M M_G2C9H2_M": [
        [-0.258634, 0.00776711, 0.00068922]
    ],
    "M_G2C10_M M_G2C10H1_M": [
        [-0.252478, 0.0079075, 0.000701677]
    ],
    "M_G2C10_M M_G2C10H2_M": [
        [-0.251947, 0.00774884, 0.000687599]
    ],
    "M_G2C11_M M_G2C11H1_M": [
        [-0.240074, 0.0078515, 0.000696708]
    ],
    "M_G2C11_M M_G2C11H2_M": [
        [-0.239553, 0.00817899, 0.000725768]
    ],
    "M_G2C12_M M_G2C12H1_M": [
        [-0.22664, 0.00779558, 0.000691746]
    ],
    "M_G2C12_M M_G2C12H2_M": [
        [-0.226196, 0.00812001, 0.000720534]
    ],
    "M_G2C13_M M_G2C13H1_M": [
        [-0.207736, 0.0078566, 0.00069716]
    ],
    "M_G2C13_M M_G2C13H2_M": [
        [-0.207858, 0.00794645, 0.000705133]
    ],
    "M_G2C14_M M_G2C14H1_M": [
        [-0.187257, 0.00733562, 0.000650931]
    ],
    "M_G2C14_M M_G2C14H2_M": [
        [-0.186713, 0.00725787, 0.000644032]
    ],
    "M_G2C15_M M_G2C15H1_M": [
        [-0.158697, 0.00658961, 0.000584733]
    ],
    "M_G2C15_M M_G2C15H2_M": [
        [-0.158419, 0.00658029, 0.000583907]
    ],
    "M_G2C16_M M_G2C16H1_M": [
        [-0.124645, 0.00534049, 0.000473892]
    ],
    "M_G2C16_M M_G2C16H2_M": [
        [-0.124081, 0.00555349, 0.000492792]
    ],
    "M_G2C17_M M_G2C17H1_M": [
        [-0.0339022, 0.00321735, 0.000285493]
    ],
    "M_G2C17_M M_G2C17H2_M": [
        [-0.0339164, 0.00306466, 0.000271945]
    ],
    "M_G2C17_M M_G2C17H3_M": [
        [-0.0333742, 0.00267473, 0.000237344]
    ],
    "M_G3_M M_G3H1_M": [
        [-0.213713, 0.0106204, 0.000942408]
    ],
    "M_G3_M M_G3H2_M": [
        [-0.184704, 0.0130353, 0.0011567]
    ]
}