{
    "M_G1_M M_G1H1_M": [
        [-0.167758, 0.0155385, 0.00136809]
    ],
    "M_G1_M M_G1H2_M": [
        [-0.0446955, 0.0157336, 0.00138527]
    ],
    "M_G1C3_M M_G1C3H1_M": [
        [-0.198735, 0.0123239, 0.00108506]
    ],
    "M_G1C3_M M_G1C3H2_M": [
        [-0.228687, 0.011375, 0.00100151]
    ],
    "M_G1C4_M M_G1C4H1_M": [
        [-0.173787, 0.011055, 0.00097334]
    ],
    "M_G1C4_M M_G1C4H2_M": [
        [-0.161928, 0.0109486, 0.000963973]
    ],
    "M_G1C5_M M_G1C5H1_M": [
        [-0.193691, 0.0107494, 0.000946436]
    ],
    "M_G1C5_M M_G1C5H2_M": [
        [-0.191383, 0.0105577, 0.000929553]
    ],
    "M_G1C6_M M_G1C6H1_M": [
        [-0.194774, 0.0115299, 0.00101515]
    ],
    "M_G1C6_M M_G1C6H2_M": [
        [-0.191591, 0.0110771, 0.000975281]
    ],
    "M_G1C7_M M_G1C7H1_M": [
        [-0.189352, 0.0108388, 0.000954301]
    ],
    "M_G1C7_M M_G1C7H2_M": [
        [-0.191483, 0.0114268, 0.00100607]
    ],
    "M_G1C8_M M_G1C8H1_M": [
        [-0.170672, 0.00984388, 0.000866705]
    ],
    "M_G1C8_M M_G1C8H2_M": [
        [-0.171451, 0.0110914, 0.000976543]
    ],
    "M_G1C9_M M_G1C9H1_M": [
        [-0.127842, 0.00935377, 0.000823554]
    ],
    "M_G1C9_M M_G1C9H2_M": [
        [-0.126601, 0.00963792, 0.000848572]
    ],
    "M_G1C10_M M_G1C10H1_M": [
        [-0.0940443, 0.00969317, 0.000853436]
    ],
    "M_G1C11_M M_G1C11H1_M": [
        [-0.0792776, 0.00763047, 0.000671825]
    ],
    "M_G1C12_M M_G1C12H1_M": [
        [-0.0669412, 0.00792273, 0.000697557]
    ],
    "M_G1C12_M M_G1C12H2_M": [
        [-0.0680956, 0.00704014, 0.00061985]
    ],
    "M_G1C13_M M_G1C13H1_M": [
        [-0.104627, 0.00754273, 0.000664101]
    ],
    "M_G1C13_M M_G1C13H2_M": [
        [-0.104893, 0.00833839, 0.000734154]
    ],
    "M_G1C14_M M_G1C14H1_M": [
        [-0.103052, 0.00834005, 0.0007343]
    ],
    "M_G1C14_M M_G1C14H2_M": [
        [-0.10329, 0.0073738, 0.000649226]
    ],
    "M_G1C15_M M_G1C15H1_M": [
        [-0.105821, 0.00848421, 0.000746993]
    ],
    "M_G1C15_M M_G1C15H2_M": [
        [-0.106386, 0.00726285, 0.000639458]
    ],
    "M_G1C16_M M_G1C16H1_M": [
        [-0.0895315, 0.00679091, 0.000597906]
    ],
    "M_G1C16_M M_G1C16H2_M": [
        [-0.0890183, 0.00751595, 0.000661742]
    ],
    "M_G1C17_M M_G1C17H1_M": [
        [-0.0808213, 0.00641202, 0.000564547]
    ],
    "M_G1C17_M M_G1C17H2_M": [
        [-0.0812727, 0.00648344, 0.000570835]
    ],
    "M_G1C18_M M_G1C18H1_M": [
        [-0.0580304, 0.00569494, 0.000501411]
    ],
    "M_G1C18_M M_G1C18H2_M": [
        [-0.0584075, 0.00534403, 0.000470515]
    ],
    "M_G1C19_M M_G1C19H1_M": [
        [-0.0211254, 0.00464893, 0.000409316]
    ],
    "M_G1C19_M M_G1C19H2_M": [
        [-0.0215712, 0.00491478, 0.000432722]
    ],
    "M_G1C19_M M_G1C19H3_M": [
        [-0.0212162, 0.00461857, 0.000406642]
    ],
    "M_G2_M M_G2H1_M": [
        [-0.182381, 0.0142348, 0.00125331]
    ],
    "M_G2C3_M M_G2C3H1_M": [
        [-0.067647, 0.0130065, 0.00114516]
    ],
    "M_G2C3_M M_G2C3H2_M": [
        [-0.0979427, 0.0105429, 0.000928248]
    ],
    "M_G2C4_M M_G2C4H1_M": [
        [-0.19553, 0.0106288, 0.000935818]
    ],
    "M_G2C4_M M_G2C4H2_M": [
        [-0.200457, 0.00972426, 0.000856174]
    ],
    "M_G2C5_M M_G2C5H1_M": [
        [-0.19684, 0.0111281, 0.000979776]
    ],
    "M_G2C5_M M_G2C5H2_M": [
        [-0.199602, 0.0100784, 0.000887356]
    ],
    "M_G2C6_M M_G2C6H1_M": [
        [-0.21091, 0.0114602, 0.00100901]
    ],
    "M_G2C6_M M_G2C6H2_M": [
        [-0.209037, 0.0107573, 0.00094713]
    ],
    "M_G2C7_M M_G2C7H1_M": [
        [-0.189905, 0.0103404, 0.000910421]
    ],
    "M_G2C7_M M_G2C7H2_M": [
        [-0.188773, 0.0109717, 0.000966004]
    ],
    "M_G2C8_M M_G2C8H1_M": [
        [-0.181666, 0.0101322, 0.00089209]
    ],
    "M_G2C8_M M_G2C8H2_M": [
        [-0.180712, 0.00998343, 0.000878992]
    ],
    "M_G2C9_M M_G2C9H1_M": [
        [-0.106603, 0.00970221, 0.000854232]
    ],
    "M_G2C9_M M_G2C9H2_M": [
        [-0.108095, 0.00893414, 0.000786607]
    ],
    "M_G2C10_M M_G2C10H1_M": [
        [-0.0683282, 0.0105371, 0.000927738]
    ],
    "M_G2C11_M M_G2C11H1_M": [
        [-0.0518359, 0.00786201, 0.000692212]
    ],
    "M_G2C12_M M_G2C12H1_M": [
        [-0.0754899, 0.00843888, 0.000743002]
    ],
    "M_G2C12_M M_G2C12H2_M": [
        [-0.075309, 0.00746726, 0.000657455]
    ],
    "M_G2C13_M M_G2C13H1_M": [
        [-0.114755, 0.00837314, 0.000737214]
    ],
    "M_G2C13_M M_G2C13H2_M": [
        [-0.114464, 0.00843909, 0.000743021]
    ],
    "M_G2C14_M M_G2C14H1_M": [
        [-0.117563, 0.00850172, 0.000748535]
    ],
    "M_G2C14_M M_G2C14H2_M": [
        [-0.117332, 0.00841188, 0.000740625]
    ],
    "M_G2C15_M M_G2C15H1_M": [
        [-0.119564, 0.00798051, 0.000702645]
    ],
    "M_G2C15_M M_G2C15H2_M": [
        [-0.1204, 0.00850458, 0.000748787]
    ],
    "M_G2C16_M M_G2C16H1_M": [
        [-0.105127, 0.0071646, 0.000630808]
    ],
    "M_G2C16_M M_G2C16H2_M": [
        [-0.104518, 0.00758512, 0.000667833]
    ],
    "M_G2C17_M M_G2C17H1_M": [
        [-0.0934848, 0.00655088, 0.000576773]
    ],
    "M_G2C17_M M_G2C17H2_M": [
        [-0.0934944, 0.00697642, 0.000614239]
    ],
    "M_G2C18_M M_G2C18H1_M": [
        [-0.0693186, 0.00579727, 0.000510421]
    ],
    "M_G2C18_M M_G2C18H2_M": [
        [-0.0702549, 0.00554968, 0.000488622]
    ],
    "M_G2C19_M M_G2C19H1_M": [
        [-0.0229137, 0.00361326, 0.00031813]
    ],
    "M_G2C19_M M_G2C19H2_M": [
        [-0.0233258, 0.00472094, 0.000415655]
    ],
    "M_G2C19_M M_G2C19H3_M": [
        [-0.0238176, 0.0051186, 0.000450668]
    ],
    "M_G3_M M_G3H1_M": [
        [-0.216896, 0.0125171, 0.00110207]
    ],
    "M_G3_M M_G3H2_M": [
        [-0.240635, 0.0108107, 0.00095183]
    ],
    "M_G3C4_M M_G3C4H1_M": [
        [0.0354499, 0.00842805, 0.000742048]
    ],
    "M_G3C4_M M_G3C4H2_M": [
        [0.0366177, 0.00754496, 0.000664296]
    ],
    "M_G3C5_M M_G3C5H1_M": [
        [-0.0693794, 0.00722769, 0.000636362]
    ],
    "M_G3C5_M M_G3C5H2_M": [
        [-0.0692634, 0.00740476, 0.000651953]
    ],
    "M_G3N6C1_M M_G3N6C1H1_M": [
        [0.0102037, 0.0051277, 0.000451469]
    ],
    "M_G3N6C1_M M_G3N6C1H2_M": [
        [0.010264, 0.00546433, 0.000481108]
    ],
    "M_G3N6C1_M M_G3N6C1H3_M": [
        [0.010931, 0.00553449, 0.000487285]
    ],
    "M_G3N6C2_M M_G3N6C2H1_M": [
        [0.0102189, 0.00526965, 0.000463966]
    ],
    "M_G3N6C2_M M_G3N6C2H2_M": [
        [0.0104965, 0.0049149, 0.000432732]
    ],
    "M_G3N6C2_M M_G3N6C2H3_M": [
        [0.0117747, 0.005463, 0.000480991]
    ],
    "M_G3N6C3_M M_G3N6C3H1_M": [
        [0.0108989, 0.00548623, 0.000483035]
    ],
    "M_G3N6C3_M M_G3N6C3H2_M": [
        [0.00994572, 0.00511165, 0.000450056]
    ],
    "M_G3N6C3_M M_G3N6C3H3_M": [
        [0.0101787, 0.00554439, 0.000488156]
    ]
}