{
    "M_G1_M M_G1H1_M": [
        [-0.159197, 0.0224421, 0.00159088]
    ],
    "M_G1_M M_G1H2_M": [
        [-0.0447924, 0.0211148, 0.00149679]
    ],
    "M_G1C3_M M_G1C3H1_M": [
        [-0.223541, 0.0143594, 0.00101791]
    ],
    "M_G1C3_M M_G1C3H2_M": [
        [-0.194892, 0.0164294, 0.00116465]
    ],
    "M_G1C4_M M_G1C4H1_M": [
        [-0.166115, 0.0125519, 0.00088978]
    ],
    "M_G1C4_M M_G1C4H2_M": [
        [-0.154743, 0.0114343, 0.000810556]
    ],
    "M_G1C5_M M_G1C5H1_M": [
        [-0.195287, 0.0109251, 0.000774463]
    ],
    "M_G1C5_M M_G1C5H2_M": [
        [-0.192924, 0.0108238, 0.000767276]
    ],
    "M_G1C6_M M_G1C6H1_M": [
        [-0.192959, 0.0108251, 0.000767371]
    ],
    "M_G1C6_M M_G1C6H2_M": [
        [-0.190268, 0.0108239, 0.000767288]
    ],
    "M_G1C7_M M_G1C7H1_M": [
        [-0.202227, 0.0104753, 0.000742576]
    ],
    "M_G1C7_M M_G1C7H2_M": [
        [-0.200336, 0.011082, 0.000785582]
    ],
    "M_G1C8_M M_G1C8H1_M": [
        [-0.188784, 0.0108227, 0.000767198]
    ],
    "M_G1C8_M M_G1C8H2_M": [
        [-0.187219, 0.010339, 0.000732913]
    ],
    "M_G1C9_M M_G1C9H1_M": [
        [-0.184714, 0.0104415, 0.000740179]
    ],
    "M_G1C9_M M_G1C9H2_M": [
        [-0.183681, 0.0105801, 0.000750006]
    ],
    "M_G1C10_M M_G1C10H1_M": [
        [-0.165853, 0.0102129, 0.000723971]
    ],
    "M_G1C10_M M_G1C10H2_M": [
        [-0.165051, 0.0103807, 0.000735865]
    ],
    "M_G1C11_M M_G1C11H1_M": [
        [-0.155751, 0.010085, 0.000714904]
    ],
    "M_G1C11_M M_G1C11H2_M": [
        [-0.155433, 0.00983415, 0.000697124]
    ],
    "M_G1C12_M M_G1C12H1_M": [
        [-0.135493, 0.00936681, 0.000663995]
    ],
    "M_G1C12_M M_G1C12H2_M": [
        [-0.134945, 0.00909449, 0.000644692]
    ],
    "M_G1C13_M M_G1C13H1_M": [
        [-0.122699, 0.00896246, 0.000635332]
    ],
    "M_G1C13_M M_G1C13H2_M": [
        [-0.123522, 0.00831807, 0.000589652]
    ],
    "M_G1C14_M M_G1C14H1_M": [
        [-0.103072, 0.00745701, 0.000528613]
    ],
    "M_G1C14_M M_G1C14H2_M": [
        [-0.103877, 0.00740732, 0.000525091]
    ],
    "M_G1C15_M M_G1C15H1_M": [
        [-0.0886768, 0.00598074, 0.000423963]
    ],
    "M_G1C15_M M_G1C15H2_M": [
        [-0.0891946, 0.00613844, 0.000435143]
    ],
    "M_G1C16_M M_G1C16H1_M": [
        [-0.0654528, 0.00482908, 0.000342325]
    ],
    "M_G1C16_M M_G1C16H2_M": [
        [-0.0658903, 0.00480596, 0.000340686]
    ],
    "M_G1C17_M M_G1C17H1_M": [
        [-0.0219513, 0.00347332, 0.000246217]
    ],
    "M_G1C17_M M_G1C17H2_M": [
        [-0.021762, 0.00353034, 0.00025026]
    ],
    "M_G1C17_M M_G1C17H3_M": [
        [-0.0218759, 0.003102, 0.000219895]
    ],
    "M_G2_M M_G2H1_M": [
        [-0.17105, 0.023136, 0.00164007]
    ],
    "M_G2C3_M M_G2C3H1_M": [
        [-0.0337775, 0.0140947, 0.000999144]
    ],
    "M_G2C3_M M_G2C3H2_M": [
        [-0.0523074, 0.0164237, 0.00116425]
    ],
    "M_G2C4_M M_G2C4H1_M": [
        [-0.132694, 0.0114214, 0.000809644]
    ],
    "M_G2C4_M M_G2C4H2_M": [
        [-0.125772, 0.0124695, 0.000883938]
    ],
    "M_G2C5_M M_G2C5H1_M": [
        [-0.0617627, 0.0116564, 0.000826304]
    ],
    "M_G2C5_M M_G2C5H2_M": [
        [-0.0492051, 0.0119053, 0.000843941]
    ],
    "M_G2C6_M M_G2C6H1_M": [
        [-0.00251455, 0.0123916, 0.000878421]
    ],
    "M_G2C7_M M_G2C7H1_M": [
        [-0.080775, 0.0115323, 0.0008175]
    ],
    "M_G2C8_M M_G2C8H1_M": [
        [-0.0367952, 0.00862967, 0.000611741]
    ],
    "M_G2C8_M M_G2C8H2_M": [
        [-0.0362014, 0.00957629, 0.000678845]
    ],
    "M_G2C9_M M_G2C9H1_M": [
        [-0.0130119, 0.0100508, 0.000712482]
    ],
    "M_G2C10_M M_G2C10H1_M": [
        [-0.0495197, 0.00835865, 0.000592529]
    ],
    "M_G2C11_M M_G2C11H1_M": [
        [-0.0415484, 0.00654306, 0.000463826]
    ],
    "M_G2C11_M M_G2C11H2_M": [
        [-0.0423406, 0.00644762, 0.00045706]
    ],
    "M_G2C12_M M_G2C12H1_M": [
        [-0.030442, 0.00958172, 0.00067923]
    ],
    "M_G2C13_M M_G2C13H1_M": [
        [-0.0191101, 0.00734393, 0.000520597]
    ],
    "M_G2C14_M M_G2C14H1_M": [
        [-0.0245651, 0.00556042, 0.000394168]
    ],
    "M_G2C14_M M_G2C14H2_M": [
        [-0.0248835, 0.00517552, 0.000366883]
    ],
    "M_G2C15_M M_G2C15H1_M": [
        [-0.0332005, 0.00783182, 0.000555183]
    ],
    "M_G2C16_M M_G2C16H1_M": [
        [-0.0160606, 0.00656448, 0.000465344]
    ],
    "M_G2C17_M M_G2C17H1_M": [
        [-0.0399389, 0.00566321, 0.000401455]
    ],
    "M_G2C17_M M_G2C17H2_M": [
        [-0.0408397, 0.00578684, 0.000410218]
    ],
    "M_G2C18_M M_G2C18H1_M": [
        [-0.0591319, 0.00536863, 0.000380572]
    ],
    "M_G2C18_M M_G2C18H2_M": [
        [-0.0594025, 0.00566891, 0.000401858]
    ],
    "M_G2C19_M M_G2C19H1_M": [
        [-0.0592588, 0.00528104, 0.000374363]
    ],
    "M_G2C19_M M_G2C19H2_M": [
        [-0.0596881, 0.00523527, 0.000371118]
    ],
    "M_G2C20_M M_G2C20H1_M": [
        [-0.0551741, 0.00472527, 0.000334966]
    ],
    "M_G2C20_M M_G2C20H2_M": [
        [-0.0555431, 0.00471242, 0.000334054]
    ],
    "M_G2C21_M M_G2C21H1_M": [
        [-0.0140432, 0.00288981, 0.000204853]
    ],
    "M_G2C21_M M_G2C21H2_M": [
        [-0.0142746, 0.00299524, 0.000212327]
    ],
    "M_G2C21_M M_G2C21H3_M": [
        [-0.0144474, 0.00309404, 0.000219331]
    ],
    "M_G3_M M_G3H1_M": [
        [-0.239572, 0.0155136, 0.00109973]
    ],
    "M_G3_M M_G3H2_M": [
        [-0.204356, 0.0218197, 0.00154676]
    ],
    "M_G3C4_M M_G3C4H1_M": [
        [0.0321407, 0.0134672, 0.000954661]
    ],
    "M_G3C4_M M_G3C4H2_M": [
        [0.0350045, 0.0134731, 0.000955082]
    ],
    "M_G3C5_M M_G3C5H1_M": [
        [-0.0756656, 0.0110017, 0.000779892]
    ],
    "M_G3C5_M M_G3C5H2_M": [
        [-0.077792, 0.0111522, 0.000790561]
    ],
    "M_G3N6C1_M M_G3N6C1H1_M": [
        [0.0117341, 0.00670025, 0.000474968]
    ],
    "M_G3N6C1_M M_G3N6C1H2_M": [
        [0.0114021, 0.00661886, 0.000469198]
    ],
    "M_G3N6C1_M M_G3N6C1H3_M": [
        [0.0117451, 0.0071094, 0.000503972]
    ],
    "M_G3N6C2_M M_G3N6C2H1_M": [
        [0.0114767, 0.00669723, 0.000474754]
    ],
    "M_G3N6C2_M M_G3N6C2H2_M": [
        [0.0112336, 0.00727588, 0.000515773]
    ],
    "M_G3N6C2_M M_G3N6C2H3_M": [
        [0.0110773, 0.00650652, 0.000461235]
    ],
    "M_G3N6C3_M M_G3N6C3H1_M": [
        [0.0104967, 0.00674221, 0.000477943]
    ],
    "M_G3N6C3_M M_G3N6C3H2_M": [
        [0.0117281, 0.00670288, 0.000475155]
    ],
    "M_G3N6C3_M M_G3N6C3H3_M": [
        [0.0116892, 0.00695596, 0.000493095]
    ]
}