{
    "M_G1_M M_G1H1_M": [
        [-0.23938, 0.0315184, 0.00950314]
    ],
    "M_G1_M M_G1H2_M": [
        [-0.0076682, 0.0301276, 0.00908381]
    ],
    "M_G1C3_M M_G1C3H1_M": [
        [-0.239659, 0.0148218, 0.00446894]
    ],
    "M_G1C3_M M_G1C3H2_M": [
        [-0.244166, 0.0108087, 0.00325894]
    ],
    "M_G1C4_M M_G1C4H1_M": [
        [-0.171205, 0.0155523, 0.0046892]
    ],
    "M_G1C4_M M_G1C4H2_M": [
        [-0.170758, 0.0128569, 0.00387651]
    ],
    "M_G1C5_M M_G1C5H1_M": [
        [-0.208921, 0.0127924, 0.00385706]
    ],
    "M_G1C5_M M_G1C5H2_M": [
        [-0.207387, 0.0120072, 0.00362032]
    ],
    "M_G1C6_M M_G1C6H1_M": [
        [-0.21315, 0.0110573, 0.00333392]
    ],
    "M_G1C6_M M_G1C6H2_M": [
        [-0.213845, 0.0107936, 0.0032544]
    ],
    "M_G1C7_M M_G1C7H1_M": [
        [-0.225385, 0.00789381, 0.00238007]
    ],
    "M_G1C7_M M_G1C7H2_M": [
        [-0.22642, 0.00915655, 0.0027608]
    ],
    "M_G1C8_M M_G1C8H1_M": [
        [-0.215615, 0.00996447, 0.0030044]
    ],
    "M_G1C8_M M_G1C8H2_M": [
        [-0.214442, 0.00770779, 0.00232399]
    ],
    "M_G1C9_M M_G1C9H1_M": [
        [-0.213178, 0.0101369, 0.00305639]
    ],
    "M_G1C9_M M_G1C9H2_M": [
        [-0.213141, 0.00784299, 0.00236475]
    ],
    "M_G1C10_M M_G1C10H1_M": [
        [-0.196897, 0.0100197, 0.00302107]
    ],
    "M_G1C10_M M_G1C10H2_M": [
        [-0.19567, 0.00825303, 0.00248838]
    ],
    "M_G1C11_M M_G1C11H1_M": [
        [-0.189194, 0.0086096, 0.00259589]
    ],
    "M_G1C11_M M_G1C11H2_M": [
        [-0.188804, 0.00875708, 0.00264036]
    ],
    "M_G1C12_M M_G1C12H1_M": [
        [-0.169528, 0.00871099, 0.00262646]
    ],
    "M_G1C12_M M_G1C12H2_M": [
        [-0.167376, 0.00898307, 0.0027085]
    ],
    "M_G1C13_M M_G1C13H1_M": [
        [-0.154945, 0.00843012, 0.00254178]
    ],
    "M_G1C13_M M_G1C13H2_M": [
        [-0.156111, 0.00904994, 0.00272866]
    ],
    "M_G1C14_M M_G1C14H1_M": [
        [-0.131206, 0.00748084, 0.00225556]
    ],
    "M_G1C14_M M_G1C14H2_M": [
        [-0.132677, 0.00837967, 0.00252657]
    ],
    "M_G1C15_M M_G1C15H1_M": [
        [-0.113123, 0.00679525, 0.00204885]
    ],
    "M_G1C15_M M_G1C15H2_M": [
        [-0.113979, 0.00750305, 0.00226226]
    ],
    "M_G1C16_M M_G1C16H1_M": [
        [-0.0824968, 0.00474092, 0.00142944]
    ],
    "M_G1C16_M M_G1C16H2_M": [
        [-0.0810013, 0.00504459, 0.001521]
    ],
    "M_G1C17_M M_G1C17H1_M": [
        [-0.0261064, 0.00265138, 0.000799422]
    ],
    "M_G1C17_M M_G1C17H2_M": [
        [-0.0270791, 0.00230954, 0.000696351]
    ],
    "M_G1C17_M M_G1C17H3_M": [
        [-0.026283, 0.00342025, 0.00103124]
    ],
    "M_G2_M M_G2H1_M": [
        [-0.22191, 0.0449843, 0.0135633]
    ],
    "M_G2C3_M M_G2C3H1_M": [
        [-0.0888823, 0.0244531, 0.00737289]
    ],
    "M_G2C3_M M_G2C3H2_M": [
        [-0.109781, 0.0220155, 0.00663793]
    ],
    "M_G2C4_M M_G2C4H1_M": [
        [-0.150684, 0.0213034, 0.00642323]
    ],
    "M_G2C4_M M_G2C4H2_M": [
        [-0.15261, 0.0164382, 0.00495631]
    ],
    "M_G2C5_M M_G2C5H1_M": [
        [-0.173588, 0.0193359, 0.00583]
    ],
    "M_G2C5_M M_G2C5H2_M": [
        [-0.174271, 0.0165188, 0.00498062]
    ],
    "M_G2C6_M M_G2C6H1_M": [
        [-0.185648, 0.0178384, 0.00537848]
    ],
    "M_G2C6_M M_G2C6H2_M": [
        [-0.188582, 0.0157535, 0.00474986]
    ],
    "M_G2C7_M M_G2C7H1_M": [
        [-0.17026, 0.0176664, 0.00532661]
    ],
    "M_G2C7_M M_G2C7H2_M": [
        [-0.173536, 0.0163705, 0.00493589]
    ],
    "M_G2C8_M M_G2C8H1_M": [
        [-0.165414, 0.0148497, 0.00447736]
    ],
    "M_G2C8_M M_G2C8H2_M": [
        [-0.168783, 0.0152783, 0.00460657]
    ],
    "M_G2C9_M M_G2C9H1_M": [
        [-0.122431, 0.0113848, 0.00343265]
    ],
    "M_G2C9_M M_G2C9H2_M": [
        [-0.120394, 0.0158293, 0.0047727]
    ],
    "M_G2C10_M M_G2C10H1_M": [
        [-0.0944762, 0.0169969, 0.00512475]
    ],
    "M_G2C11_M M_G2C11H1_M": [
        [-0.00550147, 0.0132515, 0.00399546]
    ],
    "M_G2C12_M M_G2C12H1_M": [
        [-0.0560877, 0.0142617, 0.00430007]
    ],
    "M_G2C12_M M_G2C12H2_M": [
        [-0.0641986, 0.0119231, 0.00359495]
    ],
    "M_G2C13_M M_G2C13H1_M": [
        [-0.109359, 0.0129168, 0.00389455]
    ],
    "M_G2C13_M M_G2C13H2_M": [
        [-0.110986, 0.0115559, 0.00348422]
    ],
    "M_G2C14_M M_G2C14H1_M": [
        [-0.115064, 0.0118956, 0.00358664]
    ],
    "M_G2C14_M M_G2C14H2_M": [
        [-0.117417, 0.00996565, 0.00300476]
    ],
    "M_G2C15_M M_G2C15H1_M": [
        [-0.123775, 0.0101111, 0.00304861]
    ],
    "M_G2C15_M M_G2C15H2_M": [
        [-0.127073, 0.011073, 0.00333862]
    ],
    "M_G2C16_M M_G2C16H1_M": [
        [-0.114886, 0.00968478, 0.00292007]
    ],
    "M_G2C16_M M_G2C16H2_M": [
        [-0.116764, 0.0104121, 0.00313936]
    ],
    "M_G2C17_M M_G2C17H1_M": [
        [-0.10502, 0.00744361, 0.00224433]
    ],
    "M_G2C17_M M_G2C17H2_M": [
        [-0.105459, 0.00860397, 0.00259419]
    ],
    "M_G2C18_M M_G2C18H1_M": [
        [-0.0806289, 0.00527192, 0.00158954]
    ],
    "M_G2C18_M M_G2C18H2_M": [
        [-0.0812113, 0.00618456, 0.00186472]
    ],
    "M_G2C19_M M_G2C19H1_M": [
        [-0.0241187, 0.0028507, 0.000859517]
    ],
    "M_G2C19_M M_G2C19H2_M": [
        [-0.024652, 0.00327177, 0.000986475]
    ],
    "M_G2C19_M M_G2C19H3_M": [
        [-0.0259651, 0.00193808, 0.000584354]
    ],
    "M_G3_M M_G3H1_M": [
        [-0.166144, 0.0444918, 0.0134148]
    ],
    "M_G3_M M_G3H2_M": [
        [-0.18626, 0.0315125, 0.00950137]
    ],
    "M_G3C4_M M_G3C4H1_M": [
        [0.0848012, 0.0350767, 0.010576]
    ],
    "M_G3C4_M M_G3C4H2_M": [
        [0.0244128, 0.0260467, 0.00785336]
    ],
    "M_G3C5_M M_G3C5H1_M": [
        [-0.0271162, 0.0313586, 0.00945496]
    ]
}