{
    "M_G1_M M_G1H1_M": [
        [-0.177885, 0.0173727, 0.000768523]
    ],
    "M_G1_M M_G1H2_M": [
        [-0.0332875, 0.0170315, 0.000753428]
    ],
    "M_G1C3_M M_G1C3H1_M": [
        [-0.243064, 0.010035, 0.000443921]
    ],
    "M_G1C3_M M_G1C3H2_M": [
        [-0.221773, 0.0104031, 0.000460205]
    ],
    "M_G1C4_M M_G1C4H1_M": [
        [-0.189322, 0.00900716, 0.000398453]
    ],
    "M_G1C4_M M_G1C4H2_M": [
        [-0.18048, 0.00881954, 0.000390154]
    ],
    "M_G1C5_M M_G1C5H1_M": [
        [-0.215418, 0.0085787, 0.000379499]
    ],
    "M_G1C5_M M_G1C5H2_M": [
        [-0.213387, 0.00860894, 0.000380837]
    ],
    "M_G1C6_M M_G1C6H1_M": [
        [-0.215869, 0.0091417, 0.000404405]
    ],
    "M_G1C6_M M_G1C6H2_M": [
        [-0.213775, 0.00899288, 0.000397822]
    ],
    "M_G1C7_M M_G1C7H1_M": [
        [-0.226708, 0.00900177, 0.000398215]
    ],
    "M_G1C7_M M_G1C7H2_M": [
        [-0.225614, 0.00934969, 0.000413606]
    ],
    "M_G1C8_M M_G1C8H1_M": [
        [-0.219459, 0.00936582, 0.000414319]
    ],
    "M_G1C8_M M_G1C8H2_M": [
        [-0.21916, 0.00950814, 0.000420615]
    ],
    "M_G1C9_M M_G1C9H1_M": [
        [-0.22132, 0.00974028, 0.000430884]
    ],
    "M_G1C9_M M_G1C9H2_M": [
        [-0.220901, 0.00960119, 0.000424732]
    ],
    "M_G1C10_M M_G1C10H1_M": [
        [-0.20986, 0.0100704, 0.000445489]
    ],
    "M_G1C10_M M_G1C10H2_M": [
        [-0.209543, 0.00972675, 0.000430286]
    ],
    "M_G1C11_M M_G1C11H1_M": [
        [-0.205994, 0.0101961, 0.000451048]
    ],
    "M_G1C11_M M_G1C11H2_M": [
        [-0.205508, 0.00992724, 0.000439155]
    ],
    "M_G1C12_M M_G1C12H1_M": [
        [-0.192255, 0.00993987, 0.000439714]
    ],
    "M_G1C12_M M_G1C12H2_M": [
        [-0.191908, 0.0101623, 0.000449553]
    ],
    "M_G1C13_M M_G1C13H1_M": [
        [-0.185076, 0.00970163, 0.000429175]
    ],
    "M_G1C13_M M_G1C13H2_M": [
        [-0.184764, 0.0100389, 0.000444095]
    ],
    "M_G1C14_M M_G1C14H1_M": [
        [-0.169816, 0.00974012, 0.000430877]
    ],
    "M_G1C14_M M_G1C14H2_M": [
        [-0.16939, 0.00967795, 0.000428127]
    ],
    "M_G1C15_M M_G1C15H1_M": [
        [-0.158596, 0.00906407, 0.000400971]
    ],
    "M_G1C15_M M_G1C15H2_M": [
        [-0.157986, 0.00973015, 0.000430436]
    ],
    "M_G1C16_M M_G1C16H1_M": [
        [-0.138899, 0.00816161, 0.000361049]
    ],
    "M_G1C16_M M_G1C16H2_M": [
        [-0.137895, 0.00875862, 0.000387458]
    ],
    "M_G1C17_M M_G1C17H1_M": [
        [-0.11976, 0.0075384, 0.000333479]
    ],
    "M_G1C17_M M_G1C17H2_M": [
        [-0.119509, 0.00824099, 0.00036456]
    ],
    "M_G1C18_M M_G1C18H1_M": [
        [-0.0892225, 0.00711337, 0.000314677]
    ],
    "M_G1C18_M M_G1C18H2_M": [
        [-0.0892656, 0.00719828, 0.000318433]
    ],
    "M_G1C19_M M_G1C19H1_M": [
        [-0.0279069, 0.00634022, 0.000280475]
    ],
    "M_G1C19_M M_G1C19H2_M": [
        [-0.0284083, 0.00608386, 0.000269134]
    ],
    "M_G1C19_M M_G1C19H3_M": [
        [-0.027727, 0.00673454, 0.000297919]
    ],
    "M_G2_M M_G2H1_M": [
        [-0.198787, 0.0140169, 0.000620072]
    ],
    "M_G2C3_M M_G2C3H1_M": [
        [-0.0951635, 0.0118597, 0.000524643]
    ],
    "M_G2C3_M M_G2C3H2_M": [
        [-0.125557, 0.0104156, 0.000460761]
    ],
    "M_G2C4_M M_G2C4H1_M": [
        [-0.213329, 0.00913224, 0.000403986]
    ],
    "M_G2C4_M M_G2C4H2_M": [
        [-0.217374, 0.0085986, 0.00038038]
    ],
    "M_G2C5_M M_G2C5H1_M": [
        [-0.219821, 0.0088271, 0.000390488]
    ],
    "M_G2C5_M M_G2C5H2_M": [
        [-0.223236, 0.00842548, 0.000372721]
    ],
    "M_G2C6_M M_G2C6H1_M": [
        [-0.233064, 0.00879724, 0.000389167]
    ],
    "M_G2C6_M M_G2C6H2_M": [
        [-0.232613, 0.00865637, 0.000382935]
    ],
    "M_G2C7_M M_G2C7H1_M": [
        [-0.230604, 0.00907657, 0.000401524]
    ],
    "M_G2C7_M M_G2C7H2_M": [
        [-0.230165, 0.0089563, 0.000396203]
    ],
    "M_G2C8_M M_G2C8H1_M": [
        [-0.233505, 0.00916093, 0.000405256]
    ],
    "M_G2C8_M M_G2C8H2_M": [
        [-0.233547, 0.0087221, 0.000385843]
    ],
    "M_G2C9_M M_G2C9H1_M": [
        [-0.227121, 0.00916661, 0.000405507]
    ],
    "M_G2C9_M M_G2C9H2_M": [
        [-0.227034, 0.00880457, 0.000389491]
    ],
    "M_G2C10_M M_G2C10H1_M": [
        [-0.224355, 0.00913594, 0.00040415]
    ],
    "M_G2C10_M M_G2C10H2_M": [
        [-0.224586, 0.0092511, 0.000409244]
    ],
    "M_G2C11_M M_G2C11H1_M": [
        [-0.214075, 0.00958237, 0.000423899]
    ],
    "M_G2C11_M M_G2C11H2_M": [
        [-0.214173, 0.00961622, 0.000425396]
    ],
    "M_G2C12_M M_G2C12H1_M": [
        [-0.207527, 0.00968294, 0.000428348]
    ],
    "M_G2C12_M M_G2C12H2_M": [
        [-0.207054, 0.00946408, 0.000418666]
    ],
    "M_G2C13_M M_G2C13H1_M": [
        [-0.194341, 0.00968759, 0.000428554]
    ],
    "M_G2C13_M M_G2C13H2_M": [
        [-0.194765, 0.00958135, 0.000423854]
    ],
    "M_G2C14_M M_G2C14H1_M": [
        [-0.185556, 0.00919752, 0.000406874]
    ],
    "M_G2C14_M M_G2C14H2_M": [
        [-0.185426, 0.00952872, 0.000421526]
    ],
    "M_G2C15_M M_G2C15H1_M": [
        [-0.17026, 0.00917391, 0.00040583]
    ],
    "M_G2C15_M M_G2C15H2_M": [
        [-0.170059, 0.00874437, 0.000386828]
    ],
    "M_G2C16_M M_G2C16H1_M": [
        [-0.15596, 0.00872703, 0.000386061]
    ],
    "M_G2C16_M M_G2C16H2_M": [
        [-0.156284, 0.00853978, 0.000377778]
    ],
    "M_G2C17_M M_G2C17H1_M": [
        [-0.132604, 0.00833689, 0.000368802]
    ],
    "M_G2C17_M M_G2C17H2_M": [
        [-0.132628, 0.00795117, 0.000351739]
    ],
    "M_G2C18_M M_G2C18H1_M": [
        [-0.105333, 0.0076099, 0.000336642]
    ],
    "M_G2C18_M M_G2C18H2_M": [
        [-0.105337, 0.00732416, 0.000324002]
    ],
    "M_G2C19_M M_G2C19H1_M": [
        [-0.0275768, 0.00640026, 0.000283131]
    ],
    "M_G2C19_M M_G2C19H2_M": [
        [-0.0280403, 0.00644274, 0.00028501]
    ],
    "M_G2C19_M M_G2C19H3_M": [
        [-0.027975, 0.00660738, 0.000292293]
    ],
    "M_G3_M M_G3H1_M": [
        [-0.231861, 0.0117864, 0.000521402]
    ],
    "M_G3_M M_G3H2_M": [
        [-0.247527, 0.0101492, 0.000448975]
    ],
    "M_G3C4_M M_G3C4H1_M": [
        [0.0342885, 0.0100559, 0.000444847]
    ],
    "M_G3C4_M M_G3C4H2_M": [
        [0.0309852, 0.00888419, 0.000393013]
    ],
    "M_G3C5_M M_G3C5H1_M": [
        [-0.0653917, 0.00887806, 0.000392742]
    ],
    "M_G3C5_M M_G3C5H2_M": [
        [-0.0657693, 0.00860089, 0.000380481]
    ],
    "M_G3N6C1_M M_G3N6C1H1_M": [
        [0.009747, 0.00674131, 0.000298218]
    ],
    "M_G3N6C1_M M_G3N6C1H2_M": [
        [0.00948941, 0.00674897, 0.000298557]
    ],
    "M_G3N6C1_M M_G3N6C1H3_M": [
        [0.0100267, 0.00703964, 0.000311415]
    ],
    "M_G3N6C2_M M_G3N6C2H1_M": [
        [0.0104018, 0.00703795, 0.000311341]
    ],
    "M_G3N6C2_M M_G3N6C2H2_M": [
        [0.00935413, 0.00692235, 0.000306227]
    ],
    "M_G3N6C2_M M_G3N6C2H3_M": [
        [0.00924824, 0.0069701, 0.000308339]
    ],
    "M_G3N6C3_M M_G3N6C3H1_M": [
        [0.00938824, 0.00676391, 0.000299218]
    ],
    "M_G3N6C3_M M_G3N6C3H2_M": [
        [0.00972628, 0.00694252, 0.000307119]
    ],
    "M_G3N6C3_M M_G3N6C3H3_M": [
        [0.00992521, 0.00705628, 0.000312151]
    ]
}