{
    "M_G1_M M_G1H1_M": [
        [0.33732, 0.0348484, 0.00413575]
    ],
    "M_G1_M M_G1H2_M": [
        [-0.00934396, 0.0240767, 0.00285737]
    ],
    "M_G1C3_M M_G1C3H1_M": [
        [-0.077437, 0.0202569, 0.00240405]
    ],
    "M_G1C3_M M_G1C3H2_M": [
        [-0.0512083, 0.0243015, 0.00288406]
    ],
    "M_G1C4_M M_G1C4H1_M": [
        [-0.142124, 0.0178694, 0.00212071]
    ],
    "M_G1C4_M M_G1C4H2_M": [
        [-0.145258, 0.0181074, 0.00214896]
    ],
    "M_G1C5_M M_G1C5H1_M": [
        [-0.135679, 0.018593, 0.00220658]
    ],
    "M_G1C5_M M_G1C5H2_M": [
        [-0.135283, 0.0182551, 0.00216649]
    ],
    "M_G1C6_M M_G1C6H1_M": [
        [-0.144117, 0.0182195, 0.00216225]
    ],
    "M_G1C6_M M_G1C6H2_M": [
        [-0.144422, 0.0188596, 0.00223822]
    ],
    "M_G1C7_M M_G1C7H1_M": [
        [-0.130216, 0.0135597, 0.00160923]
    ],
    "M_G1C7_M M_G1C7H2_M": [
        [-0.129699, 0.013417, 0.0015923]
    ],
    "M_G1C8_M M_G1C8H1_M": [
        [-0.136368, 0.012758, 0.0015141]
    ],
    "M_G1C8_M M_G1C8H2_M": [
        [-0.137727, 0.0131762, 0.00156373]
    ],
    "M_G1C9_M M_G1C9H1_M": [
        [-0.127441, 0.0120203, 0.00142655]
    ],
    "M_G1C9_M M_G1C9H2_M": [
        [-0.125981, 0.011965, 0.00141998]
    ],
    "M_G1C10_M M_G1C10H1_M": [
        [-0.142023, 0.0130613, 0.00155009]
    ],
    "M_G1C11_M M_G1C11H1_M": [
        [-0.130671, 0.0145213, 0.00172336]
    ],
    "M_G1C12_M M_G1C12H1_M": [
        [-0.0937701, 0.012928, 0.00153427]
    ],
    "M_G1C12_M M_G1C12H2_M": [
        [-0.0947009, 0.0120553, 0.0014307]
    ],
    "M_G1C13_M M_G1C13H1_M": [
        [-0.0775246, 0.0117812, 0.00139817]
    ],
    "M_G1C13_M M_G1C13H2_M": [
        [-0.0775196, 0.0113021, 0.00134131]
    ],
    "M_G1C14_M M_G1C14H1_M": [
        [-0.0730606, 0.0108037, 0.00128217]
    ],
    "M_G1C14_M M_G1C14H2_M": [
        [-0.0721875, 0.0113595, 0.00134813]
    ],
    "M_G1C15_M M_G1C15H1_M": [
        [-0.0602434, 0.00968827, 0.00114979]
    ],
    "M_G1C15_M M_G1C15H2_M": [
        [-0.0599762, 0.010738, 0.00127437]
    ],
    "M_G1C16_M M_G1C16H1_M": [
        [-0.0641629, 0.00941845, 0.00111776]
    ],
    "M_G1C16_M M_G1C16H2_M": [
        [-0.063632, 0.00952095, 0.00112993]
    ],
    "M_G1C17_M M_G1C17H1_M": [
        [-0.050367, 0.00784112, 0.00093057]
    ],
    "M_G1C17_M M_G1C17H2_M": [
        [-0.0495043, 0.00698819, 0.000829346]
    ],
    "M_G1C18_M M_G1C18H1_M": [
        [-0.0446889, 0.00659544, 0.000782735]
    ],
    "M_G1C18_M M_G1C18H2_M": [
        [-0.0436899, 0.00634993, 0.000753598]
    ],
    "M_G1C19_M M_G1C19H1_M": [
        [-0.0136984, 0.00317836, 0.000377203]
    ],
    "M_G1C19_M M_G1C19H2_M": [
        [-0.013286, 0.00388125, 0.00046062]
    ],
    "M_G1C19_M M_G1C19H3_M": [
        [-0.0135465, 0.00362806, 0.000430571]
    ],
    "M_G2_M M_G2H1_M": [
        [-0.101474, 0.0353441, 0.00419457]
    ],
    "M_G2C3_M M_G2C3H1_M": [
        [-0.0737356, 0.0346238, 0.00410909]
    ],
    "M_G2C3_M M_G2C3H2_M": [
        [-0.0956991, 0.0257628, 0.00305749]
    ],
    "M_G2C4_M M_G2C4H1_M": [
        [-0.121373, 0.0211577, 0.00251096]
    ],
    "M_G2C4_M M_G2C4H2_M": [
        [-0.130411, 0.0208406, 0.00247332]
    ],
    "M_G2C5_M M_G2C5H1_M": [
        [-0.144463, 0.0215233, 0.00255435]
    ],
    "M_G2C5_M M_G2C5H2_M": [
        [-0.146768, 0.0220539, 0.00261732]
    ],
    "M_G2C6_M M_G2C6H1_M": [
        [-0.132186, 0.0197664, 0.00234584]
    ],
    "M_G2C6_M M_G2C6H2_M": [
        [-0.13264, 0.0187256, 0.00222232]
    ],
    "M_G2C7_M M_G2C7H1_M": [
        [-0.133974, 0.0148625, 0.00176385]
    ],
    "M_G2C7_M M_G2C7H2_M": [
        [-0.132911, 0.0167422, 0.00198693]
    ],
    "M_G2C8_M M_G2C8H1_M": [
        [-0.127744, 0.0146685, 0.00174083]
    ],
    "M_G2C8_M M_G2C8H2_M": [
        [-0.127893, 0.0153748, 0.00182465]
    ],
    "M_G2C9_M M_G2C9H1_M": [
        [-0.120402, 0.0142103, 0.00168645]
    ],
    "M_G2C9_M M_G2C9H2_M": [
        [-0.120362, 0.0140803, 0.00167103]
    ],
    "M_G2C10_M M_G2C10H1_M": [
        [-0.128756, 0.0144791, 0.00171835]
    ],
    "M_G2C11_M M_G2C11H1_M": [
        [-0.112812, 0.0149476, 0.00177395]
    ],
    "M_G2C12_M M_G2C12H1_M": [
        [-0.0820237, 0.012349, 0.00146556]
    ],
    "M_G2C12_M M_G2C12H2_M": [
        [-0.0815706, 0.0127126, 0.00150871]
    ],
    "M_G2C13_M M_G2C13H1_M": [
        [-0.0665226, 0.0118299, 0.00140395]
    ],
    "M_G2C13_M M_G2C13H2_M": [
        [-0.0670501, 0.0111852, 0.00132744]
    ],
    "M_G2C14_M M_G2C14H1_M": [
        [-0.0633604, 0.0110635, 0.001313]
    ],
    "M_G2C14_M M_G2C14H2_M": [
        [-0.0626411, 0.00983127, 0.00116676]
    ],
    "M_G2C15_M M_G2C15H1_M": [
        [-0.0530462, 0.00910543, 0.00108062]
    ],
    "M_G2C15_M M_G2C15H2_M": [
        [-0.0518798, 0.00843099, 0.00100057]
    ],
    "M_G2C16_M M_G2C16H1_M": [
        [-0.0557723, 0.00834406, 0.000990257]
    ],
    "M_G2C16_M M_G2C16H2_M": [
        [-0.0566216, 0.00780609, 0.000926412]
    ],
    "M_G2C17_M M_G2C17H1_M": [
        [-0.0452529, 0.00704076, 0.000835584]
    ],
    "M_G2C17_M M_G2C17H2_M": [
        [-0.0456601, 0.00607585, 0.00072107]
    ],
    "M_G2C18_M M_G2C18H1_M": [
        [-0.0404869, 0.00600495, 0.000712656]
    ],
    "M_G2C18_M M_G2C18H2_M": [
        [-0.0408664, 0.00511965, 0.000607591]
    ],
    "M_G2C19_M M_G2C19H1_M": [
        [-0.0121704, 0.00366123, 0.000434508]
    ],
    "M_G2C19_M M_G2C19H2_M": [
        [-0.0118614, 0.00384724, 0.000456583]
    ],
    "M_G2C19_M M_G2C19H3_M": [
        [-0.0126199, 0.00362085, 0.000429716]
    ],
    "M_G3_M M_G3H1_M": [
        [-0.265708, 0.0166823, 0.00197983]
    ],
    "M_G3_M M_G3H2_M": [
        [-0.193389, 0.0283885, 0.0033691]
    ],
    "M_G3C4_M M_G3C4H1_M": [
        [0.0126132, 0.0303438, 0.00360115]
    ],
    "M_G3C4_M M_G3C4H2_M": [
        [0.0404544, 0.0301437, 0.0035774]
    ],
    "M_G3C5_M M_G3C5H1_M": [
        [-0.00759118, 0.0224373, 0.00266282]
    ],
    "M_G3C5_M M_G3C5H2_M": [
        [0.00423302, 0.0251119, 0.00298024]
    ],
    "M_G3N6C1_M M_G3N6C1H1_M": [
        [0.00330788, 0.00663299, 0.000787191]
    ],
    "M_G3N6C1_M M_G3N6C1H2_M": [
        [0.00387167, 0.00702721, 0.000833977]
    ],
    "M_G3N6C1_M M_G3N6C1H3_M": [
        [0.0046527, 0.00734389, 0.000871559]
    ],
    "M_G3N6C2_M M_G3N6C2H1_M": [
        [0.00789047, 0.00701173, 0.000832139]
    ],
    "M_G3N6C2_M M_G3N6C2H2_M": [
        [0.0037503, 0.00683028, 0.000810605]
    ],
    "M_G3N6C2_M M_G3N6C2H3_M": [
        [0.00487933, 0.00718173, 0.000852314]
    ],
    "M_G3N6C3_M M_G3N6C3H1_M": [
        [0.00286425, 0.00691756, 0.000820963]
    ],
    "M_G3N6C3_M M_G3N6C3H2_M": [
        [0.00583521, 0.00672163, 0.000797711]
    ],
    "M_G3N6C3_M M_G3N6C3H3_M": [
        [0.00513931, 0.00666289, 0.000790739]
    ]
}