{
    "M_G1_M M_G1H1_M": [
        [-0.279299, 0.0558396, 0.00457456]
    ],
    "M_G1_M M_G1H2_M": [
        [0.0292986, 0.0751339, 0.00615521]
    ],
    "M_G1C3_M M_G1C3H1_M": [
        [-0.270616, 0.0321629, 0.00263489]
    ],
    "M_G1C3_M M_G1C3H2_M": [
        [-0.258304, 0.0364, 0.00298201]
    ],
    "M_G1C4_M M_G1C4H1_M": [
        [-0.199688, 0.0268011, 0.00219563]
    ],
    "M_G1C4_M M_G1C4H2_M": [
        [-0.189993, 0.028197, 0.00230999]
    ],
    "M_G1C5_M M_G1C5H1_M": [
        [-0.228624, 0.0242215, 0.0019843]
    ],
    "M_G1C5_M M_G1C5H2_M": [
        [-0.223212, 0.0251489, 0.00206028]
    ],
    "M_G1C6_M M_G1C6H1_M": [
        [-0.215291, 0.023943, 0.00196148]
    ],
    "M_G1C6_M M_G1C6H2_M": [
        [-0.213745, 0.025947, 0.00212566]
    ],
    "M_G1C7_M M_G1C7H1_M": [
        [-0.228016, 0.0248931, 0.00203932]
    ],
    "M_G1C7_M M_G1C7H2_M": [
        [-0.227027, 0.0266528, 0.00218349]
    ],
    "M_G1C8_M M_G1C8H1_M": [
        [-0.213904, 0.0260535, 0.00213438]
    ],
    "M_G1C8_M M_G1C8H2_M": [
        [-0.213302, 0.028064, 0.00229909]
    ],
    "M_G1C9_M M_G1C9H1_M": [
        [-0.214685, 0.02596, 0.00212672]
    ],
    "M_G1C9_M M_G1C9H2_M": [
        [-0.21423, 0.0279412, 0.00228903]
    ],
    "M_G1C10_M M_G1C10H1_M": [
        [-0.195279, 0.0267062, 0.00218786]
    ],
    "M_G1C10_M M_G1C10H2_M": [
        [-0.193778, 0.0277606, 0.00227424]
    ],
    "M_G1C11_M M_G1C11H1_M": [
        [-0.188334, 0.0252576, 0.00206918]
    ],
    "M_G1C11_M M_G1C11H2_M": [
        [-0.188006, 0.0264929, 0.00217039]
    ],
    "M_G1C12_M M_G1C12H1_M": [
        [-0.165852, 0.0243058, 0.00199121]
    ],
    "M_G1C12_M M_G1C12H2_M": [
        [-0.164855, 0.0247174, 0.00202493]
    ],
    "M_G1C13_M M_G1C13H1_M": [
        [-0.155108, 0.0217419, 0.00178116]
    ],
    "M_G1C13_M M_G1C13H2_M": [
        [-0.154903, 0.0222176, 0.00182014]
    ],
    "M_G1C14_M M_G1C14H1_M": [
        [-0.130839, 0.0198042, 0.00162242]
    ],
    "M_G1C14_M M_G1C14H2_M": [
        [-0.129525, 0.0201915, 0.00165415]
    ],
    "M_G1C15_M M_G1C15H1_M": [
        [-0.113812, 0.0169443, 0.00138813]
    ],
    "M_G1C15_M M_G1C15H2_M": [
        [-0.113151, 0.0168198, 0.00137793]
    ],
    "M_G1C16_M M_G1C16H1_M": [
        [-0.080686, 0.0126403, 0.00103554]
    ],
    "M_G1C16_M M_G1C16H2_M": [
        [-0.0809129, 0.0132891, 0.00108869]
    ],
    "M_G1C17_M M_G1C17H1_M": [
        [-0.0280838, 0.00590664, 0.000483891]
    ],
    "M_G1C17_M M_G1C17H2_M": [
        [-0.0284034, 0.00639528, 0.000523922]
    ],
    "M_G1C17_M M_G1C17H3_M": [
        [-0.0281011, 0.00581965, 0.000476764]
    ],
    "M_G2_M M_G2H1_M": [
        [-0.256193, 0.0650678, 0.00533056]
    ],
    "M_G2C3_M M_G2C3H1_M": [
        [-0.14027, 0.0408937, 0.00335014]
    ],
    "M_G2C3_M M_G2C3H2_M": [
        [-0.119604, 0.0475053, 0.00389179]
    ],
    "M_G2C4_M M_G2C4H1_M": [
        [-0.198046, 0.0304606, 0.00249543]
    ],
    "M_G2C4_M M_G2C4H2_M": [
        [-0.178956, 0.0333385, 0.0027312]
    ],
    "M_G2C5_M M_G2C5H1_M": [
        [-0.193376, 0.0300019, 0.00245785]
    ],
    "M_G2C5_M M_G2C5H2_M": [
        [-0.186693, 0.0314164, 0.00257373]
    ],
    "M_G2C6_M M_G2C6H1_M": [
        [-0.201007, 0.0289475, 0.00237147]
    ],
    "M_G2C6_M M_G2C6H2_M": [
        [-0.199313, 0.0282221, 0.00231205]
    ],
    "M_G2C7_M M_G2C7H1_M": [
        [-0.175321, 0.0278211, 0.00227919]
    ],
    "M_G2C7_M M_G2C7H2_M": [
        [-0.174327, 0.029618, 0.0024264]
    ],
    "M_G2C8_M M_G2C8H1_M": [
        [-0.171848, 0.0265831, 0.00217778]
    ],
    "M_G2C8_M M_G2C8H2_M": [
        [-0.171028, 0.0271673, 0.00222563]
    ],
    "M_G2C9_M M_G2C9H1_M": [
        [-0.119946, 0.0232356, 0.00190353]
    ],
    "M_G2C9_M M_G2C9H2_M": [
        [-0.120402, 0.0237588, 0.0019464]
    ],
    "M_G2C10_M M_G2C10H1_M": [
        [-0.0931565, 0.0253389, 0.00207584]
    ],
    "M_G2C11_M M_G2C11H1_M": [
        [0.0120562, 0.0267359, 0.00219029]
    ],
    "M_G2C12_M M_G2C12H1_M": [
        [-0.0512203, 0.0208393, 0.00170722]
    ],
    "M_G2C12_M M_G2C12H2_M": [
        [-0.0528614, 0.0246618, 0.00202037]
    ],
    "M_G2C13_M M_G2C13H1_M": [
        [-0.103486, 0.0218852, 0.00179291]
    ],
    "M_G2C13_M M_G2C13H2_M": [
        [-0.102339, 0.0212063, 0.00173729]
    ],
    "M_G2C14_M M_G2C14H1_M": [
        [-0.110813, 0.0195033, 0.00159777]
    ],
    "M_G2C14_M M_G2C14H2_M": [
        [-0.109993, 0.020243, 0.00165837]
    ],
    "M_G2C15_M M_G2C15H1_M": [
        [-0.119467, 0.0202179, 0.00165632]
    ],
    "M_G2C15_M M_G2C15H2_M": [
        [-0.11865, 0.0192582, 0.0015777]
    ],
    "M_G2C16_M M_G2C16H1_M": [
        [-0.110641, 0.0166497, 0.001364]
    ],
    "M_G2C16_M M_G2C16H2_M": [
        [-0.10936, 0.0180828, 0.0014814]
    ],
    "M_G2C17_M M_G2C17H1_M": [
        [-0.0998401, 0.0149567, 0.0012253]
    ],
    "M_G2C17_M M_G2C17H2_M": [
        [-0.0985152, 0.0153466, 0.00125724]
    ],
    "M_G2C18_M M_G2C18H1_M": [
        [-0.0763072, 0.0121438, 0.000994859]
    ],
    "M_G2C18_M M_G2C18H2_M": [
        [-0.0763099, 0.0121849, 0.000998223]
    ],
    "M_G2C19_M M_G2C19H1_M": [
        [-0.0235469, 0.00582395, 0.000477117]
    ],
    "M_G2C19_M M_G2C19H2_M": [
        [-0.0225982, 0.00612629, 0.000501885]
    ],
    "M_G2C19_M M_G2C19H3_M": [
        [-0.0220312, 0.00585559, 0.000479708]
    ],
    "M_G3_M M_G3H1_M": [
        [-0.181956, 0.0745249, 0.00610532]
    ],
    "M_G3_M M_G3H2_M": [
        [-0.252057, 0.0624079, 0.00511266]
    ],
    "M_G3C4_M M_G3C4H1_M": [
        [0.159934, 0.0804454, 0.00659035]
    ],
    "M_G3C4_M M_G3C4H2_M": [
        [0.158159, 0.0678454, 0.00555811]
    ],
    "M_G3C5_M M_G3C5H1_M": [
        [-0.0201486, 0.0368744, 0.00302087]
    ],
    "M_G3C5_M M_G3C5H2_M": [
        [-0.0145959, 0.0356693, 0.00292214]
    ],
    "M_G3N6C1_M M_G3N6C1H1_M": [
        [0.016518, 0.00948236, 0.000776825]
    ],
    "M_G3N6C1_M M_G3N6C1H2_M": [
        [0.0162161, 0.00924792, 0.000757619]
    ],
    "M_G3N6C1_M M_G3N6C1H3_M": [
        [0.0184008, 0.00943294, 0.000772777]
    ],
    "M_G3N6C2_M M_G3N6C2H1_M": [
        [0.0140468, 0.0097496, 0.000798719]
    ],
    "M_G3N6C2_M M_G3N6C2H2_M": [
        [0.0154001, 0.00974649, 0.000798463]
    ],
    "M_G3N6C2_M M_G3N6C2H3_M": [
        [0.0145863, 0.00993725, 0.000814091]
    ],
    "M_G3N6C3_M M_G3N6C3H1_M": [
        [0.0161759, 0.00966284, 0.000791611]
    ],
    "M_G3N6C3_M M_G3N6C3H2_M": [
        [0.0145896, 0.00829036, 0.000679172]
    ],
    "M_G3N6C3_M M_G3N6C3H3_M": [
        [0.0163881, 0.00983992, 0.000806118]
    ]
}