{
    "M_C3_M M_C3H1_M": [
        [-0.341112, 0.0240173, 0.00550994]
    ],
    "M_C4_M M_C4H1_M": [
        [-0.292202, 0.029617, 0.0067946]
    ],
    "M_C4_M M_C4H2_M": [
        [-0.204585, 0.0412769, 0.00946956]
    ],
    "M_C6_M M_C6H1_M": [
        [-0.0447835, 0.0533452, 0.0122382]
    ],
    "M_C7_M M_C7H1_M": [
        [-0.284439, 0.0349882, 0.00802685]
    ],
    "M_C7_M M_C7H2_M": [
        [-0.323247, 0.0273891, 0.00628348]
    ],
    "M_C8_M M_C8H1_M": [
        [-0.386625, 0.0194604, 0.00446452]
    ],
    "M_C14_M M_C14H1_M": [
        [-0.385148, 0.0191236, 0.00438726]
    ],
    "M_C15_M M_C15H1_M": [
        [-0.354839, 0.0247193, 0.00567099]
    ],
    "M_C15_M M_C15H2_M": [
        [-0.31135, 0.0290309, 0.00666015]
    ],
    "M_C16_M M_C16H1_M": [
        [-0.0675812, 0.0382787, 0.00878174]
    ],
    "M_C16_M M_C16H2_M": [
        [-0.170785, 0.0397223, 0.00911293]
    ],
    "M_C17_M M_C17H1_M": [
        [-0.382981, 0.0185762, 0.00426167]
    ],
    "M_C18_M M_C18H1_M": [
        [0.105403, 0.0193198, 0.00443227]
    ],
    "M_C18_M M_C18H2_M": [
        [0.113809, 0.0220344, 0.00505503]
    ],
    "M_C18_M M_C18H3_M": [
        [0.104031, 0.0177534, 0.00407291]
    ],
    "M_C12_M M_C12H1_M": [
        [-0.0990981, 0.0498016, 0.0114253]
    ],
    "M_C12_M M_C12H2_M": [
        [-0.379116, 0.0200251, 0.00459408]
    ],
    "M_C11_M M_C11H1_M": [
        [-0.382065, 0.0198332, 0.00455004]
    ],
    "M_C11_M M_C11H2_M": [
        [-0.215714, 0.0418719, 0.00960606]
    ],
    "M_C9_M M_C9H1_M": [
        [-0.383964, 0.01944, 0.00445985]
    ],
    "M_C19_M M_C19H1_M": [
        [0.107871, 0.0125721, 0.00288424]
    ],
    "M_C19_M M_C19H2_M": [
        [0.10788, 0.0115804, 0.00265673]
    ],
    "M_C19_M M_C19H3_M": [
        [0.106848, 0.0139718, 0.00320535]
    ],
    "M_C1_M M_C1H1_M": [
        [-0.218978, 0.0396735, 0.00910172]
    ],
    "M_C1_M M_C1H2_M": [
        [-0.340329, 0.0251665, 0.00577358]
    ],
    "M_C2_M M_C2H1_M": [
        [-0.209482, 0.0401852, 0.00921913]
    ],
    "M_C2_M M_C2H2_M": [
        [-0.313725, 0.0278283, 0.00638424]
    ],
    "M_C20_M M_C20H1_M": [
        [-0.370513, 0.0184404, 0.00423052]
    ],
    "M_C21_M M_C21H1_M": [
        [0.101589, 0.0135497, 0.00310852]
    ],
    "M_C21_M M_C21H2_M": [
        [0.100774, 0.0126878, 0.00291078]
    ],
    "M_C21_M M_C21H3_M": [
        [0.0992232, 0.0138385, 0.00317477]
    ],
    "M_C22_M M_C22H1_M": [
        [-0.117446, 0.0586303, 0.0134507]
    ],
    "M_C22_M M_C22H2_M": [
        [-0.341904, 0.0179371, 0.00411505]
    ],
    "M_C23_M M_C23H1_M": [
        [-0.077451, 0.0451749, 0.0103638]
    ],
    "M_C23_M M_C23H2_M": [
        [-0.314044, 0.0178446, 0.00409384]
    ],
    "M_C24_M M_C24H1_M": [
        [-0.12606, 0.0203998, 0.00468004]
    ],
    "M_C24_M M_C24H2_M": [
        [-0.246686, 0.0164027, 0.00376303]
    ],
    "M_C25_M M_C25H1_M": [
        [-0.139072, 0.0156829, 0.00359791]
    ],
    "M_C26_M M_C26H1_M": [
        [0.00195808, 0.0108502, 0.0024892]
    ],
    "M_C26_M M_C26H2_M": [
        [-0.00283663, 0.0121423, 0.00278564]
    ],
    "M_C26_M M_C26H3_M": [
        [-0.00279399, 0.0180113, 0.00413207]
    ],
    "M_C27_M M_C27H1_M": [
        [-0.0014295, 0.0112426, 0.00257922]
    ],
    "M_C27_M M_C27H2_M": [
        [-0.00162747, 0.0112175, 0.00257348]
    ],
    "M_C27_M M_C27H3_M": [
        [-0.00658277, 0.00635961, 0.001459]
    ]
}