{
    "M_G1_M M_G1H1_M": [
        [-0.24196, 0.0662856, 0.00640807]
    ],
    "M_G1_M M_G1H2_M": [
        [0.00742003, 0.0604908, 0.00584786]
    ],
    "M_G1C3_M M_G1C3H1_M": [
        [-0.264522, 0.0289027, 0.00279413]
    ],
    "M_G1C3_M M_G1C3H2_M": [
        [-0.25708, 0.0297173, 0.00287288]
    ],
    "M_G1C4_M M_G1C4H1_M": [
        [-0.225727, 0.0267654, 0.00258751]
    ],
    "M_G1C4_M M_G1C4H2_M": [
        [-0.218404, 0.0287866, 0.00278291]
    ],
    "M_G1C5_M M_G1C5H1_M": [
        [-0.257714, 0.0268311, 0.00259386]
    ],
    "M_G1C5_M M_G1C5H2_M": [
        [-0.259147, 0.0260678, 0.00252006]
    ],
    "M_G1C6_M M_G1C6H1_M": [
        [-0.248722, 0.0286513, 0.00276982]
    ],
    "M_G1C6_M M_G1C6H2_M": [
        [-0.246576, 0.0289084, 0.00279468]
    ],
    "M_G1C7_M M_G1C7H1_M": [
        [-0.262864, 0.0277133, 0.00267915]
    ],
    "M_G1C7_M M_G1C7H2_M": [
        [-0.260325, 0.0280101, 0.00270783]
    ],
    "M_G1C8_M M_G1C8H1_M": [
        [-0.250491, 0.0279092, 0.00269808]
    ],
    "M_G1C8_M M_G1C8H2_M": [
        [-0.246765, 0.0287737, 0.00278166]
    ],
    "M_G1C9_M M_G1C9H1_M": [
        [-0.249258, 0.0269615, 0.00260647]
    ],
    "M_G1C9_M M_G1C9H2_M": [
        [-0.247177, 0.0281355, 0.00271996]
    ],
    "M_G1C10_M M_G1C10H1_M": [
        [-0.226786, 0.0279811, 0.00270503]
    ],
    "M_G1C10_M M_G1C10H2_M": [
        [-0.227484, 0.0273031, 0.00263949]
    ],
    "M_G1C11_M M_G1C11H1_M": [
        [-0.220208, 0.0259175, 0.00250554]
    ],
    "M_G1C11_M M_G1C11H2_M": [
        [-0.219952, 0.025941, 0.00250781]
    ],
    "M_G1C12_M M_G1C12H1_M": [
        [-0.195036, 0.0255638, 0.00247134]
    ],
    "M_G1C12_M M_G1C12H2_M": [
        [-0.194375, 0.0239287, 0.00231327]
    ],
    "M_G1C13_M M_G1C13H1_M": [
        [-0.179614, 0.023393, 0.00226148]
    ],
    "M_G1C13_M M_G1C13H2_M": [
        [-0.181374, 0.0224316, 0.00216854]
    ],
    "M_G1C14_M M_G1C14H1_M": [
        [-0.149748, 0.0215924, 0.00208742]
    ],
    "M_G1C14_M M_G1C14H2_M": [
        [-0.151771, 0.0199355, 0.00192724]
    ],
    "M_G1C15_M M_G1C15H1_M": [
        [-0.130994, 0.0192942, 0.00186524]
    ],
    "M_G1C15_M M_G1C15H2_M": [
        [-0.129512, 0.0175088, 0.00169264]
    ],
    "M_G1C16_M M_G1C16H1_M": [
        [-0.0912037, 0.0140874, 0.00136188]
    ],
    "M_G1C16_M M_G1C16H2_M": [
        [-0.0892872, 0.0150529, 0.00145522]
    ],
    "M_G1C17_M M_G1C17H1_M": [
        [-0.0296971, 0.011279, 0.00109038]
    ],
    "M_G1C17_M M_G1C17H2_M": [
        [-0.0303833, 0.0103923, 0.00100466]
    ],
    "M_G1C17_M M_G1C17H3_M": [
        [-0.0308329, 0.00946749, 0.000915256]
    ],
    "M_G2_M M_G2H1_M": [
        [-0.220562, 0.0621516, 0.00600842]
    ],
    "M_G2C3_M M_G2C3H1_M": [
        [-0.129819, 0.0426927, 0.00412726]
    ],
    "M_G2C3_M M_G2C3H2_M": [
        [-0.118765, 0.0429296, 0.00415016]
    ],
    "M_G2C4_M M_G2C4H1_M": [
        [-0.197962, 0.0363067, 0.0035099]
    ],
    "M_G2C4_M M_G2C4H2_M": [
        [-0.18352, 0.0344503, 0.00333044]
    ],
    "M_G2C5_M M_G2C5H1_M": [
        [-0.202599, 0.0344541, 0.00333081]
    ],
    "M_G2C5_M M_G2C5H2_M": [
        [-0.196914, 0.0338472, 0.00327213]
    ],
    "M_G2C6_M M_G2C6H1_M": [
        [-0.221337, 0.0322651, 0.00311919]
    ],
    "M_G2C6_M M_G2C6H2_M": [
        [-0.220337, 0.0311574, 0.0030121]
    ],
    "M_G2C7_M M_G2C7H1_M": [
        [-0.196468, 0.0321546, 0.0031085]
    ],
    "M_G2C7_M M_G2C7H2_M": [
        [-0.196287, 0.0324798, 0.00313994]
    ],
    "M_G2C8_M M_G2C8H1_M": [
        [-0.195708, 0.0301382, 0.00291357]
    ],
    "M_G2C8_M M_G2C8H2_M": [
        [-0.194963, 0.0292757, 0.00283018]
    ],
    "M_G2C9_M M_G2C9H1_M": [
        [-0.137409, 0.0250929, 0.00242582]
    ],
    "M_G2C9_M M_G2C9H2_M": [
        [-0.134954, 0.024775, 0.00239509]
    ],
    "M_G2C10_M M_G2C10H1_M": [
        [-0.102818, 0.0242643, 0.00234572]
    ],
    "M_G2C11_M M_G2C11H1_M": [
        [0.010133, 0.0283398, 0.00273972]
    ],
    "M_G2C12_M M_G2C12H1_M": [
        [-0.0730738, 0.0262936, 0.00254189]
    ],
    "M_G2C12_M M_G2C12H2_M": [
        [-0.0709076, 0.0253924, 0.00245477]
    ],
    "M_G2C13_M M_G2C13H1_M": [
        [-0.132004, 0.0269239, 0.00260283]
    ],
    "M_G2C13_M M_G2C13H2_M": [
        [-0.133604, 0.0255401, 0.00246905]
    ],
    "M_G2C14_M M_G2C14H1_M": [
        [-0.138695, 0.023885, 0.00230905]
    ],
    "M_G2C14_M M_G2C14H2_M": [
        [-0.139103, 0.023543, 0.00227599]
    ],
    "M_G2C15_M M_G2C15H1_M": [
        [-0.147438, 0.0218829, 0.0021155]
    ],
    "M_G2C15_M M_G2C15H2_M": [
        [-0.148438, 0.0230546, 0.00222877]
    ],
    "M_G2C16_M M_G2C16H1_M": [
        [-0.132992, 0.0199996, 0.00193343]
    ],
    "M_G2C16_M M_G2C16H2_M": [
        [-0.132226, 0.0214928, 0.00207779]
    ],
    "M_G2C17_M M_G2C17H1_M": [
        [-0.11971, 0.0197762, 0.00191184]
    ],
    "M_G2C17_M M_G2C17H2_M": [
        [-0.121807, 0.0190508, 0.00184171]
    ],
    "M_G2C18_M M_G2C18H1_M": [
        [-0.0890127, 0.0160458, 0.0015512]
    ],
    "M_G2C18_M M_G2C18H2_M": [
        [-0.0887256, 0.0162834, 0.00157417]
    ],
    "M_G2C19_M M_G2C19H1_M": [
        [-0.029937, 0.0114158, 0.00110361]
    ],
    "M_G2C19_M M_G2C19H2_M": [
        [-0.0284863, 0.00893046, 0.00086334]
    ],
    "M_G2C19_M M_G2C19H3_M": [
        [-0.0288688, 0.0103617, 0.0010017]
    ],
    "M_G3_M M_G3H1_M": [
        [-0.14441, 0.0671974, 0.00649622]
    ],
    "M_G3_M M_G3H2_M": [
        [-0.239017, 0.0465146, 0.00449673]
    ],
    "M_G3C4_M M_G3C4H1_M": [
        [0.0740983, 0.0260044, 0.00251394]
    ],
    "M_G3C4_M M_G3C4H2_M": [
        [0.0755307, 0.0235158, 0.00227336]
    ],
    "M_G3C5_M M_G3C5H1_M": [
        [0.00464338, 0.0188933, 0.00182649]
    ],
    "M_G3C5_M M_G3C5H2_M": [
        [0.00268252, 0.0190585, 0.00184246]
    ],
    "M_G3N6C1_M M_G3N6C1H1_M": [
        [0.0103208, 0.011634, 0.0011247]
    ],
    "M_G3N6C1_M M_G3N6C1H2_M": [
        [0.0126014, 0.0109547, 0.00105903]
    ],
    "M_G3N6C1_M M_G3N6C1H3_M": [
        [0.0115348, 0.0113301, 0.00109532]
    ],
    "M_G3N6C2_M M_G3N6C2H1_M": [
        [0.012333, 0.0112372, 0.00108634]
    ],
    "M_G3N6C2_M M_G3N6C2H2_M": [
        [0.0126595, 0.0117624, 0.00113712]
    ],
    "M_G3N6C2_M M_G3N6C2H3_M": [
        [0.0125136, 0.0108654, 0.0010504]
    ],
    "M_G3N6C3_M M_G3N6C3H1_M": [
        [0.0136985, 0.0113694, 0.00109912]
    ],
    "M_G3N6C3_M M_G3N6C3H2_M": [
        [0.0120421, 0.0117071, 0.00113177]
    ],
    "M_G3N6C3_M M_G3N6C3H3_M": [
        [0.0106954, 0.0114619, 0.00110806]
    ]
}