{
    "M_G1_M M_G1H1_M": [
        [-0.249236, 0.0754033, 0.00757832]
    ],
    "M_G1_M M_G1H2_M": [
        [0.0896011, 0.093638, 0.00941098]
    ],
    "M_G1C3_M M_G1C3H1_M": [
        [-0.281964, 0.0532085, 0.00534765]
    ],
    "M_G1C3_M M_G1C3H2_M": [
        [-0.272551, 0.0569238, 0.00572106]
    ],
    "M_G1C4_M M_G1C4H1_M": [
        [-0.25525, 0.0684175, 0.00687621]
    ],
    "M_G1C4_M M_G1C4H2_M": [
        [-0.248729, 0.0687375, 0.00690838]
    ],
    "M_G1C5_M M_G1C5H1_M": [
        [-0.284178, 0.0679805, 0.0068323]
    ],
    "M_G1C5_M M_G1C5H2_M": [
        [-0.281928, 0.0677135, 0.00680547]
    ],
    "M_G1C6_M M_G1C6H1_M": [
        [-0.278876, 0.076818, 0.0077205]
    ],
    "M_G1C6_M M_G1C6H2_M": [
        [-0.276986, 0.0765591, 0.00769447]
    ],
    "M_G1C7_M M_G1C7H1_M": [
        [-0.291515, 0.0756181, 0.0075999]
    ],
    "M_G1C7_M M_G1C7H2_M": [
        [-0.290622, 0.0755546, 0.00759353]
    ],
    "M_G1C8_M M_G1C8H1_M": [
        [-0.283313, 0.0819808, 0.00823938]
    ],
    "M_G1C8_M M_G1C8H2_M": [
        [-0.282065, 0.0813722, 0.00817821]
    ],
    "M_G1C9_M M_G1C9H1_M": [
        [-0.285195, 0.0821739, 0.00825879]
    ],
    "M_G1C9_M M_G1C9H2_M": [
        [-0.283728, 0.0829395, 0.00833573]
    ],
    "M_G1C10_M M_G1C10H1_M": [
        [-0.272061, 0.0885698, 0.0089016]
    ],
    "M_G1C10_M M_G1C10H2_M": [
        [-0.271315, 0.0884223, 0.00888678]
    ],
    "M_G1C11_M M_G1C11H1_M": [
        [-0.267092, 0.0894547, 0.00899053]
    ],
    "M_G1C11_M M_G1C11H2_M": [
        [-0.266793, 0.0898591, 0.00903118]
    ],
    "M_G1C12_M M_G1C12H1_M": [
        [-0.24804, 0.0934642, 0.0093935]
    ],
    "M_G1C12_M M_G1C12H2_M": [
        [-0.248269, 0.0933159, 0.00937861]
    ],
    "M_G1C13_M M_G1C13H1_M": [
        [-0.234638, 0.0929525, 0.00934207]
    ],
    "M_G1C13_M M_G1C13H2_M": [
        [-0.234868, 0.0927945, 0.0093262]
    ],
    "M_G1C14_M M_G1C14H1_M": [
        [-0.205219, 0.0921446, 0.00926089]
    ],
    "M_G1C14_M M_G1C14H2_M": [
        [-0.205225, 0.0898611, 0.00903138]
    ],
    "M_G1C15_M M_G1C15H1_M": [
        [-0.175258, 0.0819539, 0.00823668]
    ],
    "M_G1C15_M M_G1C15H2_M": [
        [-0.175813, 0.081098, 0.00815065]
    ],
    "M_G1C16_M M_G1C16H1_M": [
        [-0.122786, 0.0612398, 0.00615483]
    ],
    "M_G1C16_M M_G1C16H2_M": [
        [-0.122588, 0.0603106, 0.00606144]
    ],
    "M_G1C17_M M_G1C17H1_M": [
        [-0.0350764, 0.0183199, 0.00184122]
    ],
    "M_G1C17_M M_G1C17H2_M": [
        [-0.0358686, 0.0174546, 0.00175425]
    ],
    "M_G1C17_M M_G1C17H3_M": [
        [-0.0358026, 0.0183628, 0.00184553]
    ],
    "M_G2_M M_G2H1_M": [
        [-0.261259, 0.0654109, 0.00657405]
    ],
    "M_G2C3_M M_G2C3H1_M": [
        [-0.281964, 0.0532085, 0.00534765]
    ],
    "M_G2C3_M M_G2C3H2_M": [
        [-0.272551, 0.0569238, 0.00572106]
    ],
    "M_G2C4_M M_G2C4H1_M": [
        [-0.25525, 0.0684175, 0.00687621]
    ],
    "M_G2C4_M M_G2C4H2_M": [
        [-0.248729, 0.0687375, 0.00690838]
    ],
    "M_G2C5_M M_G2C5H1_M": [
        [-0.284178, 0.0679805, 0.0068323]
    ],
    "M_G2C5_M M_G2C5H2_M": [
        [-0.281928, 0.0677135, 0.00680547]
    ],
    "M_G2C6_M M_G2C6H1_M": [
        [-0.278876, 0.076818, 0.0077205]
    ],
    "M_G2C6_M M_G2C6H2_M": [
        [-0.276986, 0.0765591, 0.00769447]
    ],
    "M_G2C7_M M_G2C7H1_M": [
        [-0.291515, 0.0756181, 0.0075999]
    ],
    "M_G2C7_M M_G2C7H2_M": [
        [-0.290622, 0.0755546, 0.00759353]
    ],
    "M_G2C8_M M_G2C8H1_M": [
        [-0.283313, 0.0819808, 0.00823938]
    ],
    "M_G2C8_M M_G2C8H2_M": [
        [-0.282065, 0.0813722, 0.00817821]
    ],
    "M_G2C9_M M_G2C9H1_M": [
        [-0.285195, 0.0821739, 0.00825879]
    ],
    "M_G2C9_M M_G2C9H2_M": [
        [-0.283728, 0.0829395, 0.00833573]
    ],
    "M_G2C10_M M_G2C10H1_M": [
        [-0.272061, 0.0885698, 0.0089016]
    ],
    "M_G2C11_M M_G2C11H1_M": [
        [-0.267092, 0.0894547, 0.00899053]
    ],
    "M_G2C12_M M_G2C12H1_M": [
        [-0.24804, 0.0934642, 0.0093935]
    ],
    "M_G2C12_M M_G2C12H2_M": [
        [-0.248269, 0.0933159, 0.00937861]
    ],
    "M_G2C13_M M_G2C13H1_M": [
        [-0.234638, 0.0929525, 0.00934207]
    ],
    "M_G2C13_M M_G2C13H2_M": [
        [-0.234868, 0.0927945, 0.0093262]
    ],
    "M_G2C14_M M_G2C14H1_M": [
        [-0.205219, 0.0921446, 0.00926089]
    ],
    "M_G2C14_M M_G2C14H2_M": [
        [-0.205225, 0.0898611, 0.00903138]
    ],
    "M_G2C15_M M_G2C15H1_M": [
        [-0.175258, 0.0819539, 0.00823668]
    ],
    "M_G2C15_M M_G2C15H2_M": [
        [-0.175813, 0.081098, 0.00815065]
    ],
    "M_G2C16_M M_G2C16H1_M": [
        [-0.122786, 0.0612398, 0.00615483]
    ],
    "M_G2C16_M M_G2C16H2_M": [
        [-0.122588, 0.0603106, 0.00606144]
    ],
    "M_G2C17_M M_G2C17H1_M": [
        [-0.0350764, 0.0183199, 0.00184122]
    ],
    "M_G2C17_M M_G2C17H2_M": [
        [-0.0358686, 0.0174546, 0.00175425]
    ],
    "M_G2C18_M M_G2C18H1_M": [
        [-0.104976, 0.0480806, 0.00483229]
    ],
    "M_G2C18_M M_G2C18H2_M": [
        [-0.104667, 0.0483151, 0.00485585]
    ],
    "M_G2C19_M M_G2C19H1_M": [
        [-0.0337787, 0.0183573, 0.00184498]
    ],
    "M_G2C19_M M_G2C19H2_M": [
        [-0.0350819, 0.0180903, 0.00181814]
    ],
    "M_G2C19_M M_G2C19H3_M": [
        [-0.0352843, 0.0177394, 0.00178288]
    ],
    "M_G3_M M_G3H1_M": [
        [-0.0666222, 0.0959517, 0.00964351]
    ],
    "M_G3_M M_G3H2_M": [
        [-0.157043, 0.0858802, 0.00863129]
    ],
    "M_G3C4_M M_G3C4H1_M": [
        [-0.134099, 0.0249317, 0.00250573]
    ],
    "M_G3C4_M M_G3C4H2_M": [
        [-0.125606, 0.0258373, 0.00259675]
    ],
    "M_G3C5_M M_G3C5H1_M": [
        [-0.0909791, 0.0151434, 0.00152196]
    ],
    "M_G3C5_M M_G3C5H2_M": [
        [-0.0921915, 0.0156126, 0.00156913]
    ],
    "M_G3N6C1_M M_G3N6C1H1_M": [
        [0.0166679, 0.0058321, 0.000586148]
    ],
    "M_G3N6C1_M M_G3N6C1H2_M": [
        [0.0165383, 0.00577054, 0.000579961]
    ],
    "M_G3N6C1_M M_G3N6C1H3_M": [
        [0.0156601, 0.00633883, 0.000637077]
    ],
    "M_G3N6C2_M M_G3N6C2H1_M": [
        [0.0169794, 0.0061364, 0.000616732]
    ],
    "M_G3N6C2_M M_G3N6C2H2_M": [
        [0.0170464, 0.00610892, 0.00061397]
    ],
    "M_G3N6C2_M M_G3N6C2H3_M": [
        [0.0156402, 0.00562002, 0.000564833]
    ],
    "M_G3N6C3_M M_G3N6C3H1_M": [
        [0.0154804, 0.00617354, 0.000620464]
    ],
    "M_G3N6C3_M M_G3N6C3H2_M": [
        [0.0182051, 0.00606024, 0.000609077]
    ],
    "M_G3N6C3_M M_G3N6C3H3_M": [
        [0.0159537, 0.00595819, 0.00059882]
    ]
}