{
    "M_C3_M M_C3H3_M": [
        [-0.344657, 0.0164924, 0.00146346]
    ],
    "M_C4_M M_C4H41_M": [
        [-0.172423, 0.0338589, 0.00300449]
    ],
    "M_C4_M M_C4H42_M": [
        [-0.302386, 0.0191309, 0.00169759]
    ],
    "M_C6_M M_C6H6_M": [
        [-0.00471215, 0.0378111, 0.0033552]
    ],
    "M_C7_M M_C7H71_M": [
        [-0.330668, 0.0176523, 0.00156639]
    ],
    "M_C7_M M_C7H72_M": [
        [-0.293024, 0.0192332, 0.00170667]
    ],
    "M_C8_M M_C8H8_M": [
        [-0.37359, 0.015451, 0.00137105]
    ],
    "M_C14_M M_C14H14_M": [
        [-0.363782, 0.0162813, 0.00144473]
    ],
    "M_C15_M M_C15H151_M": [
        [-0.286023, 0.0266222, 0.00236234]
    ],
    "M_C15_M M_C15H152_M": [
        [-0.344263, 0.0186628, 0.00165606]
    ],
    "M_C16_M M_C16H161_M": [
        [-0.166443, 0.0286201, 0.00253962]
    ],
    "M_C16_M M_C16H162_M": [
        [-0.0821683, 0.0264469, 0.00234678]
    ],
    "M_C17_M M_C17H17_M": [
        [-0.370273, 0.015722, 0.0013951]
    ],
    "M_C18_M M_C18H181_M": [
        [0.0910056, 0.023987, 0.0021285]
    ],
    "M_C18_M M_C18H182_M": [
        [0.0937231, 0.0196092, 0.00174003]
    ],
    "M_C18_M M_C18H183_M": [
        [0.0928513, 0.0208712, 0.00185202]
    ],
    "M_C12_M M_C12H121_M": [
        [-0.365982, 0.0159055, 0.00141138]
    ],
    "M_C12_M M_C12H122_M": [
        [-0.0640935, 0.0373938, 0.00331816]
    ],
    "M_C11_M M_C11H111_M": [
        [-0.226505, 0.022478, 0.0019946]
    ],
    "M_C11_M M_C11H112_M": [
        [-0.367578, 0.0167674, 0.00148786]
    ],
    "M_C9_M M_C9H9_M": [
        [-0.367797, 0.0165817, 0.00147139]
    ],
    "M_C19_M M_C19H191_M": [
        [0.0962551, 0.0153456, 0.0013617]
    ],
    "M_C19_M M_C19H192_M": [
        [0.0987517, 0.016606, 0.00147355]
    ],
    "M_C19_M M_C19H193_M": [
        [0.0995086, 0.0157955, 0.00140163]
    ],
    "M_C1_M M_C1H11_M": [
        [-0.335827, 0.0173647, 0.00154087]
    ],
    "M_C1_M M_C1H12_M": [
        [-0.173958, 0.0345427, 0.00306517]
    ],
    "M_C2_M M_C2H21_M": [
        [-0.314473, 0.0192634, 0.00170935]
    ],
    "M_C2_M M_C2H22_M": [
        [-0.233277, 0.0220151, 0.00195352]
    ],
    "M_C20_M M_C20H20_M": [
        [-0.331652, 0.0996947, 0.00884648]
    ],
    "M_C21_M M_C21H211_M": [
        [0.082664, 0.0170762, 0.00151526]
    ],
    "M_C21_M M_C21H212_M": [
        [0.083204, 0.0176358, 0.00156493]
    ],
    "M_C21_M M_C21H213_M": [
        [0.0827568, 0.0161781, 0.00143557]
    ],
    "M_C22_M M_C22H221_M": [
        [-0.305995, 0.0666055, 0.00591028]
    ],
    "M_C22_M M_C22H222_M": [
        [-0.224591, 0.0428189, 0.00379956]
    ],
    "M_C23_M M_C23H231_M": [
        [-0.29615, 0.0611646, 0.00542748]
    ],
    "M_C23_M M_C23H232_M": [
        [-0.197274, 0.0353894, 0.0031403]
    ],
    "M_C24_M M_C24H241_M": [
        [-0.271528, 0.0620243, 0.00550376]
    ],
    "M_C24_M M_C24H242_M": [
        [-0.198132, 0.0377989, 0.00335411]
    ],
    "M_C25_M M_C25H25_M": [
        [-0.210669, 0.0267988, 0.00237801]
    ],
    "M_C26_M M_C26H261_M": [
        [0.0127473, 0.0159185, 0.00141254]
    ],
    "M_C26_M M_C26H262_M": [
        [0.0119788, 0.0160062, 0.00142032]
    ],
    "M_C26_M M_C26H263_M": [
        [0.0134731, 0.0145566, 0.00129169]
    ],
    "M_C27_M M_C27H271_M": [
        [0.000846168, 0.0188605, 0.0016736]
    ],
    "M_C27_M M_C27H272_M": [
        [-0.000909795, 0.0202989, 0.00180124]
    ],
    "M_C27_M M_C27H273_M": [
        [-0.00232095, 0.0169411, 0.00150328]
    ]
}