{
    "M_G1_M M_G1H1_M": [
        [-0.172671, 0.0289697, 0.00364983]
    ],
    "M_G1_M M_G1H2_M": [
        [-0.0408168, 0.0212662, 0.00267929]
    ],
    "M_G1C3_M M_G1C3H1_M": [
        [-0.206176, 0.0179352, 0.00225962]
    ],
    "M_G1C3_M M_G1C3H2_M": [
        [-0.238247, 0.0191496, 0.00241262]
    ],
    "M_G1C4_M M_G1C4H1_M": [
        [-0.183736, 0.0151417, 0.00190767]
    ],
    "M_G1C4_M M_G1C4H2_M": [
        [-0.169628, 0.0137558, 0.00173307]
    ],
    "M_G1C5_M M_G1C5H1_M": [
        [-0.208795, 0.0132854, 0.00167381]
    ],
    "M_G1C5_M M_G1C5H2_M": [
        [-0.211827, 0.0139272, 0.00175466]
    ],
    "M_G1C6_M M_G1C6H1_M": [
        [-0.212251, 0.0139378, 0.00175599]
    ],
    "M_G1C6_M M_G1C6H2_M": [
        [-0.210479, 0.0134956, 0.00170028]
    ],
    "M_G1C7_M M_G1C7H1_M": [
        [-0.224032, 0.0145527, 0.00183346]
    ],
    "M_G1C7_M M_G1C7H2_M": [
        [-0.225289, 0.0127619, 0.00160785]
    ],
    "M_G1C8_M M_G1C8H1_M": [
        [-0.218529, 0.014245, 0.0017947]
    ],
    "M_G1C8_M M_G1C8H2_M": [
        [-0.218503, 0.0153021, 0.00192789]
    ],
    "M_G1C9_M M_G1C9H1_M": [
        [-0.220165, 0.0156896, 0.0019767]
    ],
    "M_G1C9_M M_G1C9H2_M": [
        [-0.218623, 0.0157525, 0.00198463]
    ],
    "M_G1C10_M M_G1C10H1_M": [
        [-0.205139, 0.0156774, 0.00197517]
    ],
    "M_G1C10_M M_G1C10H2_M": [
        [-0.20339, 0.0161221, 0.00203119]
    ],
    "M_G1C11_M M_G1C11H1_M": [
        [-0.198193, 0.0158065, 0.00199144]
    ],
    "M_G1C11_M M_G1C11H2_M": [
        [-0.196206, 0.0166169, 0.00209353]
    ],
    "M_G1C12_M M_G1C12H1_M": [
        [-0.181891, 0.0161436, 0.00203391]
    ],
    "M_G1C12_M M_G1C12H2_M": [
        [-0.181316, 0.0147463, 0.00185786]
    ],
    "M_G1C13_M M_G1C13H1_M": [
        [-0.170177, 0.015669, 0.0019741]
    ],
    "M_G1C13_M M_G1C13H2_M": [
        [-0.172601, 0.0151524, 0.00190902]
    ],
    "M_G1C14_M M_G1C14H1_M": [
        [-0.154227, 0.0133821, 0.00168598]
    ],
    "M_G1C14_M M_G1C14H2_M": [
        [-0.152791, 0.0138969, 0.00175084]
    ],
    "M_G1C15_M M_G1C15H1_M": [
        [-0.142416, 0.0164126, 0.0020678]
    ],
    "M_G1C15_M M_G1C15H2_M": [
        [-0.145976, 0.0124997, 0.00157481]
    ],
    "M_G1C16_M M_G1C16H1_M": [
        [-0.127351, 0.015287, 0.00192598]
    ],
    "M_G1C16_M M_G1C16H2_M": [
        [-0.125437, 0.0123445, 0.00155527]
    ],
    "M_G1C17_M M_G1C17H1_M": [
        [-0.108517, 0.0158709, 0.00199954]
    ],
    "M_G1C17_M M_G1C17H2_M": [
        [-0.110641, 0.0138369, 0.00174329]
    ],
    "M_G1C18_M M_G1C18H1_M": [
        [-0.085513, 0.0149668, 0.00188564]
    ],
    "M_G1C18_M M_G1C18H2_M": [
        [-0.0824674, 0.0140279, 0.00176735]
    ],
    "M_G1C19_M M_G1C19H1_M": [
        [-0.0274715, 0.0175649, 0.00221297]
    ],
    "M_G1C19_M M_G1C19H2_M": [
        [-0.0285977, 0.0162995, 0.00205354]
    ],
    "M_G1C19_M M_G1C19H3_M": [
        [-0.0283752, 0.0165452, 0.0020845]
    ],
    "M_G2_M M_G2H1_M": [
        [-0.192041, 0.0231914, 0.00292184]
    ],
    "M_G2C3_M M_G2C3H1_M": [
        [-0.111232, 0.0143237, 0.00180462]
    ],
    "M_G2C3_M M_G2C3H2_M": [
        [-0.0749234, 0.0187756, 0.0023655]
    ],
    "M_G2C4_M M_G2C4H1_M": [
        [-0.206394, 0.0144938, 0.00182604]
    ],
    "M_G2C4_M M_G2C4H2_M": [
        [-0.210586, 0.0148498, 0.00187089]
    ],
    "M_G2C5_M M_G2C5H1_M": [
        [-0.206918, 0.0152354, 0.00191948]
    ],
    "M_G2C5_M M_G2C5H2_M": [
        [-0.204364, 0.0150857, 0.00190062]
    ],
    "M_G2C6_M M_G2C6H1_M": [
        [-0.217854, 0.01422, 0.00179155]
    ],
    "M_G2C6_M M_G2C6H2_M": [
        [-0.21805, 0.0176145, 0.00221922]
    ],
    "M_G2C7_M M_G2C7H1_M": [
        [-0.194508, 0.0158106, 0.00199195]
    ],
    "M_G2C7_M M_G2C7H2_M": [
        [-0.193128, 0.0156251, 0.00196857]
    ],
    "M_G2C8_M M_G2C8H1_M": [
        [-0.183924, 0.0161299, 0.00203217]
    ],
    "M_G2C8_M M_G2C8H2_M": [
        [-0.185153, 0.0180661, 0.00227612]
    ],
    "M_G2C9_M M_G2C9H1_M": [
        [-0.106909, 0.0162893, 0.00205226]
    ],
    "M_G2C9_M M_G2C9H2_M": [
        [-0.109232, 0.0186477, 0.00234939]
    ],
    "M_G2C10_M M_G2C10H1_M": [
        [-0.0605133, 0.0198525, 0.00250117]
    ],
    "M_G2C11_M M_G2C11H1_M": [
        [-0.0488959, 0.0154093, 0.00194139]
    ],
    "M_G2C12_M M_G2C12H1_M": [
        [-0.082069, 0.0152195, 0.00191748]
    ],
    "M_G2C12_M M_G2C12H2_M": [
        [-0.0855707, 0.013941, 0.0017564]
    ],
    "M_G2C13_M M_G2C13H1_M": [
        [-0.127886, 0.0133585, 0.00168301]
    ],
    "M_G2C13_M M_G2C13H2_M": [
        [-0.125509, 0.0143888, 0.00181282]
    ],
    "M_G2C14_M M_G2C14H1_M": [
        [-0.136015, 0.0125755, 0.00158436]
    ],
    "M_G2C14_M M_G2C14H2_M": [
        [-0.135331, 0.014413, 0.00181586]
    ],
    "M_G2C15_M M_G2C15H1_M": [
        [-0.140337, 0.0127505, 0.00160641]
    ],
    "M_G2C15_M M_G2C15H2_M": [
        [-0.142825, 0.0150022, 0.0018901]
    ],
    "M_G2C16_M M_G2C16H1_M": [
        [-0.128855, 0.014247, 0.00179496]
    ],
    "M_G2C16_M M_G2C16H2_M": [
        [-0.131935, 0.0137477, 0.00173205]
    ],
    "M_G2C17_M M_G2C17H1_M": [
        [-0.120282, 0.0129361, 0.00162979]
    ],
    "M_G2C17_M M_G2C17H2_M": [
        [-0.120037, 0.0127912, 0.00161154]
    ],
    "M_G2C18_M M_G2C18H1_M": [
        [-0.0954758, 0.0140243, 0.0017669]
    ],
    "M_G2C18_M M_G2C18H2_M": [
        [-0.093569, 0.0121269, 0.00152785]
    ],
    "M_G2C19_M M_G2C19H1_M": [
        [-0.0317794, 0.0170023, 0.00214209]
    ],
    "M_G2C19_M M_G2C19H2_M": [
        [-0.0320342, 0.0157736, 0.00198728]
    ],
    "M_G2C19_M M_G2C19H3_M": [
        [-0.0319949, 0.0161639, 0.00203646]
    ],
    "M_G3_M M_G3H1_M": [
        [-0.24417, 0.0168119, 0.0021181]
    ],
    "M_G3_M M_G3H2_M": [
        [-0.225912, 0.022204, 0.00279744]
    ],
    "M_G3C4_M M_G3C4H1_M": [
        [0.0326972, 0.0188445, 0.00237418]
    ],
    "M_G3C4_M M_G3C4H2_M": [
        [0.0346435, 0.017539, 0.00220971]
    ],
    "M_G3C5_M M_G3C5H1_M": [
        [-0.0790121, 0.0137911, 0.00173752]
    ],
    "M_G3C5_M M_G3C5H2_M": [
        [-0.080296, 0.0155456, 0.00195857]
    ],
    "M_G3N6C1_M M_G3N6C1H1_M": [
        [0.0130948, 0.0143012, 0.00180179]
    ],
    "M_G3N6C1_M M_G3N6C1H2_M": [
        [0.0123009, 0.015348, 0.00193366]
    ],
    "M_G3N6C1_M M_G3N6C1H3_M": [
        [0.0104081, 0.0171813, 0.00216463]
    ],
    "M_G3N6C2_M M_G3N6C2H1_M": [
        [0.0120479, 0.0148891, 0.00187586]
    ],
    "M_G3N6C2_M M_G3N6C2H2_M": [
        [0.0105032, 0.0161197, 0.0020309]
    ],
    "M_G3N6C2_M M_G3N6C2H3_M": [
        [0.013149, 0.015669, 0.00197411]
    ],
    "M_G3N6C3_M M_G3N6C3H1_M": [
        [0.0112253, 0.0160695, 0.00202457]
    ],
    "M_G3N6C3_M M_G3N6C3H2_M": [
        [0.0121073, 0.0142559, 0.00179607]
    ],
    "M_G3N6C3_M M_G3N6C3H3_M": [
        [0.012982, 0.0167288, 0.00210763]
    ]
}