{
    "M_G1_M M_G1H1_M": [
        [-0.248789, 0.176047, 0.0156217]
    ],
    "M_G1_M M_G1H2_M": [
        [0.0128115, 0.284639, 0.0252577]
    ],
    "M_G1C3_M M_G1C3H1_M": [
        [-0.226271, 0.150616, 0.013365]
    ],
    "M_G1C3_M M_G1C3H2_M": [
        [-0.252017, 0.137742, 0.0122227]
    ],
    "M_G1C4_M M_G1C4H1_M": [
        [-0.173735, 0.144881, 0.0128561]
    ],
    "M_G1C4_M M_G1C4H2_M": [
        [-0.187092, 0.134298, 0.0119171]
    ],
    "M_G1C5_M M_G1C5H1_M": [
        [-0.232976, 0.114643, 0.0101729]
    ],
    "M_G1C5_M M_G1C5H2_M": [
        [-0.221221, 0.136897, 0.0121476]
    ],
    "M_G1C6_M M_G1C6H1_M": [
        [-0.220713, 0.12131, 0.0107645]
    ],
    "M_G1C6_M M_G1C6H2_M": [
        [-0.233434, 0.118839, 0.0105452]
    ],
    "M_G1C7_M M_G1C7H1_M": [
        [-0.236622, 0.114995, 0.0102042]
    ],
    "M_G1C7_M M_G1C7H2_M": [
        [-0.236796, 0.11136, 0.00988164]
    ],
    "M_G1C8_M M_G1C8H1_M": [
        [-0.209396, 0.13696, 0.0121533]
    ],
    "M_G1C8_M M_G1C8H2_M": [
        [-0.216217, 0.115899, 0.0102843]
    ],
    "M_G1C9_M M_G1C9H1_M": [
        [-0.214554, 0.116502, 0.0103379]
    ],
    "M_G1C9_M M_G1C9H2_M": [
        [-0.213638, 0.111536, 0.00989718]
    ],
    "M_G1C10_M M_G1C10H1_M": [
        [-0.196676, 0.120841, 0.0107229]
    ],
    "M_G1C10_M M_G1C10H2_M": [
        [-0.197036, 0.120462, 0.0106893]
    ],
    "M_G1C11_M M_G1C11H1_M": [
        [-0.184347, 0.126913, 0.0112617]
    ],
    "M_G1C11_M M_G1C11H2_M": [
        [-0.195373, 0.112866, 0.0100153]
    ],
    "M_G1C12_M M_G1C12H1_M": [
        [-0.164403, 0.129007, 0.0114475]
    ],
    "M_G1C12_M M_G1C12H2_M": [
        [-0.181072, 0.115772, 0.0102731]
    ],
    "M_G1C13_M M_G1C13H1_M": [
        [-0.162504, 0.108162, 0.00959784]
    ],
    "M_G1C13_M M_G1C13H2_M": [
        [-0.156911, 0.118761, 0.0105383]
    ],
    "M_G1C14_M M_G1C14H1_M": [
        [-0.142177, 0.101696, 0.00902409]
    ],
    "M_G1C14_M M_G1C14H2_M": [
        [-0.132956, 0.108263, 0.00960676]
    ],
    "M_G1C15_M M_G1C15H1_M": [
        [-0.115953, 0.0887073, 0.0078715]
    ],
    "M_G1C15_M M_G1C15H2_M": [
        [-0.121085, 0.0891415, 0.00791003]
    ],
    "M_G1C16_M M_G1C16H1_M": [
        [-0.085708, 0.0772155, 0.00685176]
    ],
    "M_G1C16_M M_G1C16H2_M": [
        [-0.0835737, 0.0771701, 0.00684774]
    ],
    "M_G1C17_M M_G1C17H1_M": [
        [-0.0293639, 0.0488505, 0.00433478]
    ],
    "M_G1C17_M M_G1C17H2_M": [
        [-0.027079, 0.0508041, 0.00450813]
    ],
    "M_G1C17_M M_G1C17H3_M": [
        [-0.0255509, 0.0548205, 0.00486453]
    ],
    "M_G2_M M_G2H1_M": [
        [-0.228447, 0.237834, 0.0211043]
    ],
    "M_G2C3_M M_G2C3H1_M": [
        [-0.226271, 0.150616, 0.013365]
    ],
    "M_G2C3_M M_G2C3H2_M": [
        [-0.252017, 0.137742, 0.0122227]
    ],
    "M_G2C4_M M_G2C4H1_M": [
        [-0.173735, 0.144881, 0.0128561]
    ],
    "M_G2C4_M M_G2C4H2_M": [
        [-0.187092, 0.134298, 0.0119171]
    ],
    "M_G2C5_M M_G2C5H1_M": [
        [-0.232976, 0.114643, 0.0101729]
    ],
    "M_G2C5_M M_G2C5H2_M": [
        [-0.221221, 0.136897, 0.0121476]
    ],
    "M_G2C6_M M_G2C6H1_M": [
        [-0.220713, 0.12131, 0.0107645]
    ],
    "M_G2C6_M M_G2C6H2_M": [
        [-0.233434, 0.118839, 0.0105452]
    ],
    "M_G2C7_M M_G2C7H1_M": [
        [-0.236622, 0.114995, 0.0102042]
    ],
    "M_G2C7_M M_G2C7H2_M": [
        [-0.236796, 0.11136, 0.00988164]
    ],
    "M_G2C8_M M_G2C8H1_M": [
        [-0.209396, 0.13696, 0.0121533]
    ],
    "M_G2C8_M M_G2C8H2_M": [
        [-0.216217, 0.115899, 0.0102843]
    ],
    "M_G2C9_M M_G2C9H1_M": [
        [-0.214554, 0.116502, 0.0103379]
    ],
    "M_G2C9_M M_G2C9H2_M": [
        [-0.213638, 0.111536, 0.00989718]
    ],
    "M_G2C10_M M_G2C10H1_M": [
        [-0.196676, 0.120841, 0.0107229]
    ],
    "M_G2C11_M M_G2C11H1_M": [
        [-0.184347, 0.126913, 0.0112617]
    ],
    "M_G2C12_M M_G2C12H1_M": [
        [-0.164403, 0.129007, 0.0114475]
    ],
    "M_G2C12_M M_G2C12H2_M": [
        [-0.181072, 0.115772, 0.0102731]
    ],
    "M_G2C13_M M_G2C13H1_M": [
        [-0.162504, 0.108162, 0.00959784]
    ],
    "M_G2C13_M M_G2C13H2_M": [
        [-0.156911, 0.118761, 0.0105383]
    ],
    "M_G2C14_M M_G2C14H1_M": [
        [-0.142177, 0.101696, 0.00902409]
    ],
    "M_G2C14_M M_G2C14H2_M": [
        [-0.132956, 0.108263, 0.00960676]
    ],
    "M_G2C15_M M_G2C15H1_M": [
        [-0.115953, 0.0887073, 0.0078715]
    ],
    "M_G2C15_M M_G2C15H2_M": [
        [-0.121085, 0.0891415, 0.00791003]
    ],
    "M_G2C16_M M_G2C16H1_M": [
        [-0.085708, 0.0772155, 0.00685176]
    ],
    "M_G2C16_M M_G2C16H2_M": [
        [-0.0835737, 0.0771701, 0.00684774]
    ],
    "M_G2C17_M M_G2C17H1_M": [
        [-0.0293639, 0.0488505, 0.00433478]
    ],
    "M_G2C17_M M_G2C17H2_M": [
        [-0.027079, 0.0508041, 0.00450813]
    ],
    "M_G2C18_M M_G2C18H1_M": [
        [-0.087461, 0.0679589, 0.00603038]
    ],
    "M_G2C18_M M_G2C18H2_M": [
        [-0.0844579, 0.0758519, 0.00673077]
    ],
    "M_G2C19_M M_G2C19H1_M": [
        [-0.0252536, 0.0450603, 0.00399846]
    ],
    "M_G2C19_M M_G2C19H2_M": [
        [-0.0191153, 0.048087, 0.00426703]
    ],
    "M_G2C19_M M_G2C19H3_M": [
        [-0.0356995, 0.0525737, 0.00466516]
    ],
    "M_G3_M M_G3H1_M": [
        [-0.127779, 0.248445, 0.0220459]
    ],
    "M_G3_M M_G3H2_M": [
        [-0.180365, 0.200973, 0.0178335]
    ],
    "M_G3C4_M M_G3C4H1_M": [
        [-0.0366993, 0.135697, 0.0120412]
    ],
    "M_G3C4_M M_G3C4H2_M": [
        [-0.0167263, 0.143693, 0.0127507]
    ],
    "M_G3C5_M M_G3C5H1_M": [
        [-0.049571, 0.110033, 0.00976387]
    ],
    "M_G3C5_M M_G3C5H2_M": [
        [-0.0643032, 0.113237, 0.0100481]
    ],
    "M_G3N6C1_M M_G3N6C1H1_M": [
        [0.00826397, 0.0557043, 0.00494296]
    ],
    "M_G3N6C1_M M_G3N6C1H2_M": [
        [0.0106304, 0.0518083, 0.00459725]
    ],
    "M_G3N6C1_M M_G3N6C1H3_M": [
        [0.00656213, 0.0584487, 0.00518649]
    ],
    "M_G3N6C2_M M_G3N6C2H1_M": [
        [0.0109482, 0.0632333, 0.00561105]
    ],
    "M_G3N6C2_M M_G3N6C2H2_M": [
        [0.0135531, 0.0590754, 0.00524209]
    ],
    "M_G3N6C2_M M_G3N6C2H3_M": [
        [0.0030474, 0.0525408, 0.00466224]
    ],
    "M_G3N6C3_M M_G3N6C3H1_M": [
        [0.0172224, 0.0528777, 0.00469214]
    ],
    "M_G3N6C3_M M_G3N6C3H2_M": [
        [0.0124366, 0.0501187, 0.00444731]
    ],
    "M_G3N6C3_M M_G3N6C3H3_M": [
        [0.00985939, 0.0505562, 0.00448614]
    ]
}