{
    "M_G1_M M_G1H1_M": [
        [-0.176428, 0.0397592, 0.00636656]
    ],
    "M_G1_M M_G1H2_M": [
        [-0.0346908, 0.0345002, 0.00552445]
    ],
    "M_G1C3_M M_G1C3H1_M": [
        [-0.244258, 0.0177826, 0.0028475]
    ],
    "M_G1C3_M M_G1C3H2_M": [
        [-0.221604, 0.0175397, 0.00280861]
    ],
    "M_G1C4_M M_G1C4H1_M": [
        [-0.194741, 0.0134394, 0.00215203]
    ],
    "M_G1C4_M M_G1C4H2_M": [
        [-0.181377, 0.0108817, 0.00174247]
    ],
    "M_G1C5_M M_G1C5H1_M": [
        [-0.223825, 0.0107398, 0.00171975]
    ],
    "M_G1C5_M M_G1C5H2_M": [
        [-0.221258, 0.0100356, 0.00160699]
    ],
    "M_G1C6_M M_G1C6H1_M": [
        [-0.226964, 0.0102379, 0.00163938]
    ],
    "M_G1C6_M M_G1C6H2_M": [
        [-0.223991, 0.0104055, 0.00166622]
    ],
    "M_G1C7_M M_G1C7H1_M": [
        [-0.238122, 0.0100774, 0.00161368]
    ],
    "M_G1C7_M M_G1C7H2_M": [
        [-0.237602, 0.00984494, 0.00157645]
    ],
    "M_G1C8_M M_G1C8H1_M": [
        [-0.230507, 0.0109154, 0.00174785]
    ],
    "M_G1C8_M M_G1C8H2_M": [
        [-0.230514, 0.0111082, 0.00177873]
    ],
    "M_G1C9_M M_G1C9H1_M": [
        [-0.230623, 0.0104589, 0.00167477]
    ],
    "M_G1C9_M M_G1C9H2_M": [
        [-0.231244, 0.0113074, 0.00181063]
    ],
    "M_G1C10_M M_G1C10H1_M": [
        [-0.214746, 0.010501, 0.00168151]
    ],
    "M_G1C10_M M_G1C10H2_M": [
        [-0.215072, 0.0111881, 0.00179153]
    ],
    "M_G1C11_M M_G1C11H1_M": [
        [-0.206657, 0.00970197, 0.00155356]
    ],
    "M_G1C11_M M_G1C11H2_M": [
        [-0.206538, 0.00950359, 0.00152179]
    ],
    "M_G1C12_M M_G1C12H1_M": [
        [-0.185652, 0.00994047, 0.00159175]
    ],
    "M_G1C12_M M_G1C12H2_M": [
        [-0.185799, 0.0098343, 0.00157475]
    ],
    "M_G1C13_M M_G1C13H1_M": [
        [-0.172537, 0.00945431, 0.0015139]
    ],
    "M_G1C13_M M_G1C13H2_M": [
        [-0.171947, 0.0092338, 0.00147859]
    ],
    "M_G1C14_M M_G1C14H1_M": [
        [-0.148142, 0.0085827, 0.00137433]
    ],
    "M_G1C14_M M_G1C14H2_M": [
        [-0.147705, 0.00914532, 0.00146442]
    ],
    "M_G1C15_M M_G1C15H1_M": [
        [-0.12885, 0.00838889, 0.0013433]
    ],
    "M_G1C15_M M_G1C15H2_M": [
        [-0.127946, 0.00821494, 0.00131544]
    ],
    "M_G1C16_M M_G1C16H1_M": [
        [-0.095809, 0.00656555, 0.00105133]
    ],
    "M_G1C16_M M_G1C16H2_M": [
        [-0.0955832, 0.00691384, 0.0011071]
    ],
    "M_G1C17_M M_G1C17H1_M": [
        [-0.0318589, 0.00306063, 0.000490093]
    ],
    "M_G1C17_M M_G1C17H2_M": [
        [-0.0319198, 0.00367645, 0.000588704]
    ],
    "M_G1C17_M M_G1C17H3_M": [
        [-0.0319173, 0.00244573, 0.000391629]
    ],
    "M_G2_M M_G2H1_M": [
        [-0.201656, 0.0359251, 0.00575262]
    ],
    "M_G2C3_M M_G2C3H1_M": [
        [-0.0863919, 0.0289288, 0.00463232]
    ],
    "M_G2C3_M M_G2C3H2_M": [
        [-0.114206, 0.021161, 0.00338847]
    ],
    "M_G2C4_M M_G2C4H1_M": [
        [-0.209466, 0.01412, 0.002261]
    ],
    "M_G2C4_M M_G2C4H2_M": [
        [-0.210781, 0.0158363, 0.00253583]
    ],
    "M_G2C5_M M_G2C5H1_M": [
        [-0.207716, 0.0146384, 0.00234402]
    ],
    "M_G2C5_M M_G2C5H2_M": [
        [-0.209504, 0.0155159, 0.00248453]
    ],
    "M_G2C6_M M_G2C6H1_M": [
        [-0.221848, 0.0142041, 0.00227447]
    ],
    "M_G2C6_M M_G2C6H2_M": [
        [-0.220669, 0.0152883, 0.00244809]
    ],
    "M_G2C7_M M_G2C7H1_M": [
        [-0.200397, 0.0145229, 0.00232552]
    ],
    "M_G2C7_M M_G2C7H2_M": [
        [-0.199707, 0.0143945, 0.00230496]
    ],
    "M_G2C8_M M_G2C8H1_M": [
        [-0.191931, 0.013665, 0.00218815]
    ],
    "M_G2C8_M M_G2C8H2_M": [
        [-0.191298, 0.0136977, 0.00219339]
    ],
    "M_G2C9_M M_G2C9H1_M": [
        [-0.112133, 0.0116311, 0.00186247]
    ],
    "M_G2C9_M M_G2C9H2_M": [
        [-0.112338, 0.0111987, 0.00179322]
    ],
    "M_G2C10_M M_G2C10H1_M": [
        [-0.0659064, 0.0138565, 0.00221882]
    ],
    "M_G2C11_M M_G2C11H1_M": [
        [-0.0550471, 0.0127783, 0.00204616]
    ],
    "M_G2C12_M M_G2C12H1_M": [
        [-0.0868853, 0.0118134, 0.00189166]
    ],
    "M_G2C12_M M_G2C12H2_M": [
        [-0.0891874, 0.0109696, 0.00175655]
    ],
    "M_G2C13_M M_G2C13H1_M": [
        [-0.136852, 0.0101037, 0.00161788]
    ],
    "M_G2C13_M M_G2C13H2_M": [
        [-0.134963, 0.0108866, 0.00174324]
    ],
    "M_G2C14_M M_G2C14H1_M": [
        [-0.143207, 0.00943141, 0.00151023]
    ],
    "M_G2C14_M M_G2C14H2_M": [
        [-0.142464, 0.00963078, 0.00154216]
    ],
    "M_G2C15_M M_G2C15H1_M": [
        [-0.148306, 0.00773088, 0.00123793]
    ],
    "M_G2C15_M M_G2C15H2_M": [
        [-0.147927, 0.00900172, 0.00144143]
    ],
    "M_G2C16_M M_G2C16H1_M": [
        [-0.135168, 0.00672676, 0.00107714]
    ],
    "M_G2C16_M M_G2C16H2_M": [
        [-0.133657, 0.00774287, 0.00123985]
    ],
    "M_G2C17_M M_G2C17H1_M": [
        [-0.121623, 0.00669327, 0.00107178]
    ],
    "M_G2C17_M M_G2C17H2_M": [
        [-0.120997, 0.00685138, 0.0010971]
    ],
    "M_G2C18_M M_G2C18H1_M": [
        [-0.0938048, 0.0056765, 0.000908967]
    ],
    "M_G2C18_M M_G2C18H2_M": [
        [-0.0933783, 0.0053862, 0.000862483]
    ],
    "M_G2C19_M M_G2C19H1_M": [
        [-0.0306276, 0.00279223, 0.000447115]
    ],
    "M_G2C19_M M_G2C19H2_M": [
        [-0.0310325, 0.00264812, 0.000424038]
    ],
    "M_G2C19_M M_G2C19H3_M": [
        [-0.0305555, 0.00313787, 0.000502461]
    ],
    "M_G3_M M_G3H1_M": [
        [-0.220075, 0.0366864, 0.00587452]
    ],
    "M_G3_M M_G3H2_M": [
        [-0.232011, 0.0222434, 0.00356179]
    ],
    "M_G3C4_M M_G3C4H1_M": [
        [0.0373762, 0.0162386, 0.00260026]
    ],
    "M_G3C4_M M_G3C4H2_M": [
        [0.0270651, 0.0256663, 0.0041099]
    ],
    "M_G3C5_M M_G3C5H1_M": [
        [-0.0929965, 0.0171798, 0.00275097]
    ],
    "M_G3C5_M M_G3C5H2_M": [
        [-0.0978519, 0.0214602, 0.00343637]
    ],
    "M_G3N6C1_M M_G3N6C1H1_M": [
        [0.0115817, 0.00884913, 0.001417]
    ],
    "M_G3N6C1_M M_G3N6C1H2_M": [
        [0.0146898, 0.0107921, 0.00172811]
    ],
    "M_G3N6C1_M M_G3N6C1H3_M": [
        [0.0132463, 0.00845912, 0.00135454]
    ],
    "M_G3N6C2_M M_G3N6C2H1_M": [
        [0.0145661, 0.00865109, 0.00138528]
    ],
    "M_G3N6C2_M M_G3N6C2H2_M": [
        [0.0135104, 0.00731433, 0.00117123]
    ],
    "M_G3N6C2_M M_G3N6C2H3_M": [
        [0.0145289, 0.00793541, 0.00127068]
    ],
    "M_G3N6C3_M M_G3N6C3H1_M": [
        [0.0147957, 0.00911619, 0.00145976]
    ],
    "M_G3N6C3_M M_G3N6C3H2_M": [
        [0.013526, 0.0106509, 0.0017055]
    ],
    "M_G3N6C3_M M_G3N6C3H3_M": [
        [0.0149217, 0.00845274, 0.00135352]
    ]
}