{
    "M_G1_M M_G1H1_M": [
        [-0.036669, 0.0346754, 0.00274994]
    ],
    "M_G1_M M_G1H2_M": [
        [-0.195487, 0.0401304, 0.00318255]
    ],
    "M_G1C3_M M_G1C3H1_M": [
        [-0.25386, 0.0207336, 0.00164428]
    ],
    "M_G1C3_M M_G1C3H2_M": [
        [-0.227956, 0.0209981, 0.00166526]
    ],
    "M_G1C4_M M_G1C4H1_M": [
        [-0.198408, 0.0132661, 0.00105207]
    ],
    "M_G1C4_M M_G1C4H2_M": [
        [-0.185915, 0.0147377, 0.00116878]
    ],
    "M_G1C5_M M_G1C5H1_M": [
        [-0.226513, 0.0125615, 0.00099619]
    ],
    "M_G1C5_M M_G1C5H2_M": [
        [-0.223276, 0.012418, 0.000984811]
    ],
    "M_G1C6_M M_G1C6H1_M": [
        [-0.228645, 0.0122711, 0.000973165]
    ],
    "M_G1C6_M M_G1C6H2_M": [
        [-0.225759, 0.0123839, 0.000982106]
    ],
    "M_G1C7_M M_G1C7H1_M": [
        [-0.241146, 0.0115368, 0.000914924]
    ],
    "M_G1C7_M M_G1C7H2_M": [
        [-0.239556, 0.0118652, 0.000940971]
    ],
    "M_G1C8_M M_G1C8H1_M": [
        [-0.233034, 0.0121906, 0.000966774]
    ],
    "M_G1C8_M M_G1C8H2_M": [
        [-0.231309, 0.0119846, 0.00095044]
    ],
    "M_G1C9_M M_G1C9H1_M": [
        [-0.23329, 0.0118192, 0.00093732]
    ],
    "M_G1C9_M M_G1C9H2_M": [
        [-0.232212, 0.0116681, 0.000925341]
    ],
    "M_G1C10_M M_G1C10H1_M": [
        [-0.217608, 0.0115546, 0.000916337]
    ],
    "M_G1C10_M M_G1C10H2_M": [
        [-0.216514, 0.0114177, 0.000905483]
    ],
    "M_G1C11_M M_G1C11H1_M": [
        [-0.209494, 0.0108148, 0.000857671]
    ],
    "M_G1C11_M M_G1C11H2_M": [
        [-0.209213, 0.0109206, 0.000866063]
    ],
    "M_G1C12_M M_G1C12H1_M": [
        [-0.188848, 0.0107616, 0.000853448]
    ],
    "M_G1C12_M M_G1C12H2_M": [
        [-0.188476, 0.0106896, 0.000847739]
    ],
    "M_G1C13_M M_G1C13H1_M": [
        [-0.176096, 0.00999401, 0.000792576]
    ],
    "M_G1C13_M M_G1C13H2_M": [
        [-0.17601, 0.00999384, 0.000792563]
    ],
    "M_G1C14_M M_G1C14H1_M": [
        [-0.151431, 0.00928553, 0.000736391]
    ],
    "M_G1C14_M M_G1C14H2_M": [
        [-0.151628, 0.00916398, 0.000726751]
    ],
    "M_G1C15_M M_G1C15H1_M": [
        [-0.131755, 0.00801931, 0.000635972]
    ],
    "M_G1C15_M M_G1C15H2_M": [
        [-0.131664, 0.00841246, 0.000667151]
    ],
    "M_G1C16_M M_G1C16H1_M": [
        [-0.0974148, 0.00643507, 0.000510334]
    ],
    "M_G1C16_M M_G1C16H2_M": [
        [-0.0970554, 0.00658652, 0.000522345]
    ],
    "M_G1C17_M M_G1C17H1_M": [
        [-0.0328665, 0.0034744, 0.000275538]
    ],
    "M_G1C17_M M_G1C17H2_M": [
        [-0.0330625, 0.00318874, 0.000252883]
    ],
    "M_G1C17_M M_G1C17H3_M": [
        [-0.0331917, 0.00321457, 0.000254932]
    ],
    "M_G2_M M_G2H1_M": [
        [-0.222329, 0.0355155, 0.00281656]
    ],
    "M_G2C3_M M_G2C3H1_M": [
        [-0.0836362, 0.0259977, 0.00206175]
    ],
    "M_G2C3_M M_G2C3H2_M": [
        [-0.116463, 0.0219581, 0.00174139]
    ],
    "M_G2C4_M M_G2C4H1_M": [
        [-0.215066, 0.0172273, 0.00136621]
    ],
    "M_G2C4_M M_G2C4H2_M": [
        [-0.218169, 0.0171855, 0.0013629]
    ],
    "M_G2C5_M M_G2C5H1_M": [
        [-0.214672, 0.0162918, 0.00129202]
    ],
    "M_G2C5_M M_G2C5H2_M": [
        [-0.216468, 0.0149549, 0.001186]
    ],
    "M_G2C6_M M_G2C6H1_M": [
        [-0.229549, 0.0168831, 0.00133892]
    ],
    "M_G2C6_M M_G2C6H2_M": [
        [-0.228259, 0.0151148, 0.00119868]
    ],
    "M_G2C7_M M_G2C7H1_M": [
        [-0.206484, 0.0156138, 0.00123825]
    ],
    "M_G2C7_M M_G2C7H2_M": [
        [-0.205701, 0.0146716, 0.00116353]
    ],
    "M_G2C8_M M_G2C8H1_M": [
        [-0.197515, 0.0144437, 0.00114546]
    ],
    "M_G2C8_M M_G2C8H2_M": [
        [-0.197717, 0.0141288, 0.00112048]
    ],
    "M_G2C9_M M_G2C9H1_M": [
        [-0.114702, 0.0125096, 0.000992078]
    ],
    "M_G2C9_M M_G2C9H2_M": [
        [-0.114936, 0.0138489, 0.00109829]
    ],
    "M_G2C10_M M_G2C10H1_M": [
        [-0.0673176, 0.0139042, 0.00110268]
    ],
    "M_G2C11_M M_G2C11H1_M": [
        [-0.057061, 0.0122878, 0.000974485]
    ],
    "M_G2C12_M M_G2C12H1_M": [
        [-0.0942876, 0.012221, 0.000969189]
    ],
    "M_G2C12_M M_G2C12H2_M": [
        [-0.094479, 0.0110967, 0.000880027]
    ],
    "M_G2C13_M M_G2C13H1_M": [
        [-0.144054, 0.0109469, 0.000868149]
    ],
    "M_G2C13_M M_G2C13H2_M": [
        [-0.143041, 0.0109988, 0.000872265]
    ],
    "M_G2C14_M M_G2C14H1_M": [
        [-0.150609, 0.00977301, 0.00077505]
    ],
    "M_G2C14_M M_G2C14H2_M": [
        [-0.150392, 0.0107175, 0.000849954]
    ],
    "M_G2C15_M M_G2C15H1_M": [
        [-0.155262, 0.0098189, 0.000778689]
    ],
    "M_G2C15_M M_G2C15H2_M": [
        [-0.154879, 0.00990943, 0.000785869]
    ],
    "M_G2C16_M M_G2C16H1_M": [
        [-0.139948, 0.00847675, 0.00067225]
    ],
    "M_G2C16_M M_G2C16H2_M": [
        [-0.139623, 0.00901869, 0.000715229]
    ],
    "M_G2C17_M M_G2C17H1_M": [
        [-0.126044, 0.00758827, 0.000601789]
    ],
    "M_G2C17_M M_G2C17H2_M": [
        [-0.125776, 0.00754786, 0.000598584]
    ],
    "M_G2C18_M M_G2C18H1_M": [
        [-0.0965026, 0.00602484, 0.000477801]
    ],
    "M_G2C18_M M_G2C18H2_M": [
        [-0.0964129, 0.00583236, 0.000462536]
    ],
    "M_G2C19_M M_G2C19H1_M": [
        [-0.0319251, 0.00300374, 0.000238212]
    ],
    "M_G2C19_M M_G2C19H2_M": [
        [-0.0318909, 0.00297269, 0.00023575]
    ],
    "M_G2C19_M M_G2C19H3_M": [
        [-0.0318287, 0.00302309, 0.000239746]
    ],
    "M_G3_M M_G3H1_M": [
        [-0.218529, 0.036332, 0.00288131]
    ],
    "M_G3_M M_G3H2_M": [
        [-0.235535, 0.0294078, 0.00233219]
    ],
    "M_G3C4_M M_G3C4H1_M": [
        [-0.0936263, 0.035149, 0.00278749]
    ],
    "M_G3C5_M M_G3C5H1_M": [
        [0.0610767, 0.0760183, 0.00602865]
    ],
    "M_G3C6_M M_G3C6H1_M": [
        [-0.0699227, 0.0362086, 0.00287153]
    ],
    "M_G3C7_M M_G3C7H1_M": [
        [-0.0457881, 0.0402535, 0.00319231]
    ],
    "M_G3C8_M M_G3C8H1_M": [
        [-0.0897341, 0.0372672, 0.00295548]
    ],
    "M_G3C9_M M_G3C9H1_M": [
        [-0.118184, 0.0338665, 0.00268579]
    ]
}