{
    "M_C3_M M_C3H3_M": [
        [-0.388323, 0.118449, 0.0128476]
    ],
    "M_C4_M M_C4H41_M": [
        [-0.349894, 0.0109377, 0.00118636]
    ],
    "M_C4_M M_C4H42_M": [
        [-0.214484, 0.0163661, 0.00177515]
    ],
    "M_C6_M M_C6H6_M": [
        [-0.0551617, 0.0178889, 0.00194032]
    ],
    "M_C7_M M_C7H71_M": [
        [-0.294301, 0.00971016, 0.00105321]
    ],
    "M_C7_M M_C7H72_M": [
        [-0.363961, 0.0105191, 0.00114095]
    ],
    "M_C8_M M_C8H8_M": [
        [-0.438182, 0.00748023, 0.000811344]
    ],
    "M_C14_M M_C14H14_M": [
        [-0.434697, 0.00694611, 0.000753411]
    ],
    "M_C15_M M_C15H151_M": [
        [-0.403438, 0.00966136, 0.00104792]
    ],
    "M_C15_M M_C15H152_M": [
        [-0.361668, 0.0107765, 0.00116887]
    ],
    "M_C16_M M_C16H161_M": [
        [-0.0852391, 0.0132328, 0.0014353]
    ],
    "M_C16_M M_C16H162_M": [
        [-0.172244, 0.0128104, 0.00138948]
    ],
    "M_C17_M M_C17H17_M": [
        [-0.432501, 0.0068071, 0.000738334]
    ],
    "M_C18_M M_C18H181_M": [
        [0.126556, 0.00817329, 0.000886518]
    ],
    "M_C18_M M_C18H182_M": [
        [0.124272, 0.0100085, 0.00108558]
    ],
    "M_C18_M M_C18H183_M": [
        [0.124716, 0.00857652, 0.000930254]
    ],
    "M_C12_M M_C12H121_M": [
        [-0.131697, 0.0168643, 0.0018292]
    ],
    "M_C12_M M_C12H122_M": [
        [-0.429323, 0.00770164, 0.00083536]
    ],
    "M_C11_M M_C11H111_M": [
        [-0.433947, 0.00721375, 0.000782441]
    ],
    "M_C11_M M_C11H112_M": [
        [-0.230964, 0.0114483, 0.00124174]
    ],
    "M_C9_M M_C9H9_M": [
        [-0.433343, 0.00711096, 0.000771292]
    ],
    "M_C19_M M_C19H191_M": [
        [0.124076, 0.00827126, 0.000897144]
    ],
    "M_C19_M M_C19H192_M": [
        [0.124749, 0.00693286, 0.000751974]
    ],
    "M_C19_M M_C19H193_M": [
        [0.124732, 0.00675121, 0.000732272]
    ],
    "M_C1_M M_C1H11_M": [
        [-0.230223, 0.0156439, 0.00169682]
    ],
    "M_C1_M M_C1H12_M": [
        [-0.397361, 0.00925237, 0.00100356]
    ],
    "M_C2_M M_C2H21_M": [
        [-0.23119, 0.011011, 0.00119431]
    ],
    "M_C2_M M_C2H22_M": [
        [-0.37983, 0.00973205, 0.00105559]
    ],
    "M_C20_M M_C20H20_M": [
        [-0.412004, 0.00857231, 0.000929797]
    ],
    "M_C21_M M_C21H211_M": [
        [0.11859, 0.00655277, 0.000710747]
    ],
    "M_C21_M M_C21H212_M": [
        [0.117764, 0.00698782, 0.000757936]
    ],
    "M_C21_M M_C21H213_M": [
        [0.118082, 0.00681677, 0.000739383]
    ],
    "M_C22_M M_C22H221_M": [
        [-0.303731, 0.0210087, 0.00227871]
    ],
    "M_C22_M M_C22H222_M": [
        [-0.391358, 0.0126263, 0.00136952]
    ],
    "M_C23_M M_C23H231_M": [
        [-0.246827, 0.0158464, 0.00171878]
    ],
    "M_C23_M M_C23H232_M": [
        [-0.373772, 0.00743786, 0.000806749]
    ],
    "M_C24_M M_C24H241_M": [
        [-0.247743, 0.0130205, 0.00141227]
    ],
    "M_C24_M M_C24H242_M": [
        [-0.324522, 0.00778001, 0.000843861]
    ],
    "M_C25_M M_C25H25_M": [
        [-0.20177, 0.0117478, 0.00127422]
    ],
    "M_C26_M M_C26H261_M": [
        [0.0181964, 0.00626507, 0.000679543]
    ],
    "M_C26_M M_C26H262_M": [
        [0.0187676, 0.00677171, 0.000734495]
    ],
    "M_C26_M M_C26H263_M": [
        [0.0170311, 0.00614408, 0.000666419]
    ],
    "M_C27_M M_C27H271_M": [
        [0.0162502, 0.00710111, 0.000770224]
    ],
    "M_C27_M M_C27H272_M": [
        [0.0177524, 0.00700522, 0.000759823]
    ],
    "M_C27_M M_C27H273_M": [
        [0.0162912, 0.00689376, 0.000747733]
    ]
}