{
    "M_G1_M M_G1H1_M": [
        [-0.256514, 0.0374319, 0.00471598]
    ],
    "M_G1_M M_G1H2_M": [
        [0.0122685, 0.0373483, 0.00470544]
    ],
    "M_G1C3_M M_G1C3H1_M": [
        [-0.264748, 0.016531, 0.00208271]
    ],
    "M_G1C3_M M_G1C3H2_M": [
        [-0.255237, 0.0182561, 0.00230006]
    ],
    "M_G1C4_M M_G1C4H1_M": [
        [-0.20218, 0.0132903, 0.00167443]
    ],
    "M_G1C4_M M_G1C4H2_M": [
        [-0.194174, 0.0132755, 0.00167256]
    ],
    "M_G1C5_M M_G1C5H1_M": [
        [-0.230695, 0.0117632, 0.00148203]
    ],
    "M_G1C5_M M_G1C5H2_M": [
        [-0.227722, 0.0121935, 0.00153624]
    ],
    "M_G1C6_M M_G1C6H1_M": [
        [-0.218363, 0.0112243, 0.00141412]
    ],
    "M_G1C6_M M_G1C6H2_M": [
        [-0.215589, 0.0118068, 0.00148752]
    ],
    "M_G1C7_M M_G1C7H1_M": [
        [-0.229694, 0.0114667, 0.00144466]
    ],
    "M_G1C7_M M_G1C7H2_M": [
        [-0.230691, 0.0103963, 0.00130982]
    ],
    "M_G1C8_M M_G1C8H1_M": [
        [-0.217328, 0.0100308, 0.00126376]
    ],
    "M_G1C8_M M_G1C8H2_M": [
        [-0.217009, 0.0116186, 0.00146381]
    ],
    "M_G1C9_M M_G1C9H1_M": [
        [-0.217351, 0.0101865, 0.00128338]
    ],
    "M_G1C9_M M_G1C9H2_M": [
        [-0.218081, 0.0106482, 0.00134155]
    ],
    "M_G1C10_M M_G1C10H1_M": [
        [-0.198725, 0.0101831, 0.00128295]
    ],
    "M_G1C10_M M_G1C10H2_M": [
        [-0.198951, 0.0103047, 0.00129827]
    ],
    "M_G1C11_M M_G1C11H1_M": [
        [-0.191476, 0.00898712, 0.00113227]
    ],
    "M_G1C11_M M_G1C11H2_M": [
        [-0.191985, 0.00995279, 0.00125393]
    ],
    "M_G1C12_M M_G1C12H1_M": [
        [-0.16984, 0.0087984, 0.00110849]
    ],
    "M_G1C12_M M_G1C12H2_M": [
        [-0.169354, 0.00912483, 0.00114962]
    ],
    "M_G1C13_M M_G1C13H1_M": [
        [-0.157568, 0.00800327, 0.00100832]
    ],
    "M_G1C13_M M_G1C13H2_M": [
        [-0.158113, 0.00812921, 0.00102418]
    ],
    "M_G1C14_M M_G1C14H1_M": [
        [-0.133112, 0.00763431, 0.000961832]
    ],
    "M_G1C14_M M_G1C14H2_M": [
        [-0.132824, 0.00837669, 0.00105536]
    ],
    "M_G1C15_M M_G1C15H1_M": [
        [-0.115103, 0.00658594, 0.000829751]
    ],
    "M_G1C15_M M_G1C15H2_M": [
        [-0.115508, 0.00655333, 0.000825642]
    ],
    "M_G1C16_M M_G1C16H1_M": [
        [-0.0832221, 0.00546004, 0.000687901]
    ],
    "M_G1C16_M M_G1C16H2_M": [
        [-0.0836765, 0.00536795, 0.000676299]
    ],
    "M_G1C17_M M_G1C17H1_M": [
        [-0.0280578, 0.00281554, 0.000354725]
    ],
    "M_G1C17_M M_G1C17H2_M": [
        [-0.0281589, 0.00290801, 0.000366375]
    ],
    "M_G1C17_M M_G1C17H3_M": [
        [-0.027422, 0.00275155, 0.000346663]
    ],
    "M_G2_M M_G2H1_M": [
        [-0.220182, 0.0474709, 0.00598077]
    ],
    "M_G2C3_M M_G2C3H1_M": [
        [-0.142925, 0.0184968, 0.00233038]
    ],
    "M_G2C3_M M_G2C3H2_M": [
        [-0.124818, 0.0198881, 0.00250566]
    ],
    "M_G2C4_M M_G2C4H1_M": [
        [-0.2037, 0.0141157, 0.00177841]
    ],
    "M_G2C4_M M_G2C4H2_M": [
        [-0.188186, 0.0151603, 0.00191001]
    ],
    "M_G2C5_M M_G2C5H1_M": [
        [-0.195703, 0.0143096, 0.00180284]
    ],
    "M_G2C5_M M_G2C5H2_M": [
        [-0.191342, 0.0139686, 0.00175988]
    ],
    "M_G2C6_M M_G2C6H1_M": [
        [-0.206012, 0.0143664, 0.00180999]
    ],
    "M_G2C6_M M_G2C6H2_M": [
        [-0.204531, 0.0131631, 0.00165839]
    ],
    "M_G2C7_M M_G2C7H1_M": [
        [-0.179202, 0.0142881, 0.00180013]
    ],
    "M_G2C7_M M_G2C7H2_M": [
        [-0.177213, 0.0134138, 0.00168998]
    ],
    "M_G2C8_M M_G2C8H1_M": [
        [-0.173809, 0.0134546, 0.00169512]
    ],
    "M_G2C8_M M_G2C8H2_M": [
        [-0.174338, 0.013191, 0.00166191]
    ],
    "M_G2C9_M M_G2C9H1_M": [
        [-0.121388, 0.0118903, 0.00149803]
    ],
    "M_G2C9_M M_G2C9H2_M": [
        [-0.120717, 0.0112929, 0.00142278]
    ],
    "M_G2C10_M M_G2C10H1_M": [
        [-0.0939289, 0.0116073, 0.00146239]
    ],
    "M_G2C11_M M_G2C11H1_M": [
        [0.0174741, 0.0121377, 0.0015292]
    ],
    "M_G2C12_M M_G2C12H1_M": [
        [-0.05121, 0.00960977, 0.00121072]
    ],
    "M_G2C12_M M_G2C12H2_M": [
        [-0.0501236, 0.0100213, 0.00126256]
    ],
    "M_G2C13_M M_G2C13H1_M": [
        [-0.102308, 0.00962804, 0.00121302]
    ],
    "M_G2C13_M M_G2C13H2_M": [
        [-0.102598, 0.00971108, 0.00122348]
    ],
    "M_G2C14_M M_G2C14H1_M": [
        [-0.110975, 0.00921388, 0.00116084]
    ],
    "M_G2C14_M M_G2C14H2_M": [
        [-0.110809, 0.00953492, 0.00120129]
    ],
    "M_G2C15_M M_G2C15H1_M": [
        [-0.119844, 0.00903087, 0.00113778]
    ],
    "M_G2C15_M M_G2C15H2_M": [
        [-0.120117, 0.00905859, 0.00114128]
    ],
    "M_G2C16_M M_G2C16H1_M": [
        [-0.111086, 0.0085141, 0.00107268]
    ],
    "M_G2C16_M M_G2C16H2_M": [
        [-0.111949, 0.00848111, 0.00106852]
    ],
    "M_G2C17_M M_G2C17H1_M": [
        [-0.100705, 0.00783512, 0.000987132]
    ],
    "M_G2C17_M M_G2C17H2_M": [
        [-0.101168, 0.00704964, 0.000888171]
    ],
    "M_G2C18_M M_G2C18H1_M": [
        [-0.0780077, 0.00572561, 0.000721359]
    ],
    "M_G2C18_M M_G2C18H2_M": [
        [-0.0777369, 0.00587964, 0.000740765]
    ],
    "M_G2C19_M M_G2C19H1_M": [
        [-0.0233148, 0.0032564, 0.000410268]
    ],
    "M_G2C19_M M_G2C19H2_M": [
        [-0.0238854, 0.00246525, 0.000310592]
    ],
    "M_G2C19_M M_G2C19H3_M": [
        [-0.0236098, 0.00265278, 0.000334219]
    ],
    "M_G3_M M_G3H1_M": [
        [-0.191267, 0.0411838, 0.00518867]
    ],
    "M_G3_M M_G3H2_M": [
        [-0.267896, 0.0334733, 0.00421723]
    ],
    "M_G3C4_M M_G3C4H1_M": [
        [0.117464, 0.0473913, 0.00597074]
    ],
    "M_G3C4_M M_G3C4H2_M": [
        [0.111339, 0.0363205, 0.00457596]
    ],
    "M_G3C5_M M_G3C5H1_M": [
        [0.0651949, 0.0414375, 0.00522063]
    ]
}