{
    "M_G1_M M_G1H1_M": [
        [-0.178239, 0.032756, 0.00232201]
    ],
    "M_G1_M M_G1H2_M": [
        [-0.0368597, 0.0296206, 0.00209975]
    ],
    "M_G1C3_M M_G1C3H1_M": [
        [-0.242127, 0.0197111, 0.00139728]
    ],
    "M_G1C3_M M_G1C3H2_M": [
        [-0.209782, 0.0221588, 0.0015708]
    ],
    "M_G1C4_M M_G1C4H1_M": [
        [-0.189384, 0.0146092, 0.00103562]
    ],
    "M_G1C4_M M_G1C4H2_M": [
        [-0.174728, 0.0156199, 0.00110727]
    ],
    "M_G1C5_M M_G1C5H1_M": [
        [-0.218494, 0.0134217, 0.000951441]
    ],
    "M_G1C5_M M_G1C5H2_M": [
        [-0.215175, 0.0144078, 0.00102134]
    ],
    "M_G1C6_M M_G1C6H1_M": [
        [-0.221381, 0.0140421, 0.000995416]
    ],
    "M_G1C6_M M_G1C6H2_M": [
        [-0.21747, 0.0149897, 0.00106259]
    ],
    "M_G1C7_M M_G1C7H1_M": [
        [-0.233582, 0.0142453, 0.00100982]
    ],
    "M_G1C7_M M_G1C7H2_M": [
        [-0.231418, 0.0144842, 0.00102676]
    ],
    "M_G1C8_M M_G1C8H1_M": [
        [-0.225634, 0.0142733, 0.00101181]
    ],
    "M_G1C8_M M_G1C8H2_M": [
        [-0.224143, 0.0146113, 0.00103577]
    ],
    "M_G1C9_M M_G1C9H1_M": [
        [-0.225429, 0.0141798, 0.00100518]
    ],
    "M_G1C9_M M_G1C9H2_M": [
        [-0.224821, 0.0138115, 0.000979073]
    ],
    "M_G1C10_M M_G1C10H1_M": [
        [-0.210838, 0.0141339, 0.00100192]
    ],
    "M_G1C10_M M_G1C10H2_M": [
        [-0.210228, 0.013666, 0.000968756]
    ],
    "M_G1C11_M M_G1C11H1_M": [
        [-0.203288, 0.0131715, 0.000933705]
    ],
    "M_G1C11_M M_G1C11H2_M": [
        [-0.2031, 0.0131699, 0.00093359]
    ],
    "M_G1C12_M M_G1C12H1_M": [
        [-0.184136, 0.0122937, 0.000871476]
    ],
    "M_G1C12_M M_G1C12H2_M": [
        [-0.184313, 0.0123484, 0.000875353]
    ],
    "M_G1C13_M M_G1C13H1_M": [
        [-0.171833, 0.0112455, 0.000797174]
    ],
    "M_G1C13_M M_G1C13H2_M": [
        [-0.17169, 0.0112818, 0.000799744]
    ],
    "M_G1C14_M M_G1C14H1_M": [
        [-0.149071, 0.00994096, 0.000704696]
    ],
    "M_G1C14_M M_G1C14H2_M": [
        [-0.149337, 0.0101077, 0.000716516]
    ],
    "M_G1C15_M M_G1C15H1_M": [
        [-0.130017, 0.00825704, 0.000585326]
    ],
    "M_G1C15_M M_G1C15H2_M": [
        [-0.129948, 0.00860819, 0.000610219]
    ],
    "M_G1C16_M M_G1C16H1_M": [
        [-0.0975179, 0.00639189, 0.000453109]
    ],
    "M_G1C16_M M_G1C16H2_M": [
        [-0.0977954, 0.00657508, 0.000466095]
    ],
    "M_G1C17_M M_G1C17H1_M": [
        [-0.0329797, 0.00337293, 0.000239101]
    ],
    "M_G1C17_M M_G1C17H2_M": [
        [-0.0328727, 0.00342909, 0.000243082]
    ],
    "M_G1C17_M M_G1C17H3_M": [
        [-0.0325465, 0.00355192, 0.000251789]
    ],
    "M_G2_M M_G2H1_M": [
        [-0.197006, 0.0282512, 0.00200267]
    ],
    "M_G2C3_M M_G2C3H1_M": [
        [-0.0779608, 0.024355, 0.00172648]
    ],
    "M_G2C3_M M_G2C3H2_M": [
        [-0.113357, 0.0180223, 0.00127757]
    ],
    "M_G2C4_M M_G2C4H1_M": [
        [-0.209379, 0.0155134, 0.00109972]
    ],
    "M_G2C4_M M_G2C4H2_M": [
        [-0.212427, 0.0150096, 0.001064]
    ],
    "M_G2C5_M M_G2C5H1_M": [
        [-0.208196, 0.0141682, 0.00100436]
    ],
    "M_G2C5_M M_G2C5H2_M": [
        [-0.209448, 0.0146455, 0.0010382]
    ],
    "M_G2C6_M M_G2C6H1_M": [
        [-0.220375, 0.0143126, 0.00101459]
    ],
    "M_G2C6_M M_G2C6H2_M": [
        [-0.218234, 0.0149533, 0.00106001]
    ],
    "M_G2C7_M M_G2C7H1_M": [
        [-0.197521, 0.013778, 0.000976698]
    ],
    "M_G2C7_M M_G2C7H2_M": [
        [-0.196423, 0.0148011, 0.00104923]
    ],
    "M_G2C8_M M_G2C8H1_M": [
        [-0.188261, 0.0132125, 0.00093661]
    ],
    "M_G2C8_M M_G2C8H2_M": [
        [-0.187272, 0.0139564, 0.000989344]
    ],
    "M_G2C9_M M_G2C9H1_M": [
        [-0.107162, 0.014755, 0.00104595]
    ],
    "M_G2C9_M M_G2C9H2_M": [
        [-0.10825, 0.0134176, 0.000951147]
    ],
    "M_G2C10_M M_G2C10H1_M": [
        [-0.061007, 0.0154768, 0.00109712]
    ],
    "M_G2C11_M M_G2C11H1_M": [
        [-0.0546081, 0.0129495, 0.000917962]
    ],
    "M_G2C12_M M_G2C12H1_M": [
        [-0.0875766, 0.0121996, 0.000864804]
    ],
    "M_G2C12_M M_G2C12H2_M": [
        [-0.0876185, 0.0127953, 0.000907036]
    ],
    "M_G2C13_M M_G2C13H1_M": [
        [-0.134227, 0.0121683, 0.000862585]
    ],
    "M_G2C13_M M_G2C13H2_M": [
        [-0.133805, 0.0114073, 0.000808642]
    ],
    "M_G2C14_M M_G2C14H1_M": [
        [-0.141775, 0.0119099, 0.000844272]
    ],
    "M_G2C14_M M_G2C14H2_M": [
        [-0.141284, 0.0110468, 0.000783084]
    ],
    "M_G2C15_M M_G2C15H1_M": [
        [-0.146803, 0.0112233, 0.000795599]
    ],
    "M_G2C15_M M_G2C15H2_M": [
        [-0.146231, 0.0107048, 0.000758841]
    ],
    "M_G2C16_M M_G2C16H1_M": [
        [-0.133761, 0.00975685, 0.000691645]
    ],
    "M_G2C16_M M_G2C16H2_M": [
        [-0.133498, 0.00947691, 0.000671801]
    ],
    "M_G2C17_M M_G2C17H1_M": [
        [-0.120982, 0.00856368, 0.000607063]
    ],
    "M_G2C17_M M_G2C17H2_M": [
        [-0.120871, 0.00826899, 0.000586173]
    ],
    "M_G2C18_M M_G2C18H1_M": [
        [-0.0940154, 0.00665697, 0.0004719]
    ],
    "M_G2C18_M M_G2C18H2_M": [
        [-0.0939794, 0.00647104, 0.00045872]
    ],
    "M_G2C19_M M_G2C19H1_M": [
        [-0.0313061, 0.00326811, 0.00023167]
    ],
    "M_G2C19_M M_G2C19H2_M": [
        [-0.0313478, 0.0032355, 0.000229359]
    ],
    "M_G2C19_M M_G2C19H3_M": [
        [-0.0310638, 0.00370819, 0.000262867]
    ],
    "M_G3_M M_G3H1_M": [
        [-0.221479, 0.0268336, 0.00190219]
    ],
    "M_G3_M M_G3H2_M": [
        [-0.242109, 0.0228248, 0.001618]
    ],
    "M_G3C4_M M_G3C4H1_M": [
        [0.0195956, 0.0180758, 0.00128136]
    ],
    "M_G3C4_M M_G3C4H2_M": [
        [0.0183564, 0.019058, 0.00135099]
    ],
    "M_G3C5_M M_G3C5H1_M": [
        [-0.0998015, 0.0162102, 0.00114911]
    ],
    "M_G3C5_M M_G3C5H2_M": [
        [-0.0982881, 0.017367, 0.00123111]
    ],
    "M_G3N6C1_M M_G3N6C1H1_M": [
        [0.0128868, 0.00906369, 0.000642508]
    ],
    "M_G3N6C1_M M_G3N6C1H2_M": [
        [0.0142022, 0.00833417, 0.000590794]
    ],
    "M_G3N6C1_M M_G3N6C1H3_M": [
        [0.0135359, 0.00889038, 0.000630222]
    ],
    "M_G3N6C2_M M_G3N6C2H1_M": [
        [0.0143544, 0.00877887, 0.000622318]
    ],
    "M_G3N6C2_M M_G3N6C2H2_M": [
        [0.0131466, 0.00804731, 0.000570459]
    ],
    "M_G3N6C2_M M_G3N6C2H3_M": [
        [0.0122325, 0.00853991, 0.000605378]
    ],
    "M_G3N6C3_M M_G3N6C3H1_M": [
        [0.0138827, 0.00871285, 0.000617638]
    ],
    "M_G3N6C3_M M_G3N6C3H2_M": [
        [0.0143412, 0.00902945, 0.00064008]
    ],
    "M_G3N6C3_M M_G3N6C3H3_M": [
        [0.0141718, 0.00841498, 0.000596522]
    ]
}