{
    "M_G1_M M_G1H1_M": [
        [-0.149517, 0.0255521, 0.00181134]
    ],
    "M_G1_M M_G1H2_M": [
        [-0.0646702, 0.0209523, 0.00148527]
    ],
    "M_G1C3_M M_G1C3H1_M": [
        [-0.194572, 0.0191808, 0.00135969]
    ],
    "M_G1C3_M M_G1C3H2_M": [
        [-0.219789, 0.015781, 0.00111869]
    ],
    "M_G1C4_M M_G1C4H1_M": [
        [-0.167902, 0.0112335, 0.00079632]
    ],
    "M_G1C4_M M_G1C4H2_M": [
        [-0.158899, 0.0123181, 0.000873207]
    ],
    "M_G1C5_M M_G1C5H1_M": [
        [-0.19551, 0.0105151, 0.000745399]
    ],
    "M_G1C5_M M_G1C5H2_M": [
        [-0.197011, 0.0112427, 0.000796974]
    ],
    "M_G1C6_M M_G1C6H1_M": [
        [-0.197522, 0.0110701, 0.000784742]
    ],
    "M_G1C6_M M_G1C6H2_M": [
        [-0.195246, 0.0108824, 0.000771433]
    ],
    "M_G1C7_M M_G1C7H1_M": [
        [-0.206981, 0.011006, 0.000780193]
    ],
    "M_G1C7_M M_G1C7H2_M": [
        [-0.208003, 0.0106195, 0.000752798]
    ],
    "M_G1C8_M M_G1C8H1_M": [
        [-0.196134, 0.0111398, 0.000789677]
    ],
    "M_G1C8_M M_G1C8H2_M": [
        [-0.197204, 0.0105618, 0.000748709]
    ],
    "M_G1C9_M M_G1C9H1_M": [
        [-0.195264, 0.01091, 0.000773387]
    ],
    "M_G1C9_M M_G1C9H2_M": [
        [-0.195572, 0.0105284, 0.000746339]
    ],
    "M_G1C10_M M_G1C10H1_M": [
        [-0.178328, 0.0113054, 0.000801421]
    ],
    "M_G1C10_M M_G1C10H2_M": [
        [-0.178899, 0.0104876, 0.000743447]
    ],
    "M_G1C11_M M_G1C11H1_M": [
        [-0.170474, 0.0111915, 0.000793347]
    ],
    "M_G1C11_M M_G1C11H2_M": [
        [-0.170571, 0.0108622, 0.00077]
    ],
    "M_G1C12_M M_G1C12H1_M": [
        [-0.151236, 0.010644, 0.000754534]
    ],
    "M_G1C12_M M_G1C12H2_M": [
        [-0.151575, 0.0107173, 0.000759729]
    ],
    "M_G1C13_M M_G1C13H1_M": [
        [-0.140559, 0.0102113, 0.000723863]
    ],
    "M_G1C13_M M_G1C13H2_M": [
        [-0.140164, 0.0101823, 0.000721804]
    ],
    "M_G1C14_M M_G1C14H1_M": [
        [-0.121737, 0.00914674, 0.000648395]
    ],
    "M_G1C14_M M_G1C14H2_M": [
        [-0.122258, 0.00949557, 0.000673123]
    ],
    "M_G1C15_M M_G1C15H1_M": [
        [-0.109728, 0.00845015, 0.000599015]
    ],
    "M_G1C15_M M_G1C15H2_M": [
        [-0.110822, 0.00855656, 0.000606558]
    ],
    "M_G1C16_M M_G1C16H1_M": [
        [-0.0934273, 0.00766157, 0.000543114]
    ],
    "M_G1C16_M M_G1C16H2_M": [
        [-0.0930932, 0.00705842, 0.000500358]
    ],
    "M_G1C17_M M_G1C17H1_M": [
        [-0.080679, 0.0062577, 0.000443597]
    ],
    "M_G1C17_M M_G1C17H2_M": [
        [-0.080512, 0.00614055, 0.000435292]
    ],
    "M_G1C18_M M_G1C18H1_M": [
        [-0.0609337, 0.00505738, 0.000358508]
    ],
    "M_G1C18_M M_G1C18H2_M": [
        [-0.0604431, 0.00506914, 0.000359342]
    ],
    "M_G1C19_M M_G1C19H1_M": [
        [-0.0202723, 0.00339781, 0.000240864]
    ],
    "M_G1C19_M M_G1C19H2_M": [
        [-0.020637, 0.00329655, 0.000233686]
    ],
    "M_G1C19_M M_G1C19H3_M": [
        [-0.0201244, 0.00339993, 0.000241015]
    ],
    "M_G2_M M_G2H1_M": [
        [-0.156289, 0.0269371, 0.00190952]
    ],
    "M_G2C3_M M_G2C3H1_M": [
        [-0.0377182, 0.0141994, 0.00100657]
    ],
    "M_G2C3_M M_G2C3H2_M": [
        [-0.0366112, 0.0168696, 0.00119586]
    ],
    "M_G2C4_M M_G2C4H1_M": [
        [-0.0579575, 0.0149076, 0.00105677]
    ],
    "M_G2C4_M M_G2C4H2_M": [
        [-0.089696, 0.0131444, 0.000931783]
    ],
    "M_G2C5_M M_G2C5H1_M": [
        [-0.06072, 0.0122953, 0.000871588]
    ],
    "M_G2C6_M M_G2C6H1_M": [
        [-0.107328, 0.0119969, 0.000850438]
    ],
    "M_G2C7_M M_G2C7H1_M": [
        [-0.02568, 0.0104034, 0.00073748]
    ],
    "M_G2C7_M M_G2C7H2_M": [
        [-0.0262655, 0.00939727, 0.000666155]
    ],
    "M_G2C8_M M_G2C8H1_M": [
        [-0.0122687, 0.011653, 0.000826062]
    ],
    "M_G2C9_M M_G2C9H1_M": [
        [-0.0447909, 0.0100087, 0.0007095]
    ],
    "M_G2C10_M M_G2C10H1_M": [
        [-0.0406255, 0.00709579, 0.000503007]
    ],
    "M_G2C10_M M_G2C10H2_M": [
        [-0.0411868, 0.00713649, 0.000505893]
    ],
    "M_G2C11_M M_G2C11H1_M": [
        [-0.036028, 0.00879396, 0.000623387]
    ],
    "M_G2C12_M M_G2C12H1_M": [
        [-0.0326984, 0.00727442, 0.00051567]
    ],
    "M_G2C13_M M_G2C13H1_M": [
        [-0.0319685, 0.00531849, 0.000377017]
    ],
    "M_G2C13_M M_G2C13H2_M": [
        [-0.0314313, 0.00493497, 0.000349831]
    ],
    "M_G2C14_M M_G2C14H1_M": [
        [-0.031673, 0.00750539, 0.000532043]
    ],
    "M_G2C15_M M_G2C15H1_M": [
        [-0.00814964, 0.00606673, 0.000430059]
    ],
    "M_G2C16_M M_G2C16H1_M": [
        [-0.0224935, 0.00455702, 0.000323039]
    ],
    "M_G2C16_M M_G2C16H2_M": [
        [-0.0228229, 0.00441702, 0.000313115]
    ],
    "M_G2C17_M M_G2C17H1_M": [
        [-0.02254, 0.00641561, 0.000454791]
    ],
    "M_G2C18_M M_G2C18H1_M": [
        [-0.00502359, 0.00467223, 0.000331205]
    ],
    "M_G2C19_M M_G2C19H1_M": [
        [-0.0232423, 0.00396388, 0.000280992]
    ],
    "M_G2C19_M M_G2C19H2_M": [
        [-0.023004, 0.00382442, 0.000271106]
    ],
    "M_G2C20_M M_G2C20H1_M": [
        [-0.0260899, 0.00475622, 0.00033716]
    ],
    "M_G2C21_M M_G2C21H1_M": [
        [0.00779492, 0.00395554, 0.000280401]
    ],
    "M_G2C22_M M_G2C22H1_M": [
        [-0.0137057, 0.00323125, 0.000229058]
    ],
    "M_G2C22_M M_G2C22H2_M": [
        [-0.013209, 0.00330603, 0.000234358]
    ],
    "M_G2C23_M M_G2C23H1_M": [
        [-0.00892446, 0.00302601, 0.000214508]
    ],
    "M_G2C23_M M_G2C23H2_M": [
        [-0.00852945, 0.00318246, 0.000225599]
    ],
    "M_G2C23_M M_G2C23H3_M": [
        [-0.00900577, 0.0032445, 0.000229996]
    ],
    "M_G3_M M_G3H1_M": [
        [-0.248251, 0.0131559, 0.0009326]
    ],
    "M_G3_M M_G3H2_M": [
        [-0.21142, 0.0236915, 0.00167945]
    ],
    "M_G3C4_M M_G3C4H1_M": [
        [0.0347398, 0.012635, 0.000895671]
    ],
    "M_G3C4_M M_G3C4H2_M": [
        [0.0336946, 0.0117607, 0.000833695]
    ],
    "M_G3C5_M M_G3C5H1_M": [
        [-0.0785989, 0.0110428, 0.000782804]
    ],
    "M_G3C5_M M_G3C5H2_M": [
        [-0.0747949, 0.0112927, 0.000800518]
    ],
    "M_G3N6C1_M M_G3N6C1H1_M": [
        [0.0108413, 0.00683214, 0.000484318]
    ],
    "M_G3N6C1_M M_G3N6C1H2_M": [
        [0.0107074, 0.00655098, 0.000464386]
    ],
    "M_G3N6C1_M M_G3N6C1H3_M": [
        [0.0117222, 0.00703597, 0.000498767]
    ],
    "M_G3N6C2_M M_G3N6C2H1_M": [
        [0.0111443, 0.00779273, 0.000552412]
    ],
    "M_G3N6C2_M M_G3N6C2H2_M": [
        [0.0112567, 0.00672255, 0.000476549]
    ],
    "M_G3N6C2_M M_G3N6C2H3_M": [
        [0.0115752, 0.00733321, 0.000519837]
    ],
    "M_G3N6C3_M M_G3N6C3H1_M": [
        [0.0103495, 0.00664143, 0.000470798]
    ],
    "M_G3N6C3_M M_G3N6C3H2_M": [
        [0.0112444, 0.00672187, 0.000476501]
    ],
    "M_G3N6C3_M M_G3N6C3H3_M": [
        [0.0122902, 0.00725136, 0.000514035]
    ]
}