{
    "M_G1_M M_G1H1_M": [
        [-0.179926, 0.0434806, 0.00308226]
    ],
    "M_G1_M M_G1H2_M": [
        [0.0396353, 0.0622346, 0.0044117]
    ],
    "M_G1C3_M M_G1C3H1_M": [
        [-0.23914, 0.0217336, 0.00154066]
    ],
    "M_G1C3_M M_G1C3H2_M": [
        [-0.230136, 0.0245612, 0.0017411]
    ],
    "M_G1C4_M M_G1C4H1_M": [
        [-0.203789, 0.0161541, 0.00114514]
    ],
    "M_G1C4_M M_G1C4H2_M": [
        [-0.199778, 0.0171981, 0.00121914]
    ],
    "M_G1C5_M M_G1C5H1_M": [
        [-0.255968, 0.0122758, 0.000870211]
    ],
    "M_G1C5_M M_G1C5H2_M": [
        [-0.254006, 0.0126154, 0.00089428]
    ],
    "M_G1C6_M M_G1C6H1_M": [
        [-0.255155, 0.0116743, 0.00082757]
    ],
    "M_G1C6_M M_G1C6H2_M": [
        [-0.254571, 0.0120931, 0.000857256]
    ],
    "M_G1C7_M M_G1C7H1_M": [
        [-0.273343, 0.0113549, 0.000804928]
    ],
    "M_G1C7_M M_G1C7H2_M": [
        [-0.27182, 0.0111802, 0.000792542]
    ],
    "M_G1C8_M M_G1C8H1_M": [
        [-0.266067, 0.0104562, 0.000741217]
    ],
    "M_G1C8_M M_G1C8H2_M": [
        [-0.264961, 0.0112062, 0.000794386]
    ],
    "M_G1C9_M M_G1C9H1_M": [
        [-0.269596, 0.0102787, 0.000728638]
    ],
    "M_G1C9_M M_G1C9H2_M": [
        [-0.269172, 0.0109595, 0.000776898]
    ],
    "M_G1C10_M M_G1C10H1_M": [
        [-0.256902, 0.0111439, 0.000789969]
    ],
    "M_G1C10_M M_G1C10H2_M": [
        [-0.256369, 0.0110783, 0.000785319]
    ],
    "M_G1C11_M M_G1C11H1_M": [
        [-0.251885, 0.0114496, 0.000811644]
    ],
    "M_G1C11_M M_G1C11H2_M": [
        [-0.251494, 0.0110405, 0.000782642]
    ],
    "M_G1C12_M M_G1C12H1_M": [
        [-0.232905, 0.0115168, 0.000816405]
    ],
    "M_G1C12_M M_G1C12H2_M": [
        [-0.232664, 0.011427, 0.000810038]
    ],
    "M_G1C13_M M_G1C13H1_M": [
        [-0.219902, 0.0115931, 0.000821813]
    ],
    "M_G1C13_M M_G1C13H2_M": [
        [-0.220377, 0.0115989, 0.000822227]
    ],
    "M_G1C14_M M_G1C14H1_M": [
        [-0.192693, 0.0114492, 0.000811611]
    ],
    "M_G1C14_M M_G1C14H2_M": [
        [-0.193319, 0.0114795, 0.000813763]
    ],
    "M_G1C15_M M_G1C15H1_M": [
        [-0.169095, 0.0107095, 0.000759176]
    ],
    "M_G1C15_M M_G1C15H2_M": [
        [-0.16861, 0.0102315, 0.00072529]
    ],
    "M_G1C16_M M_G1C16H1_M": [
        [-0.125807, 0.00952638, 0.000675307]
    ],
    "M_G1C16_M M_G1C16H2_M": [
        [-0.125931, 0.00940729, 0.000666865]
    ],
    "M_G1C17_M M_G1C17H1_M": [
        [-0.0424681, 0.00638552, 0.000452658]
    ],
    "M_G1C17_M M_G1C17H2_M": [
        [-0.04246, 0.00581465, 0.000412189]
    ],
    "M_G1C17_M M_G1C17H3_M": [
        [-0.0421652, 0.00594118, 0.000421159]
    ],
    "M_G2_M M_G2H1_M": [
        [-0.189309, 0.0426349, 0.00302231]
    ],
    "M_G2C3_M M_G2C3H1_M": [
        [-0.133941, 0.0396713, 0.00281222]
    ],
    "M_G2C3_M M_G2C3H2_M": [
        [-0.147228, 0.0264275, 0.00187339]
    ],
    "M_G2C4_M M_G2C4H1_M": [
        [-0.230629, 0.0172055, 0.00121967]
    ],
    "M_G2C4_M M_G2C4H2_M": [
        [-0.214945, 0.0154659, 0.00109635]
    ],
    "M_G2C5_M M_G2C5H1_M": [
        [-0.234937, 0.015073, 0.0010685]
    ],
    "M_G2C5_M M_G2C5H2_M": [
        [-0.231823, 0.013326, 0.000944658]
    ],
    "M_G2C6_M M_G2C6H1_M": [
        [-0.250408, 0.0135534, 0.000960777]
    ],
    "M_G2C6_M M_G2C6H2_M": [
        [-0.248093, 0.0127864, 0.000906407]
    ],
    "M_G2C7_M M_G2C7H1_M": [
        [-0.232779, 0.0131479, 0.000932029]
    ],
    "M_G2C7_M M_G2C7H2_M": [
        [-0.232154, 0.0127232, 0.000901923]
    ],
    "M_G2C8_M M_G2C8H1_M": [
        [-0.222111, 0.0121539, 0.00086157]
    ],
    "M_G2C8_M M_G2C8H2_M": [
        [-0.221872, 0.0127075, 0.000900814]
    ],
    "M_G2C9_M M_G2C9H1_M": [
        [-0.137283, 0.0166499, 0.00118028]
    ],
    "M_G2C9_M M_G2C9H2_M": [
        [-0.136991, 0.0169012, 0.00119809]
    ],
    "M_G2C10_M M_G2C10H1_M": [
        [-0.0890856, 0.0117537, 0.000833201]
    ],
    "M_G2C11_M M_G2C11H1_M": [
        [-0.0774646, 0.0108738, 0.000770822]
    ],
    "M_G2C12_M M_G2C12H1_M": [
        [-0.116156, 0.0171749, 0.0012175]
    ],
    "M_G2C12_M M_G2C12H2_M": [
        [-0.117443, 0.0170046, 0.00120543]
    ],
    "M_G2C13_M M_G2C13H1_M": [
        [-0.175742, 0.0117584, 0.000833531]
    ],
    "M_G2C13_M M_G2C13H2_M": [
        [-0.176393, 0.012504, 0.000886383]
    ],
    "M_G2C14_M M_G2C14H1_M": [
        [-0.183395, 0.0123254, 0.000873721]
    ],
    "M_G2C14_M M_G2C14H2_M": [
        [-0.183445, 0.0124594, 0.00088322]
    ],
    "M_G2C15_M M_G2C15H1_M": [
        [-0.187162, 0.0120545, 0.00085452]
    ],
    "M_G2C15_M M_G2C15H2_M": [
        [-0.187835, 0.0123338, 0.00087432]
    ],
    "M_G2C16_M M_G2C16H1_M": [
        [-0.167635, 0.0114957, 0.000814906]
    ],
    "M_G2C16_M M_G2C16H2_M": [
        [-0.167498, 0.0118816, 0.000842265]
    ],
    "M_G2C17_M M_G2C17H1_M": [
        [-0.150398, 0.0111005, 0.000786893]
    ],
    "M_G2C17_M M_G2C17H2_M": [
        [-0.149915, 0.0112565, 0.000797952]
    ],
    "M_G2C18_M M_G2C18H1_M": [
        [-0.113049, 0.00953376, 0.00067583]
    ],
    "M_G2C18_M M_G2C18H2_M": [
        [-0.112698, 0.00879828, 0.000623693]
    ],
    "M_G2C19_M M_G2C19H1_M": [
        [-0.0382142, 0.00633157, 0.000448833]
    ],
    "M_G2C19_M M_G2C19H2_M": [
        [-0.0383739, 0.00679099, 0.000481401]
    ],
    "M_G2C19_M M_G2C19H3_M": [
        [-0.0382771, 0.00591128, 0.000419039]
    ],
    "M_G3_M M_G3H1_M": [
        [-0.145753, 0.0503187, 0.003567]
    ],
    "M_G3_M M_G3H2_M": [
        [-0.144811, 0.0502525, 0.00356231]
    ],
    "M_G3C4_M M_G3C4H1_M": [
        [-0.0181591, 0.0294481, 0.00208752]
    ],
    "M_G3C4_M M_G3C4H2_M": [
        [-0.0275016, 0.0282498, 0.00200258]
    ],
    "M_G3C5_M M_G3C5H1_M": [
        [-0.0875814, 0.0209532, 0.00148534]
    ],
    "M_G3C5_M M_G3C5H2_M": [
        [-0.0835826, 0.021786, 0.00154437]
    ],
    "M_G3N6C1_M M_G3N6C1H1_M": [
        [0.00691285, 0.00816532, 0.000578825]
    ],
    "M_G3N6C1_M M_G3N6C1H2_M": [
        [0.00796558, 0.00744519, 0.000527776]
    ],
    "M_G3N6C1_M M_G3N6C1H3_M": [
        [0.00759643, 0.00768706, 0.000544921]
    ],
    "M_G3N6C2_M M_G3N6C2H1_M": [
        [0.00690641, 0.00794637, 0.000563303]
    ],
    "M_G3N6C2_M M_G3N6C2H2_M": [
        [0.00616509, 0.00804164, 0.000570057]
    ],
    "M_G3N6C2_M M_G3N6C2H3_M": [
        [0.00710234, 0.00806136, 0.000571454]
    ],
    "M_G3N6C3_M M_G3N6C3H1_M": [
        [0.00754887, 0.00799091, 0.00056646]
    ],
    "M_G3N6C3_M M_G3N6C3H2_M": [
        [0.00591273, 0.00841742, 0.000596695]
    ],
    "M_G3N6C3_M M_G3N6C3H3_M": [
        [0.00662246, 0.00746063, 0.00052887]
    ]
}