{
    "M_C3_M M_C3H1_M": [
        [-0.386235, 0.0146924, 0.00248347]
    ],
    "M_C4_M M_C4H1_M": [
        [-0.331933, 0.0217664, 0.00367919]
    ],
    "M_C4_M M_C4H2_M": [
        [-0.166868, 0.0443927, 0.00750373]
    ],
    "M_C6_M M_C6H1_M": [
        [-0.0447148, 0.0474075, 0.00801334]
    ],
    "M_C7_M M_C7H1_M": [
        [-0.309776, 0.020299, 0.00343115]
    ],
    "M_C7_M M_C7H2_M": [
        [-0.345528, 0.0206604, 0.00349225]
    ],
    "M_C8_M M_C8H1_M": [
        [-0.426362, 0.0116476, 0.00196881]
    ],
    "M_C14_M M_C14H1_M": [
        [-0.419152, 0.0135276, 0.00228659]
    ],
    "M_C15_M M_C15H1_M": [
        [-0.369792, 0.0164831, 0.00278615]
    ],
    "M_C15_M M_C15H2_M": [
        [-0.351863, 0.0292358, 0.00494175]
    ],
    "M_C16_M M_C16H1_M": [
        [-0.153787, 0.030652, 0.00518113]
    ],
    "M_C16_M M_C16H2_M": [
        [-0.0749053, 0.0436438, 0.00737714]
    ],
    "M_C17_M M_C17H1_M": [
        [-0.382363, 0.0194077, 0.00328051]
    ],
    "M_C18_M M_C18H1_M": [
        [0.11969, 0.00672545, 0.00113681]
    ],
    "M_C18_M M_C18H2_M": [
        [0.120506, 0.00725411, 0.00122617]
    ],
    "M_C18_M M_C18H3_M": [
        [0.119675, 0.00698311, 0.00118036]
    ],
    "M_C12_M M_C12H1_M": [
        [-0.0423209, 0.0502519, 0.00849412]
    ],
    "M_C12_M M_C12H2_M": [
        [-0.420883, 0.0116613, 0.00197111]
    ],
    "M_C11_M M_C11H1_M": [
        [-0.422969, 0.0125278, 0.00211759]
    ],
    "M_C11_M M_C11H2_M": [
        [-0.236029, 0.026504, 0.00447999]
    ],
    "M_C9_M M_C9H1_M": [
        [-0.424595, 0.0125391, 0.00211949]
    ],
    "M_C19_M M_C19H1_M": [
        [0.12763, 0.0288079, 0.00486943]
    ],
    "M_C19_M M_C19H2_M": [
        [0.118823, 0.0277789, 0.00469549]
    ],
    "M_C19_M M_C19H3_M": [
        [0.120832, 0.020029, 0.00338552]
    ],
    "M_C1_M M_C1H1_M": [
        [-0.205354, 0.0420798, 0.00711279]
    ],
    "M_C1_M M_C1H2_M": [
        [-0.369048, 0.0177803, 0.00300541]
    ],
    "M_C2_M M_C2H1_M": [
        [-0.260463, 0.0213504, 0.00360887]
    ],
    "M_C2_M M_C2H2_M": [
        [-0.349989, 0.0203901, 0.00344655]
    ],
    "M_C20_M M_C20H1_M": [
        [-0.375283, 0.0145856, 0.00246542]
    ],
    "M_C21_M M_C21H1_M": [
        [0.115111, 0.0164853, 0.00278652]
    ],
    "M_C21_M M_C21H2_M": [
        [0.116383, 0.0152365, 0.00257543]
    ],
    "M_C21_M M_C21H3_M": [
        [0.115126, 0.0150716, 0.00254756]
    ],
    "M_C22_M M_C22H1_M": [
        [-0.337471, 0.0477622, 0.00807329]
    ],
    "M_C22_M M_C22H2_M": [
        [-0.361502, 0.0150208, 0.00253898]
    ],
    "M_C23_M M_C23H1_M": [
        [-0.261769, 0.0448841, 0.0075868]
    ],
    "M_C23_M M_C23H2_M": [
        [-0.354825, 0.0159941, 0.0027035]
    ],
    "M_C24_M M_C24H1_M": [
        [-0.236733, 0.0337168, 0.00569919]
    ],
    "M_C24_M M_C24H2_M": [
        [-0.323113, 0.0177909, 0.00300722]
    ],
    "M_C25_M M_C25H1_M": [
        [-0.230535, 0.0293041, 0.0049533]
    ],
    "M_C26_M M_C26H1_M": [
        [0.0241237, 0.0193255, 0.00326661]
    ],
    "M_C26_M M_C26H2_M": [
        [0.023818, 0.0156619, 0.00264734]
    ],
    "M_C26_M M_C26H3_M": [
        [0.0253773, 0.015422, 0.00260679]
    ],
    "M_C27_M M_C27H1_M": [
        [0.00427042, 0.0162783, 0.00275154]
    ],
    "M_C27_M M_C27H2_M": [
        [0.0130746, 0.0164493, 0.00278044]
    ],
    "M_C27_M M_C27H3_M": [
        [0.00242687, 0.01489, 0.00251686]
    ]
}