{
    "M_G1_M M_G1H1_M": [
        [-0.240279, 0.0999815, 0.00887192]
    ],
    "M_G1_M M_G1H2_M": [
        [0.0268704, 0.10135, 0.00899335]
    ],
    "M_G1C3_M M_G1C3H1_M": [
        [-0.243581, 0.0511564, 0.0045394]
    ],
    "M_G1C3_M M_G1C3H2_M": [
        [-0.225248, 0.0629482, 0.00558575]
    ],
    "M_G1C4_M M_G1C4H1_M": [
        [-0.193641, 0.0506806, 0.00449718]
    ],
    "M_G1C4_M M_G1C4H2_M": [
        [-0.180595, 0.0523507, 0.00464538]
    ],
    "M_G1C5_M M_G1C5H1_M": [
        [-0.222713, 0.0496706, 0.00440755]
    ],
    "M_G1C5_M M_G1C5H2_M": [
        [-0.215593, 0.0491922, 0.0043651]
    ],
    "M_G1C6_M M_G1C6H1_M": [
        [-0.201457, 0.0507676, 0.00450489]
    ],
    "M_G1C6_M M_G1C6H2_M": [
        [-0.198944, 0.0506578, 0.00449515]
    ],
    "M_G1C7_M M_G1C7H1_M": [
        [-0.215895, 0.0505577, 0.00448627]
    ],
    "M_G1C7_M M_G1C7H2_M": [
        [-0.214252, 0.0507337, 0.00450189]
    ],
    "M_G1C8_M M_G1C8H1_M": [
        [-0.198952, 0.0533576, 0.00473472]
    ],
    "M_G1C8_M M_G1C8H2_M": [
        [-0.198807, 0.051616, 0.00458018]
    ],
    "M_G1C9_M M_G1C9H1_M": [
        [-0.20172, 0.0516295, 0.00458138]
    ],
    "M_G1C9_M M_G1C9H2_M": [
        [-0.204185, 0.0533015, 0.00472974]
    ],
    "M_G1C10_M M_G1C10H1_M": [
        [-0.183705, 0.051146, 0.00453847]
    ],
    "M_G1C10_M M_G1C10H2_M": [
        [-0.187798, 0.0519716, 0.00461174]
    ],
    "M_G1C11_M M_G1C11H1_M": [
        [-0.180544, 0.0484994, 0.00430362]
    ],
    "M_G1C11_M M_G1C11H2_M": [
        [-0.182478, 0.0517027, 0.00458787]
    ],
    "M_G1C12_M M_G1C12H1_M": [
        [-0.160047, 0.0454143, 0.00402987]
    ],
    "M_G1C12_M M_G1C12H2_M": [
        [-0.161496, 0.0468388, 0.00415627]
    ],
    "M_G1C13_M M_G1C13H1_M": [
        [-0.151785, 0.0426319, 0.00378297]
    ],
    "M_G1C13_M M_G1C13H2_M": [
        [-0.150959, 0.0438123, 0.00388771]
    ],
    "M_G1C14_M M_G1C14H1_M": [
        [-0.127591, 0.0377777, 0.00335223]
    ],
    "M_G1C14_M M_G1C14H2_M": [
        [-0.129403, 0.0391935, 0.00347786]
    ],
    "M_G1C15_M M_G1C15H1_M": [
        [-0.112954, 0.0315046, 0.00279558]
    ],
    "M_G1C15_M M_G1C15H2_M": [
        [-0.113549, 0.0344829, 0.00305987]
    ],
    "M_G1C16_M M_G1C16H1_M": [
        [-0.0809416, 0.0238604, 0.00211727]
    ],
    "M_G1C16_M M_G1C16H2_M": [
        [-0.0818824, 0.0254932, 0.00226216]
    ],
    "M_G1C17_M M_G1C17H1_M": [
        [-0.0283369, 0.0102832, 0.000912484]
    ],
    "M_G1C17_M M_G1C17H2_M": [
        [-0.02748, 0.0105109, 0.000932687]
    ],
    "M_G1C17_M M_G1C17H3_M": [
        [-0.027464, 0.0114409, 0.00101522]
    ],
    "M_G2_M M_G2H1_M": [
        [-0.222147, 0.0953965, 0.00846507]
    ],
    "M_G2C3_M M_G2C3H1_M": [
        [-0.243581, 0.0511564, 0.0045394]
    ],
    "M_G2C3_M M_G2C3H2_M": [
        [-0.225248, 0.0629482, 0.00558575]
    ],
    "M_G2C4_M M_G2C4H1_M": [
        [-0.193641, 0.0506806, 0.00449718]
    ],
    "M_G2C4_M M_G2C4H2_M": [
        [-0.180595, 0.0523507, 0.00464538]
    ],
    "M_G2C5_M M_G2C5H1_M": [
        [-0.222713, 0.0496706, 0.00440755]
    ],
    "M_G2C5_M M_G2C5H2_M": [
        [-0.215593, 0.0491922, 0.0043651]
    ],
    "M_G2C6_M M_G2C6H1_M": [
        [-0.201457, 0.0507676, 0.00450489]
    ],
    "M_G2C6_M M_G2C6H2_M": [
        [-0.198944, 0.0506578, 0.00449515]
    ],
    "M_G2C7_M M_G2C7H1_M": [
        [-0.215895, 0.0505577, 0.00448627]
    ],
    "M_G2C7_M M_G2C7H2_M": [
        [-0.214252, 0.0507337, 0.00450189]
    ],
    "M_G2C8_M M_G2C8H1_M": [
        [-0.198952, 0.0533576, 0.00473472]
    ],
    "M_G2C8_M M_G2C8H2_M": [
        [-0.198807, 0.051616, 0.00458018]
    ],
    "M_G2C9_M M_G2C9H1_M": [
        [-0.20172, 0.0516295, 0.00458138]
    ],
    "M_G2C9_M M_G2C9H2_M": [
        [-0.204185, 0.0533015, 0.00472974]
    ],
    "M_G2C10_M M_G2C10H1_M": [
        [-0.183705, 0.051146, 0.00453847]
    ],
    "M_G2C11_M M_G2C11H1_M": [
        [-0.180544, 0.0484994, 0.00430362]
    ],
    "M_G2C12_M M_G2C12H1_M": [
        [-0.160047, 0.0454143, 0.00402987]
    ],
    "M_G2C12_M M_G2C12H2_M": [
        [-0.161496, 0.0468388, 0.00415627]
    ],
    "M_G2C13_M M_G2C13H1_M": [
        [-0.151785, 0.0426319, 0.00378297]
    ],
    "M_G2C13_M M_G2C13H2_M": [
        [-0.150959, 0.0438123, 0.00388771]
    ],
    "M_G2C14_M M_G2C14H1_M": [
        [-0.127591, 0.0377777, 0.00335223]
    ],
    "M_G2C14_M M_G2C14H2_M": [
        [-0.129403, 0.0391935, 0.00347786]
    ],
    "M_G2C15_M M_G2C15H1_M": [
        [-0.112954, 0.0315046, 0.00279558]
    ],
    "M_G2C15_M M_G2C15H2_M": [
        [-0.113549, 0.0344829, 0.00305987]
    ],
    "M_G2C16_M M_G2C16H1_M": [
        [-0.0809416, 0.0238604, 0.00211727]
    ],
    "M_G2C16_M M_G2C16H2_M": [
        [-0.0818824, 0.0254932, 0.00226216]
    ],
    "M_G2C17_M M_G2C17H1_M": [
        [-0.0283369, 0.0102832, 0.000912484]
    ],
    "M_G2C17_M M_G2C17H2_M": [
        [-0.02748, 0.0105109, 0.000932687]
    ],
    "M_G2C18_M M_G2C18H1_M": [
        [-0.0772678, 0.023739, 0.00210649]
    ],
    "M_G2C18_M M_G2C18H2_M": [
        [-0.0774426, 0.0222931, 0.00197819]
    ],
    "M_G2C19_M M_G2C19H1_M": [
        [-0.0243301, 0.0110797, 0.000983165]
    ],
    "M_G2C19_M M_G2C19H2_M": [
        [-0.025274, 0.00972682, 0.000863116]
    ],
    "M_G2C19_M M_G2C19H3_M": [
        [-0.0242049, 0.00903206, 0.000801465]
    ],
    "M_G3_M M_G3H1_M": [
        [-0.139808, 0.0870543, 0.00772482]
    ],
    "M_G3_M M_G3H2_M": [
        [-0.252478, 0.0623316, 0.00553103]
    ],
    "M_G3C4_M M_G3C4H1_M": [
        [0.0710003, 0.0387678, 0.00344009]
    ],
    "M_G3C4_M M_G3C4H2_M": [
        [0.0698194, 0.0337478, 0.00299464]
    ],
    "M_G3C5_M M_G3C5H1_M": [
        [0.00176355, 0.0317388, 0.00281637]
    ],
    "M_G3C5_M M_G3C5H2_M": [
        [-0.00348148, 0.0308622, 0.00273858]
    ],
    "M_G3N6C1_M M_G3N6C1H1_M": [
        [0.0112384, 0.0112241, 0.000995979]
    ],
    "M_G3N6C1_M M_G3N6C1H2_M": [
        [0.0122853, 0.0109025, 0.000967445]
    ],
    "M_G3N6C1_M M_G3N6C1H3_M": [
        [0.0113191, 0.0126339, 0.00112108]
    ],
    "M_G3N6C2_M M_G3N6C2H1_M": [
        [0.0126256, 0.0120934, 0.00107312]
    ],
    "M_G3N6C2_M M_G3N6C2H2_M": [
        [0.012674, 0.011897, 0.00105569]
    ],
    "M_G3N6C2_M M_G3N6C2H3_M": [
        [0.0125596, 0.0102357, 0.000908267]
    ],
    "M_G3N6C3_M M_G3N6C3H1_M": [
        [0.0145473, 0.0122063, 0.00108313]
    ],
    "M_G3N6C3_M M_G3N6C3H2_M": [
        [0.0133619, 0.0121062, 0.00107425]
    ],
    "M_G3N6C3_M M_G3N6C3H3_M": [
        [0.0111795, 0.0110055, 0.000976583]
    ]
}