{
    "M_G1_M M_G1H1_M": [
        [-0.188972, 0.03956, 0.00247735]
    ],
    "M_G1_M M_G1H2_M": [
        [-0.0402454, 0.0511615, 0.00320386]
    ],
    "M_G1C3_M M_G1C3H1_M": [
        [-0.304717, 0.0220917, 0.00138343]
    ],
    "M_G1C3_M M_G1C3H2_M": [
        [-0.289905, 0.0230058, 0.00144068]
    ],
    "M_G1C4_M M_G1C4H1_M": [
        [-0.309482, 0.0168762, 0.00105683]
    ],
    "M_G1C4_M M_G1C4H2_M": [
        [-0.29611, 0.0164421, 0.00102965]
    ],
    "M_G1C5_M M_G1C5H1_M": [
        [-0.351195, 0.013834, 0.000866316]
    ],
    "M_G1C5_M M_G1C5H2_M": [
        [-0.347772, 0.0141742, 0.000887622]
    ],
    "M_G1C6_M M_G1C6H1_M": [
        [-0.371717, 0.013437, 0.00084146]
    ],
    "M_G1C6_M M_G1C6H2_M": [
        [-0.369621, 0.0131185, 0.000821514]
    ],
    "M_G1C7_M M_G1C7H1_M": [
        [-0.387296, 0.0115793, 0.000725122]
    ],
    "M_G1C7_M M_G1C7H2_M": [
        [-0.386888, 0.0114391, 0.000716345]
    ],
    "M_G1C8_M M_G1C8H1_M": [
        [-0.390198, 0.0107047, 0.000670352]
    ],
    "M_G1C8_M M_G1C8H2_M": [
        [-0.389732, 0.0108555, 0.0006798]
    ],
    "M_G1C9_M M_G1C9H1_M": [
        [-0.389967, 0.0100496, 0.000629329]
    ],
    "M_G1C9_M M_G1C9H2_M": [
        [-0.389128, 0.00914155, 0.000572466]
    ],
    "M_G1C10_M M_G1C10H1_M": [
        [-0.379487, 0.00963853, 0.000603588]
    ],
    "M_G1C10_M M_G1C10H2_M": [
        [-0.378948, 0.00932489, 0.000583947]
    ],
    "M_G1C11_M M_G1C11H1_M": [
        [-0.368393, 0.00980938, 0.000614287]
    ],
    "M_G1C11_M M_G1C11H2_M": [
        [-0.368748, 0.0108172, 0.000677396]
    ],
    "M_G1C12_M M_G1C12H1_M": [
        [-0.347643, 0.0125203, 0.000784054]
    ],
    "M_G1C12_M M_G1C12H2_M": [
        [-0.347926, 0.0125887, 0.000788333]
    ],
    "M_G1C13_M M_G1C13H1_M": [
        [-0.326618, 0.0149559, 0.000936575]
    ],
    "M_G1C13_M M_G1C13H2_M": [
        [-0.327517, 0.0150038, 0.000939572]
    ],
    "M_G1C14_M M_G1C14H1_M": [
        [-0.29409, 0.0177925, 0.00111421]
    ],
    "M_G1C14_M M_G1C14H2_M": [
        [-0.295949, 0.0170288, 0.00106638]
    ],
    "M_G1C15_M M_G1C15H1_M": [
        [-0.25611, 0.0181159, 0.00113446]
    ],
    "M_G1C15_M M_G1C15H2_M": [
        [-0.256689, 0.017159, 0.00107454]
    ],
    "M_G1C16_M M_G1C16H1_M": [
        [-0.194114, 0.0183942, 0.00115189]
    ],
    "M_G1C16_M M_G1C16H2_M": [
        [-0.194706, 0.018013, 0.00112802]
    ],
    "M_G1C17_M M_G1C17H1_M": [
        [-0.0618218, 0.0167482, 0.00104881]
    ],
    "M_G1C17_M M_G1C17H2_M": [
        [-0.0611785, 0.015533, 0.000972716]
    ],
    "M_G1C17_M M_G1C17H3_M": [
        [-0.0619086, 0.0147121, 0.000921304]
    ],
    "M_G2_M M_G2H1_M": [
        [-0.207983, 0.0322083, 0.00201696]
    ],
    "M_G2C3_M M_G2C3H1_M": [
        [-0.080354, 0.0410133, 0.00256835]
    ],
    "M_G2C3_M M_G2C3H2_M": [
        [-0.159142, 0.0236373, 0.00148023]
    ],
    "M_G2C4_M M_G2C4H1_M": [
        [-0.293713, 0.0188902, 0.00118295]
    ],
    "M_G2C4_M M_G2C4H2_M": [
        [-0.296462, 0.0169273, 0.00106003]
    ],
    "M_G2C5_M M_G2C5H1_M": [
        [-0.311097, 0.015949, 0.000998764]
    ],
    "M_G2C5_M M_G2C5H2_M": [
        [-0.313837, 0.0144999, 0.000908017]
    ],
    "M_G2C6_M M_G2C6H1_M": [
        [-0.343795, 0.0143841, 0.000900767]
    ],
    "M_G2C6_M M_G2C6H2_M": [
        [-0.343113, 0.0139473, 0.000873415]
    ],
    "M_G2C7_M M_G2C7H1_M": [
        [-0.332859, 0.0138423, 0.000866836]
    ],
    "M_G2C7_M M_G2C7H2_M": [
        [-0.333952, 0.0153082, 0.000958635]
    ],
    "M_G2C8_M M_G2C8H1_M": [
        [-0.320819, 0.0144873, 0.000907228]
    ],
    "M_G2C8_M M_G2C8H2_M": [
        [-0.321351, 0.014687, 0.000919733]
    ],
    "M_G2C9_M M_G2C9H1_M": [
        [-0.217465, 0.0195482, 0.00122416]
    ],
    "M_G2C9_M M_G2C9H2_M": [
        [-0.21639, 0.0184955, 0.00115823]
    ],
    "M_G2C10_M M_G2C10H1_M": [
        [-0.14036, 0.0194524, 0.00121815]
    ],
    "M_G2C11_M M_G2C11H1_M": [
        [-0.109598, 0.0169952, 0.00106428]
    ],
    "M_G2C12_M M_G2C12H1_M": [
        [-0.197917, 0.0158147, 0.000990357]
    ],
    "M_G2C12_M M_G2C12H2_M": [
        [-0.197993, 0.0164614, 0.00103085]
    ],
    "M_G2C13_M M_G2C13H1_M": [
        [-0.285296, 0.0148791, 0.000931763]
    ],
    "M_G2C13_M M_G2C13H2_M": [
        [-0.287254, 0.0149554, 0.000936546]
    ],
    "M_G2C14_M M_G2C14H1_M": [
        [-0.298732, 0.0151139, 0.000946472]
    ],
    "M_G2C14_M M_G2C14H2_M": [
        [-0.299029, 0.0158069, 0.000989868]
    ],
    "M_G2C15_M M_G2C15H1_M": [
        [-0.302894, 0.0147622, 0.000924446]
    ],
    "M_G2C15_M M_G2C15H2_M": [
        [-0.303276, 0.0164052, 0.00102733]
    ],
    "M_G2C16_M M_G2C16H1_M": [
        [-0.27603, 0.0189563, 0.00118709]
    ],
    "M_G2C16_M M_G2C16H2_M": [
        [-0.276463, 0.0186667, 0.00116895]
    ],
    "M_G2C17_M M_G2C17H1_M": [
        [-0.248808, 0.0201464, 0.00126162]
    ],
    "M_G2C17_M M_G2C17H2_M": [
        [-0.249241, 0.0181598, 0.00113721]
    ],
    "M_G2C18_M M_G2C18H1_M": [
        [-0.186372, 0.0201655, 0.00126281]
    ],
    "M_G2C18_M M_G2C18H2_M": [
        [-0.185872, 0.020676, 0.00129478]
    ],
    "M_G2C19_M M_G2C19H1_M": [
        [-0.0724722, 0.0155372, 0.000972978]
    ],
    "M_G2C19_M M_G2C19H2_M": [
        [-0.0707606, 0.0153736, 0.000962733]
    ],
    "M_G2C19_M M_G2C19H3_M": [
        [-0.0708102, 0.0170517, 0.00106782]
    ],
    "M_G3_M M_G3H1_M": [
        [-0.199917, 0.0405148, 0.00253714]
    ],
    "M_G3_M M_G3H2_M": [
        [-0.218085, 0.0321913, 0.00201589]
    ],
    "M_G3C4_M M_G3C4H1_M": [
        [0.0344757, 0.0210387, 0.0013175]
    ],
    "M_G3C4_M M_G3C4H2_M": [
        [0.0375087, 0.0207025, 0.00129644]
    ],
    "M_G3C5_M M_G3C5H1_M": [
        [-0.0667829, 0.0180901, 0.00113285]
    ],
    "M_G3C5_M M_G3C5H2_M": [
        [-0.0691041, 0.0185243, 0.00116004]
    ],
    "M_G3N6C1_M M_G3N6C1H1_M": [
        [0.0118999, 0.015674, 0.000981542]
    ],
    "M_G3N6C1_M M_G3N6C1H2_M": [
        [0.0105278, 0.0166827, 0.00104471]
    ],
    "M_G3N6C1_M M_G3N6C1H3_M": [
        [0.0132546, 0.0156827, 0.000982087]
    ],
    "M_G3N6C2_M M_G3N6C2H1_M": [
        [0.0122135, 0.0153422, 0.000960767]
    ],
    "M_G3N6C2_M M_G3N6C2H2_M": [
        [0.0100961, 0.0165645, 0.00103731]
    ],
    "M_G3N6C2_M M_G3N6C2H3_M": [
        [0.0115239, 0.015932, 0.0009977]
    ],
    "M_G3N6C3_M M_G3N6C3H1_M": [
        [0.012019, 0.0156758, 0.000981659]
    ],
    "M_G3N6C3_M M_G3N6C3H2_M": [
        [0.00935336, 0.0160925, 0.00100775]
    ],
    "M_G3N6C3_M M_G3N6C3H3_M": [
        [0.0131217, 0.0166614, 0.00104338]
    ]
}