{
    "M_G1_M M_G1H1_M": [
        [-0.243711, 0.115585, 0.00598475]
    ],
    "M_G1_M M_G1H2_M": [
        [0.0547967, 0.137684, 0.00712903]
    ],
    "M_G1C3_M M_G1C3H1_M": [
        [-0.270944, 0.0436176, 0.00225844]
    ],
    "M_G1C3_M M_G1C3H2_M": [
        [-0.263892, 0.0487635, 0.00252488]
    ],
    "M_G1C4_M M_G1C4H1_M": [
        [-0.223828, 0.0361318, 0.00187084]
    ],
    "M_G1C4_M M_G1C4H2_M": [
        [-0.219901, 0.0363563, 0.00188246]
    ],
    "M_G1C5_M M_G1C5H1_M": [
        [-0.255657, 0.0348862, 0.00180634]
    ],
    "M_G1C5_M M_G1C5H2_M": [
        [-0.253787, 0.0337371, 0.00174684]
    ],
    "M_G1C6_M M_G1C6H1_M": [
        [-0.250562, 0.0342849, 0.00177521]
    ],
    "M_G1C6_M M_G1C6H2_M": [
        [-0.249558, 0.0339548, 0.00175811]
    ],
    "M_G1C7_M M_G1C7H1_M": [
        [-0.263374, 0.0337589, 0.00174797]
    ],
    "M_G1C7_M M_G1C7H2_M": [
        [-0.263052, 0.0333649, 0.00172757]
    ],
    "M_G1C8_M M_G1C8H1_M": [
        [-0.254923, 0.0327322, 0.00169481]
    ],
    "M_G1C8_M M_G1C8H2_M": [
        [-0.253859, 0.0337934, 0.00174976]
    ],
    "M_G1C9_M M_G1C9H1_M": [
        [-0.25533, 0.0327199, 0.00169417]
    ],
    "M_G1C9_M M_G1C9H2_M": [
        [-0.255319, 0.0326087, 0.00168841]
    ],
    "M_G1C10_M M_G1C10H1_M": [
        [-0.240072, 0.0327091, 0.00169361]
    ],
    "M_G1C10_M M_G1C10H2_M": [
        [-0.23964, 0.0324187, 0.00167858]
    ],
    "M_G1C11_M M_G1C11H1_M": [
        [-0.232931, 0.0328184, 0.00169927]
    ],
    "M_G1C11_M M_G1C11H2_M": [
        [-0.232825, 0.0318624, 0.00164977]
    ],
    "M_G1C12_M M_G1C12H1_M": [
        [-0.211673, 0.031544, 0.00163328]
    ],
    "M_G1C12_M M_G1C12H2_M": [
        [-0.210717, 0.0319306, 0.0016533]
    ],
    "M_G1C13_M M_G1C13H1_M": [
        [-0.197827, 0.0301529, 0.00156126]
    ],
    "M_G1C13_M M_G1C13H2_M": [
        [-0.19729, 0.0303237, 0.0015701]
    ],
    "M_G1C14_M M_G1C14H1_M": [
        [-0.170121, 0.0281019, 0.00145506]
    ],
    "M_G1C14_M M_G1C14H2_M": [
        [-0.16949, 0.0288212, 0.0014923]
    ],
    "M_G1C15_M M_G1C15H1_M": [
        [-0.146741, 0.0250343, 0.00129623]
    ],
    "M_G1C15_M M_G1C15H2_M": [
        [-0.146885, 0.0248822, 0.00128835]
    ],
    "M_G1C16_M M_G1C16H1_M": [
        [-0.106729, 0.0210822, 0.00109159]
    ],
    "M_G1C16_M M_G1C16H2_M": [
        [-0.107033, 0.0199734, 0.00103418]
    ],
    "M_G1C17_M M_G1C17H1_M": [
        [-0.0344034, 0.00841271, 0.000435594]
    ],
    "M_G1C17_M M_G1C17H2_M": [
        [-0.034044, 0.00873996, 0.000452538]
    ],
    "M_G1C17_M M_G1C17H3_M": [
        [-0.0343075, 0.00803081, 0.000415819]
    ],
    "M_G2_M M_G2H1_M": [
        [-0.225783, 0.127185, 0.00658539]
    ],
    "M_G2C3_M M_G2C3H1_M": [
        [-0.167289, 0.0608356, 0.00314995]
    ],
    "M_G2C3_M M_G2C3H2_M": [
        [-0.148643, 0.0691762, 0.00358181]
    ],
    "M_G2C4_M M_G2C4H1_M": [
        [-0.222369, 0.0429858, 0.00222572]
    ],
    "M_G2C4_M M_G2C4H2_M": [
        [-0.205812, 0.0476117, 0.00246524]
    ],
    "M_G2C5_M M_G2C5H1_M": [
        [-0.224202, 0.0414696, 0.00214721]
    ],
    "M_G2C5_M M_G2C5H2_M": [
        [-0.218523, 0.0427207, 0.00221199]
    ],
    "M_G2C6_M M_G2C6H1_M": [
        [-0.235296, 0.0387841, 0.00200816]
    ],
    "M_G2C6_M M_G2C6H2_M": [
        [-0.233435, 0.0406415, 0.00210434]
    ],
    "M_G2C7_M M_G2C7H1_M": [
        [-0.209477, 0.0375443, 0.00194397]
    ],
    "M_G2C7_M M_G2C7H2_M": [
        [-0.210037, 0.0381072, 0.00197312]
    ],
    "M_G2C8_M M_G2C8H1_M": [
        [-0.202596, 0.0347919, 0.00180146]
    ],
    "M_G2C8_M M_G2C8H2_M": [
        [-0.203393, 0.0355215, 0.00183923]
    ],
    "M_G2C9_M M_G2C9H1_M": [
        [-0.141139, 0.0305858, 0.00158367]
    ],
    "M_G2C9_M M_G2C9H2_M": [
        [-0.139589, 0.0325811, 0.00168699]
    ],
    "M_G2C10_M M_G2C10H1_M": [
        [-0.107737, 0.0327361, 0.00169501]
    ],
    "M_G2C11_M M_G2C11H1_M": [
        [-0.0128962, 0.0356655, 0.00184669]
    ],
    "M_G2C12_M M_G2C12H1_M": [
        [-0.0785507, 0.0314447, 0.00162814]
    ],
    "M_G2C12_M M_G2C12H2_M": [
        [-0.0772761, 0.0334101, 0.00172991]
    ],
    "M_G2C13_M M_G2C13H1_M": [
        [-0.138075, 0.0329114, 0.00170409]
    ],
    "M_G2C13_M M_G2C13H2_M": [
        [-0.138052, 0.0320159, 0.00165772]
    ],
    "M_G2C14_M M_G2C14H1_M": [
        [-0.1467, 0.0312633, 0.00161875]
    ],
    "M_G2C14_M M_G2C14H2_M": [
        [-0.146705, 0.0312351, 0.00161729]
    ],
    "M_G2C15_M M_G2C15H1_M": [
        [-0.155984, 0.0300798, 0.00155747]
    ],
    "M_G2C15_M M_G2C15H2_M": [
        [-0.155973, 0.0299508, 0.00155079]
    ],
    "M_G2C16_M M_G2C16H1_M": [
        [-0.142791, 0.0275856, 0.00142833]
    ],
    "M_G2C16_M M_G2C16H2_M": [
        [-0.143018, 0.0275807, 0.00142808]
    ],
    "M_G2C17_M M_G2C17H1_M": [
        [-0.128367, 0.0242867, 0.00125752]
    ],
    "M_G2C17_M M_G2C17H2_M": [
        [-0.12885, 0.0241147, 0.00124861]
    ],
    "M_G2C18_M M_G2C18H1_M": [
        [-0.0976749, 0.0191112, 0.000989542]
    ],
    "M_G2C18_M M_G2C18H2_M": [
        [-0.0974293, 0.0194955, 0.00100944]
    ],
    "M_G2C19_M M_G2C19H1_M": [
        [-0.0300104, 0.00815054, 0.000422019]
    ],
    "M_G2C19_M M_G2C19H2_M": [
        [-0.0300121, 0.00804001, 0.000416296]
    ],
    "M_G2C19_M M_G2C19H3_M": [
        [-0.030137, 0.00800845, 0.000414662]
    ],
    "M_G3_M M_G3H1_M": [
        [-0.116879, 0.146175, 0.00756865]
    ],
    "M_G3_M M_G3H2_M": [
        [-0.201176, 0.111943, 0.00579621]
    ],
    "M_G3C4_M M_G3C4H1_M": [
        [0.113296, 0.099568, 0.00515544]
    ],
    "M_G3C4_M M_G3C4H2_M": [
        [0.112028, 0.0875099, 0.00453109]
    ],
    "M_G3C5_M M_G3C5H1_M": [
        [0.0141926, 0.0818225, 0.00423661]
    ],
    "M_G3C6_M M_G3C6H1_M": [
        [0.00860786, 0.0650357, 0.00336742]
    ],
    "M_G3C6_M M_G3C6H2_M": [
        [0.0214035, 0.0671374, 0.00347624]
    ]
}