{
    "M_G1_M M_G1H1_M": [
        [-0.225357, 0.0215162, 0.00271078]
    ],
    "M_G1_M M_G1H2_M": [
        [-0.0251929, 0.0233639, 0.00294357]
    ],
    "M_G1C3_M M_G1C3H1_M": [
        [-0.224097, 0.0130657, 0.00164612]
    ],
    "M_G1C3_M M_G1C3H2_M": [
        [-0.229766, 0.0137369, 0.00173069]
    ],
    "M_G1C4_M M_G1C4H1_M": [
        [-0.148801, 0.0132212, 0.00166571]
    ],
    "M_G1C4_M M_G1C4H2_M": [
        [-0.149078, 0.0123058, 0.00155038]
    ],
    "M_G1C5_M M_G1C5H1_M": [
        [-0.187975, 0.0130882, 0.00164896]
    ],
    "M_G1C5_M M_G1C5H2_M": [
        [-0.182942, 0.0125667, 0.00158326]
    ],
    "M_G1C6_M M_G1C6H1_M": [
        [-0.188008, 0.013499, 0.00170071]
    ],
    "M_G1C6_M M_G1C6H2_M": [
        [-0.186799, 0.0132003, 0.00166308]
    ],
    "M_G1C7_M M_G1C7H1_M": [
        [-0.199915, 0.0132442, 0.00166861]
    ],
    "M_G1C7_M M_G1C7H2_M": [
        [-0.201416, 0.0117928, 0.00148576]
    ],
    "M_G1C8_M M_G1C8H1_M": [
        [-0.191885, 0.0116069, 0.00146233]
    ],
    "M_G1C8_M M_G1C8H2_M": [
        [-0.190169, 0.0124078, 0.00156324]
    ],
    "M_G1C9_M M_G1C9H1_M": [
        [-0.191361, 0.011211, 0.00141246]
    ],
    "M_G1C9_M M_G1C9H2_M": [
        [-0.190523, 0.0110828, 0.0013963]
    ],
    "M_G1C10_M M_G1C10H1_M": [
        [-0.174678, 0.0115562, 0.00145594]
    ],
    "M_G1C10_M M_G1C10H2_M": [
        [-0.174668, 0.0103572, 0.00130488]
    ],
    "M_G1C11_M M_G1C11H1_M": [
        [-0.167409, 0.0107588, 0.00135548]
    ],
    "M_G1C11_M M_G1C11H2_M": [
        [-0.168099, 0.0100177, 0.00126211]
    ],
    "M_G1C12_M M_G1C12H1_M": [
        [-0.148598, 0.0102593, 0.00129255]
    ],
    "M_G1C12_M M_G1C12H2_M": [
        [-0.149447, 0.00980513, 0.00123533]
    ],
    "M_G1C13_M M_G1C13H1_M": [
        [-0.138162, 0.00933608, 0.00117624]
    ],
    "M_G1C13_M M_G1C13H2_M": [
        [-0.13817, 0.00906425, 0.00114199]
    ],
    "M_G1C14_M M_G1C14H1_M": [
        [-0.117293, 0.00778304, 0.000980571]
    ],
    "M_G1C14_M M_G1C14H2_M": [
        [-0.117327, 0.00758363, 0.000955448]
    ],
    "M_G1C15_M M_G1C15H1_M": [
        [-0.101391, 0.00629242, 0.00079277]
    ],
    "M_G1C15_M M_G1C15H2_M": [
        [-0.101924, 0.00672855, 0.000847717]
    ],
    "M_G1C16_M M_G1C16H1_M": [
        [-0.0740442, 0.0053552, 0.000674691]
    ],
    "M_G1C16_M M_G1C16H2_M": [
        [-0.0748667, 0.00478045, 0.00060228]
    ],
    "M_G1C17_M M_G1C17H1_M": [
        [-0.0245523, 0.00272671, 0.000343533]
    ],
    "M_G1C17_M M_G1C17H2_M": [
        [-0.023982, 0.00258556, 0.000325749]
    ],
    "M_G1C17_M M_G1C17H3_M": [
        [-0.0243374, 0.00288136, 0.000363017]
    ],
    "M_G2_M M_G2H1_M": [
        [-0.205386, 0.0316978, 0.00399355]
    ],
    "M_G2C3_M M_G2C3H1_M": [
        [-0.0804762, 0.0153519, 0.00193416]
    ],
    "M_G2C3_M M_G2C3H2_M": [
        [-0.0964876, 0.0152059, 0.00191576]
    ],
    "M_G2C4_M M_G2C4H1_M": [
        [-0.143459, 0.0136039, 0.00171393]
    ],
    "M_G2C4_M M_G2C4H2_M": [
        [-0.14308, 0.013582, 0.00171117]
    ],
    "M_G2C5_M M_G2C5H1_M": [
        [-0.162087, 0.0130748, 0.00164727]
    ],
    "M_G2C5_M M_G2C5H2_M": [
        [-0.160776, 0.0130187, 0.0016402]
    ],
    "M_G2C6_M M_G2C6H1_M": [
        [-0.172381, 0.0138575, 0.00174588]
    ],
    "M_G2C6_M M_G2C6H2_M": [
        [-0.172488, 0.01355, 0.00170714]
    ],
    "M_G2C7_M M_G2C7H1_M": [
        [-0.15557, 0.0129882, 0.00163636]
    ],
    "M_G2C7_M M_G2C7H2_M": [
        [-0.156695, 0.0127491, 0.00160624]
    ],
    "M_G2C8_M M_G2C8H1_M": [
        [-0.151775, 0.0120358, 0.00151637]
    ],
    "M_G2C8_M M_G2C8H2_M": [
        [-0.152383, 0.0122922, 0.00154867]
    ],
    "M_G2C9_M M_G2C9H1_M": [
        [-0.112352, 0.0112534, 0.00141779]
    ],
    "M_G2C9_M M_G2C9H2_M": [
        [-0.111193, 0.00953663, 0.0012015]
    ],
    "M_G2C10_M M_G2C10H1_M": [
        [-0.0900296, 0.00946785, 0.00119284]
    ],
    "M_G2C11_M M_G2C11H1_M": [
        [0.0035282, 0.0117321, 0.00147811]
    ],
    "M_G2C12_M M_G2C12H1_M": [
        [-0.0469532, 0.0118489, 0.00149282]
    ],
    "M_G2C12_M M_G2C12H2_M": [
        [-0.0486802, 0.00944235, 0.00118962]
    ],
    "M_G2C13_M M_G2C13H1_M": [
        [-0.093308, 0.0108183, 0.00136298]
    ],
    "M_G2C13_M M_G2C13H2_M": [
        [-0.0932712, 0.0100829, 0.00127033]
    ],
    "M_G2C14_M M_G2C14H1_M": [
        [-0.0997715, 0.009343, 0.00117711]
    ],
    "M_G2C14_M M_G2C14H2_M": [
        [-0.0988947, 0.00916576, 0.00115478]
    ],
    "M_G2C15_M M_G2C15H1_M": [
        [-0.107933, 0.00808622, 0.00101877]
    ],
    "M_G2C15_M M_G2C15H2_M": [
        [-0.107537, 0.00926311, 0.00116704]
    ],
    "M_G2C16_M M_G2C16H1_M": [
        [-0.0993974, 0.00769797, 0.000969854]
    ],
    "M_G2C16_M M_G2C16H2_M": [
        [-0.0993113, 0.00764406, 0.000963061]
    ],
    "M_G2C17_M M_G2C17H1_M": [
        [-0.0910539, 0.00615564, 0.000775537]
    ],
    "M_G2C17_M M_G2C17H2_M": [
        [-0.090382, 0.00671807, 0.000846398]
    ],
    "M_G2C18_M M_G2C18H1_M": [
        [-0.0700487, 0.00482861, 0.000608348]
    ],
    "M_G2C18_M M_G2C18H2_M": [
        [-0.0705761, 0.00494769, 0.00062335]
    ],
    "M_G2C19_M M_G2C19H1_M": [
        [-0.0217287, 0.0022656, 0.000285439]
    ],
    "M_G2C19_M M_G2C19H2_M": [
        [-0.0215844, 0.00233162, 0.000293756]
    ],
    "M_G2C19_M M_G2C19H3_M": [
        [-0.0219981, 0.00278587, 0.000350987]
    ],
    "M_G3_M M_G3H1_M": [
        [-0.164246, 0.0284614, 0.0035858]
    ],
    "M_G3_M M_G3H2_M": [
        [-0.206756, 0.0194993, 0.00245668]
    ],
    "M_G3C4_M M_G3C4H1_M": [
        [0.0994213, 0.0158483, 0.0019967]
    ],
    "M_G3C4_M M_G3C4H2_M": [
        [0.0523944, 0.0151469, 0.00190834]
    ],
    "M_G3C5_M M_G3C5H1_M": [
        [-0.0212985, 0.0147593, 0.0018595]
    ]
}