{
    "M_G1_M M_G1H1_M": [
        [-0.216587, 0.0366559, 0.00325269]
    ],
    "M_G1_M M_G1H2_M": [
        [-0.024874, 0.0390809, 0.00346787]
    ],
    "M_G1C3_M M_G1C3H1_M": [
        [-0.222556, 0.0222134, 0.00197112]
    ],
    "M_G1C3_M M_G1C3H2_M": [
        [-0.229386, 0.0202393, 0.00179594]
    ],
    "M_G1C4_M M_G1C4H1_M": [
        [-0.158089, 0.020458, 0.00181535]
    ],
    "M_G1C4_M M_G1C4H2_M": [
        [-0.160494, 0.0201094, 0.00178442]
    ],
    "M_G1C5_M M_G1C5H1_M": [
        [-0.198769, 0.0189596, 0.00168239]
    ],
    "M_G1C5_M M_G1C5H2_M": [
        [-0.198254, 0.0198646, 0.0017627]
    ],
    "M_G1C6_M M_G1C6H1_M": [
        [-0.194388, 0.0205832, 0.00182646]
    ],
    "M_G1C6_M M_G1C6H2_M": [
        [-0.194905, 0.0197256, 0.00175036]
    ],
    "M_G1C7_M M_G1C7H1_M": [
        [-0.20681, 0.0196104, 0.00174014]
    ],
    "M_G1C7_M M_G1C7H2_M": [
        [-0.206792, 0.0191509, 0.00169937]
    ],
    "M_G1C8_M M_G1C8H1_M": [
        [-0.194177, 0.0192729, 0.00171019]
    ],
    "M_G1C8_M M_G1C8H2_M": [
        [-0.193788, 0.0191959, 0.00170336]
    ],
    "M_G1C9_M M_G1C9H1_M": [
        [-0.193661, 0.0194604, 0.00172684]
    ],
    "M_G1C9_M M_G1C9H2_M": [
        [-0.193569, 0.0197484, 0.00175239]
    ],
    "M_G1C10_M M_G1C10H1_M": [
        [-0.174619, 0.0193316, 0.00171541]
    ],
    "M_G1C10_M M_G1C10H2_M": [
        [-0.175117, 0.0190241, 0.00168812]
    ],
    "M_G1C11_M M_G1C11H1_M": [
        [-0.168043, 0.0187533, 0.00166409]
    ],
    "M_G1C11_M M_G1C11H2_M": [
        [-0.167621, 0.0174402, 0.00154757]
    ],
    "M_G1C12_M M_G1C12H1_M": [
        [-0.147261, 0.0165, 0.00146414]
    ],
    "M_G1C12_M M_G1C12H2_M": [
        [-0.146984, 0.0158422, 0.00140577]
    ],
    "M_G1C13_M M_G1C13H1_M": [
        [-0.135674, 0.0151744, 0.00134651]
    ],
    "M_G1C13_M M_G1C13H2_M": [
        [-0.136153, 0.0151047, 0.00134033]
    ],
    "M_G1C14_M M_G1C14H1_M": [
        [-0.114048, 0.0132811, 0.0011785]
    ],
    "M_G1C14_M M_G1C14H2_M": [
        [-0.113282, 0.0130074, 0.00115422]
    ],
    "M_G1C15_M M_G1C15H1_M": [
        [-0.0978596, 0.0113178, 0.0010043]
    ],
    "M_G1C15_M M_G1C15H2_M": [
        [-0.0975846, 0.0108719, 0.000964723]
    ],
    "M_G1C16_M M_G1C16H1_M": [
        [-0.0687552, 0.00906468, 0.000804361]
    ],
    "M_G1C16_M M_G1C16H2_M": [
        [-0.0684918, 0.00868457, 0.000770631]
    ],
    "M_G1C17_M M_G1C17H1_M": [
        [-0.0225542, 0.00479967, 0.000425902]
    ],
    "M_G1C17_M M_G1C17H2_M": [
        [-0.0222296, 0.0047217, 0.000418983]
    ],
    "M_G1C17_M M_G1C17H3_M": [
        [-0.0223121, 0.00420721, 0.00037333]
    ],
    "M_G2_M M_G2H1_M": [
        [-0.201404, 0.0491911, 0.004365]
    ],
    "M_G2C3_M M_G2C3H1_M": [
        [-0.222556, 0.0222134, 0.00197112]
    ],
    "M_G2C3_M M_G2C3H2_M": [
        [-0.229386, 0.0202393, 0.00179594]
    ],
    "M_G2C4_M M_G2C4H1_M": [
        [-0.158089, 0.020458, 0.00181535]
    ],
    "M_G2C4_M M_G2C4H2_M": [
        [-0.160494, 0.0201094, 0.00178442]
    ],
    "M_G2C5_M M_G2C5H1_M": [
        [-0.198769, 0.0189596, 0.00168239]
    ],
    "M_G2C5_M M_G2C5H2_M": [
        [-0.198254, 0.0198646, 0.0017627]
    ],
    "M_G2C6_M M_G2C6H1_M": [
        [-0.194388, 0.0205832, 0.00182646]
    ],
    "M_G2C6_M M_G2C6H2_M": [
        [-0.194905, 0.0197256, 0.00175036]
    ],
    "M_G2C7_M M_G2C7H1_M": [
        [-0.20681, 0.0196104, 0.00174014]
    ],
    "M_G2C7_M M_G2C7H2_M": [
        [-0.206792, 0.0191509, 0.00169937]
    ],
    "M_G2C8_M M_G2C8H1_M": [
        [-0.194177, 0.0192729, 0.00171019]
    ],
    "M_G2C8_M M_G2C8H2_M": [
        [-0.193788, 0.0191959, 0.00170336]
    ],
    "M_G2C9_M M_G2C9H1_M": [
        [-0.193661, 0.0194604, 0.00172684]
    ],
    "M_G2C9_M M_G2C9H2_M": [
        [-0.193569, 0.0197484, 0.00175239]
    ],
    "M_G2C10_M M_G2C10H1_M": [
        [-0.174619, 0.0193316, 0.00171541]
    ],
    "M_G2C11_M M_G2C11H1_M": [
        [-0.168043, 0.0187533, 0.00166409]
    ],
    "M_G2C12_M M_G2C12H1_M": [
        [-0.147261, 0.0165, 0.00146414]
    ],
    "M_G2C12_M M_G2C12H2_M": [
        [-0.146984, 0.0158422, 0.00140577]
    ],
    "M_G2C13_M M_G2C13H1_M": [
        [-0.135674, 0.0151744, 0.00134651]
    ],
    "M_G2C13_M M_G2C13H2_M": [
        [-0.136153, 0.0151047, 0.00134033]
    ],
    "M_G2C14_M M_G2C14H1_M": [
        [-0.114048, 0.0132811, 0.0011785]
    ],
    "M_G2C14_M M_G2C14H2_M": [
        [-0.113282, 0.0130074, 0.00115422]
    ],
    "M_G2C15_M M_G2C15H1_M": [
        [-0.0978596, 0.0113178, 0.0010043]
    ],
    "M_G2C15_M M_G2C15H2_M": [
        [-0.0975846, 0.0108719, 0.000964723]
    ],
    "M_G2C16_M M_G2C16H1_M": [
        [-0.0687552, 0.00906468, 0.000804361]
    ],
    "M_G2C16_M M_G2C16H2_M": [
        [-0.0684918, 0.00868457, 0.000770631]
    ],
    "M_G2C17_M M_G2C17H1_M": [
        [-0.0225542, 0.00479967, 0.000425902]
    ],
    "M_G2C17_M M_G2C17H2_M": [
        [-0.0222296, 0.0047217, 0.000418983]
    ],
    "M_G2C18_M M_G2C18H1_M": [
        [-0.0657883, 0.00864447, 0.000767072]
    ],
    "M_G2C18_M M_G2C18H2_M": [
        [-0.0653643, 0.00794542, 0.000705042]
    ],
    "M_G2C19_M M_G2C19H1_M": [
        [-0.0216292, 0.00481422, 0.000427193]
    ],
    "M_G2C19_M M_G2C19H2_M": [
        [-0.0215991, 0.00475854, 0.000422252]
    ],
    "M_G2C19_M M_G2C19H3_M": [
        [-0.0211725, 0.00520161, 0.000461568]
    ],
    "M_G3_M M_G3H1_M": [
        [-0.150922, 0.0506387, 0.00449346]
    ],
    "M_G3_M M_G3H2_M": [
        [-0.171921, 0.0304699, 0.00270377]
    ],
    "M_G3C4_M M_G3C4H1_M": [
        [0.00094235, 0.0115147, 0.00102177]
    ],
    "M_G3C4_M M_G3C4H2_M": [
        [0.0013161, 0.0124993, 0.00110914]
    ],
    "M_G3C5_M M_G3C5H1_M": [
        [-0.0487501, 0.0100385, 0.000890774]
    ],
    "M_G3C5_M M_G3C5H2_M": [
        [-0.052537, 0.0109854, 0.000974794]
    ],
    "M_G3N6C1_M M_G3N6C1H1_M": [
        [0.0104845, 0.00460329, 0.000408476]
    ],
    "M_G3N6C1_M M_G3N6C1H2_M": [
        [0.0113311, 0.00472848, 0.000419584]
    ],
    "M_G3N6C1_M M_G3N6C1H3_M": [
        [0.0109462, 0.00490458, 0.000435211]
    ],
    "M_G3N6C2_M M_G3N6C2H1_M": [
        [0.0115262, 0.00434188, 0.00038528]
    ],
    "M_G3N6C2_M M_G3N6C2H2_M": [
        [0.0109626, 0.00451726, 0.000400842]
    ],
    "M_G3N6C2_M M_G3N6C2H3_M": [
        [0.0107934, 0.00450357, 0.000399627]
    ],
    "M_G3N6C3_M M_G3N6C3H1_M": [
        [0.011512, 0.00457018, 0.000405537]
    ],
    "M_G3N6C3_M M_G3N6C3H2_M": [
        [0.0113227, 0.00488359, 0.000433349]
    ],
    "M_G3N6C3_M M_G3N6C3H3_M": [
        [0.0115632, 0.00433171, 0.000384378]
    ]
}