{
    "M_G1_M M_G1H1_M": [
        [-0.231921, 0.0467272, 0.00414637]
    ],
    "M_G1_M M_G1H2_M": [
        [-0.0413838, 0.0527976, 0.00468503]
    ],
    "M_G1C3_M M_G1C3H1_M": [
        [-0.23003, 0.0288324, 0.00255846]
    ],
    "M_G1C3_M M_G1C3H2_M": [
        [-0.234374, 0.0267201, 0.00237103]
    ],
    "M_G1C4_M M_G1C4H1_M": [
        [-0.166315, 0.0275957, 0.00244872]
    ],
    "M_G1C4_M M_G1C4H2_M": [
        [-0.166702, 0.0252179, 0.00223772]
    ],
    "M_G1C5_M M_G1C5H1_M": [
        [-0.209084, 0.0262194, 0.0023266]
    ],
    "M_G1C5_M M_G1C5H2_M": [
        [-0.205949, 0.0261195, 0.00231773]
    ],
    "M_G1C6_M M_G1C6H1_M": [
        [-0.203624, 0.0257109, 0.00228148]
    ],
    "M_G1C6_M M_G1C6H2_M": [
        [-0.204305, 0.025532, 0.0022656]
    ],
    "M_G1C7_M M_G1C7H1_M": [
        [-0.217412, 0.0238783, 0.00211886]
    ],
    "M_G1C7_M M_G1C7H2_M": [
        [-0.218204, 0.0238786, 0.00211888]
    ],
    "M_G1C8_M M_G1C8H1_M": [
        [-0.205461, 0.0226839, 0.00201287]
    ],
    "M_G1C8_M M_G1C8H2_M": [
        [-0.204015, 0.0230549, 0.00204579]
    ],
    "M_G1C9_M M_G1C9H1_M": [
        [-0.205916, 0.0216284, 0.00191921]
    ],
    "M_G1C9_M M_G1C9H2_M": [
        [-0.205248, 0.0219464, 0.00194743]
    ],
    "M_G1C10_M M_G1C10H1_M": [
        [-0.186697, 0.0214702, 0.00190517]
    ],
    "M_G1C10_M M_G1C10H2_M": [
        [-0.186722, 0.0216071, 0.00191732]
    ],
    "M_G1C11_M M_G1C11H1_M": [
        [-0.180858, 0.0206555, 0.00183288]
    ],
    "M_G1C11_M M_G1C11H2_M": [
        [-0.179749, 0.0211604, 0.00187769]
    ],
    "M_G1C12_M M_G1C12H1_M": [
        [-0.159268, 0.0192868, 0.00171143]
    ],
    "M_G1C12_M M_G1C12H2_M": [
        [-0.158551, 0.0214417, 0.00190264]
    ],
    "M_G1C13_M M_G1C13H1_M": [
        [-0.148453, 0.0177216, 0.00157254]
    ],
    "M_G1C13_M M_G1C13H2_M": [
        [-0.147023, 0.0204614, 0.00181565]
    ],
    "M_G1C14_M M_G1C14H1_M": [
        [-0.123438, 0.0176201, 0.00156353]
    ],
    "M_G1C14_M M_G1C14H2_M": [
        [-0.124411, 0.0174683, 0.00155006]
    ],
    "M_G1C15_M M_G1C15H1_M": [
        [-0.107565, 0.0149597, 0.00132746]
    ],
    "M_G1C15_M M_G1C15H2_M": [
        [-0.108665, 0.0146417, 0.00129924]
    ],
    "M_G1C16_M M_G1C16H1_M": [
        [-0.0761817, 0.0103708, 0.000920259]
    ],
    "M_G1C16_M M_G1C16H2_M": [
        [-0.0763198, 0.0114425, 0.00101536]
    ],
    "M_G1C17_M M_G1C17H1_M": [
        [-0.0269387, 0.0051053, 0.000453022]
    ],
    "M_G1C17_M M_G1C17H2_M": [
        [-0.0261049, 0.0055819, 0.000495313]
    ],
    "M_G1C17_M M_G1C17H3_M": [
        [-0.0258196, 0.0051673, 0.000458524]
    ],
    "M_G2_M M_G2H1_M": [
        [-0.215585, 0.0601416, 0.0053367]
    ],
    "M_G2C3_M M_G2C3H1_M": [
        [-0.23003, 0.0288324, 0.00255846]
    ],
    "M_G2C3_M M_G2C3H2_M": [
        [-0.234374, 0.0267201, 0.00237103]
    ],
    "M_G2C4_M M_G2C4H1_M": [
        [-0.166315, 0.0275957, 0.00244872]
    ],
    "M_G2C4_M M_G2C4H2_M": [
        [-0.166702, 0.0252179, 0.00223772]
    ],
    "M_G2C5_M M_G2C5H1_M": [
        [-0.209084, 0.0262194, 0.0023266]
    ],
    "M_G2C5_M M_G2C5H2_M": [
        [-0.205949, 0.0261195, 0.00231773]
    ],
    "M_G2C6_M M_G2C6H1_M": [
        [-0.203624, 0.0257109, 0.00228148]
    ],
    "M_G2C6_M M_G2C6H2_M": [
        [-0.204305, 0.025532, 0.0022656]
    ],
    "M_G2C7_M M_G2C7H1_M": [
        [-0.217412, 0.0238783, 0.00211886]
    ],
    "M_G2C7_M M_G2C7H2_M": [
        [-0.218204, 0.0238786, 0.00211888]
    ],
    "M_G2C8_M M_G2C8H1_M": [
        [-0.205461, 0.0226839, 0.00201287]
    ],
    "M_G2C8_M M_G2C8H2_M": [
        [-0.204015, 0.0230549, 0.00204579]
    ],
    "M_G2C9_M M_G2C9H1_M": [
        [-0.205916, 0.0216284, 0.00191921]
    ],
    "M_G2C9_M M_G2C9H2_M": [
        [-0.205248, 0.0219464, 0.00194743]
    ],
    "M_G2C10_M M_G2C10H1_M": [
        [-0.186697, 0.0214702, 0.00190517]
    ],
    "M_G2C11_M M_G2C11H1_M": [
        [-0.180858, 0.0206555, 0.00183288]
    ],
    "M_G2C12_M M_G2C12H1_M": [
        [-0.159268, 0.0192868, 0.00171143]
    ],
    "M_G2C12_M M_G2C12H2_M": [
        [-0.158551, 0.0214417, 0.00190264]
    ],
    "M_G2C13_M M_G2C13H1_M": [
        [-0.148453, 0.0177216, 0.00157254]
    ],
    "M_G2C13_M M_G2C13H2_M": [
        [-0.147023, 0.0204614, 0.00181565]
    ],
    "M_G2C14_M M_G2C14H1_M": [
        [-0.123438, 0.0176201, 0.00156353]
    ],
    "M_G2C14_M M_G2C14H2_M": [
        [-0.124411, 0.0174683, 0.00155006]
    ],
    "M_G2C15_M M_G2C15H1_M": [
        [-0.107565, 0.0149597, 0.00132746]
    ],
    "M_G2C15_M M_G2C15H2_M": [
        [-0.108665, 0.0146417, 0.00129924]
    ],
    "M_G2C16_M M_G2C16H1_M": [
        [-0.0761817, 0.0103708, 0.000920259]
    ],
    "M_G2C16_M M_G2C16H2_M": [
        [-0.0763198, 0.0114425, 0.00101536]
    ],
    "M_G2C17_M M_G2C17H1_M": [
        [-0.0269387, 0.0051053, 0.000453022]
    ],
    "M_G2C17_M M_G2C17H2_M": [
        [-0.0261049, 0.0055819, 0.000495313]
    ],
    "M_G2C18_M M_G2C18H1_M": [
        [-0.0747424, 0.0124935, 0.00110862]
    ],
    "M_G2C18_M M_G2C18H2_M": [
        [-0.0737529, 0.0117704, 0.00104446]
    ],
    "M_G2C19_M M_G2C19H1_M": [
        [-0.0251344, 0.00526726, 0.000467394]
    ],
    "M_G2C19_M M_G2C19H2_M": [
        [-0.0242291, 0.00557622, 0.00049481]
    ],
    "M_G2C19_M M_G2C19H3_M": [
        [-0.0239779, 0.00561642, 0.000498377]
    ],
    "M_G3_M M_G3H1_M": [
        [-0.16855, 0.0606053, 0.00537785]
    ],
    "M_G3_M M_G3H2_M": [
        [-0.18442, 0.0405032, 0.00359407]
    ],
    "M_G3C4_M M_G3C4H1_M": [
        [0.0112364, 0.0157557, 0.00139809]
    ],
    "M_G3C4_M M_G3C4H2_M": [
        [0.0106487, 0.0152678, 0.0013548]
    ],
    "M_G3C5_M M_G3C5H1_M": [
        [-0.0510134, 0.0126948, 0.00112648]
    ],
    "M_G3C5_M M_G3C5H2_M": [
        [-0.0516671, 0.0130351, 0.00115668]
    ],
    "M_G3N6C1_M M_G3N6C1H1_M": [
        [0.0124936, 0.00492133, 0.000436697]
    ],
    "M_G3N6C1_M M_G3N6C1H2_M": [
        [0.0118971, 0.00516877, 0.000458654]
    ],
    "M_G3N6C1_M M_G3N6C1H3_M": [
        [0.0122073, 0.00493444, 0.000437861]
    ],
    "M_G3N6C2_M M_G3N6C2H1_M": [
        [0.0120609, 0.00556899, 0.000494168]
    ],
    "M_G3N6C2_M M_G3N6C2H2_M": [
        [0.0121066, 0.00570714, 0.000506427]
    ],
    "M_G3N6C2_M M_G3N6C2H3_M": [
        [0.0113198, 0.00538249, 0.000477619]
    ],
    "M_G3N6C3_M M_G3N6C3H1_M": [
        [0.0115176, 0.00482158, 0.000427846]
    ],
    "M_G3N6C3_M M_G3N6C3H2_M": [
        [0.0119676, 0.00540563, 0.000479672]
    ],
    "M_G3N6C3_M M_G3N6C3H3_M": [
        [0.0119642, 0.00508501, 0.000451222]
    ]
}