{
    "M_C3_M M_C3H3_M": [
        [-0.380281, 0.0108574, 0.00155106]
    ],
    "M_C4_M M_C4H41_M": [
        [-0.339715, 0.0128288, 0.00183268]
    ],
    "M_C4_M M_C4H42_M": [
        [-0.150778, 0.0185908, 0.00265583]
    ],
    "M_C6_M M_C6H6_M": [
        [-0.0248312, 0.0212462, 0.00303517]
    ],
    "M_C7_M M_C7H71_M": [
        [-0.288933, 0.0105434, 0.00150621]
    ],
    "M_C7_M M_C7H72_M": [
        [-0.343259, 0.0133812, 0.0019116]
    ],
    "M_C8_M M_C8H8_M": [
        [-0.413246, 0.00910167, 0.00130024]
    ],
    "M_C14_M M_C14H14_M": [
        [-0.409565, 0.00828971, 0.00118424]
    ],
    "M_C15_M M_C15H151_M": [
        [-0.37806, 0.0116931, 0.00167044]
    ],
    "M_C15_M M_C15H152_M": [
        [-0.308782, 0.0123525, 0.00176464]
    ],
    "M_C16_M M_C16H161_M": [
        [-0.0786004, 0.0167001, 0.00238574]
    ],
    "M_C16_M M_C16H162_M": [
        [-0.194087, 0.0155827, 0.0022261]
    ],
    "M_C17_M M_C17H17_M": [
        [-0.40273, 0.0082938, 0.00118483]
    ],
    "M_C18_M M_C18H181_M": [
        [0.116012, 0.011881, 0.00169729]
    ],
    "M_C18_M M_C18H182_M": [
        [0.119812, 0.010829, 0.001547]
    ],
    "M_C18_M M_C18H183_M": [
        [0.116496, 0.0117858, 0.00168369]
    ],
    "M_C12_M M_C12H121_M": [
        [-0.0746201, 0.0193826, 0.00276894]
    ],
    "M_C12_M M_C12H122_M": [
        [-0.405705, 0.00916323, 0.00130903]
    ],
    "M_C11_M M_C11H111_M": [
        [-0.409838, 0.00886554, 0.00126651]
    ],
    "M_C11_M M_C11H112_M": [
        [-0.225467, 0.0130806, 0.00186866]
    ],
    "M_C9_M M_C9H9_M": [
        [-0.411278, 0.00866375, 0.00123768]
    ],
    "M_C19_M M_C19H191_M": [
        [0.119285, 0.0131061, 0.0018723]
    ],
    "M_C19_M M_C19H192_M": [
        [0.116748, 0.0149178, 0.00213112]
    ],
    "M_C19_M M_C19H193_M": [
        [0.11879, 0.0120147, 0.00171638]
    ],
    "M_C1_M M_C1H11_M": [
        [-0.198676, 0.0178516, 0.00255023]
    ],
    "M_C1_M M_C1H12_M": [
        [-0.365055, 0.0119635, 0.00170907]
    ],
    "M_C2_M M_C2H21_M": [
        [-0.230519, 0.0124306, 0.0017758]
    ],
    "M_C2_M M_C2H22_M": [
        [-0.351763, 0.012566, 0.00179515]
    ],
    "M_C20_M M_C20H20_M": [
        [-0.391579, 0.00760316, 0.00108617]
    ],
    "M_C21_M M_C21H211_M": [
        [0.101283, 0.00799461, 0.00114209]
    ],
    "M_C21_M M_C21H212_M": [
        [0.102142, 0.00900308, 0.00128615]
    ],
    "M_C21_M M_C21H213_M": [
        [0.102564, 0.00765747, 0.00109392]
    ],
    "M_C22_M M_C22H221_M": [
        [-0.218611, 0.0303606, 0.00433722]
    ],
    "M_C22_M M_C22H222_M": [
        [-0.357696, 0.00843177, 0.00120454]
    ],
    "M_C23_M M_C23H231_M": [
        [-0.170785, 0.0234208, 0.00334583]
    ],
    "M_C23_M M_C23H232_M": [
        [-0.340237, 0.00932093, 0.00133156]
    ],
    "M_C24_M M_C24H241_M": [
        [-0.1883, 0.0221345, 0.00316207]
    ],
    "M_C24_M M_C24H242_M": [
        [-0.294802, 0.0199042, 0.00284346]
    ],
    "M_C25_M M_C25H25_M": [
        [-0.201462, 0.0108291, 0.00154702]
    ],
    "M_C26_M M_C26H261_M": [
        [0.0138791, 0.00919962, 0.00131423]
    ],
    "M_C26_M M_C26H262_M": [
        [0.0134784, 0.00883397, 0.001262]
    ],
    "M_C26_M M_C26H263_M": [
        [0.0145361, 0.00936205, 0.00133744]
    ],
    "M_C27_M M_C27H271_M": [
        [0.00331278, 0.00699745, 0.000999636]
    ],
    "M_C27_M M_C27H272_M": [
        [0.00260261, 0.00860313, 0.00122902]
    ],
    "M_C27_M M_C27H273_M": [
        [0.00202615, 0.00750207, 0.00107172]
    ]
}