{
    "M_C3_M M_C3H3_M": [
        [-0.33126, 0.00829577, 0.00159652]
    ],
    "M_C4_M M_C4H41_M": [
        [-0.296213, 0.00871662, 0.00167751]
    ],
    "M_C4_M M_C4H42_M": [
        [-0.126254, 0.0155805, 0.00299846]
    ],
    "M_C6_M M_C6H6_M": [
        [-0.0197577, 0.0151539, 0.00291637]
    ],
    "M_C7_M M_C7H71_M": [
        [-0.242659, 0.00881002, 0.00169549]
    ],
    "M_C7_M M_C7H72_M": [
        [-0.299857, 0.00872148, 0.00167845]
    ],
    "M_C8_M M_C8H8_M": [
        [-0.357089, 0.00892747, 0.00171809]
    ],
    "M_C14_M M_C14H14_M": [
        [-0.352932, 0.00863517, 0.00166184]
    ],
    "M_C15_M M_C15H151_M": [
        [-0.328449, 0.0100195, 0.00192825]
    ],
    "M_C15_M M_C15H152_M": [
        [-0.259755, 0.0126821, 0.00244067]
    ],
    "M_C16_M M_C16H161_M": [
        [-0.0623146, 0.0119403, 0.00229791]
    ],
    "M_C16_M M_C16H162_M": [
        [-0.169374, 0.00898237, 0.00172866]
    ],
    "M_C17_M M_C17H17_M": [
        [-0.345156, 0.00871315, 0.00167685]
    ],
    "M_C18_M M_C18H181_M": [
        [0.0994972, 0.00693781, 0.00133518]
    ],
    "M_C18_M M_C18H182_M": [
        [0.102369, 0.00726886, 0.00139889]
    ],
    "M_C18_M M_C18H183_M": [
        [0.101093, 0.00657215, 0.00126481]
    ],
    "M_C12_M M_C12H121_M": [
        [-0.0588613, 0.0148345, 0.00285489]
    ],
    "M_C12_M M_C12H122_M": [
        [-0.350616, 0.00864673, 0.00166406]
    ],
    "M_C11_M M_C11H111_M": [
        [-0.353293, 0.00878214, 0.00169012]
    ],
    "M_C11_M M_C11H112_M": [
        [-0.187058, 0.00923273, 0.00177684]
    ],
    "M_C9_M M_C9H9_M": [
        [-0.355508, 0.00868303, 0.00167105]
    ],
    "M_C19_M M_C19H191_M": [
        [0.103388, 0.00965585, 0.00185827]
    ],
    "M_C19_M M_C19H192_M": [
        [0.101416, 0.0114568, 0.00220486]
    ],
    "M_C19_M M_C19H193_M": [
        [0.101897, 0.0107189, 0.00206286]
    ],
    "M_C1_M M_C1H11_M": [
        [-0.166363, 0.0154854, 0.00298018]
    ],
    "M_C1_M M_C1H12_M": [
        [-0.3176, 0.00855411, 0.00164624]
    ],
    "M_C2_M M_C2H21_M": [
        [-0.19592, 0.00971427, 0.00186951]
    ],
    "M_C2_M M_C2H22_M": [
        [-0.30579, 0.00871486, 0.00167718]
    ],
    "M_C20_M M_C20H20_M": [
        [-0.333094, 0.0083802, 0.00161277]
    ],
    "M_C21_M M_C21H211_M": [
        [0.0814652, 0.00508607, 0.000978814]
    ],
    "M_C21_M M_C21H212_M": [
        [0.0847309, 0.00629929, 0.0012123]
    ],
    "M_C21_M M_C21H213_M": [
        [0.0842087, 0.00682352, 0.00131319]
    ],
    "M_C22_M M_C22H221_M": [
        [-0.100912, 0.0231248, 0.00445036]
    ],
    "M_C22_M M_C22H222_M": [
        [-0.293973, 0.0100124, 0.00192689]
    ],
    "M_C23_M M_C23H231_M": [
        [-0.0665652, 0.0193803, 0.00372974]
    ],
    "M_C23_M M_C23H232_M": [
        [-0.272083, 0.00968419, 0.00186372]
    ],
    "M_C24_M M_C24H241_M": [
        [-0.0896634, 0.0141365, 0.00272057]
    ],
    "M_C24_M M_C24H242_M": [
        [-0.228853, 0.00899687, 0.00173145]
    ],
    "M_C25_M M_C25H25_M": [
        [-0.119942, 0.00948295, 0.00182499]
    ],
    "M_C26_M M_C26H261_M": [
        [0.00767232, 0.00513024, 0.000987314]
    ],
    "M_C26_M M_C26H262_M": [
        [0.006629, 0.00539192, 0.00103767]
    ],
    "M_C26_M M_C26H263_M": [
        [0.00742781, 0.00652344, 0.00125544]
    ],
    "M_C27_M M_C27H271_M": [
        [-0.00613602, 0.00466821, 0.000898397]
    ],
    "M_C27_M M_C27H272_M": [
        [-0.00612365, 0.00514424, 0.00099001]
    ],
    "M_C27_M M_C27H273_M": [
        [-0.00583573, 0.00512532, 0.000986367]
    ]
}