{
    "M_G1_M M_G1H1_M": [
        [-0.14448, 0.0149152, 0.000926786]
    ],
    "M_G1_M M_G1H2_M": [
        [-0.0280098, 0.0123059, 0.00076465]
    ],
    "M_G1C3_M M_G1C3H1_M": [
        [-0.176011, 0.0103374, 0.000642336]
    ],
    "M_G1C3_M M_G1C3H2_M": [
        [-0.141047, 0.0112066, 0.000696346]
    ],
    "M_G1C4_M M_G1C4H1_M": [
        [-0.0968031, 0.00758025, 0.000471014]
    ],
    "M_G1C4_M M_G1C4H2_M": [
        [-0.0876068, 0.00772682, 0.000480121]
    ],
    "M_G1C5_M M_G1C5H1_M": [
        [-0.0852215, 0.00725043, 0.00045052]
    ],
    "M_G1C5_M M_G1C5H2_M": [
        [-0.0879406, 0.00768725, 0.000477663]
    ],
    "M_G1C6_M M_G1C6H1_M": [
        [-0.0313326, 0.00784124, 0.000487231]
    ],
    "M_G1C7_M M_G1C7H1_M": [
        [-0.123801, 0.00663595, 0.000412338]
    ],
    "M_G1C8_M M_G1C8H1_M": [
        [-0.0413137, 0.00629025, 0.000390857]
    ],
    "M_G1C8_M M_G1C8H2_M": [
        [-0.0423594, 0.00624204, 0.000387861]
    ],
    "M_G1C9_M M_G1C9H1_M": [
        [-0.0313822, 0.00672773, 0.000418041]
    ],
    "M_G1C10_M M_G1C10H1_M": [
        [-0.0235094, 0.0058026, 0.000360556]
    ],
    "M_G1C11_M M_G1C11H1_M": [
        [-0.0318098, 0.00527952, 0.000328053]
    ],
    "M_G1C11_M M_G1C11H2_M": [
        [-0.0320174, 0.00527155, 0.000327558]
    ],
    "M_G1C12_M M_G1C12H1_M": [
        [-0.0416144, 0.0062642, 0.000389238]
    ],
    "M_G1C13_M M_G1C13H1_M": [
        [-0.0188136, 0.00525489, 0.000326523]
    ],
    "M_G1C14_M M_G1C14H1_M": [
        [-0.021266, 0.00487452, 0.000302888]
    ],
    "M_G1C14_M M_G1C14H2_M": [
        [-0.021616, 0.00469766, 0.000291898]
    ],
    "M_G1C15_M M_G1C15H1_M": [
        [-0.0397963, 0.00605679, 0.00037635]
    ],
    "M_G1C16_M M_G1C16H1_M": [
        [-0.00349678, 0.00514481, 0.000319683]
    ],
    "M_G1C17_M M_G1C17H1_M": [
        [-0.0229228, 0.00506214, 0.000314546]
    ],
    "M_G1C17_M M_G1C17H2_M": [
        [-0.0229105, 0.00521274, 0.000323904]
    ],
    "M_G1C18_M M_G1C18H1_M": [
        [-0.0381162, 0.00564384, 0.000350691]
    ],
    "M_G1C18_M M_G1C18H2_M": [
        [-0.0382457, 0.00509163, 0.000316378]
    ],
    "M_G1C19_M M_G1C19H1_M": [
        [-0.0380341, 0.00521414, 0.000323991]
    ],
    "M_G1C19_M M_G1C19H2_M": [
        [-0.0379143, 0.00550913, 0.000342321]
    ],
    "M_G1C20_M M_G1C20H1_M": [
        [-0.0357031, 0.00531645, 0.000330348]
    ],
    "M_G1C20_M M_G1C20H2_M": [
        [-0.0361084, 0.00501359, 0.000311529]
    ],
    "M_G1C21_M M_G1C21H1_M": [
        [-0.0083478, 0.00466944, 0.000290145]
    ],
    "M_G1C21_M M_G1C21H2_M": [
        [-0.00819482, 0.00459541, 0.000285545]
    ],
    "M_G1C21_M M_G1C21H3_M": [
        [-0.008473, 0.0044547, 0.000276801]
    ],
    "M_G2_M M_G2H1_M": [
        [-0.151972, 0.0145637, 0.000904947]
    ],
    "M_G2C3_M M_G2C3H1_M": [
        [-0.0523785, 0.00953879, 0.000592712]
    ],
    "M_G2C3_M M_G2C3H2_M": [
        [-0.0262038, 0.00858757, 0.000533606]
    ],
    "M_G2C4_M M_G2C4H1_M": [
        [-0.124161, 0.00763356, 0.000474327]
    ],
    "M_G2C4_M M_G2C4H2_M": [
        [-0.114676, 0.00825928, 0.000513207]
    ],
    "M_G2C5_M M_G2C5H1_M": [
        [-0.0607263, 0.00720697, 0.000447819]
    ],
    "M_G2C5_M M_G2C5H2_M": [
        [-0.0514014, 0.00742331, 0.000461262]
    ],
    "M_G2C6_M M_G2C6H1_M": [
        [-0.00554217, 0.00779386, 0.000484287]
    ],
    "M_G2C7_M M_G2C7H1_M": [
        [-0.087735, 0.00695543, 0.000432189]
    ],
    "M_G2C8_M M_G2C8H1_M": [
        [-0.0391473, 0.00602324, 0.000374266]
    ],
    "M_G2C8_M M_G2C8H2_M": [
        [-0.0395782, 0.00618212, 0.000384139]
    ],
    "M_G2C9_M M_G2C9H1_M": [
        [-0.0238739, 0.00659368, 0.000409711]
    ],
    "M_G2C10_M M_G2C10H1_M": [
        [-0.0523165, 0.00550725, 0.000342204]
    ],
    "M_G2C11_M M_G2C11H1_M": [
        [-0.0410651, 0.00518685, 0.000322295]
    ],
    "M_G2C11_M M_G2C11H2_M": [
        [-0.0406759, 0.00504025, 0.000313186]
    ],
    "M_G2C12_M M_G2C12H1_M": [
        [-0.0430944, 0.00614871, 0.000382063]
    ],
    "M_G2C13_M M_G2C13H1_M": [
        [-0.0232016, 0.0055074, 0.000342213]
    ],
    "M_G2C14_M M_G2C14H1_M": [
        [-0.0251399, 0.00506815, 0.000314919]
    ],
    "M_G2C14_M M_G2C14H2_M": [
        [-0.0249709, 0.004972, 0.000308945]
    ],
    "M_G2C15_M M_G2C15H1_M": [
        [-0.0470438, 0.00622756, 0.000386962]
    ],
    "M_G2C16_M M_G2C16H1_M": [
        [-0.0100575, 0.00499559, 0.000310411]
    ],
    "M_G2C17_M M_G2C17H1_M": [
        [-0.0305853, 0.00522139, 0.000324441]
    ],
    "M_G2C17_M M_G2C17H2_M": [
        [-0.030092, 0.00517967, 0.000321849]
    ],
    "M_G2C18_M M_G2C18H1_M": [
        [-0.0472461, 0.005801, 0.000360457]
    ],
    "M_G2C18_M M_G2C18H2_M": [
        [-0.0476953, 0.00558866, 0.000347262]
    ],
    "M_G2C19_M M_G2C19H1_M": [
        [-0.0459081, 0.00542227, 0.000336924]
    ],
    "M_G2C19_M M_G2C19H2_M": [
        [-0.0457327, 0.00539353, 0.000335138]
    ],
    "M_G2C20_M M_G2C20H1_M": [
        [-0.0429198, 0.00554629, 0.00034463]
    ],
    "M_G2C20_M M_G2C20H2_M": [
        [-0.0432555, 0.00511663, 0.000317932]
    ],
    "M_G2C21_M M_G2C21H1_M": [
        [-0.00939282, 0.00458214, 0.00028472]
    ],
    "M_G2C21_M M_G2C21H2_M": [
        [-0.00950869, 0.00429582, 0.000266929]
    ],
    "M_G2C21_M M_G2C21H3_M": [
        [-0.0103063, 0.00454033, 0.000282122]
    ],
    "M_G3_M M_G3H1_M": [
        [-0.188317, 0.0130793, 0.000812705]
    ],
    "M_G3_M M_G3H2_M": [
        [-0.225944, 0.00929487, 0.000577555]
    ],
    "M_G3C4_M M_G3C4H1_M": [
        [0.0353947, 0.00802165, 0.000498441]
    ],
    "M_G3C4_M M_G3C4H2_M": [
        [0.0349039, 0.00804907, 0.000500145]
    ],
    "M_G3C5_M M_G3C5H1_M": [
        [-0.0725545, 0.00628929, 0.000390797]
    ],
    "M_G3C5_M M_G3C5H2_M": [
        [-0.0733171, 0.00649868, 0.000403808]
    ],
    "M_G3N6C1_M M_G3N6C1H1_M": [
        [0.0105741, 0.00541049, 0.000336192]
    ],
    "M_G3N6C1_M M_G3N6C1H2_M": [
        [0.0113723, 0.0052585, 0.000326748]
    ],
    "M_G3N6C1_M M_G3N6C1H3_M": [
        [0.0100496, 0.00517804, 0.000321748]
    ],
    "M_G3N6C2_M M_G3N6C2H1_M": [
        [0.0106386, 0.00542721, 0.000337231]
    ],
    "M_G3N6C2_M M_G3N6C2H2_M": [
        [0.0110692, 0.00526583, 0.000327203]
    ],
    "M_G3N6C2_M M_G3N6C2H3_M": [
        [0.0110208, 0.00515444, 0.000320281]
    ],
    "M_G3N6C3_M M_G3N6C3H1_M": [
        [0.0111629, 0.00542501, 0.000337093]
    ],
    "M_G3N6C3_M M_G3N6C3H2_M": [
        [0.0107149, 0.0049205, 0.000305745]
    ],
    "M_G3N6C3_M M_G3N6C3H3_M": [
        [0.010274, 0.00480614, 0.000298639]
    ]
}