{
    "M_G3C4_M M_G3C4H1_M": [
        [0.0315451, 0.0141516, 0.00100318]
    ],
    "M_G3C4_M M_G3C4H2_M": [
        [0.0351888, 0.0153131, 0.00108552]
    ],
    "M_G3C5_M M_G3C5H1_M": [
        [-0.0759764, 0.0106286, 0.000753443]
    ],
    "M_G3C5_M M_G3C5H2_M": [
        [-0.0771957, 0.0117564, 0.000833392]
    ],
    "M_G3N6C1_M M_G3N6C1H1_M": [
        [0.0115287, 0.00680575, 0.000482447]
    ],
    "M_G3N6C1_M M_G3N6C1H2_M": [
        [0.0113285, 0.00719181, 0.000509814]
    ],
    "M_G3N6C1_M M_G3N6C1H3_M": [
        [0.0114896, 0.00709825, 0.000503182]
    ],
    "M_G3N6C2_M M_G3N6C2H1_M": [
        [0.0104716, 0.00725948, 0.000514611]
    ],
    "M_G3N6C2_M M_G3N6C2H2_M": [
        [0.0110796, 0.00681974, 0.000483439]
    ],
    "M_G3N6C2_M M_G3N6C2H3_M": [
        [0.0110729, 0.00751858, 0.000532978]
    ],
    "M_G3N6C3_M M_G3N6C3H1_M": [
        [0.00991602, 0.00647179, 0.000458773]
    ],
    "M_G3N6C3_M M_G3N6C3H2_M": [
        [0.0114643, 0.00715709, 0.000507352]
    ],
    "M_G3N6C3_M M_G3N6C3H3_M": [
        [0.0110525, 0.00650088, 0.000460835]
    ],
    "M_G1_M M_G1H1_M": [
        [-0.0644207, 0.0215273, 0.00152603]
    ],
    "M_G1_M M_G1H2_M": [
        [-0.153342, 0.0260891, 0.00184941]
    ],
    "M_G2_M M_G2H1_M": [
        [-0.161571, 0.025005, 0.00177256]
    ],
    "M_G3_M M_G3H1_M": [
        [-0.217204, 0.022155, 0.00157053]
    ],
    "M_G3_M M_G3H2_M": [
        [-0.249444, 0.015494, 0.00109834]
    ],
    "M_G1C3_M M_G1C3H1_M": [
        [-0.222546, 0.0169873, 0.0012042]
    ],
    "M_G1C3_M M_G1C3H2_M": [
        [-0.198419, 0.018818, 0.00133397]
    ],
    "M_G1C4_M M_G1C4H1_M": [
        [-0.169737, 0.0120405, 0.000853528]
    ],
    "M_G1C4_M M_G1C4H2_M": [
        [-0.16078, 0.0117375, 0.00083205]
    ],
    "M_G1C5_M M_G1C5H1_M": [
        [-0.19741, 0.0111122, 0.000787725]
    ],
    "M_G1C5_M M_G1C5H2_M": [
        [-0.197363, 0.0109543, 0.00077653]
    ],
    "M_G1C6_M M_G1C6H1_M": [
        [-0.19833, 0.0109393, 0.000775465]
    ],
    "M_G1C6_M M_G1C6H2_M": [
        [-0.197061, 0.0112007, 0.000793994]
    ],
    "M_G1C7_M M_G1C7H1_M": [
        [-0.20962, 0.0109801, 0.00077836]
    ],
    "M_G1C7_M M_G1C7H2_M": [
        [-0.209218, 0.0107686, 0.000763365]
    ],
    "M_G1C8_M M_G1C8H1_M": [
        [-0.199189, 0.0106164, 0.000752575]
    ],
    "M_G1C8_M M_G1C8H2_M": [
        [-0.199042, 0.0108476, 0.000768962]
    ],
    "M_G1C9_M M_G1C9H1_M": [
        [-0.19834, 0.0112269, 0.000795855]
    ],
    "M_G1C9_M M_G1C9H2_M": [
        [-0.198135, 0.0106363, 0.000753987]
    ],
    "M_G1C10_M M_G1C10H1_M": [
        [-0.182095, 0.0114415, 0.000811063]
    ],
    "M_G1C10_M M_G1C10H2_M": [
        [-0.181868, 0.0111425, 0.00078987]
    ],
    "M_G1C11_M M_G1C11H1_M": [
        [-0.173986, 0.011815, 0.000837543]
    ],
    "M_G1C11_M M_G1C11H2_M": [
        [-0.173984, 0.0108162, 0.000766739]
    ],
    "M_G1C12_M M_G1C12H1_M": [
        [-0.155039, 0.0111662, 0.000791553]
    ],
    "M_G1C12_M M_G1C12H2_M": [
        [-0.155093, 0.011088, 0.000786011]
    ],
    "M_G1C13_M M_G1C13H1_M": [
        [-0.144206, 0.0108822, 0.000771419]
    ],
    "M_G1C13_M M_G1C13H2_M": [
        [-0.145019, 0.0105478, 0.000747714]
    ],
    "M_G1C14_M M_G1C14H1_M": [
        [-0.125986, 0.00975162, 0.000691274]
    ],
    "M_G1C14_M M_G1C14H2_M": [
        [-0.126447, 0.00985329, 0.000698481]
    ],
    "M_G1C15_M M_G1C15H1_M": [
        [-0.114233, 0.00898354, 0.000636827]
    ],
    "M_G1C15_M M_G1C15H2_M": [
        [-0.114794, 0.00875023, 0.000620288]
    ],
    "M_G1C16_M M_G1C16H1_M": [
        [-0.0966445, 0.00769829, 0.000545717]
    ],
    "M_G1C16_M M_G1C16H2_M": [
        [-0.0969871, 0.00763359, 0.000541131]
    ],
    "M_G1C17_M M_G1C17H1_M": [
        [-0.0832406, 0.00652084, 0.00046225]
    ],
    "M_G1C17_M M_G1C17H2_M": [
        [-0.0838849, 0.00664637, 0.000471149]
    ],
    "M_G1C18_M M_G1C18H1_M": [
        [-0.0628436, 0.00469574, 0.000332872]
    ],
    "M_G1C18_M M_G1C18H2_M": [
        [-0.0626768, 0.00497419, 0.000352611]
    ],
    "M_G1C19_M M_G1C19H1_M": [
        [-0.0207514, 0.00351329, 0.000249051]
    ],
    "M_G1C19_M M_G1C19H2_M": [
        [-0.0210631, 0.0031577, 0.000223843]
    ],
    "M_G1C19_M M_G1C19H3_M": [
        [-0.0209201, 0.00346671, 0.000245749]
    ],
    "M_G2C3_M M_G2C3H1_M": [
        [-0.0358764, 0.0168861, 0.00119703]
    ],
    "M_G2C3_M M_G2C3H2_M": [
        [-0.040519, 0.0149593, 0.00106044]
    ],
    "M_G2C4_M M_G2C4H1_M": [
        [-0.0601881, 0.0149653, 0.00106086]
    ],
    "M_G2C4_M M_G2C4H2_M": [
        [-0.0921805, 0.0133716, 0.000947885]
    ],
    "M_G2C5_M M_G2C5H1_M": [
        [-0.0625653, 0.0131929, 0.000935222]
    ],
    "M_G2C6_M M_G2C6H1_M": [
        [-0.108169, 0.0120143, 0.000851672]
    ],
    "M_G2C7_M M_G2C7H1_M": [
        [-0.0221115, 0.0118686, 0.000841343]
    ],
    "M_G2C7_M M_G2C7H2_M": [
        [-0.0251854, 0.010112, 0.000716822]
    ],
    "M_G2C8_M M_G2C8H1_M": [
        [-0.00733643, 0.0109261, 0.000774529]
    ],
    "M_G2C9_M M_G2C9H1_M": [
        [-0.0473943, 0.0102071, 0.000723563]
    ],
    "M_G2C10_M M_G2C10H1_M": [
        [-0.0404924, 0.00689034, 0.000488443]
    ],
    "M_G2C10_M M_G2C10H2_M": [
        [-0.0406283, 0.00783926, 0.00055571]
    ],
    "M_G2C11_M M_G2C11H1_M": [
        [-0.0361027, 0.00923215, 0.00065445]
    ],
    "M_G2C12_M M_G2C12H1_M": [
        [-0.0419115, 0.00805289, 0.000570854]
    ],
    "M_G2C13_M M_G2C13H1_M": [
        [-0.0362138, 0.00576759, 0.000408853]
    ],
    "M_G2C13_M M_G2C13H2_M": [
        [-0.0344313, 0.00586894, 0.000416038]
    ],
    "M_G2C14_M M_G2C14H1_M": [
        [-0.0312485, 0.00867795, 0.000615164]
    ],
    "M_G2C15_M M_G2C15H1_M": [
        [-0.00792114, 0.00709916, 0.000503246]
    ],
    "M_G2C16_M M_G2C16H1_M": [
        [-0.0205928, 0.00558175, 0.00039568]
    ],
    "M_G2C16_M M_G2C16H2_M": [
        [-0.0208059, 0.00572573, 0.000405886]
    ],
    "M_G2C17_M M_G2C17H1_M": [
        [-0.0313409, 0.0076479, 0.000542145]
    ],
    "M_G2C18_M M_G2C18H1_M": [
        [-0.0169412, 0.00583347, 0.000413524]
    ],
    "M_G2C19_M M_G2C19H1_M": [
        [-0.0402301, 0.00550705, 0.000390385]
    ],
    "M_G2C19_M M_G2C19H2_M": [
        [-0.0402592, 0.00541479, 0.000383844]
    ],
    "M_G2C20_M M_G2C20H1_M": [
        [-0.0597047, 0.00565065, 0.000400564]
    ],
    "M_G2C20_M M_G2C20H2_M": [
        [-0.0590082, 0.00536248, 0.000380136]
    ],
    "M_G2C21_M M_G2C21H1_M": [
        [-0.0596615, 0.00493491, 0.000349827]
    ],
    "M_G2C21_M M_G2C21H2_M": [
        [-0.0597378, 0.00489148, 0.000346748]
    ],
    "M_G2C22_M M_G2C22H1_M": [
        [-0.056162, 0.00463282, 0.000328412]
    ],
    "M_G2C22_M M_G2C22H2_M": [
        [-0.0563024, 0.00440444, 0.000312222]
    ],
    "M_G2C23_M M_G2C23H1_M": [
        [-0.0150722, 0.0033289, 0.000235979]
    ],
    "M_G2C23_M M_G2C23H2_M": [
        [-0.0144589, 0.0029231, 0.000207213]
    ],
    "M_G2C23_M M_G2C23H3_M": [
        [-0.0150397, 0.00310151, 0.00021986]
    ]
}