{
    "M_G1_M M_G1H1_M": [
        [0.338524, 0.0357135, 0.00423842]
    ],
    "M_G1_M M_G1H2_M": [
        [-0.00487279, 0.0282279, 0.00335004]
    ],
    "M_G1C3_M M_G1C3H1_M": [
        [-0.0757784, 0.0225946, 0.00268148]
    ],
    "M_G1C3_M M_G1C3H2_M": [
        [-0.052223, 0.0232284, 0.00275671]
    ],
    "M_G1C4_M M_G1C4H1_M": [
        [-0.145494, 0.0194507, 0.00230837]
    ],
    "M_G1C4_M M_G1C4H2_M": [
        [-0.148196, 0.020227, 0.0024005]
    ],
    "M_G1C5_M M_G1C5H1_M": [
        [-0.137823, 0.0200902, 0.00238427]
    ],
    "M_G1C5_M M_G1C5H2_M": [
        [-0.138719, 0.0199217, 0.00236428]
    ],
    "M_G1C6_M M_G1C6H1_M": [
        [-0.146616, 0.019248, 0.00228432]
    ],
    "M_G1C6_M M_G1C6H2_M": [
        [-0.147698, 0.0185682, 0.00220364]
    ],
    "M_G1C7_M M_G1C7H1_M": [
        [-0.130273, 0.0156826, 0.00186118]
    ],
    "M_G1C7_M M_G1C7H2_M": [
        [-0.131936, 0.0147393, 0.00174923]
    ],
    "M_G1C8_M M_G1C8H1_M": [
        [-0.137399, 0.0150005, 0.00178023]
    ],
    "M_G1C8_M M_G1C8H2_M": [
        [-0.138112, 0.0150007, 0.00178025]
    ],
    "M_G1C9_M M_G1C9H1_M": [
        [-0.127421, 0.0140208, 0.00166397]
    ],
    "M_G1C9_M M_G1C9H2_M": [
        [-0.12703, 0.0145621, 0.0017282]
    ],
    "M_G1C10_M M_G1C10H1_M": [
        [-0.142185, 0.0149285, 0.00177169]
    ],
    "M_G1C11_M M_G1C11H1_M": [
        [-0.130704, 0.0139438, 0.00165482]
    ],
    "M_G1C12_M M_G1C12H1_M": [
        [-0.094445, 0.0106294, 0.00126148]
    ],
    "M_G1C12_M M_G1C12H2_M": [
        [-0.093872, 0.0110432, 0.00131058]
    ],
    "M_G1C13_M M_G1C13H1_M": [
        [-0.0779023, 0.00933645, 0.00110803]
    ],
    "M_G1C13_M M_G1C13H2_M": [
        [-0.0780497, 0.00989132, 0.00117388]
    ],
    "M_G1C14_M M_G1C14H1_M": [
        [-0.0733352, 0.00867422, 0.00102944]
    ],
    "M_G1C14_M M_G1C14H2_M": [
        [-0.0736334, 0.00910556, 0.00108063]
    ],
    "M_G1C15_M M_G1C15H1_M": [
        [-0.0614797, 0.00770418, 0.000914318]
    ],
    "M_G1C15_M M_G1C15H2_M": [
        [-0.061415, 0.00789342, 0.000936776]
    ],
    "M_G1C16_M M_G1C16H1_M": [
        [-0.065359, 0.0073459, 0.000871798]
    ],
    "M_G1C16_M M_G1C16H2_M": [
        [-0.0656752, 0.00698611, 0.000829099]
    ],
    "M_G1C17_M M_G1C17H1_M": [
        [-0.0513495, 0.00672318, 0.000797895]
    ],
    "M_G1C17_M M_G1C17H2_M": [
        [-0.0512754, 0.00623206, 0.000739609]
    ],
    "M_G1C18_M M_G1C18H1_M": [
        [-0.045876, 0.00545421, 0.000647295]
    ],
    "M_G1C18_M M_G1C18H2_M": [
        [-0.0452402, 0.00560513, 0.000665207]
    ],
    "M_G1C19_M M_G1C19H1_M": [
        [-0.0138356, 0.00328555, 0.000389924]
    ],
    "M_G1C19_M M_G1C19H2_M": [
        [-0.0134728, 0.00328675, 0.000390066]
    ],
    "M_G1C19_M M_G1C19H3_M": [
        [-0.0143431, 0.00373457, 0.000443212]
    ],
    "M_G2_M M_G2H1_M": [
        [-0.0957917, 0.0372435, 0.00441999]
    ],
    "M_G2C3_M M_G2C3H1_M": [
        [-0.0825179, 0.0299431, 0.00355359]
    ],
    "M_G2C3_M M_G2C3H2_M": [
        [-0.104851, 0.0244163, 0.00289768]
    ],
    "M_G2C4_M M_G2C4H1_M": [
        [-0.126791, 0.0156771, 0.00186053]
    ],
    "M_G2C4_M M_G2C4H2_M": [
        [-0.134977, 0.0148598, 0.00176353]
    ],
    "M_G2C5_M M_G2C5H1_M": [
        [-0.147329, 0.0152898, 0.00181457]
    ],
    "M_G2C5_M M_G2C5H2_M": [
        [-0.149007, 0.0149618, 0.00177563]
    ],
    "M_G2C6_M M_G2C6H1_M": [
        [-0.134727, 0.0143112, 0.00169843]
    ],
    "M_G2C6_M M_G2C6H2_M": [
        [-0.134861, 0.0151069, 0.00179286]
    ],
    "M_G2C7_M M_G2C7H1_M": [
        [-0.134652, 0.0150421, 0.00178517]
    ],
    "M_G2C7_M M_G2C7H2_M": [
        [-0.134988, 0.0141384, 0.00167792]
    ],
    "M_G2C8_M M_G2C8H1_M": [
        [-0.129346, 0.0143553, 0.00170366]
    ],
    "M_G2C8_M M_G2C8H2_M": [
        [-0.129741, 0.0146434, 0.00173785]
    ],
    "M_G2C9_M M_G2C9H1_M": [
        [-0.122063, 0.0131929, 0.00156571]
    ],
    "M_G2C9_M M_G2C9H2_M": [
        [-0.122225, 0.0132222, 0.00156918]
    ],
    "M_G2C10_M M_G2C10H1_M": [
        [-0.130995, 0.0136362, 0.00161831]
    ],
    "M_G2C11_M M_G2C11H1_M": [
        [-0.113554, 0.0131597, 0.00156177]
    ],
    "M_G2C12_M M_G2C12H1_M": [
        [-0.0836097, 0.0112575, 0.00133602]
    ],
    "M_G2C12_M M_G2C12H2_M": [
        [-0.0833198, 0.0111564, 0.00132402]
    ],
    "M_G2C13_M M_G2C13H1_M": [
        [-0.068707, 0.00966992, 0.00114761]
    ],
    "M_G2C13_M M_G2C13H2_M": [
        [-0.0691978, 0.0103799, 0.00123187]
    ],
    "M_G2C14_M M_G2C14H1_M": [
        [-0.0654748, 0.00981178, 0.00116444]
    ],
    "M_G2C14_M M_G2C14H2_M": [
        [-0.0660775, 0.0095789, 0.00113681]
    ],
    "M_G2C15_M M_G2C15H1_M": [
        [-0.05445, 0.00870877, 0.00103354]
    ],
    "M_G2C15_M M_G2C15H2_M": [
        [-0.0549798, 0.00861912, 0.0010229]
    ],
    "M_G2C16_M M_G2C16H1_M": [
        [-0.0587, 0.00833752, 0.000989482]
    ],
    "M_G2C16_M M_G2C16H2_M": [
        [-0.0588771, 0.0079983, 0.000949224]
    ],
    "M_G2C17_M M_G2C17H1_M": [
        [-0.0470042, 0.00719859, 0.000854316]
    ],
    "M_G2C17_M M_G2C17H2_M": [
        [-0.0471268, 0.00660734, 0.000784147]
    ],
    "M_G2C18_M M_G2C18H1_M": [
        [-0.0416915, 0.00586966, 0.0006966]
    ],
    "M_G2C18_M M_G2C18H2_M": [
        [-0.0427912, 0.00570188, 0.000676688]
    ],
    "M_G2C19_M M_G2C19H1_M": [
        [-0.0132633, 0.00326978, 0.000388051]
    ],
    "M_G2C19_M M_G2C19H2_M": [
        [-0.0129948, 0.00347569, 0.000412488]
    ],
    "M_G2C19_M M_G2C19H3_M": [
        [-0.0132238, 0.00354251, 0.000420418]
    ],
    "M_G3_M M_G3H1_M": [
        [-0.266189, 0.0277124, 0.00328885]
    ],
    "M_G3_M M_G3H2_M": [
        [-0.194362, 0.03268, 0.00387841]
    ],
    "M_G3C4_M M_G3C4H1_M": [
        [0.0143842, 0.0493824, 0.00586061]
    ],
    "M_G3C4_M M_G3C4H2_M": [
        [0.0262657, 0.0367626, 0.00436291]
    ],
    "M_G3C5_M M_G3C5H1_M": [
        [-0.0180467, 0.0289157, 0.00343166]
    ],
    "M_G3C5_M M_G3C5H2_M": [
        [-0.000256904, 0.0403987, 0.00479445]
    ],
    "M_G3N6C1_M M_G3N6C1H1_M": [
        [0.00571553, 0.00645941, 0.000766591]
    ],
    "M_G3N6C1_M M_G3N6C1H2_M": [
        [0.00585474, 0.00747816, 0.000887495]
    ],
    "M_G3N6C1_M M_G3N6C1H3_M": [
        [0.00627837, 0.00681314, 0.000808571]
    ],
    "M_G3N6C2_M M_G3N6C2H1_M": [
        [0.0103578, 0.00737297, 0.000875011]
    ],
    "M_G3N6C2_M M_G3N6C2H2_M": [
        [0.00730997, 0.0078249, 0.000928645]
    ],
    "M_G3N6C2_M M_G3N6C2H3_M": [
        [0.00778911, 0.007668, 0.000910025]
    ],
    "M_G3N6C3_M M_G3N6C3H1_M": [
        [0.00436276, 0.00827544, 0.000982114]
    ],
    "M_G3N6C3_M M_G3N6C3H2_M": [
        [0.00550505, 0.00788213, 0.000935436]
    ],
    "M_G3N6C3_M M_G3N6C3H3_M": [
        [0.00525755, 0.00873043, 0.00103611]
    ]
}