{
    "M_G1_M M_G1H1_M": [
        [0.327923, 0.0342565, 0.0040655]
    ],
    "M_G1_M M_G1H2_M": [
        [-0.00416705, 0.0277827, 0.0032972]
    ],
    "M_G1C3_M M_G1C3H1_M": [
        [-0.078667, 0.0223361, 0.00265081]
    ],
    "M_G1C3_M M_G1C3H2_M": [
        [-0.0528905, 0.0231978, 0.00275307]
    ],
    "M_G1C4_M M_G1C4H1_M": [
        [-0.143434, 0.0169808, 0.00201525]
    ],
    "M_G1C4_M M_G1C4H2_M": [
        [-0.14681, 0.0175933, 0.00208794]
    ],
    "M_G1C5_M M_G1C5H1_M": [
        [-0.136879, 0.017899, 0.00212422]
    ],
    "M_G1C5_M M_G1C5H2_M": [
        [-0.13706, 0.0178182, 0.00211463]
    ],
    "M_G1C6_M M_G1C6H1_M": [
        [-0.146382, 0.0182793, 0.00216935]
    ],
    "M_G1C6_M M_G1C6H2_M": [
        [-0.146317, 0.0180625, 0.00214363]
    ],
    "M_G1C7_M M_G1C7H1_M": [
        [-0.132398, 0.0145997, 0.00173266]
    ],
    "M_G1C7_M M_G1C7H2_M": [
        [-0.130564, 0.0143329, 0.001701]
    ],
    "M_G1C8_M M_G1C8H1_M": [
        [-0.138606, 0.0133953, 0.00158973]
    ],
    "M_G1C8_M M_G1C8H2_M": [
        [-0.138388, 0.0140714, 0.00166997]
    ],
    "M_G1C9_M M_G1C9H1_M": [
        [-0.127034, 0.0131458, 0.00156012]
    ],
    "M_G1C9_M M_G1C9H2_M": [
        [-0.128041, 0.0131643, 0.00156231]
    ],
    "M_G1C10_M M_G1C10H1_M": [
        [-0.141365, 0.0137764, 0.00163495]
    ],
    "M_G1C11_M M_G1C11H1_M": [
        [-0.129854, 0.01365, 0.00161996]
    ],
    "M_G1C12_M M_G1C12H1_M": [
        [-0.0934494, 0.0123712, 0.0014682]
    ],
    "M_G1C12_M M_G1C12H2_M": [
        [-0.093344, 0.0128106, 0.00152034]
    ],
    "M_G1C13_M M_G1C13H1_M": [
        [-0.0773112, 0.0117144, 0.00139024]
    ],
    "M_G1C13_M M_G1C13H2_M": [
        [-0.0774887, 0.0119916, 0.00142314]
    ],
    "M_G1C14_M M_G1C14H1_M": [
        [-0.0724611, 0.0105477, 0.00125179]
    ],
    "M_G1C14_M M_G1C14H2_M": [
        [-0.0725438, 0.0110633, 0.00131297]
    ],
    "M_G1C15_M M_G1C15H1_M": [
        [-0.0603649, 0.00925072, 0.00109786]
    ],
    "M_G1C15_M M_G1C15H2_M": [
        [-0.0610431, 0.0092106, 0.0010931]
    ],
    "M_G1C16_M M_G1C16H1_M": [
        [-0.0652202, 0.0078825, 0.000935481]
    ],
    "M_G1C16_M M_G1C16H2_M": [
        [-0.0645589, 0.00821328, 0.000974737]
    ],
    "M_G1C17_M M_G1C17H1_M": [
        [-0.0503644, 0.00634586, 0.000753115]
    ],
    "M_G1C17_M M_G1C17H2_M": [
        [-0.0507244, 0.00661586, 0.000785158]
    ],
    "M_G1C18_M M_G1C18H1_M": [
        [-0.044681, 0.00570046, 0.00067652]
    ],
    "M_G1C18_M M_G1C18H2_M": [
        [-0.0449073, 0.00509132, 0.000604228]
    ],
    "M_G1C19_M M_G1C19H1_M": [
        [-0.0143165, 0.00322088, 0.000382248]
    ],
    "M_G1C19_M M_G1C19H2_M": [
        [-0.0140817, 0.00410484, 0.000487155]
    ],
    "M_G1C19_M M_G1C19H3_M": [
        [-0.0125505, 0.00364625, 0.00043273]
    ],
    "M_G2_M M_G2H1_M": [
        [-0.0992704, 0.0374837, 0.0044485]
    ],
    "M_G2C3_M M_G2C3H1_M": [
        [-0.081725, 0.0268513, 0.00318666]
    ],
    "M_G2C3_M M_G2C3H2_M": [
        [-0.0952085, 0.0234304, 0.00278068]
    ],
    "M_G2C4_M M_G2C4H1_M": [
        [-0.12417, 0.0182, 0.00215994]
    ],
    "M_G2C4_M M_G2C4H2_M": [
        [-0.131642, 0.0177413, 0.0021055]
    ],
    "M_G2C5_M M_G2C5H1_M": [
        [-0.146341, 0.0182838, 0.00216989]
    ],
    "M_G2C5_M M_G2C5H2_M": [
        [-0.147986, 0.0195936, 0.00232533]
    ],
    "M_G2C6_M M_G2C6H1_M": [
        [-0.134994, 0.0164878, 0.00195674]
    ],
    "M_G2C6_M M_G2C6H2_M": [
        [-0.133323, 0.0162605, 0.00192977]
    ],
    "M_G2C7_M M_G2C7H1_M": [
        [-0.134938, 0.0146681, 0.00174079]
    ],
    "M_G2C7_M M_G2C7H2_M": [
        [-0.13661, 0.0142926, 0.00169622]
    ],
    "M_G2C8_M M_G2C8H1_M": [
        [-0.129059, 0.0139534, 0.00165596]
    ],
    "M_G2C8_M M_G2C8H2_M": [
        [-0.131087, 0.0134643, 0.00159792]
    ],
    "M_G2C9_M M_G2C9H1_M": [
        [-0.121397, 0.0126012, 0.00149548]
    ],
    "M_G2C9_M M_G2C9H2_M": [
        [-0.12262, 0.0132799, 0.00157604]
    ],
    "M_G2C10_M M_G2C10H1_M": [
        [-0.131404, 0.0141681, 0.00168144]
    ],
    "M_G2C11_M M_G2C11H1_M": [
        [-0.115208, 0.0134481, 0.001596]
    ],
    "M_G2C12_M M_G2C12H1_M": [
        [-0.0842216, 0.0110818, 0.00131516]
    ],
    "M_G2C12_M M_G2C12H2_M": [
        [-0.0848674, 0.0115026, 0.00136511]
    ],
    "M_G2C13_M M_G2C13H1_M": [
        [-0.0693845, 0.00971413, 0.00115285]
    ],
    "M_G2C13_M M_G2C13H2_M": [
        [-0.0697746, 0.0104949, 0.00124551]
    ],
    "M_G2C14_M M_G2C14H1_M": [
        [-0.0653008, 0.00977056, 0.00115955]
    ],
    "M_G2C14_M M_G2C14H2_M": [
        [-0.0659519, 0.00910257, 0.00108028]
    ],
    "M_G2C15_M M_G2C15H1_M": [
        [-0.0539034, 0.00860375, 0.00102108]
    ],
    "M_G2C15_M M_G2C15H2_M": [
        [-0.0551084, 0.00842818, 0.00100024]
    ],
    "M_G2C16_M M_G2C16H1_M": [
        [-0.0586234, 0.00814693, 0.000966862]
    ],
    "M_G2C16_M M_G2C16H2_M": [
        [-0.0587589, 0.00791057, 0.000938812]
    ],
    "M_G2C17_M M_G2C17H1_M": [
        [-0.0462069, 0.00675712, 0.000801922]
    ],
    "M_G2C17_M M_G2C17H2_M": [
        [-0.0470793, 0.00667693, 0.000792406]
    ],
    "M_G2C18_M M_G2C18H1_M": [
        [-0.0410043, 0.00597119, 0.00070865]
    ],
    "M_G2C18_M M_G2C18H2_M": [
        [-0.0418272, 0.00587882, 0.000697688]
    ],
    "M_G2C19_M M_G2C19H1_M": [
        [-0.0128721, 0.00343133, 0.000407224]
    ],
    "M_G2C19_M M_G2C19H2_M": [
        [-0.0122722, 0.00333544, 0.000395844]
    ],
    "M_G2C19_M M_G2C19H3_M": [
        [-0.0127552, 0.00343968, 0.000408215]
    ],
    "M_G3_M M_G3H1_M": [
        [-0.264766, 0.0191535, 0.0022731]
    ],
    "M_G3_M M_G3H2_M": [
        [-0.192023, 0.0318266, 0.00377712]
    ],
    "M_G3C4_M M_G3C4H1_M": [
        [0.00167302, 0.0290974, 0.00345323]
    ],
    "M_G3C4_M M_G3C4H2_M": [
        [0.0236425, 0.0342055, 0.00405945]
    ],
    "M_G3C5_M M_G3C5H1_M": [
        [-0.0209617, 0.0261428, 0.00310257]
    ],
    "M_G3C5_M M_G3C5H2_M": [
        [-0.00477202, 0.023619, 0.00280306]
    ],
    "M_G3N6C1_M M_G3N6C1H1_M": [
        [0.0058725, 0.00655925, 0.000778439]
    ],
    "M_G3N6C1_M M_G3N6C1H2_M": [
        [0.00636995, 0.00762869, 0.000905359]
    ],
    "M_G3N6C1_M M_G3N6C1H3_M": [
        [0.00664119, 0.00762388, 0.000904788]
    ],
    "M_G3N6C2_M M_G3N6C2H1_M": [
        [0.0108437, 0.00699852, 0.000830572]
    ],
    "M_G3N6C2_M M_G3N6C2H2_M": [
        [0.00624157, 0.00736589, 0.00087417]
    ],
    "M_G3N6C2_M M_G3N6C2H3_M": [
        [0.00652319, 0.00666304, 0.000790757]
    ],
    "M_G3N6C3_M M_G3N6C3H1_M": [
        [0.00478565, 0.00838696, 0.000995349]
    ],
    "M_G3N6C3_M M_G3N6C3H2_M": [
        [0.00811952, 0.00815647, 0.000967995]
    ],
    "M_G3N6C3_M M_G3N6C3H3_M": [
        [0.00793059, 0.00769829, 0.000913619]
    ]
}