{
    "M_C3_M M_C3H3_M": [
        [-0.355473, 0.00919735, 0.00237475]
    ],
    "M_C4_M M_C4H41_M": [
        [-0.318354, 0.0100794, 0.0026025]
    ],
    "M_C4_M M_C4H42_M": [
        [-0.13462, 0.0119307, 0.00308049]
    ],
    "M_C6_M M_C6H6_M": [
        [-0.0172256, 0.0149194, 0.00385217]
    ],
    "M_C7_M M_C7H71_M": [
        [-0.270042, 0.00536031, 0.00138403]
    ],
    "M_C7_M M_C7H72_M": [
        [-0.320651, 0.00865524, 0.00223477]
    ],
    "M_C8_M M_C8H8_M": [
        [-0.385721, 0.00616837, 0.00159267]
    ],
    "M_C14_M M_C14H14_M": [
        [-0.382347, 0.00594064, 0.00153387]
    ],
    "M_C15_M M_C15H151_M": [
        [-0.352174, 0.0063183, 0.00163138]
    ],
    "M_C15_M M_C15H152_M": [
        [-0.283066, 0.00895022, 0.00231094]
    ],
    "M_C16_M M_C16H161_M": [
        [-0.0695136, 0.00745528, 0.00192494]
    ],
    "M_C16_M M_C16H162_M": [
        [-0.17969, 0.0101712, 0.00262618]
    ],
    "M_C17_M M_C17H17_M": [
        [-0.37461, 0.00588868, 0.00152045]
    ],
    "M_C18_M M_C18H181_M": [
        [0.112608, 0.0178003, 0.00459603]
    ],
    "M_C18_M M_C18H182_M": [
        [0.113757, 0.0143426, 0.00370324]
    ],
    "M_C18_M M_C18H183_M": [
        [0.101505, 0.018281, 0.00472013]
    ],
    "M_C12_M M_C12H121_M": [
        [-0.0630763, 0.0136608, 0.00352719]
    ],
    "M_C12_M M_C12H122_M": [
        [-0.377803, 0.00641229, 0.00165565]
    ],
    "M_C11_M M_C11H111_M": [
        [-0.380695, 0.00585051, 0.00151059]
    ],
    "M_C11_M M_C11H112_M": [
        [-0.212347, 0.00838998, 0.00216628]
    ],
    "M_C9_M M_C9H9_M": [
        [-0.383151, 0.00733193, 0.0018931]
    ],
    "M_C19_M M_C19H191_M": [
        [0.111062, 0.0161797, 0.00417759]
    ],
    "M_C19_M M_C19H192_M": [
        [0.111052, 0.0108645, 0.0028052]
    ],
    "M_C19_M M_C19H193_M": [
        [0.107482, 0.0133513, 0.00344729]
    ],
    "M_C1_M M_C1H11_M": [
        [-0.179341, 0.0111993, 0.00289164]
    ],
    "M_C1_M M_C1H12_M": [
        [-0.341166, 0.00898432, 0.00231974]
    ],
    "M_C2_M M_C2H21_M": [
        [-0.217837, 0.00669621, 0.00172895]
    ],
    "M_C2_M M_C2H22_M": [
        [-0.328284, 0.00921191, 0.0023785]
    ],
    "M_C20_M M_C20H20_M": [
        [-0.359688, 0.00520268, 0.00134333]
    ],
    "M_C21_M M_C21H211_M": [
        [0.0943702, 0.0124044, 0.0032028]
    ],
    "M_C21_M M_C21H212_M": [
        [0.0881016, 0.0147906, 0.00381892]
    ],
    "M_C21_M M_C21H213_M": [
        [0.0909203, 0.0148918, 0.00384504]
    ],
    "M_C22_M M_C22H221_M": [
        [-0.16989, 0.0151645, 0.00391546]
    ],
    "M_C22_M M_C22H222_M": [
        [-0.316568, 0.00817759, 0.00211145]
    ],
    "M_C23_M M_C23H231_M": [
        [-0.121024, 0.0148102, 0.00382397]
    ],
    "M_C23_M M_C23H232_M": [
        [-0.297567, 0.00816032, 0.00210699]
    ],
    "M_C24_M M_C24H241_M": [
        [-0.135828, 0.0111177, 0.00287057]
    ],
    "M_C24_M M_C24H242_M": [
        [-0.2481, 0.0101553, 0.00262209]
    ],
    "M_C25_M M_C25H25_M": [
        [-0.154435, 0.0114286, 0.00295086]
    ],
    "M_C26_M M_C26H261_M": [
        [0.00915966, 0.0138253, 0.00356968]
    ],
    "M_C26_M M_C26H262_M": [
        [0.0185201, 0.0136799, 0.00353215]
    ],
    "M_C26_M M_C26H263_M": [
        [0.01237, 0.0109902, 0.00283766]
    ],
    "M_C27_M M_C27H271_M": [
        [-0.00119621, 0.0111002, 0.00286606]
    ],
    "M_C27_M M_C27H272_M": [
        [-0.000287159, 0.0103009, 0.00265968]
    ],
    "M_C27_M M_C27H273_M": [
        [-0.000845576, 0.01261, 0.00325588]
    ]
}