{
    "M_G1_M M_G1H1_M": [
        [-0.161518, 0.013234, 0.00166733]
    ],
    "M_G1_M M_G1H2_M": [
        [-0.035361, 0.0144719, 0.00182329]
    ],
    "M_G1C3_M M_G1C3H1_M": [
        [-0.211499, 0.0132996, 0.00167559]
    ],
    "M_G1C3_M M_G1C3H2_M": [
        [-0.232314, 0.0100899, 0.00127121]
    ],
    "M_G1C4_M M_G1C4H1_M": [
        [-0.189039, 0.0139086, 0.00175232]
    ],
    "M_G1C4_M M_G1C4H2_M": [
        [-0.179593, 0.0111324, 0.00140255]
    ],
    "M_G1C5_M M_G1C5H1_M": [
        [-0.208892, 0.0132497, 0.00166931]
    ],
    "M_G1C5_M M_G1C5H2_M": [
        [-0.208361, 0.0127391, 0.00160498]
    ],
    "M_G1C6_M M_G1C6H1_M": [
        [-0.211714, 0.0135998, 0.00171341]
    ],
    "M_G1C6_M M_G1C6H2_M": [
        [-0.209733, 0.0127083, 0.0016011]
    ],
    "M_G1C7_M M_G1C7H1_M": [
        [-0.208059, 0.0107058, 0.00134881]
    ],
    "M_G1C7_M M_G1C7H2_M": [
        [-0.208322, 0.0146884, 0.00185057]
    ],
    "M_G1C8_M M_G1C8H1_M": [
        [-0.189899, 0.0119821, 0.0015096]
    ],
    "M_G1C8_M M_G1C8H2_M": [
        [-0.188822, 0.0124432, 0.0015677]
    ],
    "M_G1C9_M M_G1C9H1_M": [
        [-0.138704, 0.0116578, 0.00146874]
    ],
    "M_G1C9_M M_G1C9H2_M": [
        [-0.139583, 0.0117969, 0.00148626]
    ],
    "M_G1C10_M M_G1C10H1_M": [
        [-0.1021, 0.0124774, 0.001572]
    ],
    "M_G1C11_M M_G1C11H1_M": [
        [-0.0804242, 0.0115945, 0.00146077]
    ],
    "M_G1C12_M M_G1C12H1_M": [
        [-0.0753661, 0.0110442, 0.00139143]
    ],
    "M_G1C12_M M_G1C12H2_M": [
        [-0.0791252, 0.0128867, 0.00162358]
    ],
    "M_G1C13_M M_G1C13H1_M": [
        [-0.118817, 0.0122066, 0.00153788]
    ],
    "M_G1C13_M M_G1C13H2_M": [
        [-0.119748, 0.0126102, 0.00158873]
    ],
    "M_G1C14_M M_G1C14H1_M": [
        [-0.117673, 0.0130091, 0.00163899]
    ],
    "M_G1C14_M M_G1C14H2_M": [
        [-0.117969, 0.0131796, 0.00166048]
    ],
    "M_G1C15_M M_G1C15H1_M": [
        [-0.120345, 0.0119093, 0.00150044]
    ],
    "M_G1C15_M M_G1C15H2_M": [
        [-0.12239, 0.0128738, 0.00162194]
    ],
    "M_G1C16_M M_G1C16H1_M": [
        [-0.101192, 0.0128254, 0.00161585]
    ],
    "M_G1C16_M M_G1C16H2_M": [
        [-0.101184, 0.0120778, 0.00152166]
    ],
    "M_G1C17_M M_G1C17H1_M": [
        [-0.0932265, 0.00989737, 0.00124695]
    ],
    "M_G1C17_M M_G1C17H2_M": [
        [-0.0902034, 0.011598, 0.00146121]
    ],
    "M_G1C18_M M_G1C18H1_M": [
        [-0.0684487, 0.0151443, 0.001908]
    ],
    "M_G1C18_M M_G1C18H2_M": [
        [-0.0633426, 0.0153583, 0.00193496]
    ],
    "M_G1C19_M M_G1C19H1_M": [
        [-0.0251249, 0.0122113, 0.00153848]
    ],
    "M_G1C19_M M_G1C19H2_M": [
        [-0.0234384, 0.0143521, 0.00180819]
    ],
    "M_G1C19_M M_G1C19H3_M": [
        [-0.0224111, 0.0134429, 0.00169365]
    ],
    "M_G2_M M_G2H1_M": [
        [-0.177415, 0.0141116, 0.0017779]
    ],
    "M_G2C3_M M_G2C3H1_M": [
        [-0.0820254, 0.0137536, 0.00173279]
    ],
    "M_G2C3_M M_G2C3H2_M": [
        [-0.106784, 0.0137008, 0.00172614]
    ],
    "M_G2C4_M M_G2C4H1_M": [
        [-0.205534, 0.0104292, 0.00131396]
    ],
    "M_G2C4_M M_G2C4H2_M": [
        [-0.205485, 0.0120815, 0.00152213]
    ],
    "M_G2C5_M M_G2C5H1_M": [
        [-0.206414, 0.0118801, 0.00149675]
    ],
    "M_G2C5_M M_G2C5H2_M": [
        [-0.208234, 0.0120254, 0.00151506]
    ],
    "M_G2C6_M M_G2C6H1_M": [
        [-0.223658, 0.0151822, 0.00191278]
    ],
    "M_G2C6_M M_G2C6H2_M": [
        [-0.220392, 0.0123035, 0.0015501]
    ],
    "M_G2C7_M M_G2C7H1_M": [
        [-0.205091, 0.0146356, 0.00184392]
    ],
    "M_G2C7_M M_G2C7H2_M": [
        [-0.201087, 0.01327, 0.00167186]
    ],
    "M_G2C8_M M_G2C8H1_M": [
        [-0.197628, 0.0129538, 0.00163202]
    ],
    "M_G2C8_M M_G2C8H2_M": [
        [-0.194938, 0.012052, 0.00151841]
    ],
    "M_G2C9_M M_G2C9H1_M": [
        [-0.120115, 0.0135764, 0.00171047]
    ],
    "M_G2C9_M M_G2C9H2_M": [
        [-0.120617, 0.0140991, 0.00177631]
    ],
    "M_G2C10_M M_G2C10H1_M": [
        [-0.0810867, 0.0135767, 0.0017105]
    ],
    "M_G2C11_M M_G2C11H1_M": [
        [-0.0598229, 0.0134556, 0.00169524]
    ],
    "M_G2C12_M M_G2C12H1_M": [
        [-0.0888735, 0.0126234, 0.0015904]
    ],
    "M_G2C12_M M_G2C12H2_M": [
        [-0.0887216, 0.0116132, 0.00146313]
    ],
    "M_G2C13_M M_G2C13H1_M": [
        [-0.13138, 0.013256, 0.0016701]
    ],
    "M_G2C13_M M_G2C13H2_M": [
        [-0.134245, 0.0123804, 0.00155979]
    ],
    "M_G2C14_M M_G2C14H1_M": [
        [-0.133018, 0.0126544, 0.00159431]
    ],
    "M_G2C14_M M_G2C14H2_M": [
        [-0.135596, 0.0135137, 0.00170256]
    ],
    "M_G2C15_M M_G2C15H1_M": [
        [-0.136344, 0.0131365, 0.00165505]
    ],
    "M_G2C15_M M_G2C15H2_M": [
        [-0.139923, 0.0125663, 0.0015832]
    ],
    "M_G2C16_M M_G2C16H1_M": [
        [-0.117249, 0.0148092, 0.00186579]
    ],
    "M_G2C16_M M_G2C16H2_M": [
        [-0.118297, 0.0114311, 0.00144018]
    ],
    "M_G2C17_M M_G2C17H1_M": [
        [-0.102713, 0.0141619, 0.00178423]
    ],
    "M_G2C17_M M_G2C17H2_M": [
        [-0.104573, 0.0122265, 0.00154039]
    ],
    "M_G2C18_M M_G2C18H1_M": [
        [-0.0770059, 0.0110297, 0.00138961]
    ],
    "M_G2C18_M M_G2C18H2_M": [
        [-0.0764483, 0.0123523, 0.00155624]
    ],
    "M_G2C19_M M_G2C19H1_M": [
        [-0.0269171, 0.0118736, 0.00149593]
    ],
    "M_G2C19_M M_G2C19H2_M": [
        [-0.0241999, 0.0141745, 0.00178581]
    ],
    "M_G2C19_M M_G2C19H3_M": [
        [-0.0260036, 0.0149044, 0.00187778]
    ],
    "M_G3_M M_G3H1_M": [
        [-0.210074, 0.0141055, 0.00177713]
    ],
    "M_G3_M M_G3H2_M": [
        [-0.233853, 0.010157, 0.00127966]
    ],
    "M_G3C4_M M_G3C4H1_M": [
        [0.0355598, 0.0133672, 0.00168411]
    ],
    "M_G3C4_M M_G3C4H2_M": [
        [0.0405914, 0.0141413, 0.00178163]
    ],
    "M_G3C5_M M_G3C5H1_M": [
        [-0.0584646, 0.0152013, 0.00191519]
    ],
    "M_G3C5_M M_G3C5H2_M": [
        [-0.0593495, 0.0128259, 0.00161592]
    ],
    "M_G3N6C1_M M_G3N6C1H1_M": [
        [0.0113543, 0.0141487, 0.00178257]
    ],
    "M_G3N6C1_M M_G3N6C1H2_M": [
        [0.00554677, 0.0132185, 0.00166537]
    ],
    "M_G3N6C1_M M_G3N6C1H3_M": [
        [0.00905449, 0.013145, 0.00165611]
    ],
    "M_G3N6C2_M M_G3N6C2H1_M": [
        [0.00990687, 0.0163739, 0.00206292]
    ],
    "M_G3N6C2_M M_G3N6C2H2_M": [
        [0.00876177, 0.013446, 0.00169404]
    ],
    "M_G3N6C2_M M_G3N6C2H3_M": [
        [0.0085533, 0.0128449, 0.0016183]
    ],
    "M_G3N6C3_M M_G3N6C3H1_M": [
        [0.00921818, 0.0138333, 0.00174283]
    ],
    "M_G3N6C3_M M_G3N6C3H2_M": [
        [0.00699196, 0.0150682, 0.00189842]
    ],
    "M_G3N6C3_M M_G3N6C3H3_M": [
        [0.0122187, 0.0147893, 0.00186327]
    ]
}