{
    "M_G1_M M_G1H1_M": [
        [-0.184805, 0.0731673, 0.0117161]
    ],
    "M_G1_M M_G1H2_M": [
        [-0.0528849, 0.0544761, 0.00872315]
    ],
    "M_G1C3_M M_G1C3H1_M": [
        [-0.251288, 0.0308066, 0.004933]
    ],
    "M_G1C3_M M_G1C3H2_M": [
        [-0.222825, 0.0400549, 0.00641391]
    ],
    "M_G1C4_M M_G1C4H1_M": [
        [-0.205889, 0.0232712, 0.00372637]
    ],
    "M_G1C4_M M_G1C4H2_M": [
        [-0.189749, 0.0291681, 0.00467064]
    ],
    "M_G1C5_M M_G1C5H1_M": [
        [-0.223833, 0.0209841, 0.00336015]
    ],
    "M_G1C5_M M_G1C5H2_M": [
        [-0.218838, 0.0246942, 0.00395423]
    ],
    "M_G1C6_M M_G1C6H1_M": [
        [-0.220503, 0.0235727, 0.00377465]
    ],
    "M_G1C6_M M_G1C6H2_M": [
        [-0.216668, 0.0259619, 0.00415724]
    ],
    "M_G1C7_M M_G1C7H1_M": [
        [-0.226044, 0.0246032, 0.00393966]
    ],
    "M_G1C7_M M_G1C7H2_M": [
        [-0.223195, 0.0242035, 0.00387566]
    ],
    "M_G1C8_M M_G1C8H1_M": [
        [-0.213332, 0.0214033, 0.00342728]
    ],
    "M_G1C8_M M_G1C8H2_M": [
        [-0.211348, 0.0236508, 0.00378716]
    ],
    "M_G1C9_M M_G1C9H1_M": [
        [-0.209368, 0.019978, 0.00319905]
    ],
    "M_G1C9_M M_G1C9H2_M": [
        [-0.210558, 0.0203119, 0.0032525]
    ],
    "M_G1C10_M M_G1C10H1_M": [
        [-0.194315, 0.0173764, 0.00278245]
    ],
    "M_G1C10_M M_G1C10H2_M": [
        [-0.191614, 0.0163269, 0.0026144]
    ],
    "M_G1C11_M M_G1C11H1_M": [
        [-0.18455, 0.0157726, 0.00252564]
    ],
    "M_G1C11_M M_G1C11H2_M": [
        [-0.18269, 0.0149211, 0.00238929]
    ],
    "M_G1C12_M M_G1C12H1_M": [
        [-0.160436, 0.0126893, 0.00203192]
    ],
    "M_G1C12_M M_G1C12H2_M": [
        [-0.157699, 0.0152525, 0.00244236]
    ],
    "M_G1C13_M M_G1C13H1_M": [
        [-0.141594, 0.0106431, 0.00170426]
    ],
    "M_G1C13_M M_G1C13H2_M": [
        [-0.139869, 0.0132093, 0.00211518]
    ],
    "M_G1C14_M M_G1C14H1_M": [
        [-0.102572, 0.00987708, 0.0015816]
    ],
    "M_G1C14_M M_G1C14H2_M": [
        [-0.103001, 0.00900912, 0.00144261]
    ],
    "M_G1C15_M M_G1C15H1_M": [
        [-0.0366083, 0.00804781, 0.00128868]
    ],
    "M_G1C15_M M_G1C15H2_M": [
        [-0.0369268, 0.00629576, 0.00100813]
    ],
    "M_G1C15_M M_G1C15H3_M": [
        [-0.0364523, 0.00689697, 0.0011044]
    ],
    "M_G2_M M_G2H1_M": [
        [-0.218058, 0.0655153, 0.0104908]
    ],
    "M_G2C3_M M_G2C3H1_M": [
        [-0.0817569, 0.0457528, 0.00732631]
    ],
    "M_G2C3_M M_G2C3H2_M": [
        [-0.13905, 0.0262032, 0.00419587]
    ],
    "M_G2C4_M M_G2C4H1_M": [
        [-0.230023, 0.0233149, 0.00373338]
    ],
    "M_G2C4_M M_G2C4H2_M": [
        [-0.239743, 0.0224971, 0.00360242]
    ],
    "M_G2C5_M M_G2C5H1_M": [
        [-0.2372, 0.0207856, 0.00332837]
    ],
    "M_G2C5_M M_G2C5H2_M": [
        [-0.241711, 0.0205489, 0.00329046]
    ],
    "M_G2C6_M M_G2C6H1_M": [
        [-0.250358, 0.0212797, 0.00340749]
    ],
    "M_G2C6_M M_G2C6H2_M": [
        [-0.249761, 0.0204818, 0.00327971]
    ],
    "M_G2C7_M M_G2C7H1_M": [
        [-0.242107, 0.0205931, 0.00329753]
    ],
    "M_G2C7_M M_G2C7H2_M": [
        [-0.241052, 0.0240903, 0.00385754]
    ],
    "M_G2C8_M M_G2C8H1_M": [
        [-0.23971, 0.0211905, 0.00339319]
    ],
    "M_G2C8_M M_G2C8H2_M": [
        [-0.238342, 0.0240059, 0.00384402]
    ],
    "M_G2C9_M M_G2C9H1_M": [
        [-0.225343, 0.0204932, 0.00328153]
    ],
    "M_G2C9_M M_G2C9H2_M": [
        [-0.226301, 0.0241874, 0.00387308]
    ],
    "M_G2C10_M M_G2C10H1_M": [
        [-0.216517, 0.0225566, 0.00361195]
    ],
    "M_G2C10_M M_G2C10H2_M": [
        [-0.21737, 0.0211906, 0.00339321]
    ],
    "M_G2C11_M M_G2C11H1_M": [
        [-0.19901, 0.0193634, 0.00310062]
    ],
    "M_G2C11_M M_G2C11H2_M": [
        [-0.19949, 0.0200883, 0.0032167]
    ],
    "M_G2C12_M M_G2C12H1_M": [
        [-0.186849, 0.0182888, 0.00292856]
    ],
    "M_G2C12_M M_G2C12H2_M": [
        [-0.185851, 0.0167589, 0.00268357]
    ],
    "M_G2C13_M M_G2C13H1_M": [
        [-0.158569, 0.0157183, 0.00251695]
    ],
    "M_G2C13_M M_G2C13H2_M": [
        [-0.158067, 0.0162546, 0.00260283]
    ],
    "M_G2C14_M M_G2C14H1_M": [
        [-0.128112, 0.012155, 0.00194636]
    ],
    "M_G2C14_M M_G2C14H2_M": [
        [-0.128538, 0.0124002, 0.00198562]
    ],
    "M_G2C15_M M_G2C15H1_M": [
        [-0.0322948, 0.00857361, 0.00137288]
    ],
    "M_G2C15_M M_G2C15H2_M": [
        [-0.0315907, 0.00757734, 0.00121335]
    ],
    "M_G2C15_M M_G2C15H3_M": [
        [-0.0315813, 0.00721199, 0.00115484]
    ],
    "M_G3_M M_G3H1_M": [
        [-0.239308, 0.0543513, 0.00870317]
    ],
    "M_G3_M M_G3H2_M": [
        [-0.266947, 0.0391422, 0.00626777]
    ],
    "M_G3C4_M M_G3C4H1_M": [
        [0.023808, 0.0323507, 0.00518025]
    ],
    "M_G3C4_M M_G3C4H2_M": [
        [0.0324649, 0.0378748, 0.00606482]
    ],
    "M_G3C5_M M_G3C5H1_M": [
        [-0.0794509, 0.0313175, 0.00501482]
    ],
    "M_G3C5_M M_G3C5H2_M": [
        [-0.0869485, 0.0356381, 0.00570666]
    ],
    "M_G3N6C1_M M_G3N6C1H1_M": [
        [0.00849288, 0.0204537, 0.00327522]
    ],
    "M_G3N6C1_M M_G3N6C1H2_M": [
        [0.0127739, 0.0184286, 0.00295094]
    ],
    "M_G3N6C1_M M_G3N6C1H3_M": [
        [0.00774177, 0.0189173, 0.0030292]
    ],
    "M_G3N6C2_M M_G3N6C2H1_M": [
        [0.01158, 0.018895, 0.00302563]
    ],
    "M_G3N6C2_M M_G3N6C2H2_M": [
        [0.0103255, 0.0193544, 0.00309919]
    ],
    "M_G3N6C2_M M_G3N6C2H3_M": [
        [0.0102206, 0.0199295, 0.00319128]
    ],
    "M_G3N6C3_M M_G3N6C3H1_M": [
        [0.0139533, 0.018037, 0.00288824]
    ],
    "M_G3N6C3_M M_G3N6C3H2_M": [
        [0.0157884, 0.0179022, 0.00286665]
    ],
    "M_G3N6C3_M M_G3N6C3H3_M": [
        [0.0138503, 0.0187444, 0.00300151]
    ]
}