{
    "M_C3_M M_C3H3_M": [
        [-0.320139, 0.00396354, 0.000762783]
    ],
    "M_C4_M M_C4H41_M": [
        [-0.286826, 0.0050318, 0.00096837]
    ],
    "M_C4_M M_C4H42_M": [
        [-0.123164, 0.00693385, 0.00133442]
    ],
    "M_C6_M M_C6H6_M": [
        [-0.0214349, 0.00754557, 0.00145215]
    ],
    "M_C7_M M_C7H71_M": [
        [-0.231554, 0.00521855, 0.00100431]
    ],
    "M_C7_M M_C7H72_M": [
        [-0.290218, 0.00546192, 0.00105115]
    ],
    "M_C8_M M_C8H8_M": [
        [-0.344736, 0.00425588, 0.000819044]
    ],
    "M_C14_M M_C14H14_M": [
        [-0.340129, 0.00419691, 0.000807696]
    ],
    "M_C15_M M_C15H151_M": [
        [-0.31692, 0.00504985, 0.000971844]
    ],
    "M_C15_M M_C15H152_M": [
        [-0.251058, 0.00546735, 0.00105219]
    ],
    "M_C16_M M_C16H161_M": [
        [-0.0573672, 0.0070617, 0.00135902]
    ],
    "M_C16_M M_C16H162_M": [
        [-0.163252, 0.00729398, 0.00140373]
    ],
    "M_C17_M M_C17H17_M": [
        [-0.331827, 0.00412668, 0.000794181]
    ],
    "M_C18_M M_C18H181_M": [
        [0.0970403, 0.00585575, 0.00112694]
    ],
    "M_C18_M M_C18H182_M": [
        [0.0977174, 0.00472394, 0.000909122]
    ],
    "M_C18_M M_C18H183_M": [
        [0.0970393, 0.00404151, 0.00077779]
    ],
    "M_C12_M M_C12H121_M": [
        [-0.0580931, 0.00769262, 0.00148045]
    ],
    "M_C12_M M_C12H122_M": [
        [-0.338131, 0.00394216, 0.000758668]
    ],
    "M_C11_M M_C11H111_M": [
        [-0.340838, 0.00390625, 0.000751758]
    ],
    "M_C11_M M_C11H112_M": [
        [-0.177624, 0.00579021, 0.00111433]
    ],
    "M_C9_M M_C9H9_M": [
        [-0.343078, 0.00415834, 0.000800272]
    ],
    "M_C19_M M_C19H191_M": [
        [0.0962552, 0.00892295, 0.00171722]
    ],
    "M_C19_M M_C19H192_M": [
        [0.0973535, 0.00796027, 0.00153195]
    ],
    "M_C19_M M_C19H193_M": [
        [0.101872, 0.00767304, 0.00147668]
    ],
    "M_C1_M M_C1H11_M": [
        [-0.162258, 0.00603307, 0.00116106]
    ],
    "M_C1_M M_C1H12_M": [
        [-0.306847, 0.00491172, 0.000945261]
    ],
    "M_C2_M M_C2H21_M": [
        [-0.186668, 0.00521446, 0.00100352]
    ],
    "M_C2_M M_C2H22_M": [
        [-0.295128, 0.00474728, 0.000913615]
    ],
    "M_C20_M M_C20H20_M": [
        [-0.318545, 0.00396915, 0.000763863]
    ],
    "M_C21_M M_C21H211_M": [
        [0.0795744, 0.00600856, 0.00115635]
    ],
    "M_C21_M M_C21H212_M": [
        [0.0769595, 0.00438687, 0.000844253]
    ],
    "M_C21_M M_C21H213_M": [
        [0.0809477, 0.00569816, 0.00109661]
    ],
    "M_C22_M M_C22H221_M": [
        [-0.100993, 0.0154319, 0.00296986]
    ],
    "M_C22_M M_C22H222_M": [
        [-0.275632, 0.00539255, 0.0010378]
    ],
    "M_C23_M M_C23H231_M": [
        [-0.0620974, 0.0111327, 0.00214248]
    ],
    "M_C23_M M_C23H232_M": [
        [-0.25361, 0.00477089, 0.000918159]
    ],
    "M_C24_M M_C24H241_M": [
        [-0.0830361, 0.00812622, 0.00156389]
    ],
    "M_C24_M M_C24H242_M": [
        [-0.208707, 0.00458384, 0.00088216]
    ],
    "M_C25_M M_C25H25_M": [
        [-0.106537, 0.00685529, 0.0013193]
    ],
    "M_C26_M M_C26H261_M": [
        [0.00802512, 0.00391676, 0.00075378]
    ],
    "M_C26_M M_C26H262_M": [
        [0.00721027, 0.00502713, 0.000967473]
    ],
    "M_C26_M M_C26H263_M": [
        [0.00691342, 0.00563403, 0.00108427]
    ],
    "M_C27_M M_C27H271_M": [
        [-0.00488152, 0.00449067, 0.000864231]
    ],
    "M_C27_M M_C27H272_M": [
        [-0.00451757, 0.00509496, 0.000980526]
    ],
    "M_C27_M M_C27H273_M": [
        [-0.00508186, 0.00480412, 0.000924552]
    ]
}