{
    "M_G1_M M_G1H1_M": [
        [-0.0786824, 0.0714869, 0.00506758]
    ],
    "M_G1_M M_G1H2_M": [
        [-0.158641, 0.0501548, 0.00355538]
    ],
    "M_G1C3_M M_G1C3H1_M": [
        [-0.220738, 0.0307639, 0.0021808]
    ],
    "M_G1C3_M M_G1C3H2_M": [
        [-0.223578, 0.0305769, 0.00216754]
    ],
    "M_G1C4_M M_G1C4H1_M": [
        [-0.178468, 0.0267551, 0.00189662]
    ],
    "M_G1C4_M M_G1C4H2_M": [
        [-0.189022, 0.0294463, 0.00208739]
    ],
    "M_G1C5_M M_G1C5H1_M": [
        [-0.212453, 0.0249507, 0.00176871]
    ],
    "M_G1C5_M M_G1C5H2_M": [
        [-0.217497, 0.0251384, 0.00178201]
    ],
    "M_G1C6_M M_G1C6H1_M": [
        [-0.193888, 0.0264614, 0.0018758]
    ],
    "M_G1C6_M M_G1C6H2_M": [
        [-0.195792, 0.0266539, 0.00188945]
    ],
    "M_G1C7_M M_G1C7H1_M": [
        [-0.205291, 0.0266161, 0.00188676]
    ],
    "M_G1C7_M M_G1C7H2_M": [
        [-0.205432, 0.0259002, 0.00183602]
    ],
    "M_G1C8_M M_G1C8H1_M": [
        [-0.187065, 0.0267137, 0.00189369]
    ],
    "M_G1C8_M M_G1C8H2_M": [
        [-0.187761, 0.0262859, 0.00186336]
    ],
    "M_G1C9_M M_G1C9H1_M": [
        [-0.183033, 0.0259893, 0.00184233]
    ],
    "M_G1C9_M M_G1C9H2_M": [
        [-0.182405, 0.027368, 0.00194007]
    ],
    "M_G1C10_M M_G1C10H1_M": [
        [-0.164079, 0.0255322, 0.00180993]
    ],
    "M_G1C10_M M_G1C10H2_M": [
        [-0.163494, 0.0266419, 0.0018886]
    ],
    "M_G1C11_M M_G1C11H1_M": [
        [-0.156534, 0.024215, 0.00171655]
    ],
    "M_G1C11_M M_G1C11H2_M": [
        [-0.155663, 0.024631, 0.00174605]
    ],
    "M_G1C12_M M_G1C12H1_M": [
        [-0.136211, 0.0224081, 0.00158847]
    ],
    "M_G1C12_M M_G1C12H2_M": [
        [-0.136445, 0.0223288, 0.00158285]
    ],
    "M_G1C13_M M_G1C13H1_M": [
        [-0.12409, 0.0215203, 0.00152553]
    ],
    "M_G1C13_M M_G1C13H2_M": [
        [-0.124072, 0.0207, 0.00146738]
    ],
    "M_G1C14_M M_G1C14H1_M": [
        [-0.104178, 0.0199138, 0.00141165]
    ],
    "M_G1C14_M M_G1C14H2_M": [
        [-0.105205, 0.0202044, 0.00143225]
    ],
    "M_G1C15_M M_G1C15H1_M": [
        [-0.0892533, 0.0174738, 0.00123868]
    ],
    "M_G1C15_M M_G1C15H2_M": [
        [-0.0898106, 0.016822, 0.00119248]
    ],
    "M_G1C16_M M_G1C16H1_M": [
        [-0.0663547, 0.0161607, 0.0011456]
    ],
    "M_G1C16_M M_G1C16H2_M": [
        [-0.0650869, 0.0146405, 0.00103784]
    ],
    "M_G1C17_M M_G1C17H1_M": [
        [-0.0206833, 0.0140725, 0.000997571]
    ],
    "M_G1C17_M M_G1C17H2_M": [
        [-0.0226588, 0.0151426, 0.00107343]
    ],
    "M_G1C17_M M_G1C17H3_M": [
        [-0.0214877, 0.0153018, 0.00108471]
    ],
    "M_G2_M M_G2H1_M": [
        [-0.0119847, 0.0911129, 0.00645882]
    ],
    "M_G2C3_M M_G2C3H1_M": [
        [-0.148121, 0.0360252, 0.00255376]
    ],
    "M_G2C3_M M_G2C3H2_M": [
        [-0.105969, 0.0468564, 0.00332156]
    ],
    "M_G2C4_M M_G2C4H1_M": [
        [-0.192965, 0.0343021, 0.00243161]
    ],
    "M_G2C4_M M_G2C4H2_M": [
        [-0.151152, 0.0415331, 0.00294421]
    ],
    "M_G2C5_M M_G2C5H1_M": [
        [-0.184525, 0.030967, 0.00219519]
    ],
    "M_G2C5_M M_G2C5H2_M": [
        [-0.177313, 0.0346726, 0.00245788]
    ],
    "M_G2C6_M M_G2C6H1_M": [
        [-0.187816, 0.0337154, 0.00239002]
    ],
    "M_G2C6_M M_G2C6H2_M": [
        [-0.184224, 0.0335795, 0.00238039]
    ],
    "M_G2C7_M M_G2C7H1_M": [
        [-0.169809, 0.0315364, 0.00223556]
    ],
    "M_G2C7_M M_G2C7H2_M": [
        [-0.169334, 0.0310743, 0.0022028]
    ],
    "M_G2C8_M M_G2C8H1_M": [
        [-0.166333, 0.0303923, 0.00215445]
    ],
    "M_G2C8_M M_G2C8H2_M": [
        [-0.164134, 0.0306809, 0.00217491]
    ],
    "M_G2C9_M M_G2C9H1_M": [
        [-0.119358, 0.0289949, 0.00205539]
    ],
    "M_G2C9_M M_G2C9H2_M": [
        [-0.122337, 0.0279495, 0.00198129]
    ],
    "M_G2C10_M M_G2C10H1_M": [
        [-0.0920822, 0.0288937, 0.00204822]
    ],
    "M_G2C11_M M_G2C11H1_M": [
        [-0.00174357, 0.0333581, 0.00236469]
    ],
    "M_G2C12_M M_G2C12H1_M": [
        [-0.0594671, 0.0278409, 0.00197359]
    ],
    "M_G2C12_M M_G2C12H2_M": [
        [-0.0568532, 0.0270414, 0.00191691]
    ],
    "M_G2C13_M M_G2C13H1_M": [
        [-0.09493, 0.0241739, 0.00171364]
    ],
    "M_G2C13_M M_G2C13H2_M": [
        [-0.0927264, 0.0245811, 0.00174251]
    ],
    "M_G2C14_M M_G2C14H1_M": [
        [-0.0935002, 0.0223088, 0.00158143]
    ],
    "M_G2C14_M M_G2C14H2_M": [
        [-0.0914147, 0.0238304, 0.00168929]
    ],
    "M_G2C15_M M_G2C15H1_M": [
        [-0.0997351, 0.023215, 0.00164567]
    ],
    "M_G2C15_M M_G2C15H2_M": [
        [-0.101807, 0.021506, 0.00152452]
    ],
    "M_G2C16_M M_G2C16H1_M": [
        [-0.0892955, 0.0204087, 0.00144674]
    ],
    "M_G2C16_M M_G2C16H2_M": [
        [-0.0903443, 0.0195677, 0.00138712]
    ],
    "M_G2C17_M M_G2C17H1_M": [
        [-0.0828548, 0.0177051, 0.00125508]
    ],
    "M_G2C17_M M_G2C17H2_M": [
        [-0.0833621, 0.018024, 0.00127769]
    ],
    "M_G2C18_M M_G2C18H1_M": [
        [-0.0592757, 0.0163344, 0.00115791]
    ],
    "M_G2C18_M M_G2C18H2_M": [
        [-0.0609525, 0.0149548, 0.00106012]
    ],
    "M_G2C19_M M_G2C19H1_M": [
        [-0.0200602, 0.0146524, 0.00103868]
    ],
    "M_G2C19_M M_G2C19H2_M": [
        [-0.0223041, 0.0157701, 0.00111791]
    ],
    "M_G2C19_M M_G2C19H3_M": [
        [-0.0202637, 0.014337, 0.00101633]
    ],
    "M_G3_M M_G3H1_M": [
        [-0.00484986, 0.0871516, 0.00617802]
    ],
    "M_G3_M M_G3H2_M": [
        [-0.00578466, 0.0622744, 0.00441452]
    ],
    "M_G3C4_M M_G3C4H1_M": [
        [0.0502508, 0.0350522, 0.00248479]
    ],
    "M_G3C4_M M_G3C4H2_M": [
        [0.045437, 0.0332521, 0.00235718]
    ],
    "M_G3C5_M M_G3C5H1_M": [
        [-0.0266459, 0.0324016, 0.00229689]
    ],
    "M_G3C5_M M_G3C5H2_M": [
        [-0.0575311, 0.0272672, 0.00193292]
    ],
    "M_G3N6C1_M M_G3N6C1H1_M": [
        [0.0142212, 0.0199902, 0.00141707]
    ],
    "M_G3N6C1_M M_G3N6C1H2_M": [
        [0.0130433, 0.0187202, 0.00132704]
    ],
    "M_G3N6C1_M M_G3N6C1H3_M": [
        [0.0155913, 0.020347, 0.00144236]
    ],
    "M_G3N6C2_M M_G3N6C2H1_M": [
        [0.0132732, 0.0195282, 0.00138431]
    ],
    "M_G3N6C2_M M_G3N6C2H2_M": [
        [0.0148336, 0.0196271, 0.00139133]
    ],
    "M_G3N6C2_M M_G3N6C2H3_M": [
        [0.0158953, 0.0196843, 0.00139539]
    ],
    "M_G3N6C3_M M_G3N6C3H1_M": [
        [0.0145969, 0.0190568, 0.0013509]
    ],
    "M_G3N6C3_M M_G3N6C3H2_M": [
        [0.0133664, 0.0205982, 0.00146017]
    ],
    "M_G3N6C3_M M_G3N6C3H3_M": [
        [0.0148763, 0.0205044, 0.00145351]
    ]
}