{
    "M_G1_M M_G1H1_M": [
        [-0.0860089, 0.0223348, 0.00158327]
    ],
    "M_G1_M M_G1H2_M": [
        [-0.138593, 0.020024, 0.00141946]
    ],
    "M_G1C3_M M_G1C3H1_M": [
        [-0.21243, 0.0113024, 0.000801206]
    ],
    "M_G1C3_M M_G1C3H2_M": [
        [-0.214047, 0.0116009, 0.000822363]
    ],
    "M_G1C4_M M_G1C4H1_M": [
        [-0.16117, 0.0115333, 0.000817571]
    ],
    "M_G1C4_M M_G1C4H2_M": [
        [-0.169822, 0.0126019, 0.000893326]
    ],
    "M_G1C5_M M_G1C5H1_M": [
        [-0.192201, 0.0108923, 0.000772134]
    ],
    "M_G1C5_M M_G1C5H2_M": [
        [-0.197817, 0.0110307, 0.000781947]
    ],
    "M_G1C6_M M_G1C6H1_M": [
        [-0.1702, 0.0117607, 0.000833694]
    ],
    "M_G1C6_M M_G1C6H2_M": [
        [-0.170107, 0.0110602, 0.000784036]
    ],
    "M_G1C7_M M_G1C7H1_M": [
        [-0.17922, 0.0110344, 0.000782211]
    ],
    "M_G1C7_M M_G1C7H2_M": [
        [-0.178458, 0.0110388, 0.00078252]
    ],
    "M_G1C8_M M_G1C8H1_M": [
        [-0.159992, 0.0113456, 0.000804271]
    ],
    "M_G1C8_M M_G1C8H2_M": [
        [-0.15873, 0.011614, 0.000823293]
    ],
    "M_G1C9_M M_G1C9H1_M": [
        [-0.155666, 0.0116797, 0.000827952]
    ],
    "M_G1C9_M M_G1C9H2_M": [
        [-0.155501, 0.0115822, 0.00082104]
    ],
    "M_G1C10_M M_G1C10H1_M": [
        [-0.135864, 0.0123087, 0.000872538]
    ],
    "M_G1C10_M M_G1C10H2_M": [
        [-0.136119, 0.0116961, 0.000829116]
    ],
    "M_G1C11_M M_G1C11H1_M": [
        [-0.126804, 0.0110282, 0.00078177]
    ],
    "M_G1C11_M M_G1C11H2_M": [
        [-0.125926, 0.0103695, 0.000735072]
    ],
    "M_G1C12_M M_G1C12H1_M": [
        [-0.107748, 0.0107214, 0.00076002]
    ],
    "M_G1C12_M M_G1C12H2_M": [
        [-0.108789, 0.00979987, 0.000694695]
    ],
    "M_G1C13_M M_G1C13H1_M": [
        [-0.0978693, 0.0102005, 0.000723091]
    ],
    "M_G1C13_M M_G1C13H2_M": [
        [-0.0977323, 0.010699, 0.000758429]
    ],
    "M_G1C14_M M_G1C14H1_M": [
        [-0.0804427, 0.00974936, 0.000691114]
    ],
    "M_G1C14_M M_G1C14H2_M": [
        [-0.0808288, 0.0106383, 0.00075413]
    ],
    "M_G1C15_M M_G1C15H1_M": [
        [-0.0678328, 0.00955088, 0.000677044]
    ],
    "M_G1C15_M M_G1C15H2_M": [
        [-0.06726, 0.00979093, 0.000694061]
    ],
    "M_G1C16_M M_G1C16H1_M": [
        [-0.0483553, 0.0100709, 0.000713908]
    ],
    "M_G1C16_M M_G1C16H2_M": [
        [-0.0467683, 0.00866616, 0.000614328]
    ],
    "M_G1C17_M M_G1C17H1_M": [
        [-0.0160586, 0.00985013, 0.000698257]
    ],
    "M_G1C17_M M_G1C17H2_M": [
        [-0.0156631, 0.00930903, 0.0006599]
    ],
    "M_G1C17_M M_G1C17H3_M": [
        [-0.0146248, 0.00949298, 0.00067294]
    ],
    "M_G2_M M_G2H1_M": [
        [-0.0265414, 0.0298054, 0.00211285]
    ],
    "M_G2C3_M M_G2C3H1_M": [
        [-0.142563, 0.0139633, 0.000989832]
    ],
    "M_G2C3_M M_G2C3H2_M": [
        [-0.101938, 0.0155211, 0.00110026]
    ],
    "M_G2C4_M M_G2C4H1_M": [
        [-0.176597, 0.0130974, 0.000928453]
    ],
    "M_G2C4_M M_G2C4H2_M": [
        [-0.145371, 0.0133032, 0.000943038]
    ],
    "M_G2C5_M M_G2C5H1_M": [
        [-0.168102, 0.0120862, 0.000856767]
    ],
    "M_G2C5_M M_G2C5H2_M": [
        [-0.162839, 0.0129622, 0.000918869]
    ],
    "M_G2C6_M M_G2C6H1_M": [
        [-0.167529, 0.0110923, 0.00078631]
    ],
    "M_G2C6_M M_G2C6H2_M": [
        [-0.166161, 0.0126662, 0.000897885]
    ],
    "M_G2C7_M M_G2C7H1_M": [
        [-0.149014, 0.0110249, 0.000781538]
    ],
    "M_G2C7_M M_G2C7H2_M": [
        [-0.14866, 0.0121939, 0.000864401]
    ],
    "M_G2C8_M M_G2C8H1_M": [
        [-0.144282, 0.0109875, 0.00077888]
    ],
    "M_G2C8_M M_G2C8H2_M": [
        [-0.145321, 0.0110809, 0.000785503]
    ],
    "M_G2C9_M M_G2C9H1_M": [
        [-0.105936, 0.0118883, 0.000842737]
    ],
    "M_G2C9_M M_G2C9H2_M": [
        [-0.105848, 0.0123483, 0.00087535]
    ],
    "M_G2C10_M M_G2C10H1_M": [
        [-0.0837446, 0.0125416, 0.00088905]
    ],
    "M_G2C11_M M_G2C11H1_M": [
        [-0.00372635, 0.0192815, 0.00136683]
    ],
    "M_G2C12_M M_G2C12H1_M": [
        [-0.048259, 0.0153879, 0.00109082]
    ],
    "M_G2C12_M M_G2C12H2_M": [
        [-0.0500794, 0.0143913, 0.00102017]
    ],
    "M_G2C13_M M_G2C13H1_M": [
        [-0.0797077, 0.0120528, 0.000854398]
    ],
    "M_G2C13_M M_G2C13H2_M": [
        [-0.0806588, 0.0112619, 0.000798334]
    ],
    "M_G2C14_M M_G2C14H1_M": [
        [-0.0740021, 0.0106575, 0.000755491]
    ],
    "M_G2C14_M M_G2C14H2_M": [
        [-0.0743857, 0.0117536, 0.000833187]
    ],
    "M_G2C15_M M_G2C15H1_M": [
        [-0.0789596, 0.0106504, 0.000754984]
    ],
    "M_G2C15_M M_G2C15H2_M": [
        [-0.0806863, 0.00991657, 0.000702967]
    ],
    "M_G2C16_M M_G2C16H1_M": [
        [-0.0685735, 0.0101246, 0.000717717]
    ],
    "M_G2C16_M M_G2C16H2_M": [
        [-0.0679746, 0.0104587, 0.000741401]
    ],
    "M_G2C17_M M_G2C17H1_M": [
        [-0.0628851, 0.00998141, 0.000707563]
    ],
    "M_G2C17_M M_G2C17H2_M": [
        [-0.0617049, 0.0101781, 0.000721507]
    ],
    "M_G2C18_M M_G2C18H1_M": [
        [-0.046055, 0.0105362, 0.000746895]
    ],
    "M_G2C18_M M_G2C18H2_M": [
        [-0.0436596, 0.0097162, 0.000688763]
    ],
    "M_G2C19_M M_G2C19H1_M": [
        [-0.0154448, 0.0100531, 0.000712643]
    ],
    "M_G2C19_M M_G2C19H2_M": [
        [-0.0142855, 0.00946751, 0.000671134]
    ],
    "M_G2C19_M M_G2C19H3_M": [
        [-0.0144173, 0.00980656, 0.000695168]
    ],
    "M_G3_M M_G3H1_M": [
        [-0.0109555, 0.0274927, 0.0019489]
    ],
    "M_G3_M M_G3H2_M": [
        [-0.0199479, 0.0219694, 0.00155737]
    ],
    "M_G3C4_M M_G3C4H1_M": [
        [0.0468243, 0.0123607, 0.00087623]
    ],
    "M_G3C4_M M_G3C4H2_M": [
        [0.0425747, 0.0132684, 0.000940573]
    ],
    "M_G3C5_M M_G3C5H1_M": [
        [-0.0179739, 0.0122237, 0.000866514]
    ],
    "M_G3C5_M M_G3C5H2_M": [
        [-0.0409929, 0.0110394, 0.000782561]
    ],
    "M_G3N6C1_M M_G3N6C1H1_M": [
        [0.0133208, 0.0107768, 0.000763944]
    ],
    "M_G3N6C1_M M_G3N6C1H2_M": [
        [0.0117362, 0.00990071, 0.000701843]
    ],
    "M_G3N6C1_M M_G3N6C1H3_M": [
        [0.0117062, 0.01112, 0.000788276]
    ],
    "M_G3N6C2_M M_G3N6C2H1_M": [
        [0.0117827, 0.0109597, 0.000776915]
    ],
    "M_G3N6C2_M M_G3N6C2H2_M": [
        [0.0117878, 0.0115892, 0.000821535]
    ],
    "M_G3N6C2_M M_G3N6C2H3_M": [
        [0.011736, 0.00997412, 0.000707047]
    ],
    "M_G3N6C3_M M_G3N6C3H1_M": [
        [0.0112446, 0.0107871, 0.000764677]
    ],
    "M_G3N6C3_M M_G3N6C3H2_M": [
        [0.0122953, 0.0106714, 0.000756475]
    ],
    "M_G3N6C3_M M_G3N6C3H3_M": [
        [0.0125161, 0.0101314, 0.000718195]
    ]
}