{
    "M_G1_M M_G1H1_M": [
        [-0.19742, 0.0642301, 0.0056995]
    ],
    "M_G1_M M_G1H2_M": [
        [0.027915, 0.0748562, 0.00664241]
    ],
    "M_G1C3_M M_G1C3H1_M": [
        [-0.214838, 0.0303425, 0.00269246]
    ],
    "M_G1C3_M M_G1C3H2_M": [
        [-0.230157, 0.0244819, 0.00217242]
    ],
    "M_G1C4_M M_G1C4H1_M": [
        [-0.168997, 0.0214739, 0.0019055]
    ],
    "M_G1C4_M M_G1C4H2_M": [
        [-0.172598, 0.0200391, 0.00177818]
    ],
    "M_G1C5_M M_G1C5H1_M": [
        [-0.210046, 0.0196008, 0.00173929]
    ],
    "M_G1C5_M M_G1C5H2_M": [
        [-0.206581, 0.0189581, 0.00168226]
    ],
    "M_G1C6_M M_G1C6H1_M": [
        [-0.207677, 0.0177092, 0.00157144]
    ],
    "M_G1C6_M M_G1C6H2_M": [
        [-0.208328, 0.0186513, 0.00165504]
    ],
    "M_G1C7_M M_G1C7H1_M": [
        [-0.21996, 0.0185206, 0.00164344]
    ],
    "M_G1C7_M M_G1C7H2_M": [
        [-0.219063, 0.0188279, 0.00167071]
    ],
    "M_G1C8_M M_G1C8H1_M": [
        [-0.209949, 0.0176057, 0.00156225]
    ],
    "M_G1C8_M M_G1C8H2_M": [
        [-0.210504, 0.0184114, 0.00163375]
    ],
    "M_G1C9_M M_G1C9H1_M": [
        [-0.208716, 0.0170588, 0.00151372]
    ],
    "M_G1C9_M M_G1C9H2_M": [
        [-0.209958, 0.0178439, 0.00158339]
    ],
    "M_G1C10_M M_G1C10H1_M": [
        [-0.193073, 0.0167281, 0.00148438]
    ],
    "M_G1C10_M M_G1C10H2_M": [
        [-0.193067, 0.0163815, 0.00145363]
    ],
    "M_G1C11_M M_G1C11H1_M": [
        [-0.183549, 0.0155403, 0.00137897]
    ],
    "M_G1C11_M M_G1C11H2_M": [
        [-0.184529, 0.0160409, 0.0014234]
    ],
    "M_G1C12_M M_G1C12H1_M": [
        [-0.163423, 0.0145669, 0.00129261]
    ],
    "M_G1C12_M M_G1C12H2_M": [
        [-0.164805, 0.014178, 0.00125809]
    ],
    "M_G1C13_M M_G1C13H1_M": [
        [-0.150032, 0.0128939, 0.00114415]
    ],
    "M_G1C13_M M_G1C13H2_M": [
        [-0.150193, 0.0124927, 0.00110854]
    ],
    "M_G1C14_M M_G1C14H1_M": [
        [-0.12695, 0.0111699, 0.000991167]
    ],
    "M_G1C14_M M_G1C14H2_M": [
        [-0.126236, 0.0106898, 0.000948567]
    ],
    "M_G1C15_M M_G1C15H1_M": [
        [-0.108403, 0.00891569, 0.00079114]
    ],
    "M_G1C15_M M_G1C15H2_M": [
        [-0.106715, 0.00868281, 0.000770475]
    ],
    "M_G1C16_M M_G1C16H1_M": [
        [-0.0772305, 0.00777693, 0.000690091]
    ],
    "M_G1C16_M M_G1C16H2_M": [
        [-0.0758844, 0.00762477, 0.000676589]
    ],
    "M_G1C17_M M_G1C17H1_M": [
        [-0.0228604, 0.00412471, 0.000366009]
    ],
    "M_G1C17_M M_G1C17H2_M": [
        [-0.0236383, 0.00475333, 0.00042179]
    ],
    "M_G1C17_M M_G1C17H3_M": [
        [-0.0228055, 0.00467985, 0.00041527]
    ],
    "M_G2_M M_G2H1_M": [
        [-0.196015, 0.0794841, 0.00705307]
    ],
    "M_G2C3_M M_G2C3H1_M": [
        [-0.214838, 0.0303425, 0.00269246]
    ],
    "M_G2C3_M M_G2C3H2_M": [
        [-0.230157, 0.0244819, 0.00217242]
    ],
    "M_G2C4_M M_G2C4H1_M": [
        [-0.168997, 0.0214739, 0.0019055]
    ],
    "M_G2C4_M M_G2C4H2_M": [
        [-0.172598, 0.0200391, 0.00177818]
    ],
    "M_G2C5_M M_G2C5H1_M": [
        [-0.210046, 0.0196008, 0.00173929]
    ],
    "M_G2C5_M M_G2C5H2_M": [
        [-0.206581, 0.0189581, 0.00168226]
    ],
    "M_G2C6_M M_G2C6H1_M": [
        [-0.207677, 0.0177092, 0.00157144]
    ],
    "M_G2C6_M M_G2C6H2_M": [
        [-0.208328, 0.0186513, 0.00165504]
    ],
    "M_G2C7_M M_G2C7H1_M": [
        [-0.21996, 0.0185206, 0.00164344]
    ],
    "M_G2C7_M M_G2C7H2_M": [
        [-0.219063, 0.0188279, 0.00167071]
    ],
    "M_G2C8_M M_G2C8H1_M": [
        [-0.209949, 0.0176057, 0.00156225]
    ],
    "M_G2C8_M M_G2C8H2_M": [
        [-0.210504, 0.0184114, 0.00163375]
    ],
    "M_G2C9_M M_G2C9H1_M": [
        [-0.208716, 0.0170588, 0.00151372]
    ],
    "M_G2C9_M M_G2C9H2_M": [
        [-0.209958, 0.0178439, 0.00158339]
    ],
    "M_G2C10_M M_G2C10H1_M": [
        [-0.193073, 0.0167281, 0.00148438]
    ],
    "M_G2C11_M M_G2C11H1_M": [
        [-0.183549, 0.0155403, 0.00137897]
    ],
    "M_G2C12_M M_G2C12H1_M": [
        [-0.163423, 0.0145669, 0.00129261]
    ],
    "M_G2C12_M M_G2C12H2_M": [
        [-0.164805, 0.014178, 0.00125809]
    ],
    "M_G2C13_M M_G2C13H1_M": [
        [-0.150032, 0.0128939, 0.00114415]
    ],
    "M_G2C13_M M_G2C13H2_M": [
        [-0.150193, 0.0124927, 0.00110854]
    ],
    "M_G2C14_M M_G2C14H1_M": [
        [-0.12695, 0.0111699, 0.000991167]
    ],
    "M_G2C14_M M_G2C14H2_M": [
        [-0.126236, 0.0106898, 0.000948567]
    ],
    "M_G2C15_M M_G2C15H1_M": [
        [-0.108403, 0.00891569, 0.00079114]
    ],
    "M_G2C15_M M_G2C15H2_M": [
        [-0.106715, 0.00868281, 0.000770475]
    ],
    "M_G2C16_M M_G2C16H1_M": [
        [-0.0772305, 0.00777693, 0.000690091]
    ],
    "M_G2C16_M M_G2C16H2_M": [
        [-0.0758844, 0.00762477, 0.000676589]
    ],
    "M_G2C17_M M_G2C17H1_M": [
        [-0.0228604, 0.00412471, 0.000366009]
    ],
    "M_G2C17_M M_G2C17H2_M": [
        [-0.0236383, 0.00475333, 0.00042179]
    ],
    "M_G2C18_M M_G2C18H1_M": [
        [-0.0696893, 0.00859047, 0.000762281]
    ],
    "M_G2C18_M M_G2C18H2_M": [
        [-0.070223, 0.00838813, 0.000744326]
    ],
    "M_G2C19_M M_G2C19H1_M": [
        [-0.0230965, 0.00443808, 0.000393815]
    ],
    "M_G2C19_M M_G2C19H2_M": [
        [-0.0229716, 0.00452815, 0.000401809]
    ],
    "M_G2C19_M M_G2C19H3_M": [
        [-0.0228767, 0.00438041, 0.000388699]
    ],
    "M_G3_M M_G3H1_M": [
        [-0.114056, 0.084485, 0.00749683]
    ],
    "M_G3_M M_G3H2_M": [
        [-0.114455, 0.0658627, 0.00584437]
    ],
    "M_G3C4_M M_G3C4H1_M": [
        [-0.038315, 0.0396586, 0.00351913]
    ],
    "M_G3C4_M M_G3C4H2_M": [
        [-0.0394927, 0.0384888, 0.00341533]
    ],
    "M_G3C5_M M_G3C5H1_M": [
        [-0.0493449, 0.0274908, 0.00243941]
    ],
    "M_G3C5_M M_G3C5H2_M": [
        [-0.0567873, 0.0206506, 0.00183245]
    ],
    "M_G3N6C1_M M_G3N6C1H1_M": [
        [0.00741557, 0.0054327, 0.000482074]
    ],
    "M_G3N6C1_M M_G3N6C1H2_M": [
        [0.00748588, 0.00482488, 0.000428139]
    ],
    "M_G3N6C1_M M_G3N6C1H3_M": [
        [0.00796522, 0.00501046, 0.000444606]
    ],
    "M_G3N6C2_M M_G3N6C2H1_M": [
        [0.00819053, 0.00498517, 0.000442362]
    ],
    "M_G3N6C2_M M_G3N6C2H2_M": [
        [0.00722473, 0.00560021, 0.000496938]
    ],
    "M_G3N6C2_M M_G3N6C2H3_M": [
        [0.00696138, 0.00512826, 0.000455059]
    ],
    "M_G3N6C3_M M_G3N6C3H1_M": [
        [0.0077541, 0.00496122, 0.000440237]
    ],
    "M_G3N6C3_M M_G3N6C3H2_M": [
        [0.00796392, 0.00478386, 0.000424499]
    ],
    "M_G3N6C3_M M_G3N6C3H3_M": [
        [0.00788571, 0.00573344, 0.00050876]
    ]
}