{
    "M_G1_M M_G1H1_M": [
        [-0.238551, 0.154692, 0.0137267]
    ],
    "M_G1_M M_G1H2_M": [
        [-0.00694844, 0.187693, 0.016655]
    ],
    "M_G1C3_M M_G1C3H1_M": [
        [-0.25699, 0.0922105, 0.00818236]
    ],
    "M_G1C3_M M_G1C3H2_M": [
        [-0.261071, 0.104633, 0.0092847]
    ],
    "M_G1C4_M M_G1C4H1_M": [
        [-0.222092, 0.074428, 0.00660442]
    ],
    "M_G1C4_M M_G1C4H2_M": [
        [-0.214069, 0.0707291, 0.0062762]
    ],
    "M_G1C5_M M_G1C5H1_M": [
        [-0.239999, 0.0545168, 0.00483759]
    ],
    "M_G1C5_M M_G1C5H2_M": [
        [-0.232141, 0.0508011, 0.00450787]
    ],
    "M_G1C6_M M_G1C6H1_M": [
        [-0.225928, 0.0458475, 0.00406831]
    ],
    "M_G1C6_M M_G1C6H2_M": [
        [-0.220128, 0.0438824, 0.00389393]
    ],
    "M_G1C7_M M_G1C7H1_M": [
        [-0.219295, 0.0413681, 0.00367083]
    ],
    "M_G1C7_M M_G1C7H2_M": [
        [-0.219529, 0.0402363, 0.0035704]
    ],
    "M_G1C8_M M_G1C8H1_M": [
        [-0.212257, 0.0390442, 0.00346461]
    ],
    "M_G1C8_M M_G1C8H2_M": [
        [-0.211948, 0.0371517, 0.00329668]
    ],
    "M_G1C9_M M_G1C9H1_M": [
        [-0.208593, 0.0377989, 0.00335411]
    ],
    "M_G1C9_M M_G1C9H2_M": [
        [-0.207926, 0.0362886, 0.00322009]
    ],
    "M_G1C10_M M_G1C10H1_M": [
        [-0.194222, 0.0362558, 0.00321718]
    ],
    "M_G1C10_M M_G1C10H2_M": [
        [-0.194405, 0.0346257, 0.00307253]
    ],
    "M_G1C11_M M_G1C11H1_M": [
        [-0.18465, 0.0325005, 0.00288396]
    ],
    "M_G1C11_M M_G1C11H2_M": [
        [-0.184, 0.0313084, 0.00277817]
    ],
    "M_G1C12_M M_G1C12H1_M": [
        [-0.166198, 0.0298398, 0.00264785]
    ],
    "M_G1C12_M M_G1C12H2_M": [
        [-0.165651, 0.0291964, 0.00259076]
    ],
    "M_G1C13_M M_G1C13H1_M": [
        [-0.151259, 0.0251224, 0.00222925]
    ],
    "M_G1C13_M M_G1C13H2_M": [
        [-0.151119, 0.0249131, 0.00221068]
    ],
    "M_G1C14_M M_G1C14H1_M": [
        [-0.130645, 0.0234063, 0.00207698]
    ],
    "M_G1C14_M M_G1C14H2_M": [
        [-0.130633, 0.023013, 0.00204208]
    ],
    "M_G1C15_M M_G1C15H1_M": [
        [-0.111716, 0.0200068, 0.00177531]
    ],
    "M_G1C15_M M_G1C15H2_M": [
        [-0.111938, 0.0189919, 0.00168526]
    ],
    "M_G1C16_M M_G1C16H1_M": [
        [-0.0873439, 0.0169135, 0.00150083]
    ],
    "M_G1C16_M M_G1C16H2_M": [
        [-0.0876493, 0.0164121, 0.00145634]
    ],
    "M_G1C17_M M_G1C17H1_M": [
        [-0.0281742, 0.00750537, 0.000665994]
    ],
    "M_G1C17_M M_G1C17H2_M": [
        [-0.0280994, 0.00760028, 0.000674416]
    ],
    "M_G1C17_M M_G1C17H3_M": [
        [-0.0275803, 0.00743082, 0.000659379]
    ],
    "M_G2_M M_G2H1_M": [
        [-0.259649, 0.137569, 0.0122072]
    ],
    "M_G2C3_M M_G2C3H1_M": [
        [-0.153814, 0.148395, 0.0131679]
    ],
    "M_G2C3_M M_G2C3H2_M": [
        [0.124333, 0.168373, 0.0149407]
    ],
    "M_G2C4_M M_G2C4H1_M": [
        [-0.17907, 0.121049, 0.0107414]
    ],
    "M_G2C4_M M_G2C4H2_M": [
        [-0.0429635, 0.162857, 0.0144512]
    ],
    "M_G2C5_M M_G2C5H1_M": [
        [-0.18324, 0.0830197, 0.00736681]
    ],
    "M_G2C5_M M_G2C5H2_M": [
        [-0.143229, 0.106753, 0.00947279]
    ],
    "M_G2C6_M M_G2C6H1_M": [
        [-0.188377, 0.0725793, 0.00644037]
    ],
    "M_G2C6_M M_G2C6H2_M": [
        [-0.170874, 0.0907529, 0.00805302]
    ],
    "M_G2C7_M M_G2C7H1_M": [
        [-0.165416, 0.0612352, 0.00543374]
    ],
    "M_G2C7_M M_G2C7H2_M": [
        [-0.166437, 0.0618207, 0.0054857]
    ],
    "M_G2C8_M M_G2C8H1_M": [
        [-0.167665, 0.0547344, 0.00485689]
    ],
    "M_G2C8_M M_G2C8H2_M": [
        [-0.168614, 0.0518799, 0.00460359]
    ],
    "M_G2C9_M M_G2C9H1_M": [
        [-0.115107, 0.0445787, 0.00395572]
    ],
    "M_G2C9_M M_G2C9H2_M": [
        [-0.11567, 0.0454647, 0.00403434]
    ],
    "M_G2C10_M M_G2C10H1_M": [
        [-0.107206, 0.0458093, 0.00406492]
    ],
    "M_G2C11_M M_G2C11H1_M": [
        [-0.0684695, 0.0384377, 0.00341079]
    ],
    "M_G2C12_M M_G2C12H1_M": [
        [-0.0778671, 0.0326559, 0.00289774]
    ],
    "M_G2C12_M M_G2C12H2_M": [
        [-0.0818031, 0.0313858, 0.00278504]
    ],
    "M_G2C13_M M_G2C13H1_M": [
        [-0.123833, 0.0274838, 0.00243879]
    ],
    "M_G2C13_M M_G2C13H2_M": [
        [-0.123793, 0.0286805, 0.00254498]
    ],
    "M_G2C14_M M_G2C14H1_M": [
        [-0.122624, 0.0270053, 0.00239633]
    ],
    "M_G2C14_M M_G2C14H2_M": [
        [-0.123679, 0.0276256, 0.00245137]
    ],
    "M_G2C15_M M_G2C15H1_M": [
        [-0.134145, 0.0267821, 0.00237653]
    ],
    "M_G2C15_M M_G2C15H2_M": [
        [-0.133788, 0.0278061, 0.0024674]
    ],
    "M_G2C16_M M_G2C16H1_M": [
        [-0.117004, 0.0250719, 0.00222477]
    ],
    "M_G2C16_M M_G2C16H2_M": [
        [-0.117036, 0.0252226, 0.00223814]
    ],
    "M_G2C17_M M_G2C17H1_M": [
        [-0.108105, 0.0213929, 0.00189831]
    ],
    "M_G2C17_M M_G2C17H2_M": [
        [-0.108773, 0.0215277, 0.00191028]
    ],
    "M_G2C18_M M_G2C18H1_M": [
        [-0.0838048, 0.0174892, 0.00155191]
    ],
    "M_G2C18_M M_G2C18H2_M": [
        [-0.0843286, 0.0176895, 0.00156969]
    ],
    "M_G2C19_M M_G2C19H1_M": [
        [-0.0314358, 0.0058295, 0.000517285]
    ],
    "M_G2C19_M M_G2C19H2_M": [
        [-0.0317548, 0.00563642, 0.000500152]
    ],
    "M_G2C19_M M_G2C19H3_M": [
        [-0.0317216, 0.00566749, 0.000502908]
    ],
    "M_G3_M M_G3H1_M": [
        [-0.161102, 0.137861, 0.0122332]
    ],
    "M_G3_M M_G3H2_M": [
        [-0.196593, 0.117308, 0.0104094]
    ],
    "M_G3C4_M M_G3C4H1_M": [
        [-0.0785312, 0.236537, 0.0209893]
    ],
    "M_G3C4_M M_G3C4H2_M": [
        [0.0914553, 0.224349, 0.0199077]
    ],
    "M_G3C5_M M_G3C5H1_M": [
        [-0.0133145, 0.270142, 0.0239712]
    ],
    "M_G3C5_M M_G3C5H2_M": [
        [-0.143367, 0.163959, 0.014549]
    ],
    "M_G3N6C1_M M_G3N6C1H1_M": [
        [0.00621952, 0.0329711, 0.00292572]
    ],
    "M_G3N6C1_M M_G3N6C1H2_M": [
        [0.00579077, 0.0319336, 0.00283365]
    ],
    "M_G3N6C1_M M_G3N6C1H3_M": [
        [0.00587687, 0.0335949, 0.00298106]
    ],
    "M_G3N6C2_M M_G3N6C2H1_M": [
        [0.00605538, 0.0320213, 0.00284143]
    ],
    "M_G3N6C2_M M_G3N6C2H2_M": [
        [0.00540816, 0.0315556, 0.00280011]
    ],
    "M_G3N6C2_M M_G3N6C2H3_M": [
        [0.00516917, 0.0312981, 0.00277726]
    ],
    "M_G3N6C3_M M_G3N6C3H1_M": [
        [0.000972264, 0.0332038, 0.00294636]
    ],
    "M_G3N6C3_M M_G3N6C3H2_M": [
        [-0.000160663, 0.0342501, 0.0030392]
    ],
    "M_G3N6C3_M M_G3N6C3H3_M": [
        [0.000116089, 0.0327296, 0.00290428]
    ]
}