{
    "M_C26_M M_C26H261_M": [
        [0.0132298, 0.0169132, 0.00117555]
    ],
    "M_C26_M M_C26H262_M": [
        [0.0174071, 0.0182637, 0.00126941]
    ],
    "M_C26_M M_C26H263_M": [
        [0.0142959, 0.0171445, 0.00119163]
    ],
    "M_C27_M M_C27H271_M": [
        [-0.0280758, 0.0245209, 0.00170432]
    ],
    "M_C27_M M_C27H272_M": [
        [-0.0273624, 0.0209133, 0.00145357]
    ],
    "M_C27_M M_C27H273_M": [
        [-0.0299033, 0.0220713, 0.00153406]
    ],
    "M_C27_M M_C25H25_M": [
        [-0.5, 0, 0]
    ],
    "M_C28_M M_C28H281_M": [
        [0.0972157, 0.0189065, 0.00131409]
    ],
    "M_C28_M M_C28H282_M": [
        [0.0975618, 0.0203296, 0.00141301]
    ],
    "M_C28_M M_C28H283_M": [
        [0.0976118, 0.0211285, 0.00146853]
    ],
    "M_C28_M M_C24H24_M": [
        [-0.5, 0, 0]
    ],
    "M_C23_M M_C23H23_M": [
        [-0.382952, 0.0342905, 0.00238335]
    ],
    "M_C22_M M_C22H22_M": [
        [-0.386648, 0.0343902, 0.00239029]
    ],
    "M_C21_M M_C21H211_M": [
        [0.117654, 0.0245076, 0.00170339]
    ],
    "M_C21_M M_C21H212_M": [
        [0.118934, 0.0246497, 0.00171327]
    ],
    "M_C21_M M_C21H213_M": [
        [0.117122, 0.0254496, 0.00176887]
    ],
    "M_C21_M M_C20H20_M": [
        [-0.5, 0, 0]
    ],
    "M_C17_M M_C17H17_M": [
        [-0.435922, 0.0255062, 0.00177281]
    ],
    "M_C16_M M_C16H161_M": [
        [-0.101643, 0.0359771, 0.00250058]
    ],
    "M_C16_M M_C16H162_M": [
        [-0.134636, 0.0402159, 0.0027952]
    ],
    "M_C15_M M_C15H151_M": [
        [-0.395352, 0.0368927, 0.00256422]
    ],
    "M_C15_M M_C15H152_M": [
        [-0.379704, 0.0290124, 0.0020165]
    ],
    "M_C14_M M_C14H14_M": [
        [-0.440896, 0.0254401, 0.00176821]
    ],
    "M_C18_M M_C18H181_M": [
        [0.130237, 0.0313576, 0.0021795]
    ],
    "M_C18_M M_C18H182_M": [
        [0.130762, 0.0320052, 0.00222451]
    ],
    "M_C18_M M_C18H183_M": [
        [0.125606, 0.0310851, 0.00216056]
    ],
    "M_C12_M M_C12H121_M": [
        [-0.427246, 0.0259082, 0.00180074]
    ],
    "M_C12_M M_C12H122_M": [
        [-0.148259, 0.0463708, 0.00322299]
    ],
    "M_C11_M M_C11H111_M": [
        [-0.240357, 0.0409365, 0.00284528]
    ],
    "M_C11_M M_C11H112_M": [
        [-0.437525, 0.0269422, 0.00187261]
    ],
    "M_C9_M M_C9H9_M": [
        [-0.433822, 0.0265395, 0.00184462]
    ],
    "M_C7_M M_C7H7_M": [
        [-0.154779, 0.0455813, 0.00316812]
    ],
    "M_C6_M M_C6H6_M": [
        [-0.0860605, 0.0494707, 0.00343845]
    ],
    "M_C19_M M_C19H191_M": [
        [0.132845, 0.02638, 0.00183353]
    ],
    "M_C19_M M_C19H192_M": [
        [0.130817, 0.0266791, 0.00185433]
    ],
    "M_C19_M M_C19H193_M": [
        [0.128125, 0.0277736, 0.0019304]
    ],
    "M_C1_M M_C1H11_M": [
        [-0.403689, 0.0284477, 0.00197725]
    ],
    "M_C1_M M_C1H12_M": [
        [-0.2577, 0.04355, 0.00302693]
    ],
    "M_C2_M M_C2H21_M": [
        [-0.380801, 0.0298773, 0.00207662]
    ],
    "M_C2_M M_C2H22_M": [
        [-0.208299, 0.04256, 0.00295813]
    ],
    "M_C4_M M_C4H41_M": [
        [-0.264903, 0.0429925, 0.00298818]
    ],
    "M_C4_M M_C4H42_M": [
        [-0.319677, 0.0337552, 0.00234615]
    ]
}