{
    "M_N1C2_M M_N1C2H1_M": [
        [-0.249458, 0.107732, 0.00534006]
    ],
    "M_N1C2_M M_N1C2H2_M": [
        [-0.229608, 0.0930561, 0.00461262]
    ],
    "M_N1C3_M M_N1C3H1_M": [
        [-0.340394, 0.0623136, 0.00308877]
    ],
    "M_N1C3_M M_N1C3H2_M": [
        [-0.325788, 0.0634388, 0.00314455]
    ],
    "M_N1C4_M M_N1C4H1_M": [
        [-0.332937, 0.0624236, 0.00309422]
    ],
    "M_N1C4_M M_N1C4H2_M": [
        [-0.324491, 0.0655434, 0.00324886]
    ],
    "M_N1C5_M M_N1C5H1_M": [
        [-0.36005, 0.053319, 0.00264293]
    ],
    "M_N1C5_M M_N1C5H2_M": [
        [-0.362289, 0.0512781, 0.00254176]
    ],
    "M_N1C6_M M_N1C6H1_M": [
        [-0.364221, 0.0534214, 0.002648]
    ],
    "M_N1C6_M M_N1C6H2_M": [
        [-0.366367, 0.0525416, 0.00260439]
    ],
    "M_N1C7_M M_N1C7H1_M": [
        [-0.377358, 0.0509165, 0.00252384]
    ],
    "M_N1C7_M M_N1C7H2_M": [
        [-0.378744, 0.0505392, 0.00250513]
    ],
    "M_N1C8_M M_N1C8H1_M": [
        [-0.374893, 0.0533875, 0.00264632]
    ],
    "M_N1C8_M M_N1C8H2_M": [
        [-0.376051, 0.0526399, 0.00260926]
    ],
    "M_N1C9_M M_N1C9H1_M": [
        [-0.377341, 0.0527085, 0.00261267]
    ],
    "M_N1C9_M M_N1C9H2_M": [
        [-0.376979, 0.0529574, 0.002625]
    ],
    "M_N1C10_M M_N1C10H1_M": [
        [-0.368381, 0.0561966, 0.00278556]
    ],
    "M_N1C10_M M_N1C10H2_M": [
        [-0.368192, 0.0557265, 0.00276226]
    ],
    "M_N1C11_M M_N1C11H1_M": [
        [-0.362505, 0.0563762, 0.00279447]
    ],
    "M_N1C11_M M_N1C11H2_M": [
        [-0.362686, 0.0570641, 0.00282856]
    ],
    "M_N1C12_M M_N1C12H1_M": [
        [-0.344945, 0.0606768, 0.00300764]
    ],
    "M_N1C12_M M_N1C12H2_M": [
        [-0.344528, 0.0610504, 0.00302615]
    ],
    "M_N1C13_M M_N1C13H1_M": [
        [-0.324708, 0.0620598, 0.00307619]
    ],
    "M_N1C13_M M_N1C13H2_M": [
        [-0.324828, 0.061819, 0.00306425]
    ],
    "M_N1C14_M M_N1C14H1_M": [
        [-0.282052, 0.0630882, 0.00312717]
    ],
    "M_N1C14_M M_N1C14H2_M": [
        [-0.281227, 0.0639399, 0.00316938]
    ],
    "M_N1C15_M M_N1C15H1_M": [
        [-0.221852, 0.0554413, 0.00274812]
    ],
    "M_N1C15_M M_N1C15H2_M": [
        [-0.221628, 0.0549442, 0.00272348]
    ],
    "M_N1C16_M M_N1C16H1_M": [
        [-0.0500094, 0.0195378, 0.000968452]
    ],
    "M_N1C16_M M_N1C16H2_M": [
        [-0.0500899, 0.0189085, 0.000937258]
    ],
    "M_N1C16_M M_N1C16H3_M": [
        [-0.0505206, 0.0183403, 0.000909097]
    ],
    "M_G2_M M_G2H1_M": [
        [-0.292137, 0.150536, 0.00746181]
    ],
    "M_G2C1_M M_G2C1H1_M": [
        [-0.246674, 0.198141, 0.00982149]
    ],
    "M_G2C2_M M_G2C2H1_M": [
        [-0.303676, 0.15208, 0.00753834]
    ],
    "M_G2C3_M M_G2C3H1_M": [
        [-0.305545, 0.146178, 0.00724577]
    ],
    "M_G2C4_M M_G2C4H1_M": [
        [-0.338066, 0.0798781, 0.00395941]
    ],
    "M_G2C4_M M_G2C4H2_M": [
        [-0.336908, 0.0926564, 0.00459281]
    ],
    "M_G2C5_M M_G2C5H1_M": [
        [-0.333916, 0.0613855, 0.00304276]
    ],
    "M_G2C5_M M_G2C5H2_M": [
        [-0.337191, 0.0596726, 0.00295786]
    ],
    "M_G2C6_M M_G2C6H1_M": [
        [-0.364423, 0.0579937, 0.00287464]
    ],
    "M_G2C6_M M_G2C6H2_M": [
        [-0.363232, 0.0591182, 0.00293038]
    ],
    "M_G2C7_M M_G2C7H1_M": [
        [-0.369028, 0.0556994, 0.00276091]
    ],
    "M_G2C7_M M_G2C7H2_M": [
        [-0.368219, 0.0567361, 0.0028123]
    ],
    "M_G2C8_M M_G2C8H1_M": [
        [-0.377291, 0.0547908, 0.00271588]
    ],
    "M_G2C8_M M_G2C8H2_M": [
        [-0.37782, 0.054741, 0.00271341]
    ],
    "M_G2C9_M M_G2C9H1_M": [
        [-0.374653, 0.0566311, 0.0028071]
    ],
    "M_G2C9_M M_G2C9H2_M": [
        [-0.374737, 0.056476, 0.00279941]
    ],
    "M_G2C10_M M_G2C10H1_M": [
        [-0.374723, 0.0570765, 0.00282918]
    ],
    "M_G2C10_M M_G2C10H2_M": [
        [-0.374339, 0.0571022, 0.00283045]
    ],
    "M_G2C11_M M_G2C11H1_M": [
        [-0.365523, 0.0596143, 0.00295497]
    ],
    "M_G2C11_M M_G2C11H2_M": [
        [-0.365428, 0.0592582, 0.00293732]
    ],
    "M_G2C12_M M_G2C12H1_M": [
        [-0.357275, 0.0603967, 0.00299375]
    ],
    "M_G2C12_M M_G2C12H2_M": [
        [-0.35693, 0.0607026, 0.00300892]
    ],
    "M_G2C13_M M_G2C13H1_M": [
        [-0.335316, 0.064497, 0.003197]
    ],
    "M_G2C13_M M_G2C13H2_M": [
        [-0.335656, 0.0642495, 0.00318473]
    ],
    "M_G2C14_M M_G2C14H1_M": [
        [-0.304559, 0.0635716, 0.00315113]
    ],
    "M_G2C14_M M_G2C14H2_M": [
        [-0.304652, 0.0633013, 0.00313773]
    ],
    "M_G2C15_M M_G2C15H1_M": [
        [-0.236866, 0.0621513, 0.00308072]
    ],
    "M_G2C15_M M_G2C15H2_M": [
        [-0.23606, 0.0610624, 0.00302675]
    ],
    "M_G2C16_M M_G2C16H1_M": [
        [-0.083959, 0.0237063, 0.00117508]
    ],
    "M_G2C16_M M_G2C16H2_M": [
        [-0.083182, 0.0243559, 0.00120728]
    ],
    "M_G2C16_M M_G2C16H3_M": [
        [-0.0834208, 0.0227761, 0.00112897]
    ],
    "M_G3_M M_G3H1_M": [
        [-0.202705, 0.140127, 0.00694585]
    ],
    "M_G3_M M_G3H2_M": [
        [-0.263945, 0.124199, 0.00615633]
    ],
    "M_G3C4_M M_G3C4H1_M": [
        [0.0451973, 0.0930322, 0.00461143]
    ],
    "M_G3C4_M M_G3C4H2_M": [
        [0.034267, 0.0994962, 0.00493184]
    ],
    "M_G3C5_M M_G3C5H1_M": [
        [-0.0063186, 0.0866578, 0.00429547]
    ],
    "M_G3C5_M M_G3C5H2_M": [
        [-0.00223465, 0.0802074, 0.00397573]
    ],
    "M_G3N6C1_M M_G3N6C1H1_M": [
        [0.00930958, 0.0305992, 0.00151675]
    ],
    "M_G3N6C1_M M_G3N6C1H2_M": [
        [0.00886226, 0.0269426, 0.0013355]
    ],
    "M_G3N6C1_M M_G3N6C1H3_M": [
        [0.00947785, 0.028996, 0.00143728]
    ],
    "M_G3N6C2_M M_G3N6C2H1_M": [
        [0.00803637, 0.0306762, 0.00152056]
    ],
    "M_G3N6C2_M M_G3N6C2H2_M": [
        [0.0100007, 0.0280107, 0.00138844]
    ],
    "M_G3N6C2_M M_G3N6C2H3_M": [
        [0.00779215, 0.0290271, 0.00143882]
    ],
    "M_G3N6C3_M M_G3N6C3H1_M": [
        [0.00640884, 0.0318701, 0.00157974]
    ],
    "M_G3N6C3_M M_G3N6C3H2_M": [
        [0.00520521, 0.0302597, 0.00149992]
    ],
    "M_G3N6C3_M M_G3N6C3H3_M": [
        [0.00812561, 0.0302143, 0.00149767]
    ]
}