{
    "M_G1_M M_G1H1_M": [
        [0.0284019, 0.115763, 0.00361938]
    ],
    "M_G1_M M_G1H2_M": [
        [-0.148265, 0.108601, 0.00339544]
    ],
    "M_G1C3_M M_G1C3H1_M": [
        [-0.246699, 0.0499086, 0.00156041]
    ],
    "M_G1C3_M M_G1C3H2_M": [
        [-0.24154, 0.0473974, 0.00148189]
    ],
    "M_G1C4_M M_G1C4H1_M": [
        [-0.30392, 0.0274209, 0.000857321]
    ],
    "M_G1C4_M M_G1C4H2_M": [
        [-0.289803, 0.0282306, 0.000882637]
    ],
    "M_G1C5_M M_G1C5H1_M": [
        [-0.356767, 0.0160737, 0.000502549]
    ],
    "M_G1C5_M M_G1C5H2_M": [
        [-0.357062, 0.0159687, 0.000499267]
    ],
    "M_G1C6_M M_G1C6H1_M": [
        [-0.397463, 0.0125123, 0.000391201]
    ],
    "M_G1C6_M M_G1C6H2_M": [
        [-0.397018, 0.0131016, 0.000409624]
    ],
    "M_G1C7_M M_G1C7H1_M": [
        [-0.418911, 0.0101495, 0.000317326]
    ],
    "M_G1C7_M M_G1C7H2_M": [
        [-0.419401, 0.00994364, 0.000310891]
    ],
    "M_G1C8_M M_G1C8H1_M": [
        [-0.426759, 0.00865611, 0.000270635]
    ],
    "M_G1C8_M M_G1C8H2_M": [
        [-0.426854, 0.00879042, 0.000274835]
    ],
    "M_G1C9_M M_G1C9H1_M": [
        [-0.427085, 0.00856296, 0.000267723]
    ],
    "M_G1C9_M M_G1C9H2_M": [
        [-0.427389, 0.00824268, 0.00025771]
    ],
    "M_G1C10_M M_G1C10H1_M": [
        [-0.421511, 0.00951239, 0.000297407]
    ],
    "M_G1C10_M M_G1C10H2_M": [
        [-0.421775, 0.00945441, 0.000295595]
    ],
    "M_G1C11_M M_G1C11H1_M": [
        [-0.409828, 0.0125041, 0.000390945]
    ],
    "M_G1C11_M M_G1C11H2_M": [
        [-0.409681, 0.0125419, 0.000392126]
    ],
    "M_G1C12_M M_G1C12H1_M": [
        [-0.391475, 0.0167283, 0.000523016]
    ],
    "M_G1C12_M M_G1C12H2_M": [
        [-0.391984, 0.0164869, 0.000515466]
    ],
    "M_G1C13_M M_G1C13H1_M": [
        [-0.368014, 0.0211731, 0.000661982]
    ],
    "M_G1C13_M M_G1C13H2_M": [
        [-0.3672, 0.0209845, 0.000656088]
    ],
    "M_G1C14_M M_G1C14H1_M": [
        [-0.335929, 0.0244366, 0.000764017]
    ],
    "M_G1C14_M M_G1C14H2_M": [
        [-0.335897, 0.0246136, 0.000769552]
    ],
    "M_G1C15_M M_G1C15H1_M": [
        [-0.289963, 0.0255994, 0.000800373]
    ],
    "M_G1C15_M M_G1C15H2_M": [
        [-0.290344, 0.0252325, 0.000788902]
    ],
    "M_G1C16_M M_G1C16H1_M": [
        [-0.215062, 0.0241143, 0.00075394]
    ],
    "M_G1C16_M M_G1C16H2_M": [
        [-0.215121, 0.0244198, 0.000763493]
    ],
    "M_G1C17_M M_G1C17H1_M": [
        [-0.052447, 0.0158486, 0.000495511]
    ],
    "M_G1C17_M M_G1C17H2_M": [
        [-0.0536501, 0.0160542, 0.000501938]
    ],
    "M_G1C17_M M_G1C17H3_M": [
        [-0.0529963, 0.0164979, 0.00051581]
    ],
    "M_G2_M M_G2H1_M": [
        [-0.192604, 0.0937622, 0.0029315]
    ],
    "M_G2C3_M M_G2C3H1_M": [
        [-0.21404, 0.0516181, 0.00161385]
    ],
    "M_G2C3_M M_G2C3H2_M": [
        [-0.152625, 0.0777242, 0.00243007]
    ],
    "M_G2C4_M M_G2C4H1_M": [
        [-0.279389, 0.0391391, 0.00122369]
    ],
    "M_G2C4_M M_G2C4H2_M": [
        [-0.270886, 0.0379757, 0.00118732]
    ],
    "M_G2C5_M M_G2C5H1_M": [
        [-0.306459, 0.0248981, 0.000778446]
    ],
    "M_G2C5_M M_G2C5H2_M": [
        [-0.299008, 0.0221005, 0.000690978]
    ],
    "M_G2C6_M M_G2C6H1_M": [
        [-0.349222, 0.0201377, 0.000629612]
    ],
    "M_G2C6_M M_G2C6H2_M": [
        [-0.343943, 0.0204962, 0.00064082]
    ],
    "M_G2C7_M M_G2C7H1_M": [
        [-0.354379, 0.0194177, 0.000607098]
    ],
    "M_G2C7_M M_G2C7H2_M": [
        [-0.352422, 0.0193386, 0.000604626]
    ],
    "M_G2C8_M M_G2C8H1_M": [
        [-0.343338, 0.0176468, 0.000551734]
    ],
    "M_G2C8_M M_G2C8H2_M": [
        [-0.342901, 0.0176357, 0.000551385]
    ],
    "M_G2C9_M M_G2C9H1_M": [
        [-0.239686, 0.0222086, 0.000694358]
    ],
    "M_G2C9_M M_G2C9H2_M": [
        [-0.241812, 0.0223233, 0.000697944]
    ],
    "M_G2C10_M M_G2C10H1_M": [
        [-0.173972, 0.0220362, 0.000688967]
    ],
    "M_G2C11_M M_G2C11H1_M": [
        [-0.133322, 0.0208491, 0.000651854]
    ],
    "M_G2C12_M M_G2C12H1_M": [
        [-0.212164, 0.0222247, 0.000694861]
    ],
    "M_G2C12_M M_G2C12H2_M": [
        [-0.211042, 0.0222454, 0.000695508]
    ],
    "M_G2C13_M M_G2C13H1_M": [
        [-0.312229, 0.0222312, 0.000695066]
    ],
    "M_G2C13_M M_G2C13H2_M": [
        [-0.312096, 0.0218124, 0.000681971]
    ],
    "M_G2C14_M M_G2C14H1_M": [
        [-0.324562, 0.0242202, 0.000757252]
    ],
    "M_G2C14_M M_G2C14H2_M": [
        [-0.324533, 0.0244327, 0.000763896]
    ],
    "M_G2C15_M M_G2C15H1_M": [
        [-0.327522, 0.0248609, 0.000777284]
    ],
    "M_G2C15_M M_G2C15H2_M": [
        [-0.327268, 0.024772, 0.000774504]
    ],
    "M_G2C16_M M_G2C16H1_M": [
        [-0.297111, 0.0299591, 0.000936678]
    ],
    "M_G2C16_M M_G2C16H2_M": [
        [-0.29774, 0.0301444, 0.000942472]
    ],
    "M_G2C17_M M_G2C17H1_M": [
        [-0.267141, 0.0295955, 0.000925312]
    ],
    "M_G2C17_M M_G2C17H2_M": [
        [-0.266871, 0.0296628, 0.000927417]
    ],
    "M_G2C18_M M_G2C18H1_M": [
        [-0.188625, 0.0293832, 0.000918673]
    ],
    "M_G2C18_M M_G2C18H2_M": [
        [-0.188176, 0.0289314, 0.000904547]
    ],
    "M_G2C19_M M_G2C19H1_M": [
        [-0.0671164, 0.0166314, 0.000519985]
    ],
    "M_G2C19_M M_G2C19H2_M": [
        [-0.0667629, 0.0165252, 0.000516665]
    ],
    "M_G2C19_M M_G2C19H3_M": [
        [-0.0660801, 0.0168691, 0.000527416]
    ],
    "M_G3_M M_G3H1_M": [
        [-0.216817, 0.0841404, 0.00263067]
    ],
    "M_G3_M M_G3H2_M": [
        [-0.0872135, 0.105331, 0.00329319]
    ],
    "M_G3C4_M M_G3C4H1_M": [
        [0.0565609, 0.0549653, 0.00171851]
    ],
    "M_G3C4_M M_G3C4H2_M": [
        [0.0446168, 0.0504534, 0.00157744]
    ],
    "M_G3C5_M M_G3C5H1_M": [
        [0.0183554, 0.0510819, 0.00159709]
    ],
    "M_G3C5_M M_G3C5H2_M": [
        [0.0395559, 0.0553766, 0.00173136]
    ],
    "M_G3N6C1_M M_G3N6C1H1_M": [
        [-0.0128846, 0.0162581, 0.000508315]
    ],
    "M_G3N6C1_M M_G3N6C1H2_M": [
        [-0.013103, 0.0160991, 0.000503344]
    ],
    "M_G3N6C1_M M_G3N6C1H3_M": [
        [-0.0128907, 0.0152934, 0.000478152]
    ],
    "M_G3N6C2_M M_G3N6C2H1_M": [
        [-0.0132985, 0.016758, 0.000523942]
    ],
    "M_G3N6C2_M M_G3N6C2H2_M": [
        [-0.0127326, 0.0164556, 0.000514487]
    ],
    "M_G3N6C2_M M_G3N6C2H3_M": [
        [-0.0126184, 0.0165801, 0.000518383]
    ],
    "M_G3N6C3_M M_G3N6C3H1_M": [
        [-0.012783, 0.0159888, 0.000499895]
    ],
    "M_G3N6C3_M M_G3N6C3H2_M": [
        [-0.0130669, 0.0167231, 0.000522853]
    ],
    "M_G3N6C3_M M_G3N6C3H3_M": [
        [-0.0131474, 0.0163631, 0.000511596]
    ]
}