{
    "M_C3_M M_C3H3_M": [
        [-0.424905, 0.0050334, 0.000337062]
    ],
    "M_C4_M M_C4H41_M": [
        [-0.379915, 0.00712013, 0.000476799]
    ],
    "M_C4_M M_C4H42_M": [
        [-0.19849, 0.0145451, 0.000974012]
    ],
    "M_C6_M M_C6H6_M": [
        [-0.059451, 0.0171052, 0.00114545]
    ],
    "M_C7_M M_C7H71_M": [
        [-0.31622, 0.0115552, 0.000773792]
    ],
    "M_C7_M M_C7H72_M": [
        [-0.385027, 0.00716075, 0.000479519]
    ],
    "M_C8_M M_C8H8_M": [
        [-0.464066, 0.00300286, 0.000201087]
    ],
    "M_C14_M M_C14H14_M": [
        [-0.459319, 0.00301213, 0.000201707]
    ],
    "M_C15_M M_C15H151_M": [
        [-0.427717, 0.00556203, 0.000372461]
    ],
    "M_C15_M M_C15H152_M": [
        [-0.364814, 0.00833619, 0.000558233]
    ],
    "M_C16_M M_C16H161_M": [
        [-0.0732332, 0.0140158, 0.000938564]
    ],
    "M_C16_M M_C16H162_M": [
        [-0.210718, 0.0121171, 0.000811421]
    ],
    "M_C17_M M_C17H17_M": [
        [-0.453498, 0.00327719, 0.000219457]
    ],
    "M_C18_M M_C18H181_M": [
        [0.13303, 0.0145889, 0.000976942]
    ],
    "M_C18_M M_C18H182_M": [
        [0.133746, 0.0164739, 0.00110318]
    ],
    "M_C18_M M_C18H183_M": [
        [0.130068, 0.016164, 0.00108242]
    ],
    "M_C12_M M_C12H121_M": [
        [-0.11404, 0.0152792, 0.00102317]
    ],
    "M_C12_M M_C12H122_M": [
        [-0.456345, 0.00326319, 0.000218519]
    ],
    "M_C11_M M_C11H111_M": [
        [-0.46142, 0.00301982, 0.000202222]
    ],
    "M_C11_M M_C11H112_M": [
        [-0.240608, 0.0137301, 0.000919439]
    ],
    "M_C9_M M_C9H9_M": [
        [-0.461183, 0.00320642, 0.000214717]
    ],
    "M_C19_M M_C19H191_M": [
        [0.133717, 0.0195161, 0.00130689]
    ],
    "M_C19_M M_C19H192_M": [
        [0.134607, 0.0191554, 0.00128274]
    ],
    "M_C19_M M_C19H193_M": [
        [0.132326, 0.0173723, 0.00116333]
    ],
    "M_C1_M M_C1H11_M": [
        [-0.252064, 0.0132389, 0.00088654]
    ],
    "M_C1_M M_C1H12_M": [
        [-0.409518, 0.00606744, 0.000406306]
    ],
    "M_C2_M M_C2H21_M": [
        [-0.242775, 0.0125402, 0.000839754]
    ],
    "M_C2_M M_C2H22_M": [
        [-0.393859, 0.00675213, 0.000452156]
    ],
    "M_C20_M M_C20H20_M": [
        [-0.438413, 0.00491442, 0.000329094]
    ],
    "M_C21_M M_C21H211_M": [
        [0.122171, 0.0157883, 0.00105726]
    ],
    "M_C21_M M_C21H212_M": [
        [0.122478, 0.0165866, 0.00111072]
    ],
    "M_C21_M M_C21H213_M": [
        [0.119697, 0.0155696, 0.00104262]
    ],
    "M_C22_M M_C22H221_M": [
        [-0.346707, 0.0253445, 0.00169719]
    ],
    "M_C22_M M_C22H222_M": [
        [-0.409574, 0.0119395, 0.000799529]
    ],
    "M_C23_M M_C23H231_M": [
        [-0.282298, 0.0244482, 0.00163717]
    ],
    "M_C23_M M_C23H232_M": [
        [-0.401462, 0.00860471, 0.000576214]
    ],
    "M_C24_M M_C24H241_M": [
        [-0.286165, 0.0204604, 0.00137013]
    ],
    "M_C24_M M_C24H242_M": [
        [-0.356841, 0.0161367, 0.0010806]
    ],
    "M_C25_M M_C25H25_M": [
        [-0.274319, 0.0159801, 0.0010701]
    ],
    "M_C26_M M_C26H261_M": [
        [0.0199302, 0.0162153, 0.00108586]
    ],
    "M_C26_M M_C26H262_M": [
        [0.0200236, 0.0168162, 0.00112609]
    ],
    "M_C26_M M_C26H263_M": [
        [0.0217821, 0.017437, 0.00116767]
    ],
    "M_C27_M M_C27H271_M": [
        [0.0124542, 0.0169384, 0.00113428]
    ],
    "M_C27_M M_C27H272_M": [
        [0.0125192, 0.0189057, 0.00126602]
    ],
    "M_C27_M M_C27H273_M": [
        [0.0119943, 0.0170695, 0.00114306]
    ]
}