{
    "M_G1_M M_G1H1_M": [
        [-0.223693, 0.0434987, 0.00566305]
    ],
    "M_G1_M M_G1H2_M": [
        [-0.00434107, 0.0457601, 0.00595746]
    ],
    "M_G1C3_M M_G1C3H1_M": [
        [-0.238182, 0.0183142, 0.00238431]
    ],
    "M_G1C3_M M_G1C3H2_M": [
        [-0.24841, 0.0157996, 0.00205693]
    ],
    "M_G1C4_M M_G1C4H1_M": [
        [-0.186796, 0.0168848, 0.00219822]
    ],
    "M_G1C4_M M_G1C4H2_M": [
        [-0.187926, 0.0165679, 0.00215696]
    ],
    "M_G1C5_M M_G1C5H1_M": [
        [-0.231639, 0.0146895, 0.00191241]
    ],
    "M_G1C5_M M_G1C5H2_M": [
        [-0.227322, 0.016585, 0.00215918]
    ],
    "M_G1C6_M M_G1C6H1_M": [
        [-0.232034, 0.0155606, 0.00202582]
    ],
    "M_G1C6_M M_G1C6H2_M": [
        [-0.229432, 0.0161172, 0.00209828]
    ],
    "M_G1C7_M M_G1C7H1_M": [
        [-0.245932, 0.0145156, 0.00188977]
    ],
    "M_G1C7_M M_G1C7H2_M": [
        [-0.244581, 0.0151935, 0.00197802]
    ],
    "M_G1C8_M M_G1C8H1_M": [
        [-0.236719, 0.0147952, 0.00192617]
    ],
    "M_G1C8_M M_G1C8H2_M": [
        [-0.237157, 0.0153661, 0.0020005]
    ],
    "M_G1C9_M M_G1C9H1_M": [
        [-0.238339, 0.0146153, 0.00190276]
    ],
    "M_G1C9_M M_G1C9H2_M": [
        [-0.237986, 0.0146879, 0.0019122]
    ],
    "M_G1C10_M M_G1C10H1_M": [
        [-0.222087, 0.0147295, 0.00191761]
    ],
    "M_G1C10_M M_G1C10H2_M": [
        [-0.222322, 0.0141466, 0.00184173]
    ],
    "M_G1C11_M M_G1C11H1_M": [
        [-0.214826, 0.0143095, 0.00186294]
    ],
    "M_G1C11_M M_G1C11H2_M": [
        [-0.215251, 0.0136706, 0.00177975]
    ],
    "M_G1C12_M M_G1C12H1_M": [
        [-0.192508, 0.0139037, 0.00181011]
    ],
    "M_G1C12_M M_G1C12H2_M": [
        [-0.192534, 0.0134559, 0.0017518]
    ],
    "M_G1C13_M M_G1C13H1_M": [
        [-0.178707, 0.0138135, 0.00179837]
    ],
    "M_G1C13_M M_G1C13H2_M": [
        [-0.179435, 0.0126686, 0.00164931]
    ],
    "M_G1C14_M M_G1C14H1_M": [
        [-0.151808, 0.0124693, 0.00162337]
    ],
    "M_G1C14_M M_G1C14H2_M": [
        [-0.151392, 0.0124286, 0.00161807]
    ],
    "M_G1C15_M M_G1C15H1_M": [
        [-0.1312, 0.0104123, 0.00135557]
    ],
    "M_G1C15_M M_G1C15H2_M": [
        [-0.130457, 0.0105541, 0.00137403]
    ],
    "M_G1C16_M M_G1C16H1_M": [
        [-0.0927186, 0.00814303, 0.00106013]
    ],
    "M_G1C16_M M_G1C16H2_M": [
        [-0.0933561, 0.00887931, 0.00115599]
    ],
    "M_G1C17_M M_G1C17H1_M": [
        [-0.0299231, 0.00345774, 0.000450159]
    ],
    "M_G1C17_M M_G1C17H2_M": [
        [-0.0296654, 0.00367879, 0.000478938]
    ],
    "M_G1C17_M M_G1C17H3_M": [
        [-0.0299455, 0.00289021, 0.000376274]
    ],
    "M_G2_M M_G2H1_M": [
        [-0.212073, 0.0500443, 0.00651521]
    ],
    "M_G2C3_M M_G2C3H1_M": [
        [-0.0937383, 0.0255026, 0.00332015]
    ],
    "M_G2C3_M M_G2C3H2_M": [
        [-0.119901, 0.0265427, 0.00345556]
    ],
    "M_G2C4_M M_G2C4H1_M": [
        [-0.15551, 0.0240389, 0.0031296]
    ],
    "M_G2C4_M M_G2C4H2_M": [
        [-0.162974, 0.022535, 0.00293381]
    ],
    "M_G2C5_M M_G2C5H1_M": [
        [-0.188344, 0.0198687, 0.00258669]
    ],
    "M_G2C5_M M_G2C5H2_M": [
        [-0.190098, 0.0191538, 0.00249361]
    ],
    "M_G2C6_M M_G2C6H1_M": [
        [-0.204907, 0.0206751, 0.00269167]
    ],
    "M_G2C6_M M_G2C6H2_M": [
        [-0.207475, 0.0193518, 0.00251939]
    ],
    "M_G2C7_M M_G2C7H1_M": [
        [-0.189079, 0.0179226, 0.00233332]
    ],
    "M_G2C7_M M_G2C7H2_M": [
        [-0.191941, 0.0170716, 0.00222254]
    ],
    "M_G2C8_M M_G2C8H1_M": [
        [-0.185719, 0.0168548, 0.0021943]
    ],
    "M_G2C8_M M_G2C8H2_M": [
        [-0.187927, 0.015376, 0.00200178]
    ],
    "M_G2C9_M M_G2C9H1_M": [
        [-0.135538, 0.0119663, 0.00155787]
    ],
    "M_G2C9_M M_G2C9H2_M": [
        [-0.136326, 0.0136761, 0.00178048]
    ],
    "M_G2C10_M M_G2C10H1_M": [
        [-0.102936, 0.0115889, 0.00150875]
    ],
    "M_G2C11_M M_G2C11H1_M": [
        [-0.00809549, 0.0150812, 0.0019634]
    ],
    "M_G2C12_M M_G2C12H1_M": [
        [-0.0753445, 0.0103764, 0.0013509]
    ],
    "M_G2C12_M M_G2C12H2_M": [
        [-0.076961, 0.0131499, 0.00171197]
    ],
    "M_G2C13_M M_G2C13H1_M": [
        [-0.134775, 0.0105818, 0.00137764]
    ],
    "M_G2C13_M M_G2C13H2_M": [
        [-0.134155, 0.0118196, 0.00153878]
    ],
    "M_G2C14_M M_G2C14H1_M": [
        [-0.139174, 0.0106903, 0.00139176]
    ],
    "M_G2C14_M M_G2C14H2_M": [
        [-0.139099, 0.0121622, 0.00158339]
    ],
    "M_G2C15_M M_G2C15H1_M": [
        [-0.148428, 0.0109968, 0.00143167]
    ],
    "M_G2C15_M M_G2C15H2_M": [
        [-0.14791, 0.0119641, 0.00155759]
    ],
    "M_G2C16_M M_G2C16H1_M": [
        [-0.131736, 0.0109741, 0.0014287]
    ],
    "M_G2C16_M M_G2C16H2_M": [
        [-0.132996, 0.0110195, 0.00143462]
    ],
    "M_G2C17_M M_G2C17H1_M": [
        [-0.120716, 0.00996418, 0.00129723]
    ],
    "M_G2C17_M M_G2C17H2_M": [
        [-0.121087, 0.00994194, 0.00129433]
    ],
    "M_G2C18_M M_G2C18H1_M": [
        [-0.0882507, 0.00751719, 0.000978654]
    ],
    "M_G2C18_M M_G2C18H2_M": [
        [-0.08919, 0.0074977, 0.000976118]
    ],
    "M_G2C19_M M_G2C19H1_M": [
        [-0.0288901, 0.00324771, 0.000422816]
    ],
    "M_G2C19_M M_G2C19H2_M": [
        [-0.0297257, 0.00339085, 0.000441451]
    ],
    "M_G2C19_M M_G2C19H3_M": [
        [-0.0291822, 0.00359866, 0.000468506]
    ],
    "M_G3_M M_G3H1_M": [
        [-0.142801, 0.0500979, 0.00652219]
    ],
    "M_G3_M M_G3H2_M": [
        [-0.161633, 0.0361515, 0.00470653]
    ],
    "M_G3C4_M M_G3C4H1_M": [
        [-0.0271239, 0.0216119, 0.00281363]
    ],
    "M_G3C4_M M_G3C4H2_M": [
        [-0.0256449, 0.0195964, 0.00255124]
    ],
    "M_G3C5_M M_G3C5H1_M": [
        [-0.066202, 0.0125305, 0.00163133]
    ],
    "M_G3C5_M M_G3C5H2_M": [
        [-0.0701551, 0.0152824, 0.0019896]
    ],
    "M_G3N6C1_M M_G3N6C1H1_M": [
        [0.0126705, 0.00334801, 0.000435874]
    ],
    "M_G3N6C1_M M_G3N6C1H2_M": [
        [0.0130767, 0.00346276, 0.000450812]
    ],
    "M_G3N6C1_M M_G3N6C1H3_M": [
        [0.011808, 0.00321764, 0.000418901]
    ],
    "M_G3N6C2_M M_G3N6C2H1_M": [
        [0.0133162, 0.00332146, 0.000432418]
    ],
    "M_G3N6C2_M M_G3N6C2H2_M": [
        [0.0120678, 0.00419003, 0.000545495]
    ],
    "M_G3N6C2_M M_G3N6C2H3_M": [
        [0.0121608, 0.00392159, 0.000510548]
    ],
    "M_G3N6C3_M M_G3N6C3H1_M": [
        [0.0119183, 0.00340474, 0.00044326]
    ],
    "M_G3N6C3_M M_G3N6C3H2_M": [
        [0.012938, 0.00299238, 0.000389575]
    ],
    "M_G3N6C3_M M_G3N6C3H3_M": [
        [0.0118954, 0.00334357, 0.000435296]
    ]
}