{
    "M_G1_M M_G1H1_M": [
        [-0.207865, 0.0479518, 0.00425504]
    ],
    "M_G1_M M_G1H2_M": [
        [0.00105628, 0.0545404, 0.00483968]
    ],
    "M_G1C3_M M_G1C3H1_M": [
        [-0.218557, 0.0229753, 0.00203873]
    ],
    "M_G1C3_M M_G1C3H2_M": [
        [-0.22822, 0.0230525, 0.00204558]
    ],
    "M_G1C4_M M_G1C4H1_M": [
        [-0.162541, 0.0197456, 0.00175214]
    ],
    "M_G1C4_M M_G1C4H2_M": [
        [-0.164864, 0.0205274, 0.00182151]
    ],
    "M_G1C5_M M_G1C5H1_M": [
        [-0.203883, 0.0191696, 0.00170103]
    ],
    "M_G1C5_M M_G1C5H2_M": [
        [-0.20183, 0.0192954, 0.00171219]
    ],
    "M_G1C6_M M_G1C6H1_M": [
        [-0.202265, 0.0191134, 0.00169604]
    ],
    "M_G1C6_M M_G1C6H2_M": [
        [-0.201421, 0.0211864, 0.00187999]
    ],
    "M_G1C7_M M_G1C7H1_M": [
        [-0.21488, 0.018515, 0.00164294]
    ],
    "M_G1C7_M M_G1C7H2_M": [
        [-0.213166, 0.019395, 0.00172103]
    ],
    "M_G1C8_M M_G1C8H1_M": [
        [-0.203594, 0.0178462, 0.00158359]
    ],
    "M_G1C8_M M_G1C8H2_M": [
        [-0.203428, 0.0192747, 0.00171036]
    ],
    "M_G1C9_M M_G1C9H1_M": [
        [-0.201848, 0.0177297, 0.00157326]
    ],
    "M_G1C9_M M_G1C9H2_M": [
        [-0.202441, 0.0183204, 0.00162568]
    ],
    "M_G1C10_M M_G1C10H1_M": [
        [-0.185427, 0.0160603, 0.00142512]
    ],
    "M_G1C10_M M_G1C10H2_M": [
        [-0.184719, 0.018418, 0.00163434]
    ],
    "M_G1C11_M M_G1C11H1_M": [
        [-0.178371, 0.0157906, 0.00140119]
    ],
    "M_G1C11_M M_G1C11H2_M": [
        [-0.177872, 0.0158261, 0.00140434]
    ],
    "M_G1C12_M M_G1C12H1_M": [
        [-0.157687, 0.0149492, 0.00132653]
    ],
    "M_G1C12_M M_G1C12H2_M": [
        [-0.156835, 0.0137567, 0.00122071]
    ],
    "M_G1C13_M M_G1C13H1_M": [
        [-0.144223, 0.0131491, 0.00116679]
    ],
    "M_G1C13_M M_G1C13H2_M": [
        [-0.144079, 0.0125895, 0.00111714]
    ],
    "M_G1C14_M M_G1C14H1_M": [
        [-0.119997, 0.0114148, 0.0010129]
    ],
    "M_G1C14_M M_G1C14H2_M": [
        [-0.1206, 0.0115158, 0.00102186]
    ],
    "M_G1C15_M M_G1C15H1_M": [
        [-0.102393, 0.00931906, 0.000826933]
    ],
    "M_G1C15_M M_G1C15H2_M": [
        [-0.103185, 0.009837, 0.000872893]
    ],
    "M_G1C16_M M_G1C16H1_M": [
        [-0.0739584, 0.00755131, 0.00067007]
    ],
    "M_G1C16_M M_G1C16H2_M": [
        [-0.0723096, 0.00812055, 0.000720582]
    ],
    "M_G1C17_M M_G1C17H1_M": [
        [-0.022852, 0.00410236, 0.000364026]
    ],
    "M_G1C17_M M_G1C17H2_M": [
        [-0.0228315, 0.00455212, 0.000403936]
    ],
    "M_G1C17_M M_G1C17H3_M": [
        [-0.0232523, 0.00464644, 0.000412305]
    ],
    "M_G2_M M_G2H1_M": [
        [-0.200956, 0.0573299, 0.0050872]
    ],
    "M_G2C3_M M_G2C3H1_M": [
        [-0.218557, 0.0229753, 0.00203873]
    ],
    "M_G2C3_M M_G2C3H2_M": [
        [-0.22822, 0.0230525, 0.00204558]
    ],
    "M_G2C4_M M_G2C4H1_M": [
        [-0.162541, 0.0197456, 0.00175214]
    ],
    "M_G2C4_M M_G2C4H2_M": [
        [-0.164864, 0.0205274, 0.00182151]
    ],
    "M_G2C5_M M_G2C5H1_M": [
        [-0.203883, 0.0191696, 0.00170103]
    ],
    "M_G2C5_M M_G2C5H2_M": [
        [-0.20183, 0.0192954, 0.00171219]
    ],
    "M_G2C6_M M_G2C6H1_M": [
        [-0.202265, 0.0191134, 0.00169604]
    ],
    "M_G2C6_M M_G2C6H2_M": [
        [-0.201421, 0.0211864, 0.00187999]
    ],
    "M_G2C7_M M_G2C7H1_M": [
        [-0.21488, 0.018515, 0.00164294]
    ],
    "M_G2C7_M M_G2C7H2_M": [
        [-0.213166, 0.019395, 0.00172103]
    ],
    "M_G2C8_M M_G2C8H1_M": [
        [-0.203594, 0.0178462, 0.00158359]
    ],
    "M_G2C8_M M_G2C8H2_M": [
        [-0.203428, 0.0192747, 0.00171036]
    ],
    "M_G2C9_M M_G2C9H1_M": [
        [-0.201848, 0.0177297, 0.00157326]
    ],
    "M_G2C9_M M_G2C9H2_M": [
        [-0.202441, 0.0183204, 0.00162568]
    ],
    "M_G2C10_M M_G2C10H1_M": [
        [-0.185427, 0.0160603, 0.00142512]
    ],
    "M_G2C11_M M_G2C11H1_M": [
        [-0.178371, 0.0157906, 0.00140119]
    ],
    "M_G2C12_M M_G2C12H1_M": [
        [-0.157687, 0.0149492, 0.00132653]
    ],
    "M_G2C12_M M_G2C12H2_M": [
        [-0.156835, 0.0137567, 0.00122071]
    ],
    "M_G2C13_M M_G2C13H1_M": [
        [-0.144223, 0.0131491, 0.00116679]
    ],
    "M_G2C13_M M_G2C13H2_M": [
        [-0.144079, 0.0125895, 0.00111714]
    ],
    "M_G2C14_M M_G2C14H1_M": [
        [-0.119997, 0.0114148, 0.0010129]
    ],
    "M_G2C14_M M_G2C14H2_M": [
        [-0.1206, 0.0115158, 0.00102186]
    ],
    "M_G2C15_M M_G2C15H1_M": [
        [-0.102393, 0.00931906, 0.000826933]
    ],
    "M_G2C15_M M_G2C15H2_M": [
        [-0.103185, 0.009837, 0.000872893]
    ],
    "M_G2C16_M M_G2C16H1_M": [
        [-0.0739584, 0.00755131, 0.00067007]
    ],
    "M_G2C16_M M_G2C16H2_M": [
        [-0.0723096, 0.00812055, 0.000720582]
    ],
    "M_G2C17_M M_G2C17H1_M": [
        [-0.022852, 0.00410236, 0.000364026]
    ],
    "M_G2C17_M M_G2C17H2_M": [
        [-0.0228315, 0.00455212, 0.000403936]
    ],
    "M_G2C18_M M_G2C18H1_M": [
        [-0.0689692, 0.00765682, 0.000679433]
    ],
    "M_G2C18_M M_G2C18H2_M": [
        [-0.0683038, 0.00779543, 0.000691733]
    ],
    "M_G2C19_M M_G2C19H1_M": [
        [-0.0220265, 0.0040697, 0.000361128]
    ],
    "M_G2C19_M M_G2C19H2_M": [
        [-0.0224748, 0.00450655, 0.000399891]
    ],
    "M_G2C19_M M_G2C19H3_M": [
        [-0.0230724, 0.00466635, 0.000414072]
    ],
    "M_G3_M M_G3H1_M": [
        [-0.139074, 0.0590231, 0.00523745]
    ],
    "M_G3_M M_G3H2_M": [
        [-0.149747, 0.0406857, 0.00361027]
    ],
    "M_G3C4_M M_G3C4H1_M": [
        [-0.0208112, 0.0181748, 0.00161276]
    ],
    "M_G3C4_M M_G3C4H2_M": [
        [-0.0198409, 0.0169752, 0.0015063]
    ],
    "M_G3C5_M M_G3C5H1_M": [
        [-0.0524977, 0.0138204, 0.00122636]
    ],
    "M_G3C5_M M_G3C5H2_M": [
        [-0.054756, 0.0136592, 0.00121206]
    ],
    "M_G3N6C1_M M_G3N6C1H1_M": [
        [0.00948828, 0.0050892, 0.000451593]
    ],
    "M_G3N6C1_M M_G3N6C1H2_M": [
        [0.00956417, 0.00513815, 0.000455937]
    ],
    "M_G3N6C1_M M_G3N6C1H3_M": [
        [0.0102899, 0.00496329, 0.00044042]
    ],
    "M_G3N6C2_M M_G3N6C2H1_M": [
        [0.00985109, 0.00470039, 0.000417092]
    ],
    "M_G3N6C2_M M_G3N6C2H2_M": [
        [0.00996148, 0.00509304, 0.000451935]
    ],
    "M_G3N6C2_M M_G3N6C2H3_M": [
        [0.01008, 0.00459704, 0.000407922]
    ],
    "M_G3N6C3_M M_G3N6C3H1_M": [
        [0.0101443, 0.00479986, 0.000425918]
    ],
    "M_G3N6C3_M M_G3N6C3H2_M": [
        [0.00984088, 0.00448605, 0.000398072]
    ],
    "M_G3N6C3_M M_G3N6C3H3_M": [
        [0.0101782, 0.00451371, 0.000400527]
    ]
}