{
    "M_G1_M M_G1H1_M": [
        [-0.0121767, 0.072175, 0.00645553]
    ],
    "M_G1_M M_G1H2_M": [
        [-0.173309, 0.0825537, 0.00738382]
    ],
    "M_G1C3_M M_G1C3H1_M": [
        [-0.252594, 0.0395571, 0.0035381]
    ],
    "M_G1C3_M M_G1C3H2_M": [
        [-0.233901, 0.0494389, 0.00442195]
    ],
    "M_G1C4_M M_G1C4H1_M": [
        [-0.222027, 0.0297924, 0.00266471]
    ],
    "M_G1C4_M M_G1C4H2_M": [
        [-0.212485, 0.029522, 0.00264053]
    ],
    "M_G1C5_M M_G1C5H1_M": [
        [-0.251063, 0.0284159, 0.00254159]
    ],
    "M_G1C5_M M_G1C5H2_M": [
        [-0.248327, 0.0283038, 0.00253157]
    ],
    "M_G1C6_M M_G1C6H1_M": [
        [-0.258858, 0.0281194, 0.00251507]
    ],
    "M_G1C6_M M_G1C6H2_M": [
        [-0.256087, 0.0278393, 0.00249002]
    ],
    "M_G1C7_M M_G1C7H1_M": [
        [-0.271146, 0.0279964, 0.00250407]
    ],
    "M_G1C7_M M_G1C7H2_M": [
        [-0.270639, 0.0262645, 0.00234917]
    ],
    "M_G1C8_M M_G1C8H1_M": [
        [-0.268382, 0.0273636, 0.00244747]
    ],
    "M_G1C8_M M_G1C8H2_M": [
        [-0.26805, 0.0267247, 0.00239033]
    ],
    "M_G1C9_M M_G1C9H1_M": [
        [-0.270313, 0.0262316, 0.00234623]
    ],
    "M_G1C9_M M_G1C9H2_M": [
        [-0.270262, 0.0270633, 0.00242061]
    ],
    "M_G1C10_M M_G1C10H1_M": [
        [-0.260859, 0.0270054, 0.00241543]
    ],
    "M_G1C10_M M_G1C10H2_M": [
        [-0.260378, 0.0278928, 0.00249481]
    ],
    "M_G1C11_M M_G1C11H1_M": [
        [-0.254321, 0.0276232, 0.00247069]
    ],
    "M_G1C11_M M_G1C11H2_M": [
        [-0.25512, 0.0273507, 0.00244633]
    ],
    "M_G1C12_M M_G1C12H1_M": [
        [-0.237959, 0.0271199, 0.00242568]
    ],
    "M_G1C12_M M_G1C12H2_M": [
        [-0.238129, 0.0280513, 0.00250899]
    ],
    "M_G1C13_M M_G1C13H1_M": [
        [-0.225277, 0.0266312, 0.00238197]
    ],
    "M_G1C13_M M_G1C13H2_M": [
        [-0.223645, 0.0264872, 0.00236909]
    ],
    "M_G1C14_M M_G1C14H1_M": [
        [-0.19897, 0.0254278, 0.00227433]
    ],
    "M_G1C14_M M_G1C14H2_M": [
        [-0.199003, 0.0251269, 0.00224741]
    ],
    "M_G1C15_M M_G1C15H1_M": [
        [-0.173487, 0.0228643, 0.00204505]
    ],
    "M_G1C15_M M_G1C15H2_M": [
        [-0.17458, 0.022374, 0.00200119]
    ],
    "M_G1C16_M M_G1C16H1_M": [
        [-0.132175, 0.0189369, 0.00169377]
    ],
    "M_G1C16_M M_G1C16H2_M": [
        [-0.132534, 0.0190117, 0.00170046]
    ],
    "M_G1C17_M M_G1C17H1_M": [
        [-0.043893, 0.00853645, 0.000763524]
    ],
    "M_G1C17_M M_G1C17H2_M": [
        [-0.0434559, 0.00824861, 0.000737778]
    ],
    "M_G1C17_M M_G1C17H3_M": [
        [-0.0433399, 0.00856809, 0.000766354]
    ],
    "M_G2_M M_G2H1_M": [
        [-0.194169, 0.0711722, 0.00636583]
    ],
    "M_G2C3_M M_G2C3H1_M": [
        [-0.10717, 0.0534165, 0.00477771]
    ],
    "M_G2C3_M M_G2C3H2_M": [
        [-0.142791, 0.0410563, 0.00367218]
    ],
    "M_G2C4_M M_G2C4H1_M": [
        [-0.238364, 0.0329809, 0.0029499]
    ],
    "M_G2C4_M M_G2C4H2_M": [
        [-0.234667, 0.0320265, 0.00286454]
    ],
    "M_G2C5_M M_G2C5H1_M": [
        [-0.239318, 0.0310435, 0.00277662]
    ],
    "M_G2C5_M M_G2C5H2_M": [
        [-0.239779, 0.030539, 0.00273149]
    ],
    "M_G2C6_M M_G2C6H1_M": [
        [-0.255635, 0.0315108, 0.00281841]
    ],
    "M_G2C6_M M_G2C6H2_M": [
        [-0.252997, 0.0302639, 0.00270689]
    ],
    "M_G2C7_M M_G2C7H1_M": [
        [-0.234857, 0.0301592, 0.00269752]
    ],
    "M_G2C7_M M_G2C7H2_M": [
        [-0.232868, 0.028973, 0.00259143]
    ],
    "M_G2C8_M M_G2C8H1_M": [
        [-0.224746, 0.0286328, 0.00256099]
    ],
    "M_G2C8_M M_G2C8H2_M": [
        [-0.223588, 0.0269389, 0.00240949]
    ],
    "M_G2C9_M M_G2C9H1_M": [
        [-0.135259, 0.0278181, 0.00248812]
    ],
    "M_G2C9_M M_G2C9H2_M": [
        [-0.132767, 0.0264525, 0.00236599]
    ],
    "M_G2C10_M M_G2C10H1_M": [
        [-0.0801516, 0.0297179, 0.00265805]
    ],
    "M_G2C11_M M_G2C11H1_M": [
        [-0.0737121, 0.0252873, 0.00226176]
    ],
    "M_G2C12_M M_G2C12H1_M": [
        [-0.118647, 0.0281363, 0.00251659]
    ],
    "M_G2C12_M M_G2C12H2_M": [
        [-0.118643, 0.0277663, 0.0024835]
    ],
    "M_G2C13_M M_G2C13H1_M": [
        [-0.178193, 0.0264303, 0.002364]
    ],
    "M_G2C13_M M_G2C13H2_M": [
        [-0.179606, 0.0261453, 0.00233851]
    ],
    "M_G2C14_M M_G2C14H1_M": [
        [-0.189274, 0.0259992, 0.00232543]
    ],
    "M_G2C14_M M_G2C14H2_M": [
        [-0.190237, 0.0260079, 0.00232622]
    ],
    "M_G2C15_M M_G2C15H1_M": [
        [-0.195701, 0.0266728, 0.00238569]
    ],
    "M_G2C15_M M_G2C15H2_M": [
        [-0.19639, 0.0266998, 0.0023881]
    ],
    "M_G2C16_M M_G2C16H1_M": [
        [-0.179477, 0.0250291, 0.00223867]
    ],
    "M_G2C16_M M_G2C16H2_M": [
        [-0.181326, 0.0248082, 0.00221892]
    ],
    "M_G2C17_M M_G2C17H1_M": [
        [-0.163032, 0.0230352, 0.00206033]
    ],
    "M_G2C17_M M_G2C17H2_M": [
        [-0.163644, 0.0232186, 0.00207673]
    ],
    "M_G2C18_M M_G2C18H1_M": [
        [-0.126626, 0.0187754, 0.00167932]
    ],
    "M_G2C18_M M_G2C18H2_M": [
        [-0.126253, 0.018913, 0.00169163]
    ],
    "M_G2C19_M M_G2C19H1_M": [
        [-0.0429439, 0.00914375, 0.000817842]
    ],
    "M_G2C19_M M_G2C19H2_M": [
        [-0.0423056, 0.00838947, 0.000750377]
    ],
    "M_G2C19_M M_G2C19H3_M": [
        [-0.0432049, 0.00801947, 0.000717284]
    ],
    "M_G3_M M_G3H1_M": [
        [-0.192413, 0.0588195, 0.00526098]
    ],
    "M_G3_M M_G3H2_M": [
        [-0.195815, 0.0506771, 0.00453269]
    ],
    "M_G3C4_M M_G3C4H1_M": [
        [0.0337511, 0.0298001, 0.0026654]
    ],
    "M_G3C4_M M_G3C4H2_M": [
        [0.0354813, 0.0260176, 0.00232709]
    ],
    "M_G3C5_M M_G3C5H1_M": [
        [0.0207785, 0.0307266, 0.00274827]
    ],
    "M_G3C6_M M_G3C6H1_M": [
        [0.0148346, 0.0262115, 0.00234442]
    ],
    "M_G3C6_M M_G3C6H2_M": [
        [0.00800717, 0.0284584, 0.0025454]
    ]
}