{
    "M_G1_M M_G1H1_M": [
        [-0.162317, 0.309718, 0.0182821]
    ],
    "M_G1_M M_G1H2_M": [
        [0.00299473, 0.351608, 0.0207548]
    ],
    "M_G1C3_M M_G1C3H1_M": [
        [-0.223854, 0.155986, 0.00920755]
    ],
    "M_G1C3_M M_G1C3H2_M": [
        [-0.219172, 0.170254, 0.0100498]
    ],
    "M_G1C4_M M_G1C4H1_M": [
        [-0.192659, 0.150248, 0.00886884]
    ],
    "M_G1C4_M M_G1C4H2_M": [
        [-0.208545, 0.13822, 0.00815889]
    ],
    "M_G1C5_M M_G1C5H1_M": [
        [-0.232591, 0.114336, 0.00674904]
    ],
    "M_G1C5_M M_G1C5H2_M": [
        [-0.224603, 0.119274, 0.00704051]
    ],
    "M_G1C6_M M_G1C6H1_M": [
        [-0.25981, 0.0993185, 0.00586259]
    ],
    "M_G1C6_M M_G1C6H2_M": [
        [-0.264174, 0.0950292, 0.0056094]
    ],
    "M_G1C7_M M_G1C7H1_M": [
        [-0.284611, 0.0938372, 0.00553903]
    ],
    "M_G1C7_M M_G1C7H2_M": [
        [-0.28303, 0.0863442, 0.00509674]
    ],
    "M_G1C8_M M_G1C8H1_M": [
        [-0.2913, 0.0734068, 0.00433307]
    ],
    "M_G1C8_M M_G1C8H2_M": [
        [-0.293367, 0.0770137, 0.00454598]
    ],
    "M_G1C9_M M_G1C9H1_M": [
        [-0.294412, 0.0725941, 0.00428509]
    ],
    "M_G1C9_M M_G1C9H2_M": [
        [-0.293483, 0.0702377, 0.004146]
    ],
    "M_G1C10_M M_G1C10H1_M": [
        [-0.288909, 0.0692279, 0.00408639]
    ],
    "M_G1C10_M M_G1C10H2_M": [
        [-0.291066, 0.0678375, 0.00400432]
    ],
    "M_G1C11_M M_G1C11H1_M": [
        [-0.281753, 0.0677191, 0.00399733]
    ],
    "M_G1C11_M M_G1C11H2_M": [
        [-0.282041, 0.0692239, 0.00408616]
    ],
    "M_G1C12_M M_G1C12H1_M": [
        [-0.268167, 0.0716583, 0.00422986]
    ],
    "M_G1C12_M M_G1C12H2_M": [
        [-0.269243, 0.0693001, 0.00409065]
    ],
    "M_G1C13_M M_G1C13H1_M": [
        [-0.250535, 0.0729884, 0.00430837]
    ],
    "M_G1C13_M M_G1C13H2_M": [
        [-0.251764, 0.0723507, 0.00427073]
    ],
    "M_G1C14_M M_G1C14H1_M": [
        [-0.226022, 0.0730681, 0.00431307]
    ],
    "M_G1C14_M M_G1C14H2_M": [
        [-0.226071, 0.0730275, 0.00431068]
    ],
    "M_G1C15_M M_G1C15H1_M": [
        [-0.192945, 0.0693071, 0.00409107]
    ],
    "M_G1C15_M M_G1C15H2_M": [
        [-0.193166, 0.069339, 0.00409295]
    ],
    "M_G1C16_M M_G1C16H1_M": [
        [-0.142086, 0.0578668, 0.00341577]
    ],
    "M_G1C16_M M_G1C16H2_M": [
        [-0.143358, 0.0579899, 0.00342304]
    ],
    "M_G1C17_M M_G1C17H1_M": [
        [-0.0360707, 0.0226056, 0.00133437]
    ],
    "M_G1C17_M M_G1C17H2_M": [
        [-0.0351988, 0.0230091, 0.00135819]
    ],
    "M_G1C17_M M_G1C17H3_M": [
        [-0.0355592, 0.0227914, 0.00134533]
    ],
    "M_G2_M M_G2H1_M": [
        [-0.188029, 0.288984, 0.0170582]
    ],
    "M_G2C3_M M_G2C3H1_M": [
        [-0.177969, 0.200374, 0.0118277]
    ],
    "M_G2C3_M M_G2C3H2_M": [
        [-0.126847, 0.257771, 0.0152158]
    ],
    "M_G2C4_M M_G2C4H1_M": [
        [-0.224885, 0.152204, 0.00898432]
    ],
    "M_G2C4_M M_G2C4H2_M": [
        [-0.229808, 0.159996, 0.00944424]
    ],
    "M_G2C5_M M_G2C5H1_M": [
        [-0.239486, 0.127342, 0.00751674]
    ],
    "M_G2C5_M M_G2C5H2_M": [
        [-0.227389, 0.123461, 0.00728764]
    ],
    "M_G2C6_M M_G2C6H1_M": [
        [-0.255213, 0.106848, 0.00630701]
    ],
    "M_G2C6_M M_G2C6H2_M": [
        [-0.263493, 0.105458, 0.00622497]
    ],
    "M_G2C7_M M_G2C7H1_M": [
        [-0.253391, 0.0996421, 0.00588169]
    ],
    "M_G2C7_M M_G2C7H2_M": [
        [-0.248195, 0.101661, 0.00600085]
    ],
    "M_G2C8_M M_G2C8H1_M": [
        [-0.242741, 0.0874517, 0.00516211]
    ],
    "M_G2C8_M M_G2C8H2_M": [
        [-0.237921, 0.0891926, 0.00526487]
    ],
    "M_G2C9_M M_G2C9H1_M": [
        [-0.151969, 0.087995, 0.00519418]
    ],
    "M_G2C9_M M_G2C9H2_M": [
        [-0.149526, 0.0898561, 0.00530404]
    ],
    "M_G2C10_M M_G2C10H1_M": [
        [-0.111444, 0.0895535, 0.00528618]
    ],
    "M_G2C11_M M_G2C11H1_M": [
        [-0.103875, 0.0809235, 0.00477676]
    ],
    "M_G2C12_M M_G2C12H1_M": [
        [-0.133847, 0.0676481, 0.00399314]
    ],
    "M_G2C12_M M_G2C12H2_M": [
        [-0.132936, 0.0796157, 0.00469956]
    ],
    "M_G2C13_M M_G2C13H1_M": [
        [-0.210001, 0.0683294, 0.00403336]
    ],
    "M_G2C13_M M_G2C13H2_M": [
        [-0.208363, 0.0715726, 0.0042248]
    ],
    "M_G2C14_M M_G2C14H1_M": [
        [-0.218369, 0.0707748, 0.0041777]
    ],
    "M_G2C14_M M_G2C14H2_M": [
        [-0.218886, 0.0704761, 0.00416007]
    ],
    "M_G2C15_M M_G2C15H1_M": [
        [-0.226371, 0.0705514, 0.00416452]
    ],
    "M_G2C15_M M_G2C15H2_M": [
        [-0.226599, 0.0706701, 0.00417152]
    ],
    "M_G2C16_M M_G2C16H1_M": [
        [-0.206711, 0.0695824, 0.00410732]
    ],
    "M_G2C16_M M_G2C16H2_M": [
        [-0.207113, 0.0693005, 0.00409068]
    ],
    "M_G2C17_M M_G2C17H1_M": [
        [-0.186961, 0.063997, 0.00377763]
    ],
    "M_G2C17_M M_G2C17H2_M": [
        [-0.187533, 0.0641039, 0.00378393]
    ],
    "M_G2C18_M M_G2C18H1_M": [
        [-0.135217, 0.0538237, 0.00317711]
    ],
    "M_G2C18_M M_G2C18H2_M": [
        [-0.13627, 0.0535169, 0.003159]
    ],
    "M_G2C19_M M_G2C19H1_M": [
        [-0.0420896, 0.0205656, 0.00121395]
    ],
    "M_G2C19_M M_G2C19H2_M": [
        [-0.0418621, 0.0205369, 0.00121225]
    ],
    "M_G2C19_M M_G2C19H3_M": [
        [-0.0420545, 0.0197922, 0.0011683]
    ],
    "M_G3_M M_G3H1_M": [
        [-0.189749, 0.295044, 0.0174159]
    ],
    "M_G3_M M_G3H2_M": [
        [-0.260923, 0.226159, 0.0133497]
    ],
    "M_G3C4_M M_G3C4H1_M": [
        [0.0850485, 0.328627, 0.0193982]
    ],
    "M_G3C4_M M_G3C4H2_M": [
        [0.12787, 0.332742, 0.0196412]
    ],
    "M_G3C5_M M_G3C5H1_M": [
        [0.103787, 0.328033, 0.0193632]
    ],
    "M_G3C5_M M_G3C5H2_M": [
        [0.0687375, 0.318129, 0.0187786]
    ],
    "M_G3N6C1_M M_G3N6C1H1_M": [
        [-0.0174889, 0.0954148, 0.00563216]
    ],
    "M_G3N6C1_M M_G3N6C1H2_M": [
        [-0.0196969, 0.0854051, 0.0050413]
    ],
    "M_G3N6C1_M M_G3N6C1H3_M": [
        [-0.0158347, 0.0855676, 0.0050509]
    ],
    "M_G3N6C2_M M_G3N6C2H1_M": [
        [-0.0315767, 0.0915352, 0.00540315]
    ],
    "M_G3N6C2_M M_G3N6C2H2_M": [
        [-0.0292018, 0.0833663, 0.00492096]
    ],
    "M_G3N6C2_M M_G3N6C2H3_M": [
        [-0.0237839, 0.0878724, 0.00518695]
    ],
    "M_G3N6C3_M M_G3N6C3H1_M": [
        [-0.0153129, 0.0830013, 0.00489941]
    ],
    "M_G3N6C3_M M_G3N6C3H2_M": [
        [-0.00961784, 0.0875111, 0.00516562]
    ],
    "M_G3N6C3_M M_G3N6C3H3_M": [
        [-0.0140152, 0.0858286, 0.0050663]
    ]
}