{
    "M_G1_M M_G1H1_M": [
        [-0.0609273, 0.0530267, 0.00532938]
    ],
    "M_G1_M M_G1H2_M": [
        [-0.170651, 0.0417016, 0.00419117]
    ],
    "M_G1C3_M M_G1C3H1_M": [
        [-0.235973, 0.022958, 0.00230736]
    ],
    "M_G1C3_M M_G1C3H2_M": [
        [-0.244929, 0.0191036, 0.00191998]
    ],
    "M_G1C4_M M_G1C4H1_M": [
        [-0.201135, 0.0198018, 0.00199016]
    ],
    "M_G1C4_M M_G1C4H2_M": [
        [-0.217963, 0.0195103, 0.00196086]
    ],
    "M_G1C5_M M_G1C5H1_M": [
        [-0.239146, 0.0185783, 0.00186719]
    ],
    "M_G1C5_M M_G1C5H2_M": [
        [-0.245464, 0.0162565, 0.00163384]
    ],
    "M_G1C6_M M_G1C6H1_M": [
        [-0.225825, 0.018892, 0.00189871]
    ],
    "M_G1C6_M M_G1C6H2_M": [
        [-0.229167, 0.0175945, 0.00176831]
    ],
    "M_G1C7_M M_G1C7H1_M": [
        [-0.239491, 0.0180376, 0.00181285]
    ],
    "M_G1C7_M M_G1C7H2_M": [
        [-0.238829, 0.0172698, 0.00173568]
    ],
    "M_G1C8_M M_G1C8H1_M": [
        [-0.226571, 0.0184571, 0.00185501]
    ],
    "M_G1C8_M M_G1C8H2_M": [
        [-0.227736, 0.0191578, 0.00192543]
    ],
    "M_G1C9_M M_G1C9H1_M": [
        [-0.226466, 0.0181583, 0.00182498]
    ],
    "M_G1C9_M M_G1C9H2_M": [
        [-0.226069, 0.0182349, 0.00183268]
    ],
    "M_G1C10_M M_G1C10H1_M": [
        [-0.209537, 0.0197415, 0.0019841]
    ],
    "M_G1C10_M M_G1C10H2_M": [
        [-0.209027, 0.017548, 0.00176364]
    ],
    "M_G1C11_M M_G1C11H1_M": [
        [-0.20037, 0.0188161, 0.00189109]
    ],
    "M_G1C11_M M_G1C11H2_M": [
        [-0.200032, 0.0175988, 0.00176874]
    ],
    "M_G1C12_M M_G1C12H1_M": [
        [-0.178689, 0.0178594, 0.00179494]
    ],
    "M_G1C12_M M_G1C12H2_M": [
        [-0.179543, 0.0168981, 0.00169832]
    ],
    "M_G1C13_M M_G1C13H1_M": [
        [-0.164165, 0.0161513, 0.00162327]
    ],
    "M_G1C13_M M_G1C13H2_M": [
        [-0.164488, 0.0164455, 0.00165284]
    ],
    "M_G1C14_M M_G1C14H1_M": [
        [-0.13985, 0.0148796, 0.00149546]
    ],
    "M_G1C14_M M_G1C14H2_M": [
        [-0.140698, 0.0155661, 0.00156445]
    ],
    "M_G1C15_M M_G1C15H1_M": [
        [-0.119718, 0.0136692, 0.0013738]
    ],
    "M_G1C15_M M_G1C15H2_M": [
        [-0.119787, 0.0133989, 0.00134664]
    ],
    "M_G1C16_M M_G1C16H1_M": [
        [-0.0862606, 0.0100959, 0.00101467]
    ],
    "M_G1C16_M M_G1C16H2_M": [
        [-0.0860877, 0.0116516, 0.00117103]
    ],
    "M_G1C17_M M_G1C17H1_M": [
        [-0.0282957, 0.00793695, 0.000797693]
    ],
    "M_G1C17_M M_G1C17H2_M": [
        [-0.0273778, 0.00949901, 0.000954687]
    ],
    "M_G1C17_M M_G1C17H3_M": [
        [-0.0266587, 0.00861915, 0.000866257]
    ],
    "M_G2_M M_G2H1_M": [
        [0.000341819, 0.0639828, 0.00643051]
    ],
    "M_G2C3_M M_G2C3H1_M": [
        [-0.169274, 0.0290633, 0.00292098]
    ],
    "M_G2C3_M M_G2C3H2_M": [
        [-0.129664, 0.0389603, 0.00391566]
    ],
    "M_G2C4_M M_G2C4H1_M": [
        [-0.216795, 0.0248418, 0.00249669]
    ],
    "M_G2C4_M M_G2C4H2_M": [
        [-0.169008, 0.0304965, 0.00306501]
    ],
    "M_G2C5_M M_G2C5H1_M": [
        [-0.209195, 0.0232659, 0.00233831]
    ],
    "M_G2C5_M M_G2C5H2_M": [
        [-0.199302, 0.0266888, 0.00268233]
    ],
    "M_G2C6_M M_G2C6H1_M": [
        [-0.213368, 0.0252193, 0.00253464]
    ],
    "M_G2C6_M M_G2C6H2_M": [
        [-0.209569, 0.0247141, 0.00248387]
    ],
    "M_G2C7_M M_G2C7H1_M": [
        [-0.193265, 0.0241765, 0.00242982]
    ],
    "M_G2C7_M M_G2C7H2_M": [
        [-0.192566, 0.0241836, 0.00243054]
    ],
    "M_G2C8_M M_G2C8H1_M": [
        [-0.187094, 0.0243785, 0.00245013]
    ],
    "M_G2C8_M M_G2C8H2_M": [
        [-0.188382, 0.0227583, 0.00228729]
    ],
    "M_G2C9_M M_G2C9H1_M": [
        [-0.134168, 0.0218458, 0.00219559]
    ],
    "M_G2C9_M M_G2C9H2_M": [
        [-0.13535, 0.0190298, 0.00191257]
    ],
    "M_G2C10_M M_G2C10H1_M": [
        [-0.105002, 0.020806, 0.00209108]
    ],
    "M_G2C11_M M_G2C11H1_M": [
        [-0.0231256, 0.0218763, 0.00219865]
    ],
    "M_G2C12_M M_G2C12H1_M": [
        [-0.0728178, 0.0202135, 0.00203153]
    ],
    "M_G2C12_M M_G2C12H2_M": [
        [-0.0710419, 0.0206839, 0.00207881]
    ],
    "M_G2C13_M M_G2C13H1_M": [
        [-0.122699, 0.0179687, 0.00180592]
    ],
    "M_G2C13_M M_G2C13H2_M": [
        [-0.122146, 0.0171741, 0.00172607]
    ],
    "M_G2C14_M M_G2C14H1_M": [
        [-0.126837, 0.0159334, 0.00160137]
    ],
    "M_G2C14_M M_G2C14H2_M": [
        [-0.126981, 0.0165879, 0.00166715]
    ],
    "M_G2C15_M M_G2C15H1_M": [
        [-0.136577, 0.0153647, 0.00154421]
    ],
    "M_G2C15_M M_G2C15H2_M": [
        [-0.136427, 0.0167405, 0.00168248]
    ],
    "M_G2C16_M M_G2C16H1_M": [
        [-0.122793, 0.0137065, 0.00137755]
    ],
    "M_G2C16_M M_G2C16H2_M": [
        [-0.124841, 0.014996, 0.00150716]
    ],
    "M_G2C17_M M_G2C17H1_M": [
        [-0.111132, 0.0116665, 0.00117252]
    ],
    "M_G2C17_M M_G2C17H2_M": [
        [-0.111907, 0.013084, 0.00131499]
    ],
    "M_G2C18_M M_G2C18H1_M": [
        [-0.081901, 0.0115413, 0.00115994]
    ],
    "M_G2C18_M M_G2C18H2_M": [
        [-0.0843852, 0.0101927, 0.0010244]
    ],
    "M_G2C19_M M_G2C19H1_M": [
        [-0.0274719, 0.00798227, 0.000802249]
    ],
    "M_G2C19_M M_G2C19H2_M": [
        [-0.0271672, 0.00727516, 0.000731181]
    ],
    "M_G2C19_M M_G2C19H3_M": [
        [-0.027367, 0.0073211, 0.000735798]
    ],
    "M_G3_M M_G3H1_M": [
        [0.0104355, 0.0580859, 0.00583785]
    ],
    "M_G3_M M_G3H2_M": [
        [0.0207478, 0.0527583, 0.00530241]
    ],
    "M_G3C4_M M_G3C4H1_M": [
        [0.0483491, 0.0266466, 0.00267809]
    ],
    "M_G3C4_M M_G3C4H2_M": [
        [0.0392309, 0.0232611, 0.00233782]
    ],
    "M_G3C5_M M_G3C5H1_M": [
        [-0.0390845, 0.025112, 0.00252385]
    ],
    "M_G3C5_M M_G3C5H2_M": [
        [-0.0734205, 0.0184561, 0.00185491]
    ],
    "M_G3N6C1_M M_G3N6C1H1_M": [
        [0.015585, 0.0122155, 0.0012277]
    ],
    "M_G3N6C1_M M_G3N6C1H2_M": [
        [0.0192513, 0.0121163, 0.00121773]
    ],
    "M_G3N6C1_M M_G3N6C1H3_M": [
        [0.0154452, 0.0124428, 0.00125055]
    ],
    "M_G3N6C2_M M_G3N6C2H1_M": [
        [0.0183235, 0.0146263, 0.00147]
    ],
    "M_G3N6C2_M M_G3N6C2H2_M": [
        [0.0162505, 0.0131903, 0.00132567]
    ],
    "M_G3N6C2_M M_G3N6C2H3_M": [
        [0.0135523, 0.013496, 0.0013564]
    ],
    "M_G3N6C3_M M_G3N6C3H1_M": [
        [0.0168925, 0.0127693, 0.00128336]
    ],
    "M_G3N6C3_M M_G3N6C3H2_M": [
        [0.016128, 0.0122739, 0.00123357]
    ],
    "M_G3N6C3_M M_G3N6C3H3_M": [
        [0.0148364, 0.0124035, 0.0012466]
    ]
}