{"sn-1": NaN, "sn-2": NaN, "headgroup": 0.0014461504662106237, "total": 0.0014461504662106237}