{
    "M_G1_M M_G1H1_M": [
        [-0.235582, 0.04139, 0.0033908]
    ],
    "M_G1_M M_G1H2_M": [
        [-0.0217987, 0.0452964, 0.00371083]
    ],
    "M_G1C3_M M_G1C3H1_M": [
        [-0.235578, 0.0221521, 0.00181477]
    ],
    "M_G1C3_M M_G1C3H2_M": [
        [-0.241145, 0.0192586, 0.00157773]
    ],
    "M_G1C4_M M_G1C4H1_M": [
        [-0.168498, 0.0222779, 0.00182507]
    ],
    "M_G1C4_M M_G1C4H2_M": [
        [-0.169565, 0.0211735, 0.0017346]
    ],
    "M_G1C5_M M_G1C5H1_M": [
        [-0.211714, 0.0198379, 0.00162518]
    ],
    "M_G1C5_M M_G1C5H2_M": [
        [-0.207204, 0.0196646, 0.00161098]
    ],
    "M_G1C6_M M_G1C6H1_M": [
        [-0.206832, 0.0198873, 0.00162923]
    ],
    "M_G1C6_M M_G1C6H2_M": [
        [-0.206183, 0.0179148, 0.00146764]
    ],
    "M_G1C7_M M_G1C7H1_M": [
        [-0.220233, 0.0188857, 0.00154718]
    ],
    "M_G1C7_M M_G1C7H2_M": [
        [-0.21969, 0.0184226, 0.00150924]
    ],
    "M_G1C8_M M_G1C8H1_M": [
        [-0.207878, 0.0194368, 0.00159233]
    ],
    "M_G1C8_M M_G1C8H2_M": [
        [-0.207477, 0.0189925, 0.00155592]
    ],
    "M_G1C9_M M_G1C9H1_M": [
        [-0.208161, 0.0186167, 0.00152514]
    ],
    "M_G1C9_M M_G1C9H2_M": [
        [-0.208495, 0.0198556, 0.00162663]
    ],
    "M_G1C10_M M_G1C10H1_M": [
        [-0.190256, 0.0185305, 0.00151808]
    ],
    "M_G1C10_M M_G1C10H2_M": [
        [-0.188074, 0.0199386, 0.00163344]
    ],
    "M_G1C11_M M_G1C11H1_M": [
        [-0.18302, 0.0183718, 0.00150508]
    ],
    "M_G1C11_M M_G1C11H2_M": [
        [-0.182303, 0.0191198, 0.00156635]
    ],
    "M_G1C12_M M_G1C12H1_M": [
        [-0.161201, 0.0166524, 0.00136422]
    ],
    "M_G1C12_M M_G1C12H2_M": [
        [-0.160719, 0.0179298, 0.00146887]
    ],
    "M_G1C13_M M_G1C13H1_M": [
        [-0.150511, 0.0160501, 0.00131488]
    ],
    "M_G1C13_M M_G1C13H2_M": [
        [-0.149504, 0.0160256, 0.00131287]
    ],
    "M_G1C14_M M_G1C14H1_M": [
        [-0.125911, 0.0144824, 0.00118644]
    ],
    "M_G1C14_M M_G1C14H2_M": [
        [-0.125236, 0.0136811, 0.0011208]
    ],
    "M_G1C15_M M_G1C15H1_M": [
        [-0.109867, 0.0119169, 0.000976272]
    ],
    "M_G1C15_M M_G1C15H2_M": [
        [-0.109728, 0.0114316, 0.000936516]
    ],
    "M_G1C16_M M_G1C16H1_M": [
        [-0.0769659, 0.00918279, 0.000752284]
    ],
    "M_G1C16_M M_G1C16H2_M": [
        [-0.0778039, 0.0096422, 0.00078992]
    ],
    "M_G1C17_M M_G1C17H1_M": [
        [-0.0268112, 0.00472084, 0.000386746]
    ],
    "M_G1C17_M M_G1C17H2_M": [
        [-0.0267919, 0.00514597, 0.000421574]
    ],
    "M_G1C17_M M_G1C17H3_M": [
        [-0.0266493, 0.00448457, 0.00036739]
    ],
    "M_G2_M M_G2H1_M": [
        [-0.222945, 0.056558, 0.00463341]
    ],
    "M_G2C3_M M_G2C3H1_M": [
        [-0.235578, 0.0221521, 0.00181477]
    ],
    "M_G2C3_M M_G2C3H2_M": [
        [-0.241145, 0.0192586, 0.00157773]
    ],
    "M_G2C4_M M_G2C4H1_M": [
        [-0.168498, 0.0222779, 0.00182507]
    ],
    "M_G2C4_M M_G2C4H2_M": [
        [-0.169565, 0.0211735, 0.0017346]
    ],
    "M_G2C5_M M_G2C5H1_M": [
        [-0.211714, 0.0198379, 0.00162518]
    ],
    "M_G2C5_M M_G2C5H2_M": [
        [-0.207204, 0.0196646, 0.00161098]
    ],
    "M_G2C6_M M_G2C6H1_M": [
        [-0.206832, 0.0198873, 0.00162923]
    ],
    "M_G2C6_M M_G2C6H2_M": [
        [-0.206183, 0.0179148, 0.00146764]
    ],
    "M_G2C7_M M_G2C7H1_M": [
        [-0.220233, 0.0188857, 0.00154718]
    ],
    "M_G2C7_M M_G2C7H2_M": [
        [-0.21969, 0.0184226, 0.00150924]
    ],
    "M_G2C8_M M_G2C8H1_M": [
        [-0.207878, 0.0194368, 0.00159233]
    ],
    "M_G2C8_M M_G2C8H2_M": [
        [-0.207477, 0.0189925, 0.00155592]
    ],
    "M_G2C9_M M_G2C9H1_M": [
        [-0.208161, 0.0186167, 0.00152514]
    ],
    "M_G2C9_M M_G2C9H2_M": [
        [-0.208495, 0.0198556, 0.00162663]
    ],
    "M_G2C10_M M_G2C10H1_M": [
        [-0.283673, 0.0260812, 0.00213666]
    ],
    "M_G2C11_M M_G2C11H1_M": [
        [-0.281767, 0.025946, 0.00212558]
    ],
    "M_G2C12_M M_G2C12H1_M": [
        [-0.161201, 0.0166524, 0.00136422]
    ],
    "M_G2C12_M M_G2C12H2_M": [
        [-0.160719, 0.0179298, 0.00146887]
    ],
    "M_G2C13_M M_G2C13H1_M": [
        [-0.150511, 0.0160501, 0.00131488]
    ],
    "M_G2C13_M M_G2C13H2_M": [
        [-0.149504, 0.0160256, 0.00131287]
    ],
    "M_G2C14_M M_G2C14H1_M": [
        [-0.125911, 0.0144824, 0.00118644]
    ],
    "M_G2C14_M M_G2C14H2_M": [
        [-0.125236, 0.0136811, 0.0011208]
    ],
    "M_G2C15_M M_G2C15H1_M": [
        [-0.109867, 0.0119169, 0.000976272]
    ],
    "M_G2C15_M M_G2C15H2_M": [
        [-0.109728, 0.0114316, 0.000936516]
    ],
    "M_G2C16_M M_G2C16H1_M": [
        [-0.0769659, 0.00918279, 0.000752284]
    ],
    "M_G2C16_M M_G2C16H2_M": [
        [-0.0778039, 0.0096422, 0.00078992]
    ],
    "M_G2C17_M M_G2C17H1_M": [
        [-0.0268112, 0.00472084, 0.000386746]
    ],
    "M_G2C17_M M_G2C17H2_M": [
        [-0.0267919, 0.00514597, 0.000421574]
    ],
    "M_G2C18_M M_G2C18H1_M": [
        [-0.0743811, 0.00945809, 0.000774837]
    ],
    "M_G2C18_M M_G2C18H2_M": [
        [-0.0739186, 0.00943321, 0.000772798]
    ],
    "M_G2C19_M M_G2C19H1_M": [
        [-0.0238978, 0.00486886, 0.000398872]
    ],
    "M_G2C19_M M_G2C19H2_M": [
        [-0.0246028, 0.00460066, 0.000376901]
    ],
    "M_G2C19_M M_G2C19H3_M": [
        [-0.0239827, 0.00458834, 0.000375892]
    ],
    "M_G3_M M_G3H1_M": [
        [-0.159155, 0.0567349, 0.0046479]
    ],
    "M_G3_M M_G3H2_M": [
        [-0.178922, 0.0334941, 0.00274394]
    ],
    "M_G3C4_M M_G3C4H1_M": [
        [0.0431979, 0.0122025, 0.000999664]
    ],
    "M_G3C4_M M_G3C4H2_M": [
        [0.0444524, 0.0142048, 0.0011637]
    ],
    "M_G3C5_M M_G3C5H1_M": [
        [-0.0267922, 0.0106135, 0.000869492]
    ],
    "M_G3C5_M M_G3C5H2_M": [
        [-0.0283447, 0.010067, 0.000824723]
    ],
    "M_G3N6C1_M M_G3N6C1H1_M": [
        [0.0111764, 0.00491268, 0.000402463]
    ],
    "M_G3N6C1_M M_G3N6C1H2_M": [
        [0.0112778, 0.00485741, 0.000397934]
    ],
    "M_G3N6C1_M M_G3N6C1H3_M": [
        [0.010894, 0.00485342, 0.000397607]
    ],
    "M_G3N6C2_M M_G3N6C2H1_M": [
        [0.0112558, 0.0049157, 0.000402709]
    ],
    "M_G3N6C2_M M_G3N6C2H2_M": [
        [0.0106579, 0.00477999, 0.000391592]
    ],
    "M_G3N6C2_M M_G3N6C2H3_M": [
        [0.0102282, 0.00416837, 0.000341486]
    ],
    "M_G3N6C3_M M_G3N6C3H1_M": [
        [0.0110059, 0.00499974, 0.000409595]
    ],
    "M_G3N6C3_M M_G3N6C3H2_M": [
        [0.010531, 0.00449001, 0.000367836]
    ],
    "M_G3N6C3_M M_G3N6C3H3_M": [
        [0.0110211, 0.00486717, 0.000398734]
    ]
}