{
    "M_C3_M M_C3H3_M": [
        [-0.391233, 0.0212392, 0.00442868]
    ],
    "M_C4_M M_C4H41_M": [
        [-0.345126, 0.0314458, 0.0065569]
    ],
    "M_C4_M M_C4H42_M": [
        [-0.154692, 0.0478628, 0.00998008]
    ],
    "M_C6_M M_C6H6_M": [
        [-0.0192728, 0.0567986, 0.0118433]
    ],
    "M_C7_M M_C7H71_M": [
        [-0.301298, 0.0313521, 0.00653737]
    ],
    "M_C7_M M_C7H72_M": [
        [-0.349593, 0.0300344, 0.0062626]
    ],
    "M_C8_M M_C8H8_M": [
        [-0.421222, 0.0125428, 0.00261536]
    ],
    "M_C14_M M_C14H14_M": [
        [-0.416955, 0.0117473, 0.00244948]
    ],
    "M_C15_M M_C15H151_M": [
        [-0.385789, 0.0229367, 0.00478263]
    ],
    "M_C15_M M_C15H152_M": [
        [-0.321689, 0.0281881, 0.00587762]
    ],
    "M_C16_M M_C16H161_M": [
        [-0.0804327, 0.0452494, 0.00943516]
    ],
    "M_C16_M M_C16H162_M": [
        [-0.193876, 0.0484719, 0.0101071]
    ],
    "M_C17_M M_C17H17_M": [
        [-0.407172, 0.0130813, 0.00272765]
    ],
    "M_C18_M M_C18H181_M": [
        [0.124777, 0.0352983, 0.0073602]
    ],
    "M_C18_M M_C18H182_M": [
        [0.112017, 0.0290422, 0.00605572]
    ],
    "M_C18_M M_C18H183_M": [
        [0.111901, 0.0324115, 0.00675827]
    ],
    "M_C12_M M_C12H121_M": [
        [-0.0853667, 0.0520747, 0.0108583]
    ],
    "M_C12_M M_C12H122_M": [
        [-0.413599, 0.0133912, 0.00279225]
    ],
    "M_C11_M M_C11H111_M": [
        [-0.417768, 0.0126435, 0.00263636]
    ],
    "M_C11_M M_C11H112_M": [
        [-0.238567, 0.037859, 0.00789415]
    ],
    "M_C9_M M_C9H9_M": [
        [-0.420037, 0.0115792, 0.00241444]
    ],
    "M_C19_M M_C19H191_M": [
        [0.100644, 0.0444977, 0.0092784]
    ],
    "M_C19_M M_C19H192_M": [
        [0.118499, 0.0458106, 0.00955216]
    ],
    "M_C19_M M_C19H193_M": [
        [0.128861, 0.0501781, 0.0104629]
    ],
    "M_C1_M M_C1H11_M": [
        [-0.201613, 0.0437109, 0.00911435]
    ],
    "M_C1_M M_C1H12_M": [
        [-0.375776, 0.0250297, 0.00521905]
    ],
    "M_C2_M M_C2H21_M": [
        [-0.248738, 0.0347263, 0.00724093]
    ],
    "M_C2_M M_C2H22_M": [
        [-0.358579, 0.0303851, 0.00633573]
    ],
    "M_C20_M M_C20H20_M": [
        [-0.391645, 0.0167196, 0.00348628]
    ],
    "M_C21_M M_C21H211_M": [
        [0.0952759, 0.0211179, 0.00440339]
    ],
    "M_C21_M M_C21H212_M": [
        [0.104836, 0.0194796, 0.00406179]
    ],
    "M_C21_M M_C21H213_M": [
        [0.0927258, 0.0192185, 0.00400734]
    ],
    "M_C22_M M_C22H221_M": [
        [-0.232655, 0.0987334, 0.0205873]
    ],
    "M_C22_M M_C22H222_M": [
        [-0.35136, 0.0237064, 0.00494312]
    ],
    "M_C23_M M_C23H231_M": [
        [-0.184521, 0.0800595, 0.0166936]
    ],
    "M_C23_M M_C23H232_M": [
        [-0.338834, 0.0231161, 0.00482004]
    ],
    "M_C24_M M_C24H241_M": [
        [-0.203719, 0.0479471, 0.00999767]
    ],
    "M_C24_M M_C24H242_M": [
        [-0.303935, 0.0224463, 0.00468038]
    ],
    "M_C25_M M_C25H25_M": [
        [-0.224001, 0.023726, 0.00494722]
    ],
    "M_C26_M M_C26H261_M": [
        [0.0251421, 0.0190197, 0.00396588]
    ],
    "M_C26_M M_C26H262_M": [
        [0.0130565, 0.0181073, 0.00377564]
    ],
    "M_C26_M M_C26H263_M": [
        [0.013841, 0.0218597, 0.00455806]
    ],
    "M_C27_M M_C27H271_M": [
        [0.000588403, 0.0153254, 0.00319556]
    ],
    "M_C27_M M_C27H272_M": [
        [0.00645242, 0.0180715, 0.00376816]
    ],
    "M_C27_M M_C27H273_M": [
        [-0.00086798, 0.0242827, 0.00506329]
    ]
}