{
    "M_G1_M M_G1H1_M": [
        [-0.199481, 0.0832988, 0.00837184]
    ],
    "M_G1_M M_G1H2_M": [
        [-0.0523236, 0.0849954, 0.00854236]
    ],
    "M_G1C3_M M_G1C3H1_M": [
        [-0.288546, 0.0346222, 0.00347966]
    ],
    "M_G1C3_M M_G1C3H2_M": [
        [-0.264579, 0.0356375, 0.0035817]
    ],
    "M_G1C4_M M_G1C4H1_M": [
        [-0.262965, 0.0339006, 0.00340714]
    ],
    "M_G1C4_M M_G1C4H2_M": [
        [-0.245212, 0.0327985, 0.00329638]
    ],
    "M_G1C5_M M_G1C5H1_M": [
        [-0.293749, 0.0319388, 0.00320997]
    ],
    "M_G1C5_M M_G1C5H2_M": [
        [-0.288862, 0.0327982, 0.00329635]
    ],
    "M_G1C6_M M_G1C6H1_M": [
        [-0.30306, 0.0341397, 0.00343117]
    ],
    "M_G1C6_M M_G1C6H2_M": [
        [-0.298325, 0.0336217, 0.00337911]
    ],
    "M_G1C7_M M_G1C7H1_M": [
        [-0.318591, 0.0315368, 0.00316957]
    ],
    "M_G1C7_M M_G1C7H2_M": [
        [-0.314658, 0.032057, 0.00322185]
    ],
    "M_G1C8_M M_G1C8H1_M": [
        [-0.316065, 0.0311437, 0.00313006]
    ],
    "M_G1C8_M M_G1C8H2_M": [
        [-0.312235, 0.0320358, 0.00321972]
    ],
    "M_G1C9_M M_G1C9H1_M": [
        [-0.317135, 0.0288913, 0.00290368]
    ],
    "M_G1C9_M M_G1C9H2_M": [
        [-0.315075, 0.0304984, 0.0030652]
    ],
    "M_G1C10_M M_G1C10H1_M": [
        [-0.305584, 0.0303809, 0.00305339]
    ],
    "M_G1C10_M M_G1C10H2_M": [
        [-0.30353, 0.0312082, 0.00313654]
    ],
    "M_G1C11_M M_G1C11H1_M": [
        [-0.298136, 0.0303942, 0.00305473]
    ],
    "M_G1C11_M M_G1C11H2_M": [
        [-0.29729, 0.0300489, 0.00302003]
    ],
    "M_G1C12_M M_G1C12H1_M": [
        [-0.278134, 0.0317119, 0.00318717]
    ],
    "M_G1C12_M M_G1C12H2_M": [
        [-0.276547, 0.0317017, 0.00318614]
    ],
    "M_G1C13_M M_G1C13H1_M": [
        [-0.262099, 0.0312766, 0.00314341]
    ],
    "M_G1C13_M M_G1C13H2_M": [
        [-0.261154, 0.031125, 0.00312818]
    ],
    "M_G1C14_M M_G1C14H1_M": [
        [-0.231298, 0.0313143, 0.0031472]
    ],
    "M_G1C14_M M_G1C14H2_M": [
        [-0.23101, 0.0318013, 0.00319616]
    ],
    "M_G1C15_M M_G1C15H1_M": [
        [-0.20135, 0.0285492, 0.0028693]
    ],
    "M_G1C15_M M_G1C15H2_M": [
        [-0.202377, 0.0289622, 0.00291082]
    ],
    "M_G1C16_M M_G1C16H1_M": [
        [-0.151927, 0.0236088, 0.00237278]
    ],
    "M_G1C16_M M_G1C16H2_M": [
        [-0.150963, 0.0248326, 0.00249577]
    ],
    "M_G1C17_M M_G1C17H1_M": [
        [-0.048693, 0.0108025, 0.0010857]
    ],
    "M_G1C17_M M_G1C17H2_M": [
        [-0.0491802, 0.0111598, 0.00112161]
    ],
    "M_G1C17_M M_G1C17H3_M": [
        [-0.0507543, 0.0100661, 0.00101168]
    ],
    "M_G2_M M_G2H1_M": [
        [-0.227681, 0.0761167, 0.00765002]
    ],
    "M_G2C3_M M_G2C3H1_M": [
        [-0.0873211, 0.0662789, 0.00666128]
    ],
    "M_G2C3_M M_G2C3H2_M": [
        [-0.155541, 0.0433921, 0.00436107]
    ],
    "M_G2C4_M M_G2C4H1_M": [
        [-0.26713, 0.0350954, 0.00352722]
    ],
    "M_G2C4_M M_G2C4H2_M": [
        [-0.271411, 0.0311001, 0.00312567]
    ],
    "M_G2C5_M M_G2C5H1_M": [
        [-0.275401, 0.0326559, 0.00328204]
    ],
    "M_G2C5_M M_G2C5H2_M": [
        [-0.278702, 0.029078, 0.00292245]
    ],
    "M_G2C6_M M_G2C6H1_M": [
        [-0.295921, 0.0311259, 0.00312827]
    ],
    "M_G2C6_M M_G2C6H2_M": [
        [-0.295486, 0.0308277, 0.0030983]
    ],
    "M_G2C7_M M_G2C7H1_M": [
        [-0.275469, 0.0312584, 0.00314159]
    ],
    "M_G2C7_M M_G2C7H2_M": [
        [-0.27452, 0.0331095, 0.00332763]
    ],
    "M_G2C8_M M_G2C8H1_M": [
        [-0.263348, 0.0288377, 0.00289829]
    ],
    "M_G2C8_M M_G2C8H2_M": [
        [-0.263519, 0.0315021, 0.00316608]
    ],
    "M_G2C9_M M_G2C9H1_M": [
        [-0.164966, 0.0414742, 0.00416831]
    ],
    "M_G2C9_M M_G2C9H2_M": [
        [-0.165038, 0.040379, 0.00405824]
    ],
    "M_G2C10_M M_G2C10H1_M": [
        [-0.098497, 0.0345987, 0.0034773]
    ],
    "M_G2C11_M M_G2C11H1_M": [
        [-0.0858376, 0.0354411, 0.00356197]
    ],
    "M_G2C12_M M_G2C12H1_M": [
        [-0.149498, 0.0442122, 0.00444349]
    ],
    "M_G2C12_M M_G2C12H2_M": [
        [-0.149621, 0.0423741, 0.00425875]
    ],
    "M_G2C13_M M_G2C13H1_M": [
        [-0.219792, 0.0337333, 0.00339032]
    ],
    "M_G2C13_M M_G2C13H2_M": [
        [-0.218733, 0.0342622, 0.00344348]
    ],
    "M_G2C14_M M_G2C14H1_M": [
        [-0.231111, 0.0309914, 0.00311475]
    ],
    "M_G2C14_M M_G2C14H2_M": [
        [-0.231449, 0.0328669, 0.00330324]
    ],
    "M_G2C15_M M_G2C15H1_M": [
        [-0.235751, 0.0292874, 0.0029435]
    ],
    "M_G2C15_M M_G2C15H2_M": [
        [-0.235249, 0.0307535, 0.00309084]
    ],
    "M_G2C16_M M_G2C16H1_M": [
        [-0.215647, 0.0286127, 0.00287568]
    ],
    "M_G2C16_M M_G2C16H2_M": [
        [-0.21569, 0.0291736, 0.00293206]
    ],
    "M_G2C17_M M_G2C17H1_M": [
        [-0.19395, 0.0263696, 0.00265025]
    ],
    "M_G2C17_M M_G2C17H2_M": [
        [-0.194362, 0.0264557, 0.0026589]
    ],
    "M_G2C18_M M_G2C18H1_M": [
        [-0.149831, 0.022989, 0.00231048]
    ],
    "M_G2C18_M M_G2C18H2_M": [
        [-0.149325, 0.0224753, 0.00225886]
    ],
    "M_G2C19_M M_G2C19H1_M": [
        [-0.0510971, 0.0140262, 0.00140969]
    ],
    "M_G2C19_M M_G2C19H2_M": [
        [-0.0504685, 0.0114466, 0.00115042]
    ],
    "M_G2C19_M M_G2C19H3_M": [
        [-0.0506781, 0.0125848, 0.00126482]
    ],
    "M_G3_M M_G3H1_M": [
        [-0.231857, 0.0729281, 0.00732955]
    ],
    "M_G3_M M_G3H2_M": [
        [-0.244256, 0.0503209, 0.00505745]
    ],
    "M_G3C4_M M_G3C4H1_M": [
        [0.0430224, 0.0421463, 0.00423587]
    ],
    "M_G3C4_M M_G3C4H2_M": [
        [0.0300058, 0.0399241, 0.00401253]
    ],
    "M_G3C5_M M_G3C5H1_M": [
        [-0.071863, 0.0313612, 0.00315192]
    ],
    "M_G3C5_M M_G3C5H2_M": [
        [-0.0761337, 0.0386998, 0.00388947]
    ],
    "M_G3N6C1_M M_G3N6C1H1_M": [
        [0.0114074, 0.0180518, 0.00181427]
    ],
    "M_G3N6C1_M M_G3N6C1H2_M": [
        [0.0134234, 0.0180614, 0.00181523]
    ],
    "M_G3N6C1_M M_G3N6C1H3_M": [
        [0.0130025, 0.0163126, 0.00163948]
    ],
    "M_G3N6C2_M M_G3N6C2H1_M": [
        [0.00995318, 0.017636, 0.00177249]
    ],
    "M_G3N6C2_M M_G3N6C2H2_M": [
        [0.0119664, 0.0182806, 0.00183727]
    ],
    "M_G3N6C2_M M_G3N6C2H3_M": [
        [0.0114815, 0.0206791, 0.00207833]
    ],
    "M_G3N6C3_M M_G3N6C3H1_M": [
        [0.0102349, 0.0158274, 0.00159071]
    ],
    "M_G3N6C3_M M_G3N6C3H2_M": [
        [0.0108679, 0.0192881, 0.00193853]
    ],
    "M_G3N6C3_M M_G3N6C3H3_M": [
        [0.0145563, 0.0192799, 0.00193771]
    ]
}