{
    "M_G1_M M_G1H1_M": [
        [-0.292662, 0.0949492, 0.0112684]
    ],
    "M_G1_M M_G1H2_M": [
        [0.0521563, 0.146446, 0.0173799]
    ],
    "M_G1C3_M M_G1C3H1_M": [
        [-0.30882, 0.0348851, 0.0041401]
    ],
    "M_G1C3_M M_G1C3H2_M": [
        [-0.310948, 0.0365335, 0.00433573]
    ],
    "M_G1C4_M M_G1C4H1_M": [
        [-0.267949, 0.0304213, 0.00361034]
    ],
    "M_G1C4_M M_G1C4H2_M": [
        [-0.267456, 0.0328969, 0.00390414]
    ],
    "M_G1C5_M M_G1C5H1_M": [
        [-0.301953, 0.0276552, 0.00328207]
    ],
    "M_G1C5_M M_G1C5H2_M": [
        [-0.301507, 0.0245796, 0.00291706]
    ],
    "M_G1C6_M M_G1C6H1_M": [
        [-0.29752, 0.024956, 0.00296173]
    ],
    "M_G1C6_M M_G1C6H2_M": [
        [-0.298224, 0.0230109, 0.00273089]
    ],
    "M_G1C7_M M_G1C7H1_M": [
        [-0.312056, 0.0201881, 0.00239588]
    ],
    "M_G1C7_M M_G1C7H2_M": [
        [-0.311175, 0.0213202, 0.00253025]
    ],
    "M_G1C8_M M_G1C8H1_M": [
        [-0.304028, 0.0201855, 0.00239558]
    ],
    "M_G1C8_M M_G1C8H2_M": [
        [-0.304889, 0.0189416, 0.00224795]
    ],
    "M_G1C9_M M_G1C9H1_M": [
        [-0.306582, 0.0187386, 0.00222386]
    ],
    "M_G1C9_M M_G1C9H2_M": [
        [-0.308012, 0.0179823, 0.00213411]
    ],
    "M_G1C10_M M_G1C10H1_M": [
        [-0.293983, 0.0190528, 0.00226115]
    ],
    "M_G1C10_M M_G1C10H2_M": [
        [-0.294655, 0.0185949, 0.0022068]
    ],
    "M_G1C11_M M_G1C11H1_M": [
        [-0.289237, 0.0185527, 0.0022018]
    ],
    "M_G1C11_M M_G1C11H2_M": [
        [-0.289571, 0.0187654, 0.00222705]
    ],
    "M_G1C12_M M_G1C12H1_M": [
        [-0.269097, 0.0209316, 0.00248413]
    ],
    "M_G1C12_M M_G1C12H2_M": [
        [-0.269795, 0.0196988, 0.00233782]
    ],
    "M_G1C13_M M_G1C13H1_M": [
        [-0.256686, 0.0209054, 0.00248101]
    ],
    "M_G1C13_M M_G1C13H2_M": [
        [-0.257166, 0.0205199, 0.00243527]
    ],
    "M_G1C14_M M_G1C14H1_M": [
        [-0.225093, 0.0239377, 0.00284088]
    ],
    "M_G1C14_M M_G1C14H2_M": [
        [-0.225352, 0.0231509, 0.00274751]
    ],
    "M_G1C15_M M_G1C15H1_M": [
        [-0.196767, 0.0228478, 0.00271154]
    ],
    "M_G1C15_M M_G1C15H2_M": [
        [-0.196794, 0.0226526, 0.00268836]
    ],
    "M_G1C16_M M_G1C16H1_M": [
        [-0.142008, 0.0222353, 0.00263884]
    ],
    "M_G1C16_M M_G1C16H2_M": [
        [-0.141589, 0.0218837, 0.00259712]
    ],
    "M_G1C17_M M_G1C17H1_M": [
        [-0.0473061, 0.00792255, 0.000940234]
    ],
    "M_G1C17_M M_G1C17H2_M": [
        [-0.0472704, 0.00827476, 0.000982033]
    ],
    "M_G1C17_M M_G1C17H3_M": [
        [-0.0466343, 0.00823074, 0.000976809]
    ],
    "M_G2_M M_G2H1_M": [
        [-0.285583, 0.0960557, 0.0113997]
    ],
    "M_G2C3_M M_G2C3H1_M": [
        [-0.204344, 0.0577628, 0.00685518]
    ],
    "M_G2C3_M M_G2C3H2_M": [
        [-0.200399, 0.0594435, 0.00705465]
    ],
    "M_G2C4_M M_G2C4H1_M": [
        [-0.266233, 0.0340482, 0.00404078]
    ],
    "M_G2C4_M M_G2C4H2_M": [
        [-0.257439, 0.0388675, 0.00461273]
    ],
    "M_G2C5_M M_G2C5H1_M": [
        [-0.267621, 0.0286269, 0.00339739]
    ],
    "M_G2C5_M M_G2C5H2_M": [
        [-0.262604, 0.030617, 0.00363357]
    ],
    "M_G2C6_M M_G2C6H1_M": [
        [-0.278894, 0.0274025, 0.00325208]
    ],
    "M_G2C6_M M_G2C6H2_M": [
        [-0.277644, 0.0287627, 0.0034135]
    ],
    "M_G2C7_M M_G2C7H1_M": [
        [-0.250598, 0.0266025, 0.00315714]
    ],
    "M_G2C7_M M_G2C7H2_M": [
        [-0.252344, 0.0273601, 0.00324705]
    ],
    "M_G2C8_M M_G2C8H1_M": [
        [-0.243351, 0.0240083, 0.00284926]
    ],
    "M_G2C8_M M_G2C8H2_M": [
        [-0.24455, 0.0244913, 0.00290658]
    ],
    "M_G2C9_M M_G2C9H1_M": [
        [-0.162028, 0.0189817, 0.00225271]
    ],
    "M_G2C9_M M_G2C9H2_M": [
        [-0.162625, 0.0188092, 0.00223224]
    ],
    "M_G2C10_M M_G2C10H1_M": [
        [-0.119277, 0.0182511, 0.00216601]
    ],
    "M_G2C11_M M_G2C11H1_M": [
        [-0.026592, 0.0250478, 0.00297262]
    ],
    "M_G2C12_M M_G2C12H1_M": [
        [-0.112731, 0.0172621, 0.00204864]
    ],
    "M_G2C12_M M_G2C12H2_M": [
        [-0.112564, 0.0159414, 0.0018919]
    ],
    "M_G2C13_M M_G2C13H1_M": [
        [-0.193203, 0.0195, 0.00231422]
    ],
    "M_G2C13_M M_G2C13H2_M": [
        [-0.194983, 0.0197967, 0.00234943]
    ],
    "M_G2C14_M M_G2C14H1_M": [
        [-0.206283, 0.020567, 0.00244086]
    ],
    "M_G2C14_M M_G2C14H2_M": [
        [-0.207926, 0.0199953, 0.00237301]
    ],
    "M_G2C15_M M_G2C15H1_M": [
        [-0.21717, 0.0205266, 0.00243605]
    ],
    "M_G2C15_M M_G2C15H2_M": [
        [-0.21752, 0.0200462, 0.00237905]
    ],
    "M_G2C16_M M_G2C16H1_M": [
        [-0.200462, 0.0207798, 0.0024661]
    ],
    "M_G2C16_M M_G2C16H2_M": [
        [-0.20084, 0.0202372, 0.00240172]
    ],
    "M_G2C17_M M_G2C17H1_M": [
        [-0.17903, 0.0201095, 0.00238656]
    ],
    "M_G2C17_M M_G2C17H2_M": [
        [-0.179103, 0.0194007, 0.00230244]
    ],
    "M_G2C18_M M_G2C18H1_M": [
        [-0.134805, 0.0168204, 0.00199622]
    ],
    "M_G2C18_M M_G2C18H2_M": [
        [-0.134881, 0.017399, 0.00206488]
    ],
    "M_G2C19_M M_G2C19H1_M": [
        [-0.0408802, 0.00648993, 0.000770214]
    ],
    "M_G2C19_M M_G2C19H2_M": [
        [-0.0409314, 0.00641008, 0.000760737]
    ],
    "M_G2C19_M M_G2C19H3_M": [
        [-0.0412651, 0.0062325, 0.000739662]
    ],
    "M_G3_M M_G3H1_M": [
        [-0.176177, 0.138319, 0.0164155]
    ],
    "M_G3_M M_G3H2_M": [
        [-0.240857, 0.136031, 0.0161439]
    ],
    "M_G3C4_M M_G3C4H1_M": [
        [0.0432633, 0.158914, 0.0188596]
    ],
    "M_G3C4_M M_G3C4H2_M": [
        [0.230517, 0.183344, 0.021759]
    ],
    "M_G3C5_M M_G3C5H1_M": [
        [0.208619, 0.201843, 0.0239544]
    ]
}