{
    "M_G1_M M_G1H1_M": [
        [-0.049706, 0.107412, 0.00761425]
    ],
    "M_G1_M M_G1H2_M": [
        [-0.111234, 0.10639, 0.00754178]
    ],
    "M_G1C3_M M_G1C3H1_M": [
        [-0.242063, 0.033036, 0.00234186]
    ],
    "M_G1C3_M M_G1C3H2_M": [
        [-0.248307, 0.031125, 0.0022064]
    ],
    "M_G1C4_M M_G1C4H1_M": [
        [-0.219249, 0.0256789, 0.00182033]
    ],
    "M_G1C4_M M_G1C4H2_M": [
        [-0.228228, 0.0250603, 0.00177648]
    ],
    "M_G1C5_M M_G1C5H1_M": [
        [-0.261277, 0.0202707, 0.00143695]
    ],
    "M_G1C5_M M_G1C5H2_M": [
        [-0.263494, 0.0217564, 0.00154227]
    ],
    "M_G1C6_M M_G1C6H1_M": [
        [-0.254541, 0.0206503, 0.00146386]
    ],
    "M_G1C6_M M_G1C6H2_M": [
        [-0.255302, 0.022139, 0.00156939]
    ],
    "M_G1C7_M M_G1C7H1_M": [
        [-0.268176, 0.0201936, 0.00143149]
    ],
    "M_G1C7_M M_G1C7H2_M": [
        [-0.267391, 0.0215621, 0.0015285]
    ],
    "M_G1C8_M M_G1C8H1_M": [
        [-0.258316, 0.0217313, 0.00154049]
    ],
    "M_G1C8_M M_G1C8H2_M": [
        [-0.258581, 0.0227725, 0.0016143]
    ],
    "M_G1C9_M M_G1C9H1_M": [
        [-0.2576, 0.0220672, 0.0015643]
    ],
    "M_G1C9_M M_G1C9H2_M": [
        [-0.257472, 0.0224778, 0.00159341]
    ],
    "M_G1C10_M M_G1C10H1_M": [
        [-0.24187, 0.0235126, 0.00166677]
    ],
    "M_G1C10_M M_G1C10H2_M": [
        [-0.241818, 0.0228927, 0.00162282]
    ],
    "M_G1C11_M M_G1C11H1_M": [
        [-0.232677, 0.0230195, 0.00163181]
    ],
    "M_G1C11_M M_G1C11H2_M": [
        [-0.232497, 0.0229285, 0.00162536]
    ],
    "M_G1C12_M M_G1C12H1_M": [
        [-0.211076, 0.023334, 0.00165411]
    ],
    "M_G1C12_M M_G1C12H2_M": [
        [-0.212033, 0.0229445, 0.00162649]
    ],
    "M_G1C13_M M_G1C13H1_M": [
        [-0.19456, 0.0219211, 0.00155395]
    ],
    "M_G1C13_M M_G1C13H2_M": [
        [-0.195844, 0.0220669, 0.00156428]
    ],
    "M_G1C14_M M_G1C14H1_M": [
        [-0.166964, 0.0212979, 0.00150977]
    ],
    "M_G1C14_M M_G1C14H2_M": [
        [-0.167997, 0.0217387, 0.00154101]
    ],
    "M_G1C15_M M_G1C15H1_M": [
        [-0.141739, 0.018666, 0.0013232]
    ],
    "M_G1C15_M M_G1C15H2_M": [
        [-0.142323, 0.0192028, 0.00136125]
    ],
    "M_G1C16_M M_G1C16H1_M": [
        [-0.101454, 0.0150926, 0.00106988]
    ],
    "M_G1C16_M M_G1C16H2_M": [
        [-0.100419, 0.0152063, 0.00107795]
    ],
    "M_G1C17_M M_G1C17H1_M": [
        [-0.0315965, 0.00708374, 0.000502153]
    ],
    "M_G1C17_M M_G1C17H2_M": [
        [-0.0313557, 0.00690573, 0.000489534]
    ],
    "M_G1C17_M M_G1C17H3_M": [
        [-0.0318176, 0.0074558, 0.000528528]
    ],
    "M_G2_M M_G2H1_M": [
        [-0.0532351, 0.159178, 0.0112838]
    ],
    "M_G2C3_M M_G2C3H1_M": [
        [-0.206399, 0.0598393, 0.0042419]
    ],
    "M_G2C3_M M_G2C3H2_M": [
        [-0.16567, 0.0673668, 0.00477551]
    ],
    "M_G2C4_M M_G2C4H1_M": [
        [-0.244802, 0.0379371, 0.00268929]
    ],
    "M_G2C4_M M_G2C4H2_M": [
        [-0.194056, 0.0490415, 0.00347646]
    ],
    "M_G2C5_M M_G2C5H1_M": [
        [-0.236585, 0.0280744, 0.00199014]
    ],
    "M_G2C5_M M_G2C5H2_M": [
        [-0.227644, 0.029364, 0.00208156]
    ],
    "M_G2C6_M M_G2C6H1_M": [
        [-0.24154, 0.0256205, 0.00181619]
    ],
    "M_G2C6_M M_G2C6H2_M": [
        [-0.23778, 0.0260128, 0.001844]
    ],
    "M_G2C7_M M_G2C7H1_M": [
        [-0.225254, 0.0238733, 0.00169234]
    ],
    "M_G2C7_M M_G2C7H2_M": [
        [-0.225229, 0.0231964, 0.00164435]
    ],
    "M_G2C8_M M_G2C8H1_M": [
        [-0.220193, 0.0218811, 0.00155111]
    ],
    "M_G2C8_M M_G2C8H2_M": [
        [-0.219445, 0.0217206, 0.00153974]
    ],
    "M_G2C9_M M_G2C9H1_M": [
        [-0.163047, 0.0192487, 0.00136451]
    ],
    "M_G2C9_M M_G2C9H2_M": [
        [-0.163595, 0.0192756, 0.00136641]
    ],
    "M_G2C10_M M_G2C10H1_M": [
        [-0.115777, 0.0185654, 0.00131607]
    ],
    "M_G2C11_M M_G2C11H1_M": [
        [-0.0356742, 0.0253087, 0.00179409]
    ],
    "M_G2C12_M M_G2C12H1_M": [
        [-0.107373, 0.0184784, 0.0013099]
    ],
    "M_G2C12_M M_G2C12H2_M": [
        [-0.107003, 0.0189257, 0.00134161]
    ],
    "M_G2C13_M M_G2C13H1_M": [
        [-0.159933, 0.0183954, 0.00130402]
    ],
    "M_G2C13_M M_G2C13H2_M": [
        [-0.159746, 0.0191196, 0.00135536]
    ],
    "M_G2C14_M M_G2C14H1_M": [
        [-0.157697, 0.0185625, 0.00131586]
    ],
    "M_G2C14_M M_G2C14H2_M": [
        [-0.157602, 0.0186633, 0.001323]
    ],
    "M_G2C15_M M_G2C15H1_M": [
        [-0.166996, 0.0178424, 0.00126481]
    ],
    "M_G2C15_M M_G2C15H2_M": [
        [-0.166437, 0.0180943, 0.00128267]
    ],
    "M_G2C16_M M_G2C16H1_M": [
        [-0.145351, 0.0167385, 0.00118656]
    ],
    "M_G2C16_M M_G2C16H2_M": [
        [-0.144734, 0.0166412, 0.00117966]
    ],
    "M_G2C17_M M_G2C17H1_M": [
        [-0.13014, 0.0149619, 0.00106062]
    ],
    "M_G2C17_M M_G2C17H2_M": [
        [-0.12994, 0.0143431, 0.00101675]
    ],
    "M_G2C18_M M_G2C18H1_M": [
        [-0.0922475, 0.0109737, 0.000777907]
    ],
    "M_G2C18_M M_G2C18H2_M": [
        [-0.0920934, 0.0117888, 0.000835688]
    ],
    "M_G2C19_M M_G2C19H1_M": [
        [-0.032088, 0.00629093, 0.000445953]
    ],
    "M_G2C19_M M_G2C19H2_M": [
        [-0.0319145, 0.00694299, 0.000492175]
    ],
    "M_G2C19_M M_G2C19H3_M": [
        [-0.0324521, 0.00666111, 0.000472194]
    ],
    "M_G3_M M_G3H1_M": [
        [-0.0344159, 0.159384, 0.0112984]
    ],
    "M_G3_M M_G3H2_M": [
        [0.0965972, 0.120963, 0.00857481]
    ],
    "M_G3C4_M M_G3C4H1_M": [
        [-0.0255937, 0.0895095, 0.00634516]
    ],
    "M_G3C4_M M_G3C4H2_M": [
        [-0.0229842, 0.0758464, 0.00537661]
    ],
    "M_G3C5_M M_G3C5H1_M": [
        [-0.0811598, 0.058029, 0.00411356]
    ],
    "M_G3C5_M M_G3C5H2_M": [
        [-0.111413, 0.0409055, 0.00289971]
    ],
    "M_G3N6C1_M M_G3N6C1H1_M": [
        [0.0132169, 0.0128401, 0.000910209]
    ],
    "M_G3N6C1_M M_G3N6C1H2_M": [
        [0.0125725, 0.0130083, 0.000922133]
    ],
    "M_G3N6C1_M M_G3N6C1H3_M": [
        [0.0119631, 0.013323, 0.000944443]
    ],
    "M_G3N6C2_M M_G3N6C2H1_M": [
        [0.0124457, 0.0128275, 0.00090932]
    ],
    "M_G3N6C2_M M_G3N6C2H2_M": [
        [0.0132219, 0.0129992, 0.000921491]
    ],
    "M_G3N6C2_M M_G3N6C2H3_M": [
        [0.0125688, 0.0121882, 0.000863996]
    ],
    "M_G3N6C3_M M_G3N6C3H1_M": [
        [0.0126879, 0.0132143, 0.00093674]
    ],
    "M_G3N6C3_M M_G3N6C3H2_M": [
        [0.0125512, 0.0129572, 0.00091851]
    ],
    "M_G3N6C3_M M_G3N6C3H3_M": [
        [0.0135664, 0.0121558, 0.0008617]
    ]
}