{
    "M_C3_M M_C3H3_M": [
        [-0.371712, 0.00755441, 0.000744358]
    ],
    "M_C4_M M_C4H41_M": [
        [-0.333282, 0.00791291, 0.000779682]
    ],
    "M_C4_M M_C4H42_M": [
        [-0.151652, 0.0140043, 0.00137988]
    ],
    "M_C6_M M_C6H6_M": [
        [-0.0296227, 0.0138437, 0.00136406]
    ],
    "M_C7_M M_C7H71_M": [
        [-0.278794, 0.00806366, 0.000794536]
    ],
    "M_C7_M M_C7H72_M": [
        [-0.338644, 0.00727412, 0.00071674]
    ],
    "M_C8_M M_C8H8_M": [
        [-0.405577, 0.00669534, 0.000659712]
    ],
    "M_C14_M M_C14H14_M": [
        [-0.401118, 0.00683664, 0.000673634]
    ],
    "M_C15_M M_C15H151_M": [
        [-0.373139, 0.00763546, 0.000752344]
    ],
    "M_C15_M M_C15H152_M": [
        [-0.302041, 0.0118587, 0.00116847]
    ],
    "M_C16_M M_C16H161_M": [
        [-0.0685795, 0.0101364, 0.000998766]
    ],
    "M_C16_M M_C16H162_M": [
        [-0.187912, 0.0104157, 0.00102629]
    ],
    "M_C17_M M_C17H17_M": [
        [-0.392784, 0.00700786, 0.000690505]
    ],
    "M_C18_M M_C18H181_M": [
        [0.113502, 0.0145456, 0.00143322]
    ],
    "M_C18_M M_C18H182_M": [
        [0.114762, 0.014011, 0.00138054]
    ],
    "M_C18_M M_C18H183_M": [
        [0.115882, 0.0133986, 0.00132021]
    ],
    "M_C12_M M_C12H121_M": [
        [-0.0747818, 0.0147818, 0.00145649]
    ],
    "M_C12_M M_C12H122_M": [
        [-0.397914, 0.00701832, 0.000691536]
    ],
    "M_C11_M M_C11H111_M": [
        [-0.400925, 0.00716374, 0.000705864]
    ],
    "M_C11_M M_C11H112_M": [
        [-0.215869, 0.00838746, 0.000826441]
    ],
    "M_C9_M M_C9H9_M": [
        [-0.402774, 0.00676804, 0.000666874]
    ],
    "M_C19_M M_C19H191_M": [
        [0.11896, 0.0166662, 0.00164217]
    ],
    "M_C19_M M_C19H192_M": [
        [0.112513, 0.0155156, 0.00152879]
    ],
    "M_C19_M M_C19H193_M": [
        [0.11561, 0.0164654, 0.00162239]
    ],
    "M_C1_M M_C1H11_M": [
        [-0.198769, 0.0136429, 0.00134428]
    ],
    "M_C1_M M_C1H12_M": [
        [-0.357741, 0.00721676, 0.000711088]
    ],
    "M_C2_M M_C2H21_M": [
        [-0.222359, 0.0085234, 0.000839836]
    ],
    "M_C2_M M_C2H22_M": [
        [-0.343246, 0.0075182, 0.00074079]
    ],
    "M_C20_M M_C20H20_M": [
        [-0.377915, 0.00683908, 0.000673874]
    ],
    "M_C21_M M_C21H211_M": [
        [0.0991428, 0.0149076, 0.00146889]
    ],
    "M_C21_M M_C21H212_M": [
        [0.0967607, 0.0144319, 0.00142202]
    ],
    "M_C21_M M_C21H213_M": [
        [0.0965348, 0.0154838, 0.00152566]
    ],
    "M_C22_M M_C22H221_M": [
        [-0.203344, 0.0179669, 0.00177034]
    ],
    "M_C22_M M_C22H222_M": [
        [-0.335903, 0.00815766, 0.000803798]
    ],
    "M_C23_M M_C23H231_M": [
        [-0.146109, 0.0153226, 0.00150978]
    ],
    "M_C23_M M_C23H232_M": [
        [-0.316847, 0.00819173, 0.000807155]
    ],
    "M_C24_M M_C24H241_M": [
        [-0.158168, 0.0126026, 0.00124177]
    ],
    "M_C24_M M_C24H242_M": [
        [-0.265693, 0.00969118, 0.0009549]
    ],
    "M_C25_M M_C25H25_M": [
        [-0.170112, 0.0123647, 0.00121833]
    ],
    "M_C26_M M_C26H261_M": [
        [0.0163668, 0.0157678, 0.00155365]
    ],
    "M_C26_M M_C26H262_M": [
        [0.0160222, 0.0146175, 0.00144031]
    ],
    "M_C26_M M_C26H263_M": [
        [0.0128675, 0.0151754, 0.00149527]
    ],
    "M_C27_M M_C27H271_M": [
        [0.00323004, 0.0149634, 0.00147439]
    ],
    "M_C27_M M_C27H272_M": [
        [-0.00171448, 0.0149659, 0.00147463]
    ],
    "M_C27_M M_C27H273_M": [
        [0.00285371, 0.0147631, 0.00145465]
    ]
}