{
    "M_G1_M M_G1H1_M": [
        [-0.17445, 0.0328285, 0.00232715]
    ],
    "M_G1_M M_G1H2_M": [
        [-0.0434714, 0.0285367, 0.00202291]
    ],
    "M_G1C3_M M_G1C3H1_M": [
        [-0.237561, 0.0171734, 0.00121739]
    ],
    "M_G1C3_M M_G1C3H2_M": [
        [-0.203825, 0.0190953, 0.00135363]
    ],
    "M_G1C4_M M_G1C4H1_M": [
        [-0.17958, 0.0144716, 0.00102586]
    ],
    "M_G1C4_M M_G1C4H2_M": [
        [-0.165319, 0.0154917, 0.00109818]
    ],
    "M_G1C5_M M_G1C5H1_M": [
        [-0.206798, 0.0134671, 0.000954658]
    ],
    "M_G1C5_M M_G1C5H2_M": [
        [-0.204251, 0.0129162, 0.000915604]
    ],
    "M_G1C6_M M_G1C6H1_M": [
        [-0.20793, 0.013391, 0.00094926]
    ],
    "M_G1C6_M M_G1C6H2_M": [
        [-0.205151, 0.0131616, 0.000933]
    ],
    "M_G1C7_M M_G1C7H1_M": [
        [-0.220153, 0.012913, 0.00091538]
    ],
    "M_G1C7_M M_G1C7H2_M": [
        [-0.219315, 0.0126983, 0.000900158]
    ],
    "M_G1C8_M M_G1C8H1_M": [
        [-0.211566, 0.0129569, 0.000918492]
    ],
    "M_G1C8_M M_G1C8H2_M": [
        [-0.21089, 0.0122781, 0.000870373]
    ],
    "M_G1C9_M M_G1C9H1_M": [
        [-0.211024, 0.0125246, 0.000887844]
    ],
    "M_G1C9_M M_G1C9H2_M": [
        [-0.211012, 0.012889, 0.00091368]
    ],
    "M_G1C10_M M_G1C10H1_M": [
        [-0.195969, 0.0126608, 0.000897502]
    ],
    "M_G1C10_M M_G1C10H2_M": [
        [-0.195682, 0.0128504, 0.000910938]
    ],
    "M_G1C11_M M_G1C11H1_M": [
        [-0.188355, 0.0123731, 0.000877108]
    ],
    "M_G1C11_M M_G1C11H2_M": [
        [-0.188836, 0.0122165, 0.000866006]
    ],
    "M_G1C12_M M_G1C12H1_M": [
        [-0.169883, 0.0113522, 0.000804739]
    ],
    "M_G1C12_M M_G1C12H2_M": [
        [-0.169371, 0.0114873, 0.000814315]
    ],
    "M_G1C13_M M_G1C13H1_M": [
        [-0.158315, 0.0109802, 0.000778364]
    ],
    "M_G1C13_M M_G1C13H2_M": [
        [-0.158217, 0.0108703, 0.000770578]
    ],
    "M_G1C14_M M_G1C14H1_M": [
        [-0.137337, 0.00977543, 0.000692962]
    ],
    "M_G1C14_M M_G1C14H2_M": [
        [-0.1371, 0.00980277, 0.0006949]
    ],
    "M_G1C15_M M_G1C15H1_M": [
        [-0.119822, 0.00836504, 0.000592982]
    ],
    "M_G1C15_M M_G1C15H2_M": [
        [-0.120274, 0.00805268, 0.000570839]
    ],
    "M_G1C16_M M_G1C16H1_M": [
        [-0.0904133, 0.00658182, 0.000466573]
    ],
    "M_G1C16_M M_G1C16H2_M": [
        [-0.0905528, 0.00625507, 0.00044341]
    ],
    "M_G1C17_M M_G1C17H1_M": [
        [-0.0307015, 0.00321477, 0.000227889]
    ],
    "M_G1C17_M M_G1C17H2_M": [
        [-0.0308422, 0.00329346, 0.000233467]
    ],
    "M_G1C17_M M_G1C17H3_M": [
        [-0.0305664, 0.00329823, 0.000233806]
    ],
    "M_G2_M M_G2H1_M": [
        [-0.196561, 0.0290208, 0.00205723]
    ],
    "M_G2C3_M M_G2C3H1_M": [
        [-0.0704976, 0.020996, 0.00148837]
    ],
    "M_G2C3_M M_G2C3H2_M": [
        [-0.107028, 0.017534, 0.00124295]
    ],
    "M_G2C4_M M_G2C4H1_M": [
        [-0.201341, 0.0157606, 0.00111724]
    ],
    "M_G2C4_M M_G2C4H2_M": [
        [-0.207802, 0.0142661, 0.00101129]
    ],
    "M_G2C5_M M_G2C5H1_M": [
        [-0.199796, 0.0151196, 0.0010718]
    ],
    "M_G2C5_M M_G2C5H2_M": [
        [-0.203621, 0.014448, 0.00102419]
    ],
    "M_G2C6_M M_G2C6H1_M": [
        [-0.211962, 0.0157095, 0.00111362]
    ],
    "M_G2C6_M M_G2C6H2_M": [
        [-0.209718, 0.0148784, 0.0010547]
    ],
    "M_G2C7_M M_G2C7H1_M": [
        [-0.189461, 0.0138897, 0.000984614]
    ],
    "M_G2C7_M M_G2C7H2_M": [
        [-0.187662, 0.0144785, 0.00102635]
    ],
    "M_G2C8_M M_G2C8H1_M": [
        [-0.179989, 0.0133975, 0.000949721]
    ],
    "M_G2C8_M M_G2C8H2_M": [
        [-0.179477, 0.0142436, 0.0010097]
    ],
    "M_G2C9_M M_G2C9H1_M": [
        [-0.103178, 0.0125418, 0.000889064]
    ],
    "M_G2C9_M M_G2C9H2_M": [
        [-0.103649, 0.0137147, 0.00097221]
    ],
    "M_G2C10_M M_G2C10H1_M": [
        [-0.0584356, 0.0145901, 0.00103427]
    ],
    "M_G2C11_M M_G2C11H1_M": [
        [-0.0480414, 0.0132178, 0.000936985]
    ],
    "M_G2C12_M M_G2C12H1_M": [
        [-0.0789259, 0.0125059, 0.000886522]
    ],
    "M_G2C12_M M_G2C12H2_M": [
        [-0.0782959, 0.0121144, 0.000858769]
    ],
    "M_G2C13_M M_G2C13H1_M": [
        [-0.122041, 0.0117325, 0.000831694]
    ],
    "M_G2C13_M M_G2C13H2_M": [
        [-0.121572, 0.0113705, 0.000806034]
    ],
    "M_G2C14_M M_G2C14H1_M": [
        [-0.129146, 0.0108347, 0.000768051]
    ],
    "M_G2C14_M M_G2C14H2_M": [
        [-0.128657, 0.01069, 0.000757795]
    ],
    "M_G2C15_M M_G2C15H1_M": [
        [-0.134259, 0.0108225, 0.000767189]
    ],
    "M_G2C15_M M_G2C15H2_M": [
        [-0.133596, 0.0103983, 0.000737114]
    ],
    "M_G2C16_M M_G2C16H1_M": [
        [-0.122818, 0.00902203, 0.000639555]
    ],
    "M_G2C16_M M_G2C16H2_M": [
        [-0.122526, 0.00914048, 0.000647951]
    ],
    "M_G2C17_M M_G2C17H1_M": [
        [-0.111367, 0.00803407, 0.00056952]
    ],
    "M_G2C17_M M_G2C17H2_M": [
        [-0.111373, 0.00791031, 0.000560747]
    ],
    "M_G2C18_M M_G2C18H1_M": [
        [-0.0872939, 0.00631952, 0.000447979]
    ],
    "M_G2C18_M M_G2C18H2_M": [
        [-0.0873688, 0.00599627, 0.000425064]
    ],
    "M_G2C19_M M_G2C19H1_M": [
        [-0.0292361, 0.00319215, 0.000226285]
    ],
    "M_G2C19_M M_G2C19H2_M": [
        [-0.0289582, 0.00318119, 0.000225508]
    ],
    "M_G2C19_M M_G2C19H3_M": [
        [-0.0290258, 0.00368416, 0.000261163]
    ],
    "M_G3_M M_G3H1_M": [
        [-0.226234, 0.02412, 0.00170982]
    ],
    "M_G3_M M_G3H2_M": [
        [-0.244905, 0.0192902, 0.00136744]
    ],
    "M_G3C4_M M_G3C4H1_M": [
        [0.0299328, 0.0163947, 0.00116219]
    ],
    "M_G3C4_M M_G3C4H2_M": [
        [0.0312145, 0.0185487, 0.00131488]
    ],
    "M_G3C5_M M_G3C5H1_M": [
        [-0.0801922, 0.0136131, 0.000965009]
    ],
    "M_G3C5_M M_G3C5H2_M": [
        [-0.0823061, 0.0152888, 0.0010838]
    ],
    "M_G3N6C1_M M_G3N6C1H1_M": [
        [0.0118179, 0.00849145, 0.000601943]
    ],
    "M_G3N6C1_M M_G3N6C1H2_M": [
        [0.0112537, 0.00743074, 0.000526751]
    ],
    "M_G3N6C1_M M_G3N6C1H3_M": [
        [0.0127013, 0.00891444, 0.000631928]
    ],
    "M_G3N6C2_M M_G3N6C2H1_M": [
        [0.0115744, 0.00812024, 0.000575628]
    ],
    "M_G3N6C2_M M_G3N6C2H2_M": [
        [0.0115521, 0.00820578, 0.000581692]
    ],
    "M_G3N6C2_M M_G3N6C2H3_M": [
        [0.012275, 0.00818091, 0.00057993]
    ],
    "M_G3N6C3_M M_G3N6C3H1_M": [
        [0.0126052, 0.00761378, 0.000539727]
    ],
    "M_G3N6C3_M M_G3N6C3H2_M": [
        [0.0120087, 0.00805082, 0.000570707]
    ],
    "M_G3N6C3_M M_G3N6C3H3_M": [
        [0.0113223, 0.00865969, 0.000613869]
    ]
}