{
    "M_G1_M M_G1H1_M": [
        [-0.0676203, 0.103062, 0.00730585]
    ],
    "M_G1_M M_G1H2_M": [
        [-0.144731, 0.0911797, 0.00646356]
    ],
    "M_G1C3_M M_G1C3H1_M": [
        [-0.266539, 0.0330492, 0.00234279]
    ],
    "M_G1C3_M M_G1C3H2_M": [
        [-0.268519, 0.0277554, 0.00196753]
    ],
    "M_G1C4_M M_G1C4H1_M": [
        [-0.244774, 0.0249675, 0.0017699]
    ],
    "M_G1C4_M M_G1C4H2_M": [
        [-0.251597, 0.0225508, 0.00159858]
    ],
    "M_G1C5_M M_G1C5H1_M": [
        [-0.28667, 0.0197007, 0.00139654]
    ],
    "M_G1C5_M M_G1C5H2_M": [
        [-0.289087, 0.0195649, 0.00138692]
    ],
    "M_G1C6_M M_G1C6H1_M": [
        [-0.283816, 0.0205273, 0.00145514]
    ],
    "M_G1C6_M M_G1C6H2_M": [
        [-0.284382, 0.0213328, 0.00151224]
    ],
    "M_G1C7_M M_G1C7H1_M": [
        [-0.298175, 0.0208426, 0.00147749]
    ],
    "M_G1C7_M M_G1C7H2_M": [
        [-0.298588, 0.0204737, 0.00145134]
    ],
    "M_G1C8_M M_G1C8H1_M": [
        [-0.291238, 0.0222511, 0.00157734]
    ],
    "M_G1C8_M M_G1C8H2_M": [
        [-0.291732, 0.0220445, 0.00156269]
    ],
    "M_G1C9_M M_G1C9H1_M": [
        [-0.291155, 0.0222784, 0.00157927]
    ],
    "M_G1C9_M M_G1C9H2_M": [
        [-0.291668, 0.0224017, 0.00158801]
    ],
    "M_G1C10_M M_G1C10H1_M": [
        [-0.276972, 0.0234735, 0.00166399]
    ],
    "M_G1C10_M M_G1C10H2_M": [
        [-0.277529, 0.0234813, 0.00166455]
    ],
    "M_G1C11_M M_G1C11H1_M": [
        [-0.267868, 0.0231715, 0.00164258]
    ],
    "M_G1C11_M M_G1C11H2_M": [
        [-0.267809, 0.0229251, 0.00162511]
    ],
    "M_G1C12_M M_G1C12H1_M": [
        [-0.245927, 0.0233278, 0.00165367]
    ],
    "M_G1C12_M M_G1C12H2_M": [
        [-0.245187, 0.0234696, 0.00166372]
    ],
    "M_G1C13_M M_G1C13H1_M": [
        [-0.228166, 0.0228357, 0.00161878]
    ],
    "M_G1C13_M M_G1C13H2_M": [
        [-0.227865, 0.0234571, 0.00166283]
    ],
    "M_G1C14_M M_G1C14H1_M": [
        [-0.196108, 0.0225128, 0.00159589]
    ],
    "M_G1C14_M M_G1C14H2_M": [
        [-0.196217, 0.0235995, 0.00167292]
    ],
    "M_G1C15_M M_G1C15H1_M": [
        [-0.166175, 0.0206331, 0.00146264]
    ],
    "M_G1C15_M M_G1C15H2_M": [
        [-0.16586, 0.0204982, 0.00145308]
    ],
    "M_G1C16_M M_G1C16H1_M": [
        [-0.116382, 0.017396, 0.00123317]
    ],
    "M_G1C16_M M_G1C16H2_M": [
        [-0.116887, 0.0167549, 0.00118772]
    ],
    "M_G1C17_M M_G1C17H1_M": [
        [-0.0365836, 0.00803587, 0.000569648]
    ],
    "M_G1C17_M M_G1C17H2_M": [
        [-0.0368867, 0.00711131, 0.000504107]
    ],
    "M_G1C17_M M_G1C17H3_M": [
        [-0.0369153, 0.00718378, 0.000509244]
    ],
    "M_G2_M M_G2H1_M": [
        [-0.0123798, 0.175733, 0.0124574]
    ],
    "M_G2C3_M M_G2C3H1_M": [
        [-0.189197, 0.0594083, 0.00421134]
    ],
    "M_G2C3_M M_G2C3H2_M": [
        [-0.155275, 0.0598161, 0.00424025]
    ],
    "M_G2C4_M M_G2C4H1_M": [
        [-0.245825, 0.0367881, 0.00260784]
    ],
    "M_G2C4_M M_G2C4H2_M": [
        [-0.197557, 0.0498421, 0.00353321]
    ],
    "M_G2C5_M M_G2C5H1_M": [
        [-0.247459, 0.0291683, 0.00206768]
    ],
    "M_G2C5_M M_G2C5H2_M": [
        [-0.242238, 0.030882, 0.00218916]
    ],
    "M_G2C6_M M_G2C6H1_M": [
        [-0.261759, 0.0267956, 0.00189949]
    ],
    "M_G2C6_M M_G2C6H2_M": [
        [-0.258998, 0.0279247, 0.00197953]
    ],
    "M_G2C7_M M_G2C7H1_M": [
        [-0.248346, 0.0259066, 0.00183647]
    ],
    "M_G2C7_M M_G2C7H2_M": [
        [-0.248674, 0.0266857, 0.0018917]
    ],
    "M_G2C8_M M_G2C8H1_M": [
        [-0.245317, 0.0245911, 0.00174322]
    ],
    "M_G2C8_M M_G2C8H2_M": [
        [-0.24568, 0.0250364, 0.00177478]
    ],
    "M_G2C9_M M_G2C9H1_M": [
        [-0.182642, 0.027269, 0.00193304]
    ],
    "M_G2C9_M M_G2C9H2_M": [
        [-0.182996, 0.027309, 0.00193588]
    ],
    "M_G2C10_M M_G2C10H1_M": [
        [-0.128214, 0.0305455, 0.00216531]
    ],
    "M_G2C11_M M_G2C11H1_M": [
        [-0.0530874, 0.0401937, 0.00284926]
    ],
    "M_G2C12_M M_G2C12H1_M": [
        [-0.138044, 0.0272081, 0.00192873]
    ],
    "M_G2C12_M M_G2C12H2_M": [
        [-0.137196, 0.0274568, 0.00194636]
    ],
    "M_G2C13_M M_G2C13H1_M": [
        [-0.198567, 0.0198153, 0.00140467]
    ],
    "M_G2C13_M M_G2C13H2_M": [
        [-0.19793, 0.020746, 0.00147064]
    ],
    "M_G2C14_M M_G2C14H1_M": [
        [-0.198458, 0.0195256, 0.00138413]
    ],
    "M_G2C14_M M_G2C14H2_M": [
        [-0.197814, 0.0202537, 0.00143575]
    ],
    "M_G2C15_M M_G2C15H1_M": [
        [-0.20535, 0.0185297, 0.00131353]
    ],
    "M_G2C15_M M_G2C15H2_M": [
        [-0.204903, 0.0183384, 0.00129997]
    ],
    "M_G2C16_M M_G2C16H1_M": [
        [-0.179737, 0.0172842, 0.00122524]
    ],
    "M_G2C16_M M_G2C16H2_M": [
        [-0.179101, 0.0167077, 0.00118438]
    ],
    "M_G2C17_M M_G2C17H1_M": [
        [-0.159682, 0.015421, 0.00109316]
    ],
    "M_G2C17_M M_G2C17H2_M": [
        [-0.159808, 0.0149293, 0.00105831]
    ],
    "M_G2C18_M M_G2C18H1_M": [
        [-0.11191, 0.0121642, 0.0008623]
    ],
    "M_G2C18_M M_G2C18H2_M": [
        [-0.111953, 0.0121063, 0.00085819]
    ],
    "M_G2C19_M M_G2C19H1_M": [
        [-0.0391841, 0.00756622, 0.000536355]
    ],
    "M_G2C19_M M_G2C19H2_M": [
        [-0.0390364, 0.007684, 0.000544704]
    ],
    "M_G2C19_M M_G2C19H3_M": [
        [-0.0398485, 0.00798638, 0.00056614]
    ],
    "M_G3_M M_G3H1_M": [
        [0.00732915, 0.164681, 0.011674]
    ],
    "M_G3_M M_G3H2_M": [
        [0.0621151, 0.114733, 0.00813323]
    ],
    "M_G3C4_M M_G3C4H1_M": [
        [-0.0187756, 0.0779824, 0.00552803]
    ],
    "M_G3C4_M M_G3C4H2_M": [
        [-0.0170023, 0.0796825, 0.00564854]
    ],
    "M_G3C5_M M_G3C5H1_M": [
        [-0.0678549, 0.0546792, 0.0038761]
    ],
    "M_G3C5_M M_G3C5H2_M": [
        [-0.101558, 0.0372006, 0.00263708]
    ],
    "M_G3N6C1_M M_G3N6C1H1_M": [
        [0.0123333, 0.0119938, 0.000850221]
    ],
    "M_G3N6C1_M M_G3N6C1H2_M": [
        [0.0122227, 0.0126204, 0.000894636]
    ],
    "M_G3N6C1_M M_G3N6C1H3_M": [
        [0.0126758, 0.0131502, 0.00093219]
    ],
    "M_G3N6C2_M M_G3N6C2H1_M": [
        [0.0127328, 0.0124168, 0.000880201]
    ],
    "M_G3N6C2_M M_G3N6C2H2_M": [
        [0.0139696, 0.013067, 0.000926294]
    ],
    "M_G3N6C2_M M_G3N6C2H3_M": [
        [0.0119935, 0.0132259, 0.000937558]
    ],
    "M_G3N6C3_M M_G3N6C3H1_M": [
        [0.0130462, 0.0125214, 0.000887621]
    ],
    "M_G3N6C3_M M_G3N6C3H2_M": [
        [0.0131997, 0.0122982, 0.000871795]
    ],
    "M_G3N6C3_M M_G3N6C3H3_M": [
        [0.0119253, 0.0130618, 0.000925926]
    ]
}