{
    "M_G1_M M_G1H1_M": [
        [-0.174678, 0.0363903, 0.00365736]
    ],
    "M_G1_M M_G1H2_M": [
        [-0.0277481, 0.0318555, 0.0032016]
    ],
    "M_G1C3_M M_G1C3H1_M": [
        [-0.244705, 0.0201621, 0.00202637]
    ],
    "M_G1C3_M M_G1C3H2_M": [
        [-0.225919, 0.0228906, 0.00230059]
    ],
    "M_G1C4_M M_G1C4H1_M": [
        [-0.201955, 0.0141816, 0.0014253]
    ],
    "M_G1C4_M M_G1C4H2_M": [
        [-0.192933, 0.0133485, 0.00134157]
    ],
    "M_G1C5_M M_G1C5H1_M": [
        [-0.228132, 0.0118683, 0.00119281]
    ],
    "M_G1C5_M M_G1C5H2_M": [
        [-0.22492, 0.0137901, 0.00138595]
    ],
    "M_G1C6_M M_G1C6H1_M": [
        [-0.231738, 0.0115898, 0.00116482]
    ],
    "M_G1C6_M M_G1C6H2_M": [
        [-0.228934, 0.0127898, 0.00128542]
    ],
    "M_G1C7_M M_G1C7H1_M": [
        [-0.242802, 0.0123881, 0.00124505]
    ],
    "M_G1C7_M M_G1C7H2_M": [
        [-0.242063, 0.0118336, 0.00118932]
    ],
    "M_G1C8_M M_G1C8H1_M": [
        [-0.235429, 0.013008, 0.00130735]
    ],
    "M_G1C8_M M_G1C8H2_M": [
        [-0.233523, 0.0123317, 0.00123939]
    ],
    "M_G1C9_M M_G1C9H1_M": [
        [-0.234009, 0.0125912, 0.00126546]
    ],
    "M_G1C9_M M_G1C9H2_M": [
        [-0.232948, 0.0123027, 0.00123647]
    ],
    "M_G1C10_M M_G1C10H1_M": [
        [-0.216909, 0.0129421, 0.00130073]
    ],
    "M_G1C10_M M_G1C10H2_M": [
        [-0.216781, 0.0126973, 0.00127612]
    ],
    "M_G1C11_M M_G1C11H1_M": [
        [-0.206856, 0.0125513, 0.00126145]
    ],
    "M_G1C11_M M_G1C11H2_M": [
        [-0.208006, 0.0118846, 0.00119445]
    ],
    "M_G1C12_M M_G1C12H1_M": [
        [-0.184948, 0.0125098, 0.00125729]
    ],
    "M_G1C12_M M_G1C12H2_M": [
        [-0.185194, 0.0118891, 0.0011949]
    ],
    "M_G1C13_M M_G1C13H1_M": [
        [-0.169583, 0.0116148, 0.00116734]
    ],
    "M_G1C13_M M_G1C13H2_M": [
        [-0.169977, 0.0117488, 0.0011808]
    ],
    "M_G1C14_M M_G1C14H1_M": [
        [-0.143358, 0.0109447, 0.00109998]
    ],
    "M_G1C14_M M_G1C14H2_M": [
        [-0.143749, 0.0115845, 0.00116429]
    ],
    "M_G1C15_M M_G1C15H1_M": [
        [-0.122099, 0.00901369, 0.00090591]
    ],
    "M_G1C15_M M_G1C15H2_M": [
        [-0.122815, 0.0103006, 0.00103525]
    ],
    "M_G1C16_M M_G1C16H1_M": [
        [-0.0898731, 0.00704191, 0.000707739]
    ],
    "M_G1C16_M M_G1C16H2_M": [
        [-0.0902229, 0.00805423, 0.000809481]
    ],
    "M_G1C17_M M_G1C17H1_M": [
        [-0.0292374, 0.00481464, 0.00048389]
    ],
    "M_G1C17_M M_G1C17H2_M": [
        [-0.0298337, 0.00469649, 0.000472015]
    ],
    "M_G1C17_M M_G1C17H3_M": [
        [-0.0292158, 0.00455636, 0.000457931]
    ],
    "M_G2_M M_G2H1_M": [
        [-0.203489, 0.031825, 0.00319853]
    ],
    "M_G2C3_M M_G2C3H1_M": [
        [-0.0867196, 0.0292531, 0.00294005]
    ],
    "M_G2C3_M M_G2C3H2_M": [
        [-0.118279, 0.0261291, 0.00262608]
    ],
    "M_G2C4_M M_G2C4H1_M": [
        [-0.216149, 0.0171673, 0.00172538]
    ],
    "M_G2C4_M M_G2C4H2_M": [
        [-0.218717, 0.0144576, 0.00145304]
    ],
    "M_G2C5_M M_G2C5H1_M": [
        [-0.218087, 0.0143241, 0.00143963]
    ],
    "M_G2C5_M M_G2C5H2_M": [
        [-0.218512, 0.0144175, 0.00144901]
    ],
    "M_G2C6_M M_G2C6H1_M": [
        [-0.232608, 0.0156506, 0.00157294]
    ],
    "M_G2C6_M M_G2C6H2_M": [
        [-0.230427, 0.014791, 0.00148655]
    ],
    "M_G2C7_M M_G2C7H1_M": [
        [-0.210969, 0.0151685, 0.00152449]
    ],
    "M_G2C7_M M_G2C7H2_M": [
        [-0.20824, 0.0147416, 0.00148159]
    ],
    "M_G2C8_M M_G2C8H1_M": [
        [-0.201223, 0.0143862, 0.00144587]
    ],
    "M_G2C8_M M_G2C8H2_M": [
        [-0.199286, 0.0142665, 0.00143383]
    ],
    "M_G2C9_M M_G2C9H1_M": [
        [-0.119027, 0.0145337, 0.00146069]
    ],
    "M_G2C9_M M_G2C9H2_M": [
        [-0.117412, 0.0145514, 0.00146248]
    ],
    "M_G2C10_M M_G2C10H1_M": [
        [-0.0718986, 0.0155365, 0.00156148]
    ],
    "M_G2C11_M M_G2C11H1_M": [
        [-0.0577533, 0.0164701, 0.00165531]
    ],
    "M_G2C12_M M_G2C12H1_M": [
        [-0.0915655, 0.0144748, 0.00145477]
    ],
    "M_G2C12_M M_G2C12H2_M": [
        [-0.0928157, 0.0135326, 0.00136008]
    ],
    "M_G2C13_M M_G2C13H1_M": [
        [-0.140402, 0.0125514, 0.00126146]
    ],
    "M_G2C13_M M_G2C13H2_M": [
        [-0.138193, 0.0130614, 0.00131272]
    ],
    "M_G2C14_M M_G2C14H1_M": [
        [-0.144502, 0.012048, 0.00121087]
    ],
    "M_G2C14_M M_G2C14H2_M": [
        [-0.142799, 0.0123035, 0.00123655]
    ],
    "M_G2C15_M M_G2C15H1_M": [
        [-0.14739, 0.0111317, 0.00111878]
    ],
    "M_G2C15_M M_G2C15H2_M": [
        [-0.146383, 0.0120779, 0.00121388]
    ],
    "M_G2C16_M M_G2C16H1_M": [
        [-0.130019, 0.0103974, 0.00104498]
    ],
    "M_G2C16_M M_G2C16H2_M": [
        [-0.130215, 0.011155, 0.00112112]
    ],
    "M_G2C17_M M_G2C17H1_M": [
        [-0.1163, 0.00953578, 0.000958382]
    ],
    "M_G2C17_M M_G2C17H2_M": [
        [-0.115996, 0.00913469, 0.000918071]
    ],
    "M_G2C18_M M_G2C18H1_M": [
        [-0.0868018, 0.00746819, 0.000750581]
    ],
    "M_G2C18_M M_G2C18H2_M": [
        [-0.0876731, 0.00692115, 0.000695601]
    ],
    "M_G2C19_M M_G2C19H1_M": [
        [-0.029625, 0.00504697, 0.000507239]
    ],
    "M_G2C19_M M_G2C19H2_M": [
        [-0.0282652, 0.00472841, 0.000475223]
    ],
    "M_G2C19_M M_G2C19H3_M": [
        [-0.0286571, 0.00391642, 0.000393615]
    ],
    "M_G3_M M_G3H1_M": [
        [-0.192027, 0.0314369, 0.00315953]
    ],
    "M_G3_M M_G3H2_M": [
        [-0.213303, 0.0253388, 0.00254665]
    ],
    "M_G3C4_M M_G3C4H1_M": [
        [-0.0245092, 0.0203109, 0.00204132]
    ],
    "M_G3C4_M M_G3C4H2_M": [
        [-0.0146399, 0.02068, 0.00207842]
    ],
    "M_G3C5_M M_G3C5H1_M": [
        [-0.121104, 0.015636, 0.00157148]
    ],
    "M_G3C5_M M_G3C5H2_M": [
        [-0.11898, 0.0165048, 0.00165879]
    ],
    "M_G3N6C1_M M_G3N6C1H1_M": [
        [0.0132257, 0.0101449, 0.0010196]
    ],
    "M_G3N6C1_M M_G3N6C1H2_M": [
        [0.0154836, 0.0114467, 0.00115044]
    ],
    "M_G3N6C1_M M_G3N6C1H3_M": [
        [0.0137285, 0.00994674, 0.000999685]
    ],
    "M_G3N6C2_M M_G3N6C2H1_M": [
        [0.0147511, 0.00989504, 0.000994489]
    ],
    "M_G3N6C2_M M_G3N6C2H2_M": [
        [0.0175093, 0.0104976, 0.00105504]
    ],
    "M_G3N6C2_M M_G3N6C2H3_M": [
        [0.0143933, 0.00852508, 0.000856803]
    ],
    "M_G3N6C3_M M_G3N6C3H1_M": [
        [0.0135862, 0.00891841, 0.000896334]
    ],
    "M_G3N6C3_M M_G3N6C3H2_M": [
        [0.0132486, 0.00986636, 0.000991606]
    ],
    "M_G3N6C3_M M_G3N6C3H3_M": [
        [0.0140937, 0.00904414, 0.000908971]
    ]
}