{
    "M_C3_M M_C3H3_M": [
        [-0.382011, 0.0220583, 0.00202208]
    ],
    "M_C4_M M_C4H41_M": [
        [-0.332537, 0.0208246, 0.00190899]
    ],
    "M_C4_M M_C4H42_M": [
        [-0.195327, 0.0207472, 0.00190189]
    ],
    "M_C6_M M_C6H6_M": [
        [-0.0419051, 0.0187893, 0.00172241]
    ],
    "M_C7_M M_C7H71_M": [
        [-0.283986, 0.0203929, 0.00186942]
    ],
    "M_C7_M M_C7H72_M": [
        [-0.345966, 0.0212246, 0.00194565]
    ],
    "M_C8_M M_C8H8_M": [
        [-0.416635, 0.0238929, 0.00219025]
    ],
    "M_C14_M M_C14H14_M": [
        [-0.414138, 0.0236289, 0.00216606]
    ],
    "M_C15_M M_C15H151_M": [
        [-0.379187, 0.0224394, 0.00205702]
    ],
    "M_C15_M M_C15H152_M": [
        [-0.342411, 0.0245156, 0.00224734]
    ],
    "M_C16_M M_C16H161_M": [
        [-0.0924749, 0.012605, 0.0011555]
    ],
    "M_C16_M M_C16H162_M": [
        [-0.162053, 0.0143481, 0.00131529]
    ],
    "M_C17_M M_C17H17_M": [
        [-0.412596, 0.0239209, 0.00219283]
    ],
    "M_C18_M M_C18H181_M": [
        [0.11938, 0.00969195, 0.00088846]
    ],
    "M_C18_M M_C18H182_M": [
        [0.119188, 0.00835155, 0.000765585]
    ],
    "M_C18_M M_C18H183_M": [
        [0.119676, 0.00949643, 0.000870536]
    ],
    "M_C12_M M_C12H121_M": [
        [-0.117985, 0.0188265, 0.00172582]
    ],
    "M_C12_M M_C12H122_M": [
        [-0.407709, 0.023747, 0.00217688]
    ],
    "M_C11_M M_C11H111_M": [
        [-0.413008, 0.0242887, 0.00222654]
    ],
    "M_C11_M M_C11H112_M": [
        [-0.226801, 0.0191364, 0.00175423]
    ],
    "M_C9_M M_C9H9_M": [
        [-0.412225, 0.0233714, 0.00214245]
    ],
    "M_C19_M M_C19H191_M": [
        [0.119295, 0.00822062, 0.000753583]
    ],
    "M_C19_M M_C19H192_M": [
        [0.117794, 0.00846426, 0.000775918]
    ],
    "M_C19_M M_C19H193_M": [
        [0.118423, 0.00876729, 0.000803696]
    ],
    "M_C1_M M_C1H11_M": [
        [-0.21018, 0.0212546, 0.0019484]
    ],
    "M_C1_M M_C1H12_M": [
        [-0.378083, 0.0226229, 0.00207383]
    ],
    "M_C2_M M_C2H21_M": [
        [-0.225281, 0.0173629, 0.00159166]
    ],
    "M_C2_M M_C2H22_M": [
        [-0.361853, 0.0222495, 0.00203961]
    ],
    "M_C20_M M_C20H20_M": [
        [-0.39565, 0.0250762, 0.00229873]
    ],
    "M_C21_M M_C21H211_M": [
        [0.111745, 0.00904237, 0.000828913]
    ],
    "M_C21_M M_C21H212_M": [
        [0.1116, 0.00946833, 0.000867961]
    ],
    "M_C21_M M_C21H213_M": [
        [0.112076, 0.00943583, 0.000864981]
    ],
    "M_C22_M M_C22H221_M": [
        [-0.310257, 0.0479013, 0.0043911]
    ],
    "M_C22_M M_C22H222_M": [
        [-0.378442, 0.0263342, 0.00241405]
    ],
    "M_C23_M M_C23H231_M": [
        [-0.25915, 0.0420967, 0.003859]
    ],
    "M_C23_M M_C23H232_M": [
        [-0.363513, 0.0291697, 0.00267398]
    ],
    "M_C24_M M_C24H241_M": [
        [-0.25178, 0.0369009, 0.0033827]
    ],
    "M_C24_M M_C24H242_M": [
        [-0.319661, 0.0286883, 0.00262986]
    ],
    "M_C25_M M_C25H25_M": [
        [-0.198845, 0.0253887, 0.00232738]
    ],
    "M_C26_M M_C26H261_M": [
        [0.0188976, 0.00495144, 0.000453898]
    ],
    "M_C26_M M_C26H262_M": [
        [0.0194539, 0.00527978, 0.000483996]
    ],
    "M_C26_M M_C26H263_M": [
        [0.0187448, 0.00603257, 0.000553005]
    ],
    "M_C27_M M_C27H271_M": [
        [0.0190307, 0.00689181, 0.000631771]
    ],
    "M_C27_M M_C27H272_M": [
        [0.0197686, 0.00673664, 0.000617547]
    ],
    "M_C27_M M_C27H273_M": [
        [0.0197793, 0.00645186, 0.000591441]
    ]
}