{
    "M_G1_M M_G1H1_M": [
        [-0.161461, 0.109137, 0.0129522]
    ],
    "M_G1_M M_G1H2_M": [
        [-0.0335409, 0.0744601, 0.00883679]
    ],
    "M_G1C3_M M_G1C3H1_M": [
        [-0.246149, 0.0580383, 0.00688788]
    ],
    "M_G1C3_M M_G1C3H2_M": [
        [-0.222182, 0.0612071, 0.00726394]
    ],
    "M_G1C4_M M_G1C4H1_M": [
        [-0.201403, 0.0367175, 0.00435757]
    ],
    "M_G1C4_M M_G1C4H2_M": [
        [-0.182803, 0.0402442, 0.0047761]
    ],
    "M_G1C5_M M_G1C5H1_M": [
        [-0.226258, 0.0385409, 0.00457397]
    ],
    "M_G1C5_M M_G1C5H2_M": [
        [-0.221932, 0.0351549, 0.00417212]
    ],
    "M_G1C6_M M_G1C6H1_M": [
        [-0.228651, 0.0359942, 0.00427172]
    ],
    "M_G1C6_M M_G1C6H2_M": [
        [-0.22444, 0.0348582, 0.00413691]
    ],
    "M_G1C7_M M_G1C7H1_M": [
        [-0.242536, 0.0363496, 0.0043139]
    ],
    "M_G1C7_M M_G1C7H2_M": [
        [-0.237725, 0.03532, 0.00419171]
    ],
    "M_G1C8_M M_G1C8H1_M": [
        [-0.233803, 0.0330621, 0.00392375]
    ],
    "M_G1C8_M M_G1C8H2_M": [
        [-0.23151, 0.0364504, 0.00432587]
    ],
    "M_G1C9_M M_G1C9H1_M": [
        [-0.231548, 0.0358381, 0.0042532]
    ],
    "M_G1C9_M M_G1C9H2_M": [
        [-0.23146, 0.0346255, 0.00410929]
    ],
    "M_G1C10_M M_G1C10H1_M": [
        [-0.217237, 0.0353533, 0.00419566]
    ],
    "M_G1C10_M M_G1C10H2_M": [
        [-0.217345, 0.0337194, 0.00400176]
    ],
    "M_G1C11_M M_G1C11H1_M": [
        [-0.208692, 0.0344205, 0.00408496]
    ],
    "M_G1C11_M M_G1C11H2_M": [
        [-0.210156, 0.0316708, 0.00375863]
    ],
    "M_G1C12_M M_G1C12H1_M": [
        [-0.189215, 0.0326206, 0.00387136]
    ],
    "M_G1C12_M M_G1C12H2_M": [
        [-0.188416, 0.0325951, 0.00386832]
    ],
    "M_G1C13_M M_G1C13H1_M": [
        [-0.176754, 0.031648, 0.00375593]
    ],
    "M_G1C13_M M_G1C13H2_M": [
        [-0.17719, 0.0332023, 0.00394039]
    ],
    "M_G1C14_M M_G1C14H1_M": [
        [-0.153232, 0.0302202, 0.00358647]
    ],
    "M_G1C14_M M_G1C14H2_M": [
        [-0.152388, 0.0293438, 0.00348247]
    ],
    "M_G1C15_M M_G1C15H1_M": [
        [-0.133064, 0.0254, 0.00301442]
    ],
    "M_G1C15_M M_G1C15H2_M": [
        [-0.133116, 0.0248467, 0.00294876]
    ],
    "M_G1C16_M M_G1C16H1_M": [
        [-0.100848, 0.0190632, 0.00226238]
    ],
    "M_G1C16_M M_G1C16H2_M": [
        [-0.0995461, 0.0181637, 0.00215563]
    ],
    "M_G1C17_M M_G1C17H1_M": [
        [-0.0318753, 0.00916001, 0.00108709]
    ],
    "M_G1C17_M M_G1C17H2_M": [
        [-0.0349701, 0.0101691, 0.00120685]
    ],
    "M_G1C17_M M_G1C17H3_M": [
        [-0.0351046, 0.00901845, 0.00107029]
    ],
    "M_G2_M M_G2H1_M": [
        [-0.19103, 0.0909559, 0.0107945]
    ],
    "M_G2C3_M M_G2C3H1_M": [
        [-0.0788813, 0.0681386, 0.00808656]
    ],
    "M_G2C3_M M_G2C3H2_M": [
        [-0.118384, 0.0541788, 0.00642984]
    ],
    "M_G2C4_M M_G2C4H1_M": [
        [-0.2165, 0.048792, 0.00579054]
    ],
    "M_G2C4_M M_G2C4H2_M": [
        [-0.21673, 0.0447063, 0.00530566]
    ],
    "M_G2C5_M M_G2C5H1_M": [
        [-0.214275, 0.0431058, 0.00511572]
    ],
    "M_G2C5_M M_G2C5H2_M": [
        [-0.217625, 0.0453454, 0.00538151]
    ],
    "M_G2C6_M M_G2C6H1_M": [
        [-0.226255, 0.0449746, 0.0053375]
    ],
    "M_G2C6_M M_G2C6H2_M": [
        [-0.227141, 0.0416924, 0.00494798]
    ],
    "M_G2C7_M M_G2C7H1_M": [
        [-0.20681, 0.0416698, 0.0049453]
    ],
    "M_G2C7_M M_G2C7H2_M": [
        [-0.204762, 0.0372758, 0.00442382]
    ],
    "M_G2C8_M M_G2C8H1_M": [
        [-0.196225, 0.0398902, 0.00473409]
    ],
    "M_G2C8_M M_G2C8H2_M": [
        [-0.193685, 0.0341758, 0.00405592]
    ],
    "M_G2C9_M M_G2C9H1_M": [
        [-0.114341, 0.0364775, 0.00432908]
    ],
    "M_G2C9_M M_G2C9H2_M": [
        [-0.113655, 0.0335985, 0.00398741]
    ],
    "M_G2C10_M M_G2C10H1_M": [
        [-0.0704047, 0.0376257, 0.00446535]
    ],
    "M_G2C11_M M_G2C11H1_M": [
        [-0.0534128, 0.0423434, 0.00502524]
    ],
    "M_G2C12_M M_G2C12H1_M": [
        [-0.0862151, 0.0440873, 0.0052322]
    ],
    "M_G2C12_M M_G2C12H2_M": [
        [-0.0907573, 0.0391456, 0.00464573]
    ],
    "M_G2C13_M M_G2C13H1_M": [
        [-0.135492, 0.0415255, 0.00492816]
    ],
    "M_G2C13_M M_G2C13H2_M": [
        [-0.135133, 0.0406114, 0.00481969]
    ],
    "M_G2C14_M M_G2C14H1_M": [
        [-0.14218, 0.0388482, 0.00461043]
    ],
    "M_G2C14_M M_G2C14H2_M": [
        [-0.143315, 0.0394319, 0.00467971]
    ],
    "M_G2C15_M M_G2C15H1_M": [
        [-0.148066, 0.0375011, 0.00445057]
    ],
    "M_G2C15_M M_G2C15H2_M": [
        [-0.14939, 0.0384723, 0.00456582]
    ],
    "M_G2C16_M M_G2C16H1_M": [
        [-0.135105, 0.033191, 0.00393905]
    ],
    "M_G2C16_M M_G2C16H2_M": [
        [-0.134093, 0.0337991, 0.00401121]
    ],
    "M_G2C17_M M_G2C17H1_M": [
        [-0.122752, 0.0280714, 0.00333147]
    ],
    "M_G2C17_M M_G2C17H2_M": [
        [-0.120308, 0.0289283, 0.00343316]
    ],
    "M_G2C18_M M_G2C18H1_M": [
        [-0.0953921, 0.0214443, 0.00254496]
    ],
    "M_G2C18_M M_G2C18H2_M": [
        [-0.0931064, 0.0224838, 0.00266833]
    ],
    "M_G2C19_M M_G2C19H1_M": [
        [-0.0327704, 0.0102088, 0.00121156]
    ],
    "M_G2C19_M M_G2C19H2_M": [
        [-0.0320334, 0.0101125, 0.00120013]
    ],
    "M_G2C19_M M_G2C19H3_M": [
        [-0.0309845, 0.00913355, 0.00108395]
    ],
    "M_G3_M M_G3H1_M": [
        [-0.233841, 0.0730703, 0.00867185]
    ],
    "M_G3_M M_G3H2_M": [
        [-0.234316, 0.0633414, 0.00751725]
    ],
    "M_G3C4_M M_G3C4H1_M": [
        [0.0240069, 0.0540548, 0.00641513]
    ],
    "M_G3C4_M M_G3C4H2_M": [
        [0.0192401, 0.0563721, 0.00669013]
    ],
    "M_G3C5_M M_G3C5H1_M": [
        [-0.0990676, 0.043828, 0.00520143]
    ],
    "M_G3C5_M M_G3C5H2_M": [
        [-0.09542, 0.0499587, 0.00592901]
    ],
    "M_G3N6C1_M M_G3N6C1H1_M": [
        [0.0131805, 0.0221904, 0.00263351]
    ],
    "M_G3N6C1_M M_G3N6C1H2_M": [
        [0.0145793, 0.0221298, 0.00262633]
    ],
    "M_G3N6C1_M M_G3N6C1H3_M": [
        [0.00963439, 0.0221162, 0.00262471]
    ],
    "M_G3N6C2_M M_G3N6C2H1_M": [
        [0.010577, 0.0224041, 0.00265887]
    ],
    "M_G3N6C2_M M_G3N6C2H2_M": [
        [0.01481, 0.0251775, 0.00298802]
    ],
    "M_G3N6C2_M M_G3N6C2H3_M": [
        [0.0154317, 0.0258561, 0.00306855]
    ],
    "M_G3N6C3_M M_G3N6C3H1_M": [
        [0.0172633, 0.0197988, 0.00234969]
    ],
    "M_G3N6C3_M M_G3N6C3H2_M": [
        [0.0133058, 0.0272344, 0.00323213]
    ],
    "M_G3N6C3_M M_G3N6C3H3_M": [
        [0.0122104, 0.0280648, 0.00333068]
    ]
}