{
    "M_C3_M M_C3H3_M": [
        [-0.345128, 0.0101144, 0.0038229]
    ],
    "M_C4_M M_C4H41_M": [
        [-0.160692, 0.0361694, 0.0136708]
    ],
    "M_C4_M M_C4H42_M": [
        [-0.306069, 0.0104784, 0.00396045]
    ],
    "M_C6_M M_C6H6_M": [
        [0.00579253, 0.0420312, 0.0158863]
    ],
    "M_C7_M M_C7H71_M": [
        [-0.334131, 0.0102563, 0.00387653]
    ],
    "M_C7_M M_C7H72_M": [
        [-0.293978, 0.0205737, 0.00777612]
    ],
    "M_C8_M M_C8H8_M": [
        [-0.373062, 0.0135263, 0.00511247]
    ],
    "M_C14_M M_C14H14_M": [
        [-0.359703, 0.0170001, 0.00642545]
    ],
    "M_C15_M M_C15H151_M": [
        [-0.271518, 0.034353, 0.0129842]
    ],
    "M_C15_M M_C15H152_M": [
        [-0.348857, 0.0111066, 0.0041979]
    ],
    "M_C16_M M_C16H161_M": [
        [-0.178052, 0.0288984, 0.0109226]
    ],
    "M_C16_M M_C16H162_M": [
        [-0.0741367, 0.0219967, 0.00831396]
    ],
    "M_C17_M M_C17H17_M": [
        [-0.37085, 0.0131035, 0.00495264]
    ],
    "M_C18_M M_C18H181_M": [
        [0.084874, 0.0223671, 0.00845396]
    ],
    "M_C18_M M_C18H182_M": [
        [0.0992448, 0.021036, 0.00795086]
    ],
    "M_C18_M M_C18H183_M": [
        [0.0894133, 0.0109356, 0.00413327]
    ],
    "M_C12_M M_C12H121_M": [
        [-0.366904, 0.0112423, 0.00424921]
    ],
    "M_C12_M M_C12H122_M": [
        [-0.0495245, 0.0442657, 0.0167309]
    ],
    "M_C11_M M_C11H111_M": [
        [-0.225667, 0.02524, 0.00953982]
    ],
    "M_C11_M M_C11H112_M": [
        [-0.364657, 0.0153438, 0.00579943]
    ],
    "M_C9_M M_C9H9_M": [
        [-0.363313, 0.0181812, 0.00687185]
    ],
    "M_C19_M M_C19H191_M": [
        [0.0930902, 0.00852876, 0.00322357]
    ],
    "M_C19_M M_C19H192_M": [
        [0.105653, 0.0144139, 0.00544796]
    ],
    "M_C19_M M_C19H193_M": [
        [0.0959907, 0.0208065, 0.00786411]
    ],
    "M_C1_M M_C1H11_M": [
        [-0.33834, 0.0103216, 0.0039012]
    ],
    "M_C1_M M_C1H12_M": [
        [-0.162876, 0.0337452, 0.0127545]
    ],
    "M_C2_M M_C2H21_M": [
        [-0.31764, 0.012856, 0.0048591]
    ],
    "M_C2_M M_C2H22_M": [
        [-0.231452, 0.020949, 0.00791798]
    ],
    "M_C20_M M_C20H20_M": [
        [-0.312385, 0.126717, 0.0478943]
    ],
    "M_C21_M M_C21H211_M": [
        [0.0754007, 0.0135223, 0.00511094]
    ],
    "M_C21_M M_C21H212_M": [
        [0.0812561, 0.0219209, 0.00828532]
    ],
    "M_C21_M M_C21H213_M": [
        [0.0808632, 0.0161114, 0.00608955]
    ],
    "M_C22_M M_C22H221_M": [
        [-0.28276, 0.0770692, 0.0291294]
    ],
    "M_C22_M M_C22H222_M": [
        [-0.202306, 0.0555373, 0.0209911]
    ],
    "M_C23_M M_C23H231_M": [
        [-0.275092, 0.0714788, 0.0270164]
    ],
    "M_C23_M M_C23H232_M": [
        [-0.17937, 0.0457438, 0.0172895]
    ],
    "M_C24_M M_C24H241_M": [
        [-0.247207, 0.0825367, 0.0311959]
    ],
    "M_C24_M M_C24H242_M": [
        [-0.178895, 0.046027, 0.0173966]
    ],
    "M_C25_M M_C25H25_M": [
        [-0.195958, 0.0277227, 0.0104782]
    ],
    "M_C26_M M_C26H261_M": [
        [0.00859853, 0.019415, 0.00733817]
    ],
    "M_C26_M M_C26H262_M": [
        [0.0150443, 0.0107726, 0.00407166]
    ],
    "M_C26_M M_C26H263_M": [
        [0.0202126, 0.0152264, 0.00575503]
    ],
    "M_C27_M M_C27H271_M": [
        [0.000677564, 0.0127492, 0.00481876]
    ],
    "M_C27_M M_C27H272_M": [
        [-0.00165412, 0.0249354, 0.0094247]
    ],
    "M_C27_M M_C27H273_M": [
        [0.000375912, 0.0257491, 0.00973225]
    ]
}