{
    "M_G1_M M_G1H1_M": [
        [0.0120784, 0.0500179, 0.00630167]
    ],
    "M_G1_M M_G1H2_M": [
        [-0.174112, 0.047501, 0.00598456]
    ],
    "M_G1C3_M M_G1C3H1_M": [
        [-0.220568, 0.0168007, 0.00211669]
    ],
    "M_G1C3_M M_G1C3H2_M": [
        [-0.190507, 0.0215712, 0.00271771]
    ],
    "M_G1C4_M M_G1C4H1_M": [
        [-0.169654, 0.0191802, 0.00241647]
    ],
    "M_G1C4_M M_G1C4H2_M": [
        [-0.164496, 0.0210705, 0.00265463]
    ],
    "M_G1C5_M M_G1C5H1_M": [
        [-0.191836, 0.0207556, 0.00261496]
    ],
    "M_G1C5_M M_G1C5H2_M": [
        [-0.193054, 0.0232663, 0.00293127]
    ],
    "M_G1C6_M M_G1C6H1_M": [
        [-0.221327, 0.0236802, 0.00298342]
    ],
    "M_G1C6_M M_G1C6H2_M": [
        [-0.217708, 0.0237259, 0.00298918]
    ],
    "M_G1C7_M M_G1C7H1_M": [
        [-0.23621, 0.0219985, 0.00277156]
    ],
    "M_G1C7_M M_G1C7H2_M": [
        [-0.232766, 0.0255651, 0.0032209]
    ],
    "M_G1C8_M M_G1C8H1_M": [
        [-0.23338, 0.0249645, 0.00314523]
    ],
    "M_G1C8_M M_G1C8H2_M": [
        [-0.235842, 0.0234435, 0.0029536]
    ],
    "M_G1C9_M M_G1C9H1_M": [
        [-0.232545, 0.0233862, 0.00294638]
    ],
    "M_G1C9_M M_G1C9H2_M": [
        [-0.233252, 0.0232547, 0.00292981]
    ],
    "M_G1C10_M M_G1C10H1_M": [
        [-0.222195, 0.0237536, 0.00299268]
    ],
    "M_G1C10_M M_G1C10H2_M": [
        [-0.222986, 0.0243855, 0.00307229]
    ],
    "M_G1C11_M M_G1C11H1_M": [
        [-0.210713, 0.0259438, 0.00326862]
    ],
    "M_G1C11_M M_G1C11H2_M": [
        [-0.212122, 0.0238305, 0.00300236]
    ],
    "M_G1C12_M M_G1C12H1_M": [
        [-0.196923, 0.0229991, 0.00289762]
    ],
    "M_G1C12_M M_G1C12H2_M": [
        [-0.193519, 0.0227665, 0.0028683]
    ],
    "M_G1C13_M M_G1C13H1_M": [
        [-0.177477, 0.0216183, 0.00272365]
    ],
    "M_G1C13_M M_G1C13H2_M": [
        [-0.178918, 0.0200612, 0.00252748]
    ],
    "M_G1C14_M M_G1C14H1_M": [
        [-0.158264, 0.0204309, 0.00257405]
    ],
    "M_G1C14_M M_G1C14H2_M": [
        [-0.157583, 0.0205811, 0.00259298]
    ],
    "M_G1C15_M M_G1C15H1_M": [
        [-0.133076, 0.0184154, 0.00232012]
    ],
    "M_G1C15_M M_G1C15H2_M": [
        [-0.135131, 0.02097, 0.00264198]
    ],
    "M_G1C16_M M_G1C16H1_M": [
        [-0.0962849, 0.017879, 0.00225254]
    ],
    "M_G1C16_M M_G1C16H2_M": [
        [-0.101238, 0.0141591, 0.00178388]
    ],
    "M_G1C17_M M_G1C17H1_M": [
        [-0.0274137, 0.0148111, 0.00186602]
    ],
    "M_G1C17_M M_G1C17H2_M": [
        [-0.0236835, 0.0173985, 0.002192]
    ],
    "M_G1C17_M M_G1C17H3_M": [
        [-0.0229623, 0.0154442, 0.00194579]
    ],
    "M_G2_M M_G2H1_M": [
        [-0.212976, 0.0355167, 0.00447469]
    ],
    "M_G2C3_M M_G2C3H1_M": [
        [-0.190026, 0.0209405, 0.00263825]
    ],
    "M_G2C3_M M_G2C3H2_M": [
        [-0.163245, 0.0304889, 0.00384123]
    ],
    "M_G2C4_M M_G2C4H1_M": [
        [-0.208566, 0.020348, 0.00256361]
    ],
    "M_G2C4_M M_G2C4H2_M": [
        [-0.208368, 0.0199042, 0.00250769]
    ],
    "M_G2C5_M M_G2C5H1_M": [
        [-0.196222, 0.02107, 0.00265457]
    ],
    "M_G2C5_M M_G2C5H2_M": [
        [-0.186119, 0.0234194, 0.00295057]
    ],
    "M_G2C6_M M_G2C6H1_M": [
        [-0.216077, 0.0201384, 0.0025372]
    ],
    "M_G2C6_M M_G2C6H2_M": [
        [-0.206813, 0.0228526, 0.00287916]
    ],
    "M_G2C7_M M_G2C7H1_M": [
        [-0.203303, 0.0211822, 0.00266871]
    ],
    "M_G2C7_M M_G2C7H2_M": [
        [-0.196568, 0.0220941, 0.0027836]
    ],
    "M_G2C8_M M_G2C8H1_M": [
        [-0.194655, 0.0213209, 0.00268618]
    ],
    "M_G2C8_M M_G2C8H2_M": [
        [-0.186904, 0.0199239, 0.00251018]
    ],
    "M_G2C9_M M_G2C9H1_M": [
        [-0.119397, 0.0194492, 0.00245037]
    ],
    "M_G2C9_M M_G2C9H2_M": [
        [-0.116849, 0.0210871, 0.00265673]
    ],
    "M_G2C10_M M_G2C10H1_M": [
        [-0.0866512, 0.0176066, 0.00221822]
    ],
    "M_G2C11_M M_G2C11H1_M": [
        [-0.0557401, 0.0215674, 0.00271724]
    ],
    "M_G2C12_M M_G2C12H1_M": [
        [-0.0821046, 0.0168465, 0.00212246]
    ],
    "M_G2C12_M M_G2C12H2_M": [
        [-0.0765949, 0.0213559, 0.00269059]
    ],
    "M_G2C13_M M_G2C13H1_M": [
        [-0.133978, 0.0211341, 0.00266265]
    ],
    "M_G2C13_M M_G2C13H2_M": [
        [-0.13224, 0.0184735, 0.00232744]
    ],
    "M_G2C14_M M_G2C14H1_M": [
        [-0.138976, 0.01845, 0.00232448]
    ],
    "M_G2C14_M M_G2C14H2_M": [
        [-0.138989, 0.0195654, 0.00246501]
    ],
    "M_G2C15_M M_G2C15H1_M": [
        [-0.144593, 0.020358, 0.00256486]
    ],
    "M_G2C15_M M_G2C15H2_M": [
        [-0.143948, 0.0196153, 0.0024713]
    ],
    "M_G2C16_M M_G2C16H1_M": [
        [-0.133736, 0.0186843, 0.002354]
    ],
    "M_G2C16_M M_G2C16H2_M": [
        [-0.132716, 0.0181893, 0.00229164]
    ],
    "M_G2C17_M M_G2C17H1_M": [
        [-0.119498, 0.0190748, 0.0024032]
    ],
    "M_G2C17_M M_G2C17H2_M": [
        [-0.122593, 0.01665, 0.0020977]
    ],
    "M_G2C18_M M_G2C18H1_M": [
        [-0.0881841, 0.0134015, 0.00168843]
    ],
    "M_G2C18_M M_G2C18H2_M": [
        [-0.0898945, 0.0176935, 0.00222917]
    ],
    "M_G2C19_M M_G2C19H1_M": [
        [-0.0282272, 0.0156078, 0.00196639]
    ],
    "M_G2C19_M M_G2C19H2_M": [
        [-0.0242163, 0.0162714, 0.00205001]
    ],
    "M_G2C19_M M_G2C19H3_M": [
        [-0.0291538, 0.0152133, 0.0019167]
    ],
    "M_G3_M M_G3H1_M": [
        [-0.241637, 0.0361638, 0.00455621]
    ],
    "M_G3_M M_G3H2_M": [
        [-0.146049, 0.0530711, 0.00668634]
    ],
    "M_G3C4_M M_G3C4H1_M": [
        [0.0435194, 0.0326736, 0.00411648]
    ],
    "M_G3C4_M M_G3C4H2_M": [
        [0.0490421, 0.0341619, 0.004304]
    ],
    "M_G3C5_M M_G3C5H1_M": [
        [0.0195425, 0.0372133, 0.00468843]
    ],
    "M_G3C5_M M_G3C5H2_M": [
        [0.0246615, 0.0363026, 0.00457369]
    ],
    "M_G3N6C1_M M_G3N6C1H1_M": [
        [-0.0145038, 0.0166402, 0.00209647]
    ],
    "M_G3N6C1_M M_G3N6C1H2_M": [
        [-0.0146531, 0.0173206, 0.00218219]
    ],
    "M_G3N6C1_M M_G3N6C1H3_M": [
        [-0.0157363, 0.0135681, 0.00170942]
    ],
    "M_G3N6C2_M M_G3N6C2H1_M": [
        [-0.0133105, 0.0158788, 0.00200054]
    ],
    "M_G3N6C2_M M_G3N6C2H2_M": [
        [-0.0167732, 0.0141078, 0.00177742]
    ],
    "M_G3N6C2_M M_G3N6C2H3_M": [
        [-0.01239, 0.0145082, 0.00182786]
    ],
    "M_G3N6C3_M M_G3N6C3H1_M": [
        [-0.0100958, 0.0153856, 0.0019384]
    ],
    "M_G3N6C3_M M_G3N6C3H2_M": [
        [-0.0122805, 0.0131471, 0.00165637]
    ],
    "M_G3N6C3_M M_G3N6C3H3_M": [
        [-0.0116644, 0.0142279, 0.00179254]
    ]
}