{
    "M_C3_M M_C3H1_M": [
        [-0.344227, 0.00702292, 0.00135156]
    ],
    "M_C4_M M_C4H1_M": [
        [-0.30881, 0.00707938, 0.00136243]
    ],
    "M_C4_M M_C4H2_M": [
        [-0.117825, 0.0146472, 0.00281885]
    ],
    "M_C6_M M_C6H1_M": [
        [-0.00488189, 0.0157477, 0.00303065]
    ],
    "M_C7_M M_C7H1_M": [
        [-0.259381, 0.0113055, 0.00217574]
    ],
    "M_C7_M M_C7H2_M": [
        [-0.312034, 0.00706158, 0.001359]
    ],
    "M_C8_M M_C8H1_M": [
        [-0.371336, 0.00744214, 0.00143224]
    ],
    "M_C14_M M_C14H1_M": [
        [-0.367584, 0.00754377, 0.0014518]
    ],
    "M_C15_M M_C15H1_M": [
        [-0.339545, 0.00823617, 0.00158505]
    ],
    "M_C15_M M_C15H2_M": [
        [-0.264048, 0.0110458, 0.00212576]
    ],
    "M_C16_M M_C16H1_M": [
        [-0.0712712, 0.00904327, 0.00174038]
    ],
    "M_C16_M M_C16H2_M": [
        [-0.180843, 0.00927248, 0.00178449]
    ],
    "M_C17_M M_C17H1_M": [
        [-0.359724, 0.00777368, 0.00149605]
    ],
    "M_C18_M M_C18H1_M": [
        [0.106665, 0.00615551, 0.00118463]
    ],
    "M_C18_M M_C18H2_M": [
        [0.104238, 0.00759987, 0.0014626]
    ],
    "M_C18_M M_C18H3_M": [
        [0.104211, 0.00835686, 0.00160828]
    ],
    "M_C12_M M_C12H1_M": [
        [-0.0479818, 0.0151555, 0.00291667]
    ],
    "M_C12_M M_C12H2_M": [
        [-0.364713, 0.00722262, 0.00138999]
    ],
    "M_C11_M M_C11H1_M": [
        [-0.367211, 0.00730383, 0.00140562]
    ],
    "M_C11_M M_C11H2_M": [
        [-0.203868, 0.0120164, 0.00231255]
    ],
    "M_C9_M M_C9H1_M": [
        [-0.36948, 0.00735584, 0.00141563]
    ],
    "M_C19_M M_C19H1_M": [
        [0.108192, 0.0114786, 0.00220906]
    ],
    "M_C19_M M_C19H2_M": [
        [0.102642, 0.00987621, 0.00190068]
    ],
    "M_C19_M M_C19H3_M": [
        [0.107079, 0.00828889, 0.0015952]
    ],
    "M_C1_M M_C1H1_M": [
        [-0.160686, 0.0136574, 0.00262837]
    ],
    "M_C1_M M_C1H2_M": [
        [-0.330562, 0.0071945, 0.00138458]
    ],
    "M_C2_M M_C2H1_M": [
        [-0.211323, 0.00985668, 0.00189692]
    ],
    "M_C2_M M_C2H2_M": [
        [-0.318923, 0.00742021, 0.00142802]
    ],
    "M_C20_M M_C20H1_M": [
        [-0.348567, 0.00678796, 0.00130634]
    ],
    "M_C21_M M_C21H1_M": [
        [0.0857947, 0.00679736, 0.00130815]
    ],
    "M_C21_M M_C21H2_M": [
        [0.0885106, 0.00796557, 0.00153297]
    ],
    "M_C21_M M_C21H3_M": [
        [0.0849925, 0.00726755, 0.00139864]
    ],
    "M_C22_M M_C22H1_M": [
        [-0.100604, 0.0323682, 0.00622926]
    ],
    "M_C22_M M_C22H2_M": [
        [-0.30688, 0.0080219, 0.00154382]
    ],
    "M_C23_M M_C23H1_M": [
        [-0.0646943, 0.025247, 0.00485879]
    ],
    "M_C23_M M_C23H2_M": [
        [-0.283842, 0.00754307, 0.00145166]
    ],
    "M_C24_M M_C24H1_M": [
        [-0.0947443, 0.0294424, 0.0056662]
    ],
    "M_C24_M M_C24H2_M": [
        [-0.233433, 0.0292413, 0.00562749]
    ],
    "M_C25_M M_C25H1_M": [
        [-0.124491, 0.0108608, 0.00209017]
    ],
    "M_C26_M M_C26H1_M": [
        [0.0090808, 0.00615186, 0.00118393]
    ],
    "M_C26_M M_C26H2_M": [
        [0.00931102, 0.0056893, 0.00109491]
    ],
    "M_C26_M M_C26H3_M": [
        [0.00900731, 0.00723422, 0.00139223]
    ],
    "M_C27_M M_C27H1_M": [
        [-0.00520277, 0.00560517, 0.00107872]
    ],
    "M_C27_M M_C27H2_M": [
        [-0.00652997, 0.00576645, 0.00110975]
    ],
    "M_C27_M M_C27H3_M": [
        [-0.00630291, 0.00504633, 0.000971167]
    ]
}