{
    "M_G1_M M_G1H1_M": [
        [-0.165129, 0.0166685, 0.00103573]
    ],
    "M_G1_M M_G1H2_M": [
        [-0.0432518, 0.0136292, 0.00084688]
    ],
    "M_G1C3_M M_G1C3H1_M": [
        [-0.199255, 0.010704, 0.000665117]
    ],
    "M_G1C3_M M_G1C3H2_M": [
        [-0.227183, 0.009847, 0.000611863]
    ],
    "M_G1C4_M M_G1C4H1_M": [
        [-0.171978, 0.0107208, 0.000666157]
    ],
    "M_G1C4_M M_G1C4H2_M": [
        [-0.161692, 0.00978823, 0.000608211]
    ],
    "M_G1C5_M M_G1C5H1_M": [
        [-0.193205, 0.0102195, 0.000635007]
    ],
    "M_G1C5_M M_G1C5H2_M": [
        [-0.192413, 0.00955756, 0.000593878]
    ],
    "M_G1C6_M M_G1C6H1_M": [
        [-0.190546, 0.0112102, 0.000696569]
    ],
    "M_G1C6_M M_G1C6H2_M": [
        [-0.189118, 0.010721, 0.000666169]
    ],
    "M_G1C7_M M_G1C7H1_M": [
        [-0.185841, 0.0103921, 0.000645735]
    ],
    "M_G1C7_M M_G1C7H2_M": [
        [-0.187145, 0.010357, 0.000643551]
    ],
    "M_G1C8_M M_G1C8H1_M": [
        [-0.164291, 0.00952926, 0.000592119]
    ],
    "M_G1C8_M M_G1C8H2_M": [
        [-0.165191, 0.010179, 0.000632495]
    ],
    "M_G1C9_M M_G1C9H1_M": [
        [-0.123046, 0.00854764, 0.000531124]
    ],
    "M_G1C9_M M_G1C9H2_M": [
        [-0.123698, 0.00904831, 0.000562235]
    ],
    "M_G1C10_M M_G1C10H1_M": [
        [-0.0824342, 0.0088116, 0.000547526]
    ],
    "M_G1C11_M M_G1C11H1_M": [
        [-0.0624278, 0.00664402, 0.000412839]
    ],
    "M_G1C12_M M_G1C12H1_M": [
        [-0.0207816, 0.0052999, 0.00032932]
    ],
    "M_G1C12_M M_G1C12H2_M": [
        [-0.0193615, 0.00493441, 0.000306609]
    ],
    "M_G1C13_M M_G1C13H1_M": [
        [-0.035477, 0.00613596, 0.00038127]
    ],
    "M_G1C14_M M_G1C14H1_M": [
        [0.0152192, 0.0058716, 0.000364844]
    ],
    "M_G1C15_M M_G1C15H1_M": [
        [-0.0285493, 0.00508759, 0.000316128]
    ],
    "M_G1C15_M M_G1C15H2_M": [
        [-0.0280516, 0.00526032, 0.00032686]
    ],
    "M_G1C16_M M_G1C16H1_M": [
        [-0.045026, 0.00514851, 0.000319913]
    ],
    "M_G1C16_M M_G1C16H2_M": [
        [-0.0454959, 0.00524155, 0.000325694]
    ],
    "M_G1C17_M M_G1C17H1_M": [
        [-0.046654, 0.00516657, 0.000321035]
    ],
    "M_G1C17_M M_G1C17H2_M": [
        [-0.0450816, 0.00500804, 0.000311185]
    ],
    "M_G1C18_M M_G1C18H1_M": [
        [-0.0427831, 0.00518243, 0.000322021]
    ],
    "M_G1C18_M M_G1C18H2_M": [
        [-0.0423607, 0.00519447, 0.000322768]
    ],
    "M_G1C19_M M_G1C19H1_M": [
        [-0.0110567, 0.00451158, 0.000280336]
    ],
    "M_G1C19_M M_G1C19H2_M": [
        [-0.0109846, 0.00442913, 0.000275213]
    ],
    "M_G1C19_M M_G1C19H3_M": [
        [-0.0112318, 0.00438118, 0.000272233]
    ],
    "M_G2_M M_G2H1_M": [
        [-0.179194, 0.0144199, 0.000896011]
    ],
    "M_G2C3_M M_G2C3H1_M": [
        [-0.0726883, 0.00980549, 0.000609283]
    ],
    "M_G2C3_M M_G2C3H2_M": [
        [-0.0982314, 0.00934969, 0.000580962]
    ],
    "M_G2C4_M M_G2C4H1_M": [
        [-0.193299, 0.00910288, 0.000565626]
    ],
    "M_G2C4_M M_G2C4H2_M": [
        [-0.196539, 0.00914722, 0.000568381]
    ],
    "M_G2C5_M M_G2C5H1_M": [
        [-0.196328, 0.00921813, 0.000572787]
    ],
    "M_G2C5_M M_G2C5H2_M": [
        [-0.198357, 0.00900922, 0.000559806]
    ],
    "M_G2C6_M M_G2C6H1_M": [
        [-0.20759, 0.00960925, 0.00059709]
    ],
    "M_G2C6_M M_G2C6H2_M": [
        [-0.206023, 0.0096874, 0.000601946]
    ],
    "M_G2C7_M M_G2C7H1_M": [
        [-0.18686, 0.00931653, 0.000578901]
    ],
    "M_G2C7_M M_G2C7H2_M": [
        [-0.185616, 0.00947759, 0.000588909]
    ],
    "M_G2C8_M M_G2C8H1_M": [
        [-0.176485, 0.00944843, 0.000587097]
    ],
    "M_G2C8_M M_G2C8H2_M": [
        [-0.175732, 0.00880914, 0.000547373]
    ],
    "M_G2C9_M M_G2C9H1_M": [
        [-0.104894, 0.00851784, 0.000529273]
    ],
    "M_G2C9_M M_G2C9H2_M": [
        [-0.106338, 0.00839426, 0.000521594]
    ],
    "M_G2C10_M M_G2C10H1_M": [
        [-0.0565338, 0.00877018, 0.000544952]
    ],
    "M_G2C11_M M_G2C11H1_M": [
        [-0.0309675, 0.00648552, 0.00040299]
    ],
    "M_G2C12_M M_G2C12H1_M": [
        [-0.0239221, 0.005674, 0.000352565]
    ],
    "M_G2C12_M M_G2C12H2_M": [
        [-0.0229904, 0.00570711, 0.000354623]
    ],
    "M_G2C13_M M_G2C13H1_M": [
        [-0.0442262, 0.00674704, 0.000419241]
    ],
    "M_G2C14_M M_G2C14H1_M": [
        [-0.00990336, 0.00586584, 0.000364485]
    ],
    "M_G2C15_M M_G2C15H1_M": [
        [-0.0415436, 0.00553304, 0.000343806]
    ],
    "M_G2C15_M M_G2C15H2_M": [
        [-0.0420126, 0.00525636, 0.000326614]
    ],
    "M_G2C16_M M_G2C16H1_M": [
        [-0.0609609, 0.00536189, 0.000333171]
    ],
    "M_G2C16_M M_G2C16H2_M": [
        [-0.0611913, 0.00531578, 0.000330307]
    ],
    "M_G2C17_M M_G2C17H1_M": [
        [-0.0591152, 0.00531631, 0.000330339]
    ],
    "M_G2C17_M M_G2C17H2_M": [
        [-0.0594493, 0.00496613, 0.00030858]
    ],
    "M_G2C18_M M_G2C18H1_M": [
        [-0.0547612, 0.00511009, 0.000317526]
    ],
    "M_G2C18_M M_G2C18H2_M": [
        [-0.0546752, 0.00506354, 0.000314633]
    ],
    "M_G2C19_M M_G2C19H1_M": [
        [-0.0129234, 0.00488646, 0.00030363]
    ],
    "M_G2C19_M M_G2C19H2_M": [
        [-0.0130003, 0.00450481, 0.000279915]
    ],
    "M_G2C19_M M_G2C19H3_M": [
        [-0.0130381, 0.00424214, 0.000263594]
    ],
    "M_G3_M M_G3H1_M": [
        [-0.211635, 0.0123786, 0.000769166]
    ],
    "M_G3_M M_G3H2_M": [
        [-0.23843, 0.0099893, 0.000620705]
    ],
    "M_G3C4_M M_G3C4H1_M": [
        [0.0357951, 0.00798625, 0.000496241]
    ],
    "M_G3C4_M M_G3C4H2_M": [
        [0.0360136, 0.00828507, 0.000514809]
    ],
    "M_G3C5_M M_G3C5H1_M": [
        [-0.068786, 0.00739367, 0.00045942]
    ],
    "M_G3C5_M M_G3C5H2_M": [
        [-0.0697, 0.0070967, 0.000440967]
    ],
    "M_G3N6C1_M M_G3N6C1H1_M": [
        [0.00975518, 0.00535396, 0.000332679]
    ],
    "M_G3N6C1_M M_G3N6C1H2_M": [
        [0.0106818, 0.00541447, 0.000336439]
    ],
    "M_G3N6C1_M M_G3N6C1H3_M": [
        [0.0110469, 0.00518689, 0.000322297]
    ],
    "M_G3N6C2_M M_G3N6C2H1_M": [
        [0.0102089, 0.00555456, 0.000345143]
    ],
    "M_G3N6C2_M M_G3N6C2H2_M": [
        [0.0103501, 0.00539841, 0.000335441]
    ],
    "M_G3N6C2_M M_G3N6C2H3_M": [
        [0.0107417, 0.00551312, 0.000342569]
    ],
    "M_G3N6C3_M M_G3N6C3H1_M": [
        [0.0105604, 0.00526093, 0.000326898]
    ],
    "M_G3N6C3_M M_G3N6C3H2_M": [
        [0.0108773, 0.00530958, 0.000329921]
    ],
    "M_G3N6C3_M M_G3N6C3H3_M": [
        [0.0107979, 0.00529111, 0.000328774]
    ]
}