{
    "M_G1_M M_G1H1_M": [
        [-0.279847, 0.0373639, 0.00116819]
    ],
    "M_G1_M M_G1H2_M": [
        [0.0606884, 0.0698756, 0.00218468]
    ],
    "M_G1C3_M M_G1C3H1_M": [
        [-0.328142, 0.0163525, 0.000511265]
    ],
    "M_G1C3_M M_G1C3H2_M": [
        [-0.319356, 0.0190892, 0.00059683]
    ],
    "M_G1C4_M M_G1C4H1_M": [
        [-0.311109, 0.0164563, 0.00051451]
    ],
    "M_G1C4_M M_G1C4H2_M": [
        [-0.301593, 0.0180105, 0.000563103]
    ],
    "M_G1C5_M M_G1C5H1_M": [
        [-0.356293, 0.0147062, 0.000459792]
    ],
    "M_G1C5_M M_G1C5H2_M": [
        [-0.353163, 0.0148889, 0.000465505]
    ],
    "M_G1C6_M M_G1C6H1_M": [
        [-0.368337, 0.0155855, 0.000487285]
    ],
    "M_G1C6_M M_G1C6H2_M": [
        [-0.366505, 0.0157029, 0.000490954]
    ],
    "M_G1C7_M M_G1C7H1_M": [
        [-0.384925, 0.0135318, 0.000423075]
    ],
    "M_G1C7_M M_G1C7H2_M": [
        [-0.384541, 0.0137346, 0.000429415]
    ],
    "M_G1C8_M M_G1C8H1_M": [
        [-0.385584, 0.012957, 0.000405106]
    ],
    "M_G1C8_M M_G1C8H2_M": [
        [-0.385151, 0.0132234, 0.000413432]
    ],
    "M_G1C9_M M_G1C9H1_M": [
        [-0.385225, 0.011836, 0.000370054]
    ],
    "M_G1C9_M M_G1C9H2_M": [
        [-0.385099, 0.0116589, 0.000364518]
    ],
    "M_G1C10_M M_G1C10H1_M": [
        [-0.370744, 0.012422, 0.000388376]
    ],
    "M_G1C10_M M_G1C10H2_M": [
        [-0.37081, 0.012001, 0.000375215]
    ],
    "M_G1C11_M M_G1C11H1_M": [
        [-0.356602, 0.012963, 0.000405293]
    ],
    "M_G1C11_M M_G1C11H2_M": [
        [-0.356922, 0.0130194, 0.000407055]
    ],
    "M_G1C12_M M_G1C12H1_M": [
        [-0.329323, 0.0158723, 0.000496252]
    ],
    "M_G1C12_M M_G1C12H2_M": [
        [-0.329393, 0.0156212, 0.0004884]
    ],
    "M_G1C13_M M_G1C13H1_M": [
        [-0.305154, 0.018244, 0.000570405]
    ],
    "M_G1C13_M M_G1C13H2_M": [
        [-0.306161, 0.0176491, 0.000551804]
    ],
    "M_G1C14_M M_G1C14H1_M": [
        [-0.267391, 0.0203846, 0.000637331]
    ],
    "M_G1C14_M M_G1C14H2_M": [
        [-0.267016, 0.0200202, 0.000625938]
    ],
    "M_G1C15_M M_G1C15H1_M": [
        [-0.227632, 0.0202783, 0.000634005]
    ],
    "M_G1C15_M M_G1C15H2_M": [
        [-0.227759, 0.0206458, 0.000645496]
    ],
    "M_G1C16_M M_G1C16H1_M": [
        [-0.163762, 0.0200078, 0.00062555]
    ],
    "M_G1C16_M M_G1C16H2_M": [
        [-0.163552, 0.0197766, 0.000618319]
    ],
    "M_G1C17_M M_G1C17H1_M": [
        [-0.0497556, 0.0160976, 0.000503295]
    ],
    "M_G1C17_M M_G1C17H2_M": [
        [-0.0501914, 0.015084, 0.000471607]
    ],
    "M_G1C17_M M_G1C17H3_M": [
        [-0.05068, 0.0153235, 0.000479094]
    ],
    "M_G2_M M_G2H1_M": [
        [-0.270016, 0.042845, 0.00133956]
    ],
    "M_G2C3_M M_G2C3H1_M": [
        [-0.188828, 0.0392968, 0.00122862]
    ],
    "M_G2C3_M M_G2C3H2_M": [
        [-0.184569, 0.0374349, 0.00117041]
    ],
    "M_G2C4_M M_G2C4H1_M": [
        [-0.290917, 0.0214333, 0.000670117]
    ],
    "M_G2C4_M M_G2C4H2_M": [
        [-0.280943, 0.0220968, 0.000690861]
    ],
    "M_G2C5_M M_G2C5H1_M": [
        [-0.305951, 0.0219283, 0.000685595]
    ],
    "M_G2C5_M M_G2C5H2_M": [
        [-0.307203, 0.0214792, 0.000671552]
    ],
    "M_G2C6_M M_G2C6H1_M": [
        [-0.335611, 0.020408, 0.000638061]
    ],
    "M_G2C6_M M_G2C6H2_M": [
        [-0.336231, 0.0203924, 0.000637575]
    ],
    "M_G2C7_M M_G2C7H1_M": [
        [-0.324637, 0.0228008, 0.000712873]
    ],
    "M_G2C7_M M_G2C7H2_M": [
        [-0.325438, 0.0230152, 0.000719577]
    ],
    "M_G2C8_M M_G2C8H1_M": [
        [-0.319253, 0.0214579, 0.000670887]
    ],
    "M_G2C8_M M_G2C8H2_M": [
        [-0.319506, 0.020967, 0.000655538]
    ],
    "M_G2C9_M M_G2C9H1_M": [
        [-0.231704, 0.0239165, 0.000747757]
    ],
    "M_G2C9_M M_G2C9H2_M": [
        [-0.231978, 0.0227106, 0.000710054]
    ],
    "M_G2C10_M M_G2C10H1_M": [
        [-0.175353, 0.0234321, 0.000732611]
    ],
    "M_G2C11_M M_G2C11H1_M": [
        [-0.0568804, 0.020652, 0.000645692]
    ],
    "M_G2C12_M M_G2C12H1_M": [
        [-0.158553, 0.0208099, 0.000650628]
    ],
    "M_G2C12_M M_G2C12H2_M": [
        [-0.159322, 0.0207443, 0.000648577]
    ],
    "M_G2C13_M M_G2C13H1_M": [
        [-0.254263, 0.0194518, 0.000608167]
    ],
    "M_G2C13_M M_G2C13H2_M": [
        [-0.254235, 0.0198809, 0.000621581]
    ],
    "M_G2C14_M M_G2C14H1_M": [
        [-0.263302, 0.0207211, 0.00064785]
    ],
    "M_G2C14_M M_G2C14H2_M": [
        [-0.263031, 0.0216318, 0.000676324]
    ],
    "M_G2C15_M M_G2C15H1_M": [
        [-0.267964, 0.0210892, 0.000659359]
    ],
    "M_G2C15_M M_G2C15H2_M": [
        [-0.268512, 0.0206857, 0.000646744]
    ],
    "M_G2C16_M M_G2C16H1_M": [
        [-0.241214, 0.0241384, 0.000754694]
    ],
    "M_G2C16_M M_G2C16H2_M": [
        [-0.240697, 0.0236224, 0.000738562]
    ],
    "M_G2C17_M M_G2C17H1_M": [
        [-0.214256, 0.0234894, 0.000734402]
    ],
    "M_G2C17_M M_G2C17H2_M": [
        [-0.212954, 0.0231088, 0.000722502]
    ],
    "M_G2C18_M M_G2C18H1_M": [
        [-0.154218, 0.0230272, 0.000719953]
    ],
    "M_G2C18_M M_G2C18H2_M": [
        [-0.154306, 0.0224373, 0.000701509]
    ],
    "M_G2C19_M M_G2C19H1_M": [
        [-0.0532752, 0.0160083, 0.000500504]
    ],
    "M_G2C19_M M_G2C19H2_M": [
        [-0.0522635, 0.0153362, 0.000479489]
    ],
    "M_G2C19_M M_G2C19H3_M": [
        [-0.0527688, 0.0157979, 0.000493926]
    ],
    "M_G3_M M_G3H1_M": [
        [-0.110556, 0.0823122, 0.00257351]
    ],
    "M_G3_M M_G3H2_M": [
        [-0.228145, 0.0482449, 0.00150839]
    ],
    "M_G3C4_M M_G3C4H1_M": [
        [0.119529, 0.0439792, 0.00137502]
    ],
    "M_G3C4_M M_G3C4H2_M": [
        [0.142034, 0.0407478, 0.00127399]
    ],
    "M_G3C5_M M_G3C5H1_M": [
        [-0.0332795, 0.0278095, 0.000869472]
    ],
    "M_G3C5_M M_G3C5H2_M": [
        [-0.0171836, 0.0215662, 0.000674273]
    ],
    "M_G3N6C1_M M_G3N6C1H1_M": [
        [0.0132928, 0.0156311, 0.000488712]
    ],
    "M_G3N6C1_M M_G3N6C1H2_M": [
        [0.0132645, 0.01506, 0.000470855]
    ],
    "M_G3N6C1_M M_G3N6C1H3_M": [
        [0.0143082, 0.0151699, 0.00047429]
    ],
    "M_G3N6C2_M M_G3N6C2H1_M": [
        [0.0138665, 0.0152531, 0.000476893]
    ],
    "M_G3N6C2_M M_G3N6C2H2_M": [
        [0.0133085, 0.0153656, 0.00048041]
    ],
    "M_G3N6C2_M M_G3N6C2H3_M": [
        [0.0134471, 0.0154072, 0.00048171]
    ],
    "M_G3N6C3_M M_G3N6C3H1_M": [
        [0.0131364, 0.0149168, 0.000466377]
    ],
    "M_G3N6C3_M M_G3N6C3H2_M": [
        [0.0132042, 0.0161996, 0.000506485]
    ],
    "M_G3N6C3_M M_G3N6C3H3_M": [
        [0.0141258, 0.0149721, 0.000468107]
    ]
}