{
    "M_G1_M M_G1H1_M": [
        [-0.21795, 0.0355351, 0.00315323]
    ],
    "M_G1_M M_G1H2_M": [
        [-0.0152974, 0.0383425, 0.00340235]
    ],
    "M_G1C3_M M_G1C3H1_M": [
        [-0.218977, 0.0203719, 0.00180771]
    ],
    "M_G1C3_M M_G1C3H2_M": [
        [-0.227741, 0.0187393, 0.00166284]
    ],
    "M_G1C4_M M_G1C4H1_M": [
        [-0.153872, 0.0199873, 0.00177359]
    ],
    "M_G1C4_M M_G1C4H2_M": [
        [-0.154775, 0.0188386, 0.00167166]
    ],
    "M_G1C5_M M_G1C5H1_M": [
        [-0.194175, 0.0194919, 0.00172962]
    ],
    "M_G1C5_M M_G1C5H2_M": [
        [-0.191987, 0.0179384, 0.00159178]
    ],
    "M_G1C6_M M_G1C6H1_M": [
        [-0.188901, 0.017831, 0.00158225]
    ],
    "M_G1C6_M M_G1C6H2_M": [
        [-0.188483, 0.0181676, 0.00161212]
    ],
    "M_G1C7_M M_G1C7H1_M": [
        [-0.200925, 0.0174476, 0.00154823]
    ],
    "M_G1C7_M M_G1C7H2_M": [
        [-0.201613, 0.0175535, 0.00155762]
    ],
    "M_G1C8_M M_G1C8H1_M": [
        [-0.187818, 0.0172831, 0.00153363]
    ],
    "M_G1C8_M M_G1C8H2_M": [
        [-0.189171, 0.0185361, 0.00164482]
    ],
    "M_G1C9_M M_G1C9H1_M": [
        [-0.188593, 0.0176675, 0.00156774]
    ],
    "M_G1C9_M M_G1C9H2_M": [
        [-0.188009, 0.018619, 0.00165217]
    ],
    "M_G1C10_M M_G1C10H1_M": [
        [-0.170979, 0.0176976, 0.00157041]
    ],
    "M_G1C10_M M_G1C10H2_M": [
        [-0.169771, 0.0181739, 0.00161267]
    ],
    "M_G1C11_M M_G1C11H1_M": [
        [-0.163246, 0.017432, 0.00154684]
    ],
    "M_G1C11_M M_G1C11H2_M": [
        [-0.162899, 0.0175385, 0.00155629]
    ],
    "M_G1C12_M M_G1C12H1_M": [
        [-0.14233, 0.0161265, 0.00143099]
    ],
    "M_G1C12_M M_G1C12H2_M": [
        [-0.142929, 0.0168655, 0.00149657]
    ],
    "M_G1C13_M M_G1C13H1_M": [
        [-0.131736, 0.0151292, 0.0013425]
    ],
    "M_G1C13_M M_G1C13H2_M": [
        [-0.132317, 0.0151175, 0.00134146]
    ],
    "M_G1C14_M M_G1C14H1_M": [
        [-0.109529, 0.0137789, 0.00122268]
    ],
    "M_G1C14_M M_G1C14H2_M": [
        [-0.110692, 0.0128995, 0.00114464]
    ],
    "M_G1C15_M M_G1C15H1_M": [
        [-0.0946716, 0.0111212, 0.000986845]
    ],
    "M_G1C15_M M_G1C15H2_M": [
        [-0.0953035, 0.0111066, 0.000985555]
    ],
    "M_G1C16_M M_G1C16H1_M": [
        [-0.0670275, 0.00859059, 0.000762291]
    ],
    "M_G1C16_M M_G1C16H2_M": [
        [-0.0671768, 0.00852106, 0.000756121]
    ],
    "M_G1C17_M M_G1C17H1_M": [
        [-0.0209986, 0.00483358, 0.000428911]
    ],
    "M_G1C17_M M_G1C17H2_M": [
        [-0.0213615, 0.00503647, 0.000446914]
    ],
    "M_G1C17_M M_G1C17H3_M": [
        [-0.0218292, 0.00471921, 0.000418762]
    ],
    "M_G2_M M_G2H1_M": [
        [-0.202776, 0.0497525, 0.00441482]
    ],
    "M_G2C3_M M_G2C3H1_M": [
        [-0.218977, 0.0203719, 0.00180771]
    ],
    "M_G2C3_M M_G2C3H2_M": [
        [-0.227741, 0.0187393, 0.00166284]
    ],
    "M_G2C4_M M_G2C4H1_M": [
        [-0.153872, 0.0199873, 0.00177359]
    ],
    "M_G2C4_M M_G2C4H2_M": [
        [-0.154775, 0.0188386, 0.00167166]
    ],
    "M_G2C5_M M_G2C5H1_M": [
        [-0.194175, 0.0194919, 0.00172962]
    ],
    "M_G2C5_M M_G2C5H2_M": [
        [-0.191987, 0.0179384, 0.00159178]
    ],
    "M_G2C6_M M_G2C6H1_M": [
        [-0.188901, 0.017831, 0.00158225]
    ],
    "M_G2C6_M M_G2C6H2_M": [
        [-0.188483, 0.0181676, 0.00161212]
    ],
    "M_G2C7_M M_G2C7H1_M": [
        [-0.200925, 0.0174476, 0.00154823]
    ],
    "M_G2C7_M M_G2C7H2_M": [
        [-0.201613, 0.0175535, 0.00155762]
    ],
    "M_G2C8_M M_G2C8H1_M": [
        [-0.187818, 0.0172831, 0.00153363]
    ],
    "M_G2C8_M M_G2C8H2_M": [
        [-0.189171, 0.0185361, 0.00164482]
    ],
    "M_G2C9_M M_G2C9H1_M": [
        [-0.188593, 0.0176675, 0.00156774]
    ],
    "M_G2C9_M M_G2C9H2_M": [
        [-0.188009, 0.018619, 0.00165217]
    ],
    "M_G2C10_M M_G2C10H1_M": [
        [-0.170979, 0.0176976, 0.00157041]
    ],
    "M_G2C11_M M_G2C11H1_M": [
        [-0.163246, 0.017432, 0.00154684]
    ],
    "M_G2C12_M M_G2C12H1_M": [
        [-0.14233, 0.0161265, 0.00143099]
    ],
    "M_G2C12_M M_G2C12H2_M": [
        [-0.142929, 0.0168655, 0.00149657]
    ],
    "M_G2C13_M M_G2C13H1_M": [
        [-0.131736, 0.0151292, 0.0013425]
    ],
    "M_G2C13_M M_G2C13H2_M": [
        [-0.132317, 0.0151175, 0.00134146]
    ],
    "M_G2C14_M M_G2C14H1_M": [
        [-0.109529, 0.0137789, 0.00122268]
    ],
    "M_G2C14_M M_G2C14H2_M": [
        [-0.110692, 0.0128995, 0.00114464]
    ],
    "M_G2C15_M M_G2C15H1_M": [
        [-0.0946716, 0.0111212, 0.000986845]
    ],
    "M_G2C15_M M_G2C15H2_M": [
        [-0.0953035, 0.0111066, 0.000985555]
    ],
    "M_G2C16_M M_G2C16H1_M": [
        [-0.0670275, 0.00859059, 0.000762291]
    ],
    "M_G2C16_M M_G2C16H2_M": [
        [-0.0671768, 0.00852106, 0.000756121]
    ],
    "M_G2C17_M M_G2C17H1_M": [
        [-0.0209986, 0.00483358, 0.000428911]
    ],
    "M_G2C17_M M_G2C17H2_M": [
        [-0.0213615, 0.00503647, 0.000446914]
    ],
    "M_G2C18_M M_G2C18H1_M": [
        [-0.0631524, 0.00801238, 0.000710984]
    ],
    "M_G2C18_M M_G2C18H2_M": [
        [-0.0633866, 0.00788799, 0.000699946]
    ],
    "M_G2C19_M M_G2C19H1_M": [
        [-0.0214938, 0.00486003, 0.000431258]
    ],
    "M_G2C19_M M_G2C19H2_M": [
        [-0.019968, 0.0046716, 0.000414537]
    ],
    "M_G2C19_M M_G2C19H3_M": [
        [-0.0205679, 0.00481524, 0.000427283]
    ],
    "M_G3_M M_G3H1_M": [
        [-0.14495, 0.0515817, 0.00457714]
    ],
    "M_G3_M M_G3H2_M": [
        [-0.175329, 0.034554, 0.00306617]
    ],
    "M_G3C4_M M_G3C4H1_M": [
        [-0.000279747, 0.0125959, 0.00111771]
    ],
    "M_G3C4_M M_G3C4H2_M": [
        [5.68565e-05, 0.0134499, 0.00119349]
    ],
    "M_G3C5_M M_G3C5H1_M": [
        [-0.0485863, 0.0100457, 0.000891408]
    ],
    "M_G3C5_M M_G3C5H2_M": [
        [-0.0501324, 0.00996517, 0.000884266]
    ],
    "M_G3N6C1_M M_G3N6C1H1_M": [
        [0.011041, 0.00473457, 0.000420125]
    ],
    "M_G3N6C1_M M_G3N6C1H2_M": [
        [0.0106023, 0.0042314, 0.000375476]
    ],
    "M_G3N6C1_M M_G3N6C1H3_M": [
        [0.0111365, 0.00448603, 0.000398071]
    ],
    "M_G3N6C2_M M_G3N6C2H1_M": [
        [0.0112908, 0.00473846, 0.00042047]
    ],
    "M_G3N6C2_M M_G3N6C2H2_M": [
        [0.0109422, 0.00460181, 0.000408345]
    ],
    "M_G3N6C2_M M_G3N6C2H3_M": [
        [0.0110571, 0.00441203, 0.000391504]
    ],
    "M_G3N6C3_M M_G3N6C3H1_M": [
        [0.0110938, 0.00419906, 0.000372606]
    ],
    "M_G3N6C3_M M_G3N6C3H2_M": [
        [0.0103267, 0.00507407, 0.00045025]
    ],
    "M_G3N6C3_M M_G3N6C3H3_M": [
        [0.0107828, 0.00460251, 0.000408406]
    ]
}