{
    "M_C3_M M_C3H3_M": [
        [-0.407132, 0.00666508, 0.00106727]
    ],
    "M_C4_M M_C4H41_M": [
        [-0.34892, 0.00941748, 0.001508]
    ],
    "M_C4_M M_C4H42_M": [
        [-0.227996, 0.0141834, 0.00227116]
    ],
    "M_C6_M M_C6H6_M": [
        [-0.0621147, 0.0167099, 0.00267572]
    ],
    "M_C7_M M_C7H71_M": [
        [-0.308921, 0.0095804, 0.00153409]
    ],
    "M_C7_M M_C7H72_M": [
        [-0.361425, 0.00768194, 0.00123009]
    ],
    "M_C8_M M_C8H8_M": [
        [-0.448684, 0.00422055, 0.000675829]
    ],
    "M_C14_M M_C14H14_M": [
        [-0.444583, 0.00446643, 0.000715201]
    ],
    "M_C15_M M_C15H151_M": [
        [-0.41164, 0.00727684, 0.00116523]
    ],
    "M_C15_M M_C15H152_M": [
        [-0.372766, 0.00940693, 0.00150632]
    ],
    "M_C16_M M_C16H161_M": [
        [-0.0794878, 0.0138467, 0.00221725]
    ],
    "M_C16_M M_C16H162_M": [
        [-0.187461, 0.0125386, 0.00200779]
    ],
    "M_C17_M M_C17H17_M": [
        [-0.442164, 0.0040328, 0.000645765]
    ],
    "M_C18_M M_C18H181_M": [
        [0.127885, 0.0161533, 0.0025866]
    ],
    "M_C18_M M_C18H182_M": [
        [0.125112, 0.0134303, 0.00215056]
    ],
    "M_C18_M M_C18H183_M": [
        [0.12583, 0.0174743, 0.00279813]
    ],
    "M_C12_M M_C12H121_M": [
        [-0.151397, 0.0143488, 0.00229765]
    ],
    "M_C12_M M_C12H122_M": [
        [-0.437931, 0.00534039, 0.000855146]
    ],
    "M_C11_M M_C11H111_M": [
        [-0.443437, 0.00500543, 0.000801511]
    ],
    "M_C11_M M_C11H112_M": [
        [-0.2362, 0.0113475, 0.00181706]
    ],
    "M_C9_M M_C9H9_M": [
        [-0.44301, 0.00444774, 0.000712208]
    ],
    "M_C19_M M_C19H191_M": [
        [0.124856, 0.0130705, 0.00209295]
    ],
    "M_C19_M M_C19H192_M": [
        [0.128829, 0.0137926, 0.00220859]
    ],
    "M_C19_M M_C19H193_M": [
        [0.130376, 0.0123043, 0.00197027]
    ],
    "M_C1_M M_C1H11_M": [
        [-0.244636, 0.0144192, 0.00230891]
    ],
    "M_C1_M M_C1H12_M": [
        [-0.400291, 0.00702759, 0.00112531]
    ],
    "M_C2_M M_C2H21_M": [
        [-0.24038, 0.0120222, 0.0019251]
    ],
    "M_C2_M M_C2H22_M": [
        [-0.382469, 0.00807554, 0.00129312]
    ],
    "M_C20_M M_C20H20_M": [
        [-0.42629, 0.00435007, 0.000696569]
    ],
    "M_C21_M M_C21H211_M": [
        [0.114514, 0.0175456, 0.00280954]
    ],
    "M_C21_M M_C21H212_M": [
        [0.121687, 0.0141153, 0.00226026]
    ],
    "M_C21_M M_C21H213_M": [
        [0.112301, 0.0135252, 0.00216577]
    ],
    "M_C22_M M_C22H221_M": [
        [-0.311533, 0.0179819, 0.00287941]
    ],
    "M_C22_M M_C22H222_M": [
        [-0.399076, 0.00619212, 0.000991533]
    ],
    "M_C23_M M_C23H231_M": [
        [-0.252332, 0.016634, 0.00266357]
    ],
    "M_C23_M M_C23H232_M": [
        [-0.385833, 0.00733186, 0.00117404]
    ],
    "M_C24_M M_C24H241_M": [
        [-0.25136, 0.0167206, 0.00267744]
    ],
    "M_C24_M M_C24H242_M": [
        [-0.337124, 0.0113561, 0.00181843]
    ],
    "M_C25_M M_C25H25_M": [
        [-0.197605, 0.018147, 0.00290585]
    ],
    "M_C26_M M_C26H261_M": [
        [0.0175793, 0.0156455, 0.00250529]
    ],
    "M_C26_M M_C26H262_M": [
        [0.0158449, 0.0157214, 0.00251743]
    ],
    "M_C26_M M_C26H263_M": [
        [0.0210792, 0.0184917, 0.00296105]
    ],
    "M_C27_M M_C27H271_M": [
        [0.0133759, 0.0158901, 0.00254445]
    ],
    "M_C27_M M_C27H272_M": [
        [0.0190578, 0.0189212, 0.00302981]
    ],
    "M_C27_M M_C27H273_M": [
        [0.0121004, 0.0162177, 0.00259692]
    ]
}