{
    "M_G1_M M_G1H1_M": [
        [-0.0712887, 0.082296, 0.0103683]
    ],
    "M_G1_M M_G1H2_M": [
        [0.0843977, 0.050792, 0.00639919]
    ],
    "M_G1C3_M M_G1C3H1_M": [
        [-0.163195, 0.0558669, 0.00703857]
    ],
    "M_G1C3_M M_G1C3H2_M": [
        [-0.142431, 0.0395976, 0.00498883]
    ],
    "M_G1C4_M M_G1C4H1_M": [
        [-0.217239, 0.0296674, 0.00373774]
    ],
    "M_G1C4_M M_G1C4H2_M": [
        [-0.173615, 0.0303043, 0.00381798]
    ],
    "M_G1C5_M M_G1C5H1_M": [
        [-0.306492, 0.0216139, 0.0027231]
    ],
    "M_G1C5_M M_G1C5H2_M": [
        [-0.303846, 0.0230737, 0.00290701]
    ],
    "M_G1C6_M M_G1C6H1_M": [
        [-0.330632, 0.0175879, 0.00221587]
    ],
    "M_G1C6_M M_G1C6H2_M": [
        [-0.327022, 0.0193654, 0.00243981]
    ],
    "M_G1C7_M M_G1C7H1_M": [
        [-0.361773, 0.0156318, 0.00196942]
    ],
    "M_G1C7_M M_G1C7H2_M": [
        [-0.361858, 0.0163294, 0.00205731]
    ],
    "M_G1C8_M M_G1C8H1_M": [
        [-0.367593, 0.0151173, 0.00190459]
    ],
    "M_G1C8_M M_G1C8H2_M": [
        [-0.366397, 0.0158221, 0.0019934]
    ],
    "M_G1C9_M M_G1C9H1_M": [
        [-0.374857, 0.0140787, 0.00177375]
    ],
    "M_G1C9_M M_G1C9H2_M": [
        [-0.374072, 0.0148524, 0.00187123]
    ],
    "M_G1C10_M M_G1C10H1_M": [
        [-0.367971, 0.0134899, 0.00169956]
    ],
    "M_G1C10_M M_G1C10H2_M": [
        [-0.369877, 0.0142306, 0.00179289]
    ],
    "M_G1C11_M M_G1C11H1_M": [
        [-0.361972, 0.0132055, 0.00166374]
    ],
    "M_G1C11_M M_G1C11H2_M": [
        [-0.362326, 0.0121513, 0.00153092]
    ],
    "M_G1C12_M M_G1C12H1_M": [
        [-0.341522, 0.0145309, 0.00183073]
    ],
    "M_G1C12_M M_G1C12H2_M": [
        [-0.344757, 0.0130308, 0.00164172]
    ],
    "M_G1C13_M M_G1C13H1_M": [
        [-0.320682, 0.0140566, 0.00177097]
    ],
    "M_G1C13_M M_G1C13H2_M": [
        [-0.326089, 0.0146318, 0.00184343]
    ],
    "M_G1C14_M M_G1C14H1_M": [
        [-0.287586, 0.0144674, 0.00182272]
    ],
    "M_G1C14_M M_G1C14H2_M": [
        [-0.288851, 0.0153451, 0.00193331]
    ],
    "M_G1C15_M M_G1C15H1_M": [
        [-0.247004, 0.0154988, 0.00195266]
    ],
    "M_G1C15_M M_G1C15H2_M": [
        [-0.245011, 0.0153897, 0.00193892]
    ],
    "M_G1C16_M M_G1C16H1_M": [
        [-0.175735, 0.0158678, 0.00199915]
    ],
    "M_G1C16_M M_G1C16H2_M": [
        [-0.178198, 0.0142584, 0.00179639]
    ],
    "M_G1C17_M M_G1C17H1_M": [
        [-0.0567228, 0.0156621, 0.00197324]
    ],
    "M_G1C17_M M_G1C17H2_M": [
        [-0.0585009, 0.0158149, 0.00199249]
    ],
    "M_G1C17_M M_G1C17H3_M": [
        [-0.0556783, 0.0127159, 0.00160205]
    ],
    "M_G2_M M_G2H1_M": [
        [-0.241712, 0.0403468, 0.00508322]
    ],
    "M_G2C3_M M_G2C3H1_M": [
        [-0.145169, 0.0629642, 0.00793274]
    ],
    "M_G2C3_M M_G2C3H2_M": [
        [-0.173504, 0.0421509, 0.00531051]
    ],
    "M_G2C4_M M_G2C4H1_M": [
        [-0.250891, 0.0359033, 0.00452339]
    ],
    "M_G2C4_M M_G2C4H2_M": [
        [-0.214341, 0.0312685, 0.00393946]
    ],
    "M_G2C5_M M_G2C5H1_M": [
        [-0.272459, 0.0290043, 0.00365419]
    ],
    "M_G2C5_M M_G2C5H2_M": [
        [-0.271258, 0.02798, 0.00352515]
    ],
    "M_G2C6_M M_G2C6H1_M": [
        [-0.306368, 0.0156112, 0.00196683]
    ],
    "M_G2C6_M M_G2C6H2_M": [
        [-0.300183, 0.019073, 0.00240298]
    ],
    "M_G2C7_M M_G2C7H1_M": [
        [-0.304574, 0.0177814, 0.00224024]
    ],
    "M_G2C7_M M_G2C7H2_M": [
        [-0.302785, 0.0175384, 0.00220963]
    ],
    "M_G2C8_M M_G2C8H1_M": [
        [-0.298278, 0.0167038, 0.00210448]
    ],
    "M_G2C8_M M_G2C8H2_M": [
        [-0.298412, 0.0167101, 0.00210527]
    ],
    "M_G2C9_M M_G2C9H1_M": [
        [-0.228755, 0.0162065, 0.00204183]
    ],
    "M_G2C9_M M_G2C9H2_M": [
        [-0.230308, 0.0138454, 0.00174435]
    ],
    "M_G2C10_M M_G2C10H1_M": [
        [-0.162975, 0.0149365, 0.00188183]
    ],
    "M_G2C11_M M_G2C11H1_M": [
        [-0.108937, 0.0146783, 0.00184929]
    ],
    "M_G2C12_M M_G2C12H1_M": [
        [-0.181587, 0.0193873, 0.00244257]
    ],
    "M_G2C12_M M_G2C12H2_M": [
        [-0.181364, 0.0194684, 0.00245279]
    ],
    "M_G2C13_M M_G2C13H1_M": [
        [-0.257784, 0.0142023, 0.00178932]
    ],
    "M_G2C13_M M_G2C13H2_M": [
        [-0.257673, 0.0164772, 0.00207593]
    ],
    "M_G2C14_M M_G2C14H1_M": [
        [-0.258322, 0.0138364, 0.00174322]
    ],
    "M_G2C14_M M_G2C14H2_M": [
        [-0.259766, 0.0160851, 0.00202653]
    ],
    "M_G2C15_M M_G2C15H1_M": [
        [-0.2616, 0.0147608, 0.00185969]
    ],
    "M_G2C15_M M_G2C15H2_M": [
        [-0.262873, 0.0152876, 0.00192605]
    ],
    "M_G2C16_M M_G2C16H1_M": [
        [-0.229261, 0.0179317, 0.00225918]
    ],
    "M_G2C16_M M_G2C16H2_M": [
        [-0.229428, 0.0159462, 0.00200903]
    ],
    "M_G2C17_M M_G2C17H1_M": [
        [-0.200523, 0.0161682, 0.002037]
    ],
    "M_G2C17_M M_G2C17H2_M": [
        [-0.198867, 0.0170765, 0.00215144]
    ],
    "M_G2C18_M M_G2C18H1_M": [
        [-0.134827, 0.0179878, 0.00226625]
    ],
    "M_G2C18_M M_G2C18H2_M": [
        [-0.137042, 0.0188106, 0.00236991]
    ],
    "M_G2C19_M M_G2C19H1_M": [
        [-0.0528791, 0.0152699, 0.00192383]
    ],
    "M_G2C19_M M_G2C19H2_M": [
        [-0.0461948, 0.0165606, 0.00208643]
    ],
    "M_G2C19_M M_G2C19H3_M": [
        [-0.0518916, 0.0155988, 0.00196527]
    ],
    "M_G3_M M_G3H1_M": [
        [-0.299817, 0.0208573, 0.00262777]
    ],
    "M_G3_M M_G3H2_M": [
        [-0.255119, 0.0284464, 0.00358391]
    ],
    "M_G3C4_M M_G3C4H1_M": [
        [-0.00727263, 0.0400559, 0.00504656]
    ],
    "M_G3C4_M M_G3C4H2_M": [
        [0.0499171, 0.0513047, 0.00646379]
    ],
    "M_G3C5_M M_G3C5H1_M": [
        [-0.00951892, 0.0385982, 0.00486292]
    ],
    "M_G3C5_M M_G3C5H2_M": [
        [0.0437274, 0.0491253, 0.00618921]
    ],
    "M_G3N6C1_M M_G3N6C1H1_M": [
        [-0.00719807, 0.0146464, 0.00184527]
    ],
    "M_G3N6C1_M M_G3N6C1H2_M": [
        [7.91682e-05, 0.0150107, 0.00189117]
    ],
    "M_G3N6C1_M M_G3N6C1H3_M": [
        [-0.00307087, 0.0155227, 0.00195568]
    ],
    "M_G3N6C2_M M_G3N6C2H1_M": [
        [-0.00305651, 0.0137994, 0.00173856]
    ],
    "M_G3N6C2_M M_G3N6C2H2_M": [
        [0.000638842, 0.0167273, 0.00210744]
    ],
    "M_G3N6C2_M M_G3N6C2H3_M": [
        [-0.00534896, 0.0171391, 0.00215932]
    ],
    "M_G3N6C3_M M_G3N6C3H1_M": [
        [-0.00283607, 0.0153667, 0.00193602]
    ],
    "M_G3N6C3_M M_G3N6C3H2_M": [
        [-0.00433792, 0.0167114, 0.00210543]
    ],
    "M_G3N6C3_M M_G3N6C3H3_M": [
        [-0.00137827, 0.0175069, 0.00220566]
    ]
}