{
    "M_G1_M M_G1H1_M": [
        [0.0957452, 0.037409, 0.0112792]
    ],
    "M_G1_M M_G1H2_M": [
        [-0.221174, 0.0202066, 0.00609252]
    ],
    "M_G1C3_M M_G1C3H1_M": [
        [-0.232965, 0.0311009, 0.00648498]
    ],
    "M_G1C3_M M_G1C3H2_M": [
        [-0.234646, 0.0347676, 0.00724955]
    ],
    "M_G1C4_M M_G1C4H1_M": [
        [-0.258865, 0.00930468, 0.00194016]
    ],
    "M_G1C4_M M_G1C4H2_M": [
        [-0.254677, 0.00903821, 0.0018846]
    ],
    "M_G1C5_M M_G1C5H1_M": [
        [-0.281006, 0.0102817, 0.00214389]
    ],
    "M_G1C5_M M_G1C5H2_M": [
        [-0.277795, 0.0109085, 0.00227457]
    ],
    "M_G1C6_M M_G1C6H1_M": [
        [-0.287887, 0.0089611, 0.00186852]
    ],
    "M_G1C6_M M_G1C6H2_M": [
        [-0.286684, 0.0090628, 0.00188972]
    ],
    "M_G1C7_M M_G1C7H1_M": [
        [-0.275668, 0.00937297, 0.0019544]
    ],
    "M_G1C7_M M_G1C7H2_M": [
        [-0.274206, 0.00896041, 0.00186837]
    ],
    "M_G1C8_M M_G1C8H1_M": [
        [-0.257645, 0.00857481, 0.00178797]
    ],
    "M_G1C8_M M_G1C8H2_M": [
        [-0.256456, 0.0085389, 0.00178048]
    ],
    "M_G1C9_M M_G1C9H1_M": [
        [-0.188197, 0.00735074, 0.00153274]
    ],
    "M_G1C9_M M_G1C9H2_M": [
        [-0.187074, 0.00802029, 0.00167235]
    ],
    "M_G1C10_M M_G1C10H1_M": [
        [-0.14868, 0.00664951, 0.00138652]
    ],
    "M_G1C11_M M_G1C11H1_M": [
        [-0.0638772, 0.0130877, 0.00272898]
    ],
    "M_G1C12_M M_G1C12H1_M": [
        [-0.102484, 0.00730661, 0.00152353]
    ],
    "M_G1C12_M M_G1C12H2_M": [
        [-0.102022, 0.00797955, 0.00166385]
    ],
    "M_G1C13_M M_G1C13H1_M": [
        [-0.166024, 0.00825473, 0.00172123]
    ],
    "M_G1C13_M M_G1C13H2_M": [
        [-0.165892, 0.00851406, 0.0017753]
    ],
    "M_G1C14_M M_G1C14H1_M": [
        [-0.164729, 0.00966719, 0.00201575]
    ],
    "M_G1C14_M M_G1C14H2_M": [
        [-0.162816, 0.0105218, 0.00219394]
    ],
    "M_G1C15_M M_G1C15H1_M": [
        [-0.169712, 0.00990116, 0.00206453]
    ],
    "M_G1C15_M M_G1C15H2_M": [
        [-0.169237, 0.0109708, 0.00228756]
    ],
    "M_G1C16_M M_G1C16H1_M": [
        [-0.14518, 0.0106706, 0.00222497]
    ],
    "M_G1C16_M M_G1C16H2_M": [
        [-0.145486, 0.0101581, 0.00211811]
    ],
    "M_G1C17_M M_G1C17H1_M": [
        [-0.12906, 0.0090774, 0.00189277]
    ],
    "M_G1C17_M M_G1C17H2_M": [
        [-0.127893, 0.0098164, 0.00204686]
    ],
    "M_G1C18_M M_G1C18H1_M": [
        [-0.0918864, 0.00812638, 0.00169447]
    ],
    "M_G1C18_M M_G1C18H2_M": [
        [-0.0903051, 0.00786464, 0.00163989]
    ],
    "M_G1C19_M M_G1C19H1_M": [
        [-0.0296585, 0.00257573, 0.000537076]
    ],
    "M_G1C19_M M_G1C19H2_M": [
        [-0.0310691, 0.00231927, 0.000483602]
    ],
    "M_G1C19_M M_G1C19H3_M": [
        [-0.0302357, 0.00389153, 0.000811441]
    ],
    "M_G2_M M_G2H1_M": [
        [-0.19759, 0.024652, 0.00743286]
    ],
    "M_G2C3_M M_G2C3H1_M": [
        [-0.232965, 0.0311009, 0.00648498]
    ],
    "M_G2C3_M M_G2C3H2_M": [
        [-0.234646, 0.0347676, 0.00724955]
    ],
    "M_G2C4_M M_G2C4H1_M": [
        [-0.258865, 0.00930468, 0.00194016]
    ],
    "M_G2C4_M M_G2C4H2_M": [
        [-0.254677, 0.00903821, 0.0018846]
    ],
    "M_G2C5_M M_G2C5H1_M": [
        [-0.281006, 0.0102817, 0.00214389]
    ],
    "M_G2C5_M M_G2C5H2_M": [
        [-0.277795, 0.0109085, 0.00227457]
    ],
    "M_G2C6_M M_G2C6H1_M": [
        [-0.287887, 0.0089611, 0.00186852]
    ],
    "M_G2C6_M M_G2C6H2_M": [
        [-0.286684, 0.0090628, 0.00188972]
    ],
    "M_G2C7_M M_G2C7H1_M": [
        [-0.275668, 0.00937297, 0.0019544]
    ],
    "M_G2C7_M M_G2C7H2_M": [
        [-0.274206, 0.00896041, 0.00186837]
    ],
    "M_G2C8_M M_G2C8H1_M": [
        [-0.257645, 0.00857481, 0.00178797]
    ],
    "M_G2C8_M M_G2C8H2_M": [
        [-0.256456, 0.0085389, 0.00178048]
    ],
    "M_G2C9_M M_G2C9H1_M": [
        [-0.188197, 0.00735074, 0.00153274]
    ],
    "M_G2C9_M M_G2C9H2_M": [
        [-0.187074, 0.00802029, 0.00167235]
    ],
    "M_G2C10_M M_G2C10H1_M": [
        [-0.14868, 0.00664951, 0.00138652]
    ],
    "M_G2C11_M M_G2C11H1_M": [
        [-0.0638772, 0.0130877, 0.00272898]
    ],
    "M_G2C12_M M_G2C12H1_M": [
        [-0.102484, 0.00730661, 0.00152353]
    ],
    "M_G2C12_M M_G2C12H2_M": [
        [-0.102022, 0.00797955, 0.00166385]
    ],
    "M_G2C13_M M_G2C13H1_M": [
        [-0.165892, 0.00851406, 0.0017753]
    ],
    "M_G2C13_M M_G2C13H2_M": [
        [-0.166024, 0.00825473, 0.00172123]
    ],
    "M_G2C14_M M_G2C14H1_M": [
        [-0.164729, 0.00966719, 0.00201575]
    ],
    "M_G2C14_M M_G2C14H2_M": [
        [-0.162816, 0.0105218, 0.00219394]
    ],
    "M_G2C15_M M_G2C15H1_M": [
        [-0.169712, 0.00990116, 0.00206453]
    ],
    "M_G2C15_M M_G2C15H2_M": [
        [-0.169237, 0.0109708, 0.00228756]
    ],
    "M_G2C16_M M_G2C16H1_M": [
        [-0.14518, 0.0106706, 0.00222497]
    ],
    "M_G2C16_M M_G2C16H2_M": [
        [-0.145486, 0.0101581, 0.00211811]
    ],
    "M_G2C17_M M_G2C17H1_M": [
        [-0.12906, 0.0090774, 0.00189277]
    ],
    "M_G2C17_M M_G2C17H2_M": [
        [-0.127893, 0.0098164, 0.00204686]
    ],
    "M_G2C18_M M_G2C18H1_M": [
        [-0.0918864, 0.00812638, 0.00169447]
    ],
    "M_G2C18_M M_G2C18H2_M": [
        [-0.0903051, 0.00786464, 0.00163989]
    ],
    "M_G2C19_M M_G2C19H1_M": [
        [-0.0296585, 0.00257573, 0.000537076]
    ],
    "M_G2C19_M M_G2C19H2_M": [
        [-0.0310691, 0.00231927, 0.000483602]
    ],
    "M_G2C19_M M_G2C19H3_M": [
        [-0.0302357, 0.00389153, 0.000811441]
    ],
    "M_G3_M M_G3H1_M": [
        [0.000986525, 0.0216479, 0.00652708]
    ],
    "M_G3_M M_G3H2_M": [
        [-0.0944504, 0.0188017, 0.00566894]
    ]
}