{
    "M_G1_M M_G1H1_M": [
        [-0.0166874, 0.142255, 0.0126231]
    ],
    "M_G1_M M_G1H2_M": [
        [-0.138993, 0.0913529, 0.00810626]
    ],
    "M_G1C3_M M_G1C3H1_M": [
        [-0.242023, 0.0385251, 0.00341855]
    ],
    "M_G1C3_M M_G1C3H2_M": [
        [-0.252053, 0.0431113, 0.00382551]
    ],
    "M_G1C4_M M_G1C4H1_M": [
        [-0.220669, 0.0286384, 0.00254125]
    ],
    "M_G1C4_M M_G1C4H2_M": [
        [-0.234898, 0.0344821, 0.0030598]
    ],
    "M_G1C5_M M_G1C5H1_M": [
        [-0.261906, 0.0232322, 0.00206152]
    ],
    "M_G1C5_M M_G1C5H2_M": [
        [-0.266308, 0.026097, 0.00231574]
    ],
    "M_G1C6_M M_G1C6H1_M": [
        [-0.255289, 0.0213554, 0.00189499]
    ],
    "M_G1C6_M M_G1C6H2_M": [
        [-0.256637, 0.0222802, 0.00197705]
    ],
    "M_G1C7_M M_G1C7H1_M": [
        [-0.269626, 0.0200448, 0.00177869]
    ],
    "M_G1C7_M M_G1C7H2_M": [
        [-0.269747, 0.0195978, 0.00173902]
    ],
    "M_G1C8_M M_G1C8H1_M": [
        [-0.260253, 0.0193059, 0.00171312]
    ],
    "M_G1C8_M M_G1C8H2_M": [
        [-0.261321, 0.0191135, 0.00169605]
    ],
    "M_G1C9_M M_G1C9H1_M": [
        [-0.260761, 0.0191228, 0.00169688]
    ],
    "M_G1C9_M M_G1C9H2_M": [
        [-0.26094, 0.0193073, 0.00171325]
    ],
    "M_G1C10_M M_G1C10H1_M": [
        [-0.246883, 0.0195608, 0.00173574]
    ],
    "M_G1C10_M M_G1C10H2_M": [
        [-0.247057, 0.0195396, 0.00173386]
    ],
    "M_G1C11_M M_G1C11H1_M": [
        [-0.237729, 0.0195297, 0.00173298]
    ],
    "M_G1C11_M M_G1C11H2_M": [
        [-0.237986, 0.0197255, 0.00175036]
    ],
    "M_G1C12_M M_G1C12H1_M": [
        [-0.217044, 0.0206194, 0.00182968]
    ],
    "M_G1C12_M M_G1C12H2_M": [
        [-0.218141, 0.0208445, 0.00184965]
    ],
    "M_G1C13_M M_G1C13H1_M": [
        [-0.201339, 0.0200436, 0.00177858]
    ],
    "M_G1C13_M M_G1C13H2_M": [
        [-0.201457, 0.019942, 0.00176957]
    ],
    "M_G1C14_M M_G1C14H1_M": [
        [-0.173922, 0.0201035, 0.0017839]
    ],
    "M_G1C14_M M_G1C14H2_M": [
        [-0.174339, 0.0203048, 0.00180176]
    ],
    "M_G1C15_M M_G1C15H1_M": [
        [-0.147819, 0.0178495, 0.00158388]
    ],
    "M_G1C15_M M_G1C15H2_M": [
        [-0.14758, 0.0169023, 0.00149984]
    ],
    "M_G1C16_M M_G1C16H1_M": [
        [-0.105055, 0.0147933, 0.0013127]
    ],
    "M_G1C16_M M_G1C16H2_M": [
        [-0.10634, 0.0144327, 0.0012807]
    ],
    "M_G1C17_M M_G1C17H1_M": [
        [-0.0332157, 0.00615873, 0.000546499]
    ],
    "M_G1C17_M M_G1C17H2_M": [
        [-0.032972, 0.00615519, 0.000546184]
    ],
    "M_G1C17_M M_G1C17H3_M": [
        [-0.0334135, 0.00618884, 0.000549171]
    ],
    "M_G2_M M_G2H1_M": [
        [-0.0152278, 0.155518, 0.0138]
    ],
    "M_G2C3_M M_G2C3H1_M": [
        [-0.215608, 0.0708318, 0.00628531]
    ],
    "M_G2C3_M M_G2C3H2_M": [
        [-0.171429, 0.0567161, 0.00503274]
    ],
    "M_G2C4_M M_G2C4H1_M": [
        [-0.250983, 0.043041, 0.00381927]
    ],
    "M_G2C4_M M_G2C4H2_M": [
        [-0.19593, 0.0459661, 0.00407883]
    ],
    "M_G2C5_M M_G2C5H1_M": [
        [-0.241017, 0.030157, 0.002676]
    ],
    "M_G2C5_M M_G2C5H2_M": [
        [-0.231646, 0.0342635, 0.0030404]
    ],
    "M_G2C6_M M_G2C6H1_M": [
        [-0.240241, 0.0268747, 0.00238474]
    ],
    "M_G2C6_M M_G2C6H2_M": [
        [-0.236617, 0.0296595, 0.00263186]
    ],
    "M_G2C7_M M_G2C7H1_M": [
        [-0.220948, 0.024345, 0.00216027]
    ],
    "M_G2C7_M M_G2C7H2_M": [
        [-0.221006, 0.025791, 0.00228858]
    ],
    "M_G2C8_M M_G2C8H1_M": [
        [-0.211701, 0.0220449, 0.00195617]
    ],
    "M_G2C8_M M_G2C8H2_M": [
        [-0.211332, 0.0227734, 0.00202081]
    ],
    "M_G2C9_M M_G2C9H1_M": [
        [-0.154927, 0.0223252, 0.00198104]
    ],
    "M_G2C9_M M_G2C9H2_M": [
        [-0.155163, 0.0199392, 0.00176931]
    ],
    "M_G2C10_M M_G2C10H1_M": [
        [-0.118586, 0.0203763, 0.00180811]
    ],
    "M_G2C11_M M_G2C11H1_M": [
        [-0.0540825, 0.0250018, 0.00221855]
    ],
    "M_G2C12_M M_G2C12H1_M": [
        [-0.100166, 0.0182489, 0.00161933]
    ],
    "M_G2C12_M M_G2C12H2_M": [
        [-0.100711, 0.0187161, 0.00166078]
    ],
    "M_G2C13_M M_G2C13H1_M": [
        [-0.156186, 0.0198854, 0.00176455]
    ],
    "M_G2C13_M M_G2C13H2_M": [
        [-0.155213, 0.0211336, 0.00187531]
    ],
    "M_G2C14_M M_G2C14H1_M": [
        [-0.157637, 0.0209057, 0.00185508]
    ],
    "M_G2C14_M M_G2C14H2_M": [
        [-0.157458, 0.0213304, 0.00189276]
    ],
    "M_G2C15_M M_G2C15H1_M": [
        [-0.166189, 0.0206839, 0.0018354]
    ],
    "M_G2C15_M M_G2C15H2_M": [
        [-0.167031, 0.0210911, 0.00187153]
    ],
    "M_G2C16_M M_G2C16H1_M": [
        [-0.14863, 0.0201103, 0.0017845]
    ],
    "M_G2C16_M M_G2C16H2_M": [
        [-0.148517, 0.0204534, 0.00181495]
    ],
    "M_G2C17_M M_G2C17H1_M": [
        [-0.133394, 0.0180384, 0.00160065]
    ],
    "M_G2C17_M M_G2C17H2_M": [
        [-0.133707, 0.017987, 0.00159609]
    ],
    "M_G2C18_M M_G2C18H1_M": [
        [-0.097274, 0.0142213, 0.00126194]
    ],
    "M_G2C18_M M_G2C18H2_M": [
        [-0.0966615, 0.0139453, 0.00123744]
    ],
    "M_G2C19_M M_G2C19H1_M": [
        [-0.0332955, 0.00604716, 0.000536599]
    ],
    "M_G2C19_M M_G2C19H2_M": [
        [-0.0331707, 0.00530609, 0.000470839]
    ],
    "M_G2C19_M M_G2C19H3_M": [
        [-0.0315742, 0.00586737, 0.000520645]
    ],
    "M_G3_M M_G3H1_M": [
        [-0.00919923, 0.158429, 0.0140583]
    ],
    "M_G3_M M_G3H2_M": [
        [0.120267, 0.154237, 0.0136863]
    ],
    "M_G3C4_M M_G3C4H1_M": [
        [-0.0108441, 0.104257, 0.00925129]
    ],
    "M_G3C4_M M_G3C4H2_M": [
        [-0.00074713, 0.0784692, 0.00696302]
    ],
    "M_G3C5_M M_G3C5H1_M": [
        [-0.109303, 0.0664273, 0.00589447]
    ],
    "M_G3C5_M M_G3C5H2_M": [
        [-0.101249, 0.0635963, 0.00564326]
    ],
    "M_G3N6C1_M M_G3N6C1H1_M": [
        [0.0175204, 0.0122246, 0.00108476]
    ],
    "M_G3N6C1_M M_G3N6C1H2_M": [
        [0.0167521, 0.0119991, 0.00106475]
    ],
    "M_G3N6C1_M M_G3N6C1H3_M": [
        [0.0160319, 0.0137364, 0.0012189]
    ],
    "M_G3N6C2_M M_G3N6C2H1_M": [
        [0.0170219, 0.0136956, 0.00121529]
    ],
    "M_G3N6C2_M M_G3N6C2H2_M": [
        [0.0175605, 0.0122627, 0.00108814]
    ],
    "M_G3N6C2_M M_G3N6C2H3_M": [
        [0.0183047, 0.0129519, 0.0011493]
    ],
    "M_G3N6C3_M M_G3N6C3H1_M": [
        [0.0186058, 0.0138687, 0.00123065]
    ],
    "M_G3N6C3_M M_G3N6C3H2_M": [
        [0.0167523, 0.0150221, 0.001333]
    ],
    "M_G3N6C3_M M_G3N6C3H3_M": [
        [0.0184193, 0.0142241, 0.00126219]
    ]
}