{
    "M_G1_M M_G1H1_M": [
        [0.0644112, 0.183585, 0.0162905]
    ],
    "M_G1_M M_G1H2_M": [
        [-0.132059, 0.135607, 0.0120332]
    ],
    "M_G1C3_M M_G1C3H1_M": [
        [-0.229265, 0.0562038, 0.00498728]
    ],
    "M_G1C3_M M_G1C3H2_M": [
        [-0.241962, 0.0524945, 0.00465813]
    ],
    "M_G1C4_M M_G1C4H1_M": [
        [-0.218586, 0.0394699, 0.00350238]
    ],
    "M_G1C4_M M_G1C4H2_M": [
        [-0.236627, 0.0326908, 0.00290084]
    ],
    "M_G1C5_M M_G1C5H1_M": [
        [-0.256182, 0.0223634, 0.00198443]
    ],
    "M_G1C5_M M_G1C5H2_M": [
        [-0.260522, 0.0241596, 0.00214382]
    ],
    "M_G1C6_M M_G1C6H1_M": [
        [-0.253225, 0.0198629, 0.00176254]
    ],
    "M_G1C6_M M_G1C6H2_M": [
        [-0.254698, 0.0199553, 0.00177074]
    ],
    "M_G1C7_M M_G1C7H1_M": [
        [-0.264368, 0.0189032, 0.00167739]
    ],
    "M_G1C7_M M_G1C7H2_M": [
        [-0.263669, 0.0188415, 0.00167191]
    ],
    "M_G1C8_M M_G1C8H1_M": [
        [-0.256764, 0.0210577, 0.00186857]
    ],
    "M_G1C8_M M_G1C8H2_M": [
        [-0.25743, 0.0205405, 0.00182267]
    ],
    "M_G1C9_M M_G1C9H1_M": [
        [-0.255253, 0.0209994, 0.0018634]
    ],
    "M_G1C9_M M_G1C9H2_M": [
        [-0.254389, 0.0207458, 0.00184089]
    ],
    "M_G1C10_M M_G1C10H1_M": [
        [-0.241418, 0.0241562, 0.00214352]
    ],
    "M_G1C10_M M_G1C10H2_M": [
        [-0.24224, 0.0239774, 0.00212765]
    ],
    "M_G1C11_M M_G1C11H1_M": [
        [-0.231202, 0.0244645, 0.00217087]
    ],
    "M_G1C11_M M_G1C11H2_M": [
        [-0.231398, 0.0243011, 0.00215637]
    ],
    "M_G1C12_M M_G1C12H1_M": [
        [-0.211686, 0.0267979, 0.00237793]
    ],
    "M_G1C12_M M_G1C12H2_M": [
        [-0.212732, 0.0272093, 0.00241444]
    ],
    "M_G1C13_M M_G1C13H1_M": [
        [-0.194608, 0.0256461, 0.00227573]
    ],
    "M_G1C13_M M_G1C13H2_M": [
        [-0.195106, 0.0262988, 0.00233364]
    ],
    "M_G1C14_M M_G1C14H1_M": [
        [-0.169225, 0.0259201, 0.00230004]
    ],
    "M_G1C14_M M_G1C14H2_M": [
        [-0.168854, 0.0265525, 0.00235616]
    ],
    "M_G1C15_M M_G1C15H1_M": [
        [-0.142311, 0.0222905, 0.00197796]
    ],
    "M_G1C15_M M_G1C15H2_M": [
        [-0.14179, 0.0222922, 0.00197811]
    ],
    "M_G1C16_M M_G1C16H1_M": [
        [-0.103521, 0.0181091, 0.00160692]
    ],
    "M_G1C16_M M_G1C16H2_M": [
        [-0.103355, 0.0186667, 0.0016564]
    ],
    "M_G1C17_M M_G1C17H1_M": [
        [-0.0308069, 0.0069971, 0.000620892]
    ],
    "M_G1C17_M M_G1C17H2_M": [
        [-0.0307827, 0.00659045, 0.000584808]
    ],
    "M_G1C17_M M_G1C17H3_M": [
        [-0.029771, 0.00675469, 0.000599382]
    ],
    "M_G2_M M_G2H1_M": [
        [0.00474229, 0.221132, 0.0196223]
    ],
    "M_G2C3_M M_G2C3H1_M": [
        [-0.225952, 0.0786081, 0.00697534]
    ],
    "M_G2C3_M M_G2C3H2_M": [
        [-0.16785, 0.075706, 0.00671782]
    ],
    "M_G2C4_M M_G2C4H1_M": [
        [-0.244241, 0.0413169, 0.00366628]
    ],
    "M_G2C4_M M_G2C4H2_M": [
        [-0.175769, 0.0642301, 0.0056995]
    ],
    "M_G2C5_M M_G2C5H1_M": [
        [-0.240183, 0.0321758, 0.00285514]
    ],
    "M_G2C5_M M_G2C5H2_M": [
        [-0.228929, 0.0337688, 0.00299649]
    ],
    "M_G2C6_M M_G2C6H1_M": [
        [-0.233916, 0.0305545, 0.00271127]
    ],
    "M_G2C6_M M_G2C6H2_M": [
        [-0.229028, 0.0310248, 0.002753]
    ],
    "M_G2C7_M M_G2C7H1_M": [
        [-0.220186, 0.02665, 0.00236481]
    ],
    "M_G2C7_M M_G2C7H2_M": [
        [-0.220351, 0.0264104, 0.00234355]
    ],
    "M_G2C8_M M_G2C8H1_M": [
        [-0.20849, 0.0254847, 0.0022614]
    ],
    "M_G2C8_M M_G2C8H2_M": [
        [-0.207166, 0.0249906, 0.00221756]
    ],
    "M_G2C9_M M_G2C9H1_M": [
        [-0.156567, 0.0214701, 0.00190517]
    ],
    "M_G2C9_M M_G2C9H2_M": [
        [-0.157329, 0.0205772, 0.00182593]
    ],
    "M_G2C10_M M_G2C10H1_M": [
        [-0.121848, 0.0216126, 0.00191781]
    ],
    "M_G2C11_M M_G2C11H1_M": [
        [-0.0586219, 0.0310906, 0.00275884]
    ],
    "M_G2C12_M M_G2C12H1_M": [
        [-0.0967758, 0.0227217, 0.00201623]
    ],
    "M_G2C12_M M_G2C12H2_M": [
        [-0.0952216, 0.021821, 0.0019363]
    ],
    "M_G2C13_M M_G2C13H1_M": [
        [-0.147444, 0.0251165, 0.00222873]
    ],
    "M_G2C13_M M_G2C13H2_M": [
        [-0.147242, 0.0259206, 0.00230008]
    ],
    "M_G2C14_M M_G2C14H1_M": [
        [-0.14739, 0.0271031, 0.00240501]
    ],
    "M_G2C14_M M_G2C14H2_M": [
        [-0.146914, 0.0279309, 0.00247847]
    ],
    "M_G2C15_M M_G2C15H1_M": [
        [-0.156294, 0.0269675, 0.00239298]
    ],
    "M_G2C15_M M_G2C15H2_M": [
        [-0.156172, 0.0277728, 0.00246444]
    ],
    "M_G2C16_M M_G2C16H1_M": [
        [-0.138372, 0.0253229, 0.00224705]
    ],
    "M_G2C16_M M_G2C16H2_M": [
        [-0.137796, 0.0260365, 0.00231037]
    ],
    "M_G2C17_M M_G2C17H1_M": [
        [-0.124436, 0.0220689, 0.0019583]
    ],
    "M_G2C17_M M_G2C17H2_M": [
        [-0.12465, 0.0219288, 0.00194586]
    ],
    "M_G2C18_M M_G2C18H1_M": [
        [-0.0903147, 0.0159774, 0.00141777]
    ],
    "M_G2C18_M M_G2C18H2_M": [
        [-0.0900561, 0.016253, 0.00144222]
    ],
    "M_G2C19_M M_G2C19H1_M": [
        [-0.0313643, 0.00572242, 0.000507782]
    ],
    "M_G2C19_M M_G2C19H2_M": [
        [-0.0310007, 0.00641405, 0.000569155]
    ],
    "M_G2C19_M M_G2C19H3_M": [
        [-0.0309834, 0.0059204, 0.00052535]
    ],
    "M_G3_M M_G3H1_M": [
        [0.0205977, 0.218353, 0.0193757]
    ],
    "M_G3_M M_G3H2_M": [
        [0.164165, 0.186817, 0.0165774]
    ],
    "M_G3C4_M M_G3C4H1_M": [
        [-0.000402358, 0.111338, 0.00987967]
    ],
    "M_G3C4_M M_G3C4H2_M": [
        [-0.0234959, 0.09468, 0.00840149]
    ],
    "M_G3C5_M M_G3C5H1_M": [
        [-0.00585198, 0.0752023, 0.00667313]
    ],
    "M_G3C6_M M_G3C6H1_M": [
        [0.00738359, 0.0488428, 0.0043341]
    ],
    "M_G3C6_M M_G3C6H2_M": [
        [-0.00932538, 0.0528016, 0.00468538]
    ]
}