{
    "M_G1_M M_G1H1_M": [
        [-0.170723, 0.0528355, 0.0068786]
    ],
    "M_G1_M M_G1H2_M": [
        [-0.0220237, 0.0479762, 0.00624597]
    ],
    "M_G1C3_M M_G1C3H1_M": [
        [-0.2428, 0.0265898, 0.0034617]
    ],
    "M_G1C3_M M_G1C3H2_M": [
        [-0.220793, 0.0328037, 0.00427068]
    ],
    "M_G1C4_M M_G1C4H1_M": [
        [-0.203072, 0.0206676, 0.00269069]
    ],
    "M_G1C4_M M_G1C4H2_M": [
        [-0.193404, 0.0227165, 0.00295743]
    ],
    "M_G1C5_M M_G1C5H1_M": [
        [-0.232983, 0.0200678, 0.0026126]
    ],
    "M_G1C5_M M_G1C5H2_M": [
        [-0.23171, 0.0223308, 0.00290723]
    ],
    "M_G1C6_M M_G1C6H1_M": [
        [-0.237301, 0.0208603, 0.00271577]
    ],
    "M_G1C6_M M_G1C6H2_M": [
        [-0.238038, 0.0205082, 0.00266994]
    ],
    "M_G1C7_M M_G1C7H1_M": [
        [-0.250635, 0.0213279, 0.00277665]
    ],
    "M_G1C7_M M_G1C7H2_M": [
        [-0.249683, 0.0193959, 0.00252513]
    ],
    "M_G1C8_M M_G1C8H1_M": [
        [-0.243696, 0.0209709, 0.00273018]
    ],
    "M_G1C8_M M_G1C8H2_M": [
        [-0.24261, 0.0198121, 0.00257932]
    ],
    "M_G1C9_M M_G1C9H1_M": [
        [-0.243416, 0.0191459, 0.00249258]
    ],
    "M_G1C9_M M_G1C9H2_M": [
        [-0.242809, 0.0208891, 0.00271953]
    ],
    "M_G1C10_M M_G1C10H1_M": [
        [-0.228876, 0.019594, 0.00255092]
    ],
    "M_G1C10_M M_G1C10H2_M": [
        [-0.229318, 0.0204849, 0.00266691]
    ],
    "M_G1C11_M M_G1C11H1_M": [
        [-0.221274, 0.0193694, 0.00252168]
    ],
    "M_G1C11_M M_G1C11H2_M": [
        [-0.221707, 0.0202943, 0.0026421]
    ],
    "M_G1C12_M M_G1C12H1_M": [
        [-0.198716, 0.0194394, 0.00253079]
    ],
    "M_G1C12_M M_G1C12H2_M": [
        [-0.199791, 0.019362, 0.00252072]
    ],
    "M_G1C13_M M_G1C13H1_M": [
        [-0.184389, 0.0188914, 0.00245945]
    ],
    "M_G1C13_M M_G1C13H2_M": [
        [-0.186491, 0.0183164, 0.0023846]
    ],
    "M_G1C14_M M_G1C14H1_M": [
        [-0.160642, 0.0164475, 0.00214128]
    ],
    "M_G1C14_M M_G1C14H2_M": [
        [-0.160932, 0.0155876, 0.00202933]
    ],
    "M_G1C15_M M_G1C15H1_M": [
        [-0.138954, 0.0150166, 0.00195499]
    ],
    "M_G1C15_M M_G1C15H2_M": [
        [-0.137776, 0.0155841, 0.00202888]
    ],
    "M_G1C16_M M_G1C16H1_M": [
        [-0.103774, 0.0126264, 0.00164382]
    ],
    "M_G1C16_M M_G1C16H2_M": [
        [-0.102312, 0.0128831, 0.00167723]
    ],
    "M_G1C17_M M_G1C17H1_M": [
        [-0.0325518, 0.00947577, 0.00123364]
    ],
    "M_G1C17_M M_G1C17H2_M": [
        [-0.0325477, 0.0100561, 0.00130919]
    ],
    "M_G1C17_M M_G1C17H3_M": [
        [-0.0302475, 0.0110312, 0.00143615]
    ],
    "M_G2_M M_G2H1_M": [
        [-0.186113, 0.0460372, 0.00599353]
    ],
    "M_G2C3_M M_G2C3H1_M": [
        [-0.0855709, 0.0313469, 0.00408102]
    ],
    "M_G2C3_M M_G2C3H2_M": [
        [-0.126792, 0.0245282, 0.0031933]
    ],
    "M_G2C4_M M_G2C4H1_M": [
        [-0.213025, 0.0219537, 0.00285812]
    ],
    "M_G2C4_M M_G2C4H2_M": [
        [-0.220412, 0.0237496, 0.00309194]
    ],
    "M_G2C5_M M_G2C5H1_M": [
        [-0.218153, 0.020866, 0.00271652]
    ],
    "M_G2C5_M M_G2C5H2_M": [
        [-0.222807, 0.022104, 0.0028777]
    ],
    "M_G2C6_M M_G2C6H1_M": [
        [-0.234998, 0.023627, 0.00307597]
    ],
    "M_G2C6_M M_G2C6H2_M": [
        [-0.232933, 0.02248, 0.00292664]
    ],
    "M_G2C7_M M_G2C7H1_M": [
        [-0.21431, 0.0225004, 0.0029293]
    ],
    "M_G2C7_M M_G2C7H2_M": [
        [-0.211607, 0.024278, 0.00316072]
    ],
    "M_G2C8_M M_G2C8H1_M": [
        [-0.20451, 0.0231619, 0.00301542]
    ],
    "M_G2C8_M M_G2C8H2_M": [
        [-0.202522, 0.0233421, 0.00303888]
    ],
    "M_G2C9_M M_G2C9H1_M": [
        [-0.121101, 0.0224734, 0.00292579]
    ],
    "M_G2C9_M M_G2C9H2_M": [
        [-0.123246, 0.0204447, 0.00266167]
    ],
    "M_G2C10_M M_G2C10H1_M": [
        [-0.0764695, 0.0240321, 0.00312871]
    ],
    "M_G2C11_M M_G2C11H1_M": [
        [-0.0622331, 0.0167054, 0.00217485]
    ],
    "M_G2C12_M M_G2C12H1_M": [
        [-0.0984994, 0.0200163, 0.00260591]
    ],
    "M_G2C12_M M_G2C12H2_M": [
        [-0.0974163, 0.0176084, 0.00229241]
    ],
    "M_G2C13_M M_G2C13H1_M": [
        [-0.149834, 0.0221231, 0.00288018]
    ],
    "M_G2C13_M M_G2C13H2_M": [
        [-0.150224, 0.0193936, 0.00252484]
    ],
    "M_G2C14_M M_G2C14H1_M": [
        [-0.156029, 0.0201408, 0.00262211]
    ],
    "M_G2C14_M M_G2C14H2_M": [
        [-0.156634, 0.0195605, 0.00254656]
    ],
    "M_G2C15_M M_G2C15H1_M": [
        [-0.162024, 0.0198831, 0.00258856]
    ],
    "M_G2C15_M M_G2C15H2_M": [
        [-0.161682, 0.0188848, 0.00245859]
    ],
    "M_G2C16_M M_G2C16H1_M": [
        [-0.144695, 0.0155646, 0.00202634]
    ],
    "M_G2C16_M M_G2C16H2_M": [
        [-0.144628, 0.0186614, 0.0024295]
    ],
    "M_G2C17_M M_G2C17H1_M": [
        [-0.129405, 0.0155487, 0.00202427]
    ],
    "M_G2C17_M M_G2C17H2_M": [
        [-0.128897, 0.0162596, 0.00211682]
    ],
    "M_G2C18_M M_G2C18H1_M": [
        [-0.0974024, 0.0140591, 0.00183034]
    ],
    "M_G2C18_M M_G2C18H2_M": [
        [-0.098526, 0.0139129, 0.0018113]
    ],
    "M_G2C19_M M_G2C19H1_M": [
        [-0.0322513, 0.0102537, 0.00133492]
    ],
    "M_G2C19_M M_G2C19H2_M": [
        [-0.0343794, 0.0130913, 0.00170435]
    ],
    "M_G2C19_M M_G2C19H3_M": [
        [-0.0316003, 0.0115949, 0.00150953]
    ],
    "M_G3_M M_G3H1_M": [
        [-0.203941, 0.0385746, 0.00502199]
    ],
    "M_G3_M M_G3H2_M": [
        [-0.216071, 0.02843, 0.00370127]
    ],
    "M_G3C4_M M_G3C4H1_M": [
        [0.0895721, 0.02272, 0.0029579]
    ],
    "M_G3C4_M M_G3C4H2_M": [
        [0.0713772, 0.0205752, 0.00267867]
    ],
    "M_G3C5_M M_G3C5H1_M": [
        [-0.00767441, 0.0201993, 0.00262972]
    ],
    "M_G3C5_M M_G3C5H2_M": [
        [0.00488092, 0.0202662, 0.00263844]
    ]
}