{
    "M_G1_M M_G1H1_M": [
        [-0.0597361, 0.0381997, 0.00763995]
    ],
    "M_G1_M M_G1H2_M": [
        [-0.179516, 0.0446314, 0.00892627]
    ],
    "M_G1C3_M M_G1C3H1_M": [
        [-0.255294, 0.024755, 0.004951]
    ],
    "M_G1C3_M M_G1C3H2_M": [
        [-0.231385, 0.0285542, 0.00571084]
    ],
    "M_G1C4_M M_G1C4H1_M": [
        [-0.204873, 0.0202416, 0.00404832]
    ],
    "M_G1C4_M M_G1C4H2_M": [
        [-0.195911, 0.0214357, 0.00428715]
    ],
    "M_G1C5_M M_G1C5H1_M": [
        [-0.233313, 0.0202998, 0.00405997]
    ],
    "M_G1C5_M M_G1C5H2_M": [
        [-0.230752, 0.0204759, 0.00409517]
    ],
    "M_G1C6_M M_G1C6H1_M": [
        [-0.239496, 0.0234062, 0.00468123]
    ],
    "M_G1C6_M M_G1C6H2_M": [
        [-0.235398, 0.0201198, 0.00402395]
    ],
    "M_G1C7_M M_G1C7H1_M": [
        [-0.252427, 0.0214151, 0.00428301]
    ],
    "M_G1C7_M M_G1C7H2_M": [
        [-0.248778, 0.0208143, 0.00416285]
    ],
    "M_G1C8_M M_G1C8H1_M": [
        [-0.246688, 0.0219885, 0.0043977]
    ],
    "M_G1C8_M M_G1C8H2_M": [
        [-0.2458, 0.0219495, 0.0043899]
    ],
    "M_G1C9_M M_G1C9H1_M": [
        [-0.247357, 0.0186222, 0.00372445]
    ],
    "M_G1C9_M M_G1C9H2_M": [
        [-0.248485, 0.0217573, 0.00435145]
    ],
    "M_G1C10_M M_G1C10H1_M": [
        [-0.230831, 0.0205834, 0.00411667]
    ],
    "M_G1C10_M M_G1C10H2_M": [
        [-0.233062, 0.0217494, 0.00434989]
    ],
    "M_G1C11_M M_G1C11H1_M": [
        [-0.225873, 0.0206758, 0.00413517]
    ],
    "M_G1C11_M M_G1C11H2_M": [
        [-0.226163, 0.018932, 0.00378639]
    ],
    "M_G1C12_M M_G1C12H1_M": [
        [-0.205659, 0.0215673, 0.00431345]
    ],
    "M_G1C12_M M_G1C12H2_M": [
        [-0.205565, 0.0168987, 0.00337975]
    ],
    "M_G1C13_M M_G1C13H1_M": [
        [-0.191383, 0.0205519, 0.00411037]
    ],
    "M_G1C13_M M_G1C13H2_M": [
        [-0.191955, 0.0170488, 0.00340975]
    ],
    "M_G1C14_M M_G1C14H1_M": [
        [-0.16465, 0.0155342, 0.00310685]
    ],
    "M_G1C14_M M_G1C14H2_M": [
        [-0.163808, 0.0182432, 0.00364864]
    ],
    "M_G1C15_M M_G1C15H1_M": [
        [-0.142918, 0.0147909, 0.00295818]
    ],
    "M_G1C15_M M_G1C15H2_M": [
        [-0.143743, 0.0143272, 0.00286543]
    ],
    "M_G1C16_M M_G1C16H1_M": [
        [-0.107164, 0.0116378, 0.00232757]
    ],
    "M_G1C16_M M_G1C16H2_M": [
        [-0.106683, 0.0150267, 0.00300533]
    ],
    "M_G1C17_M M_G1C17H1_M": [
        [-0.0358064, 0.00960784, 0.00192157]
    ],
    "M_G1C17_M M_G1C17H2_M": [
        [-0.0337134, 0.0100354, 0.00200707]
    ],
    "M_G1C17_M M_G1C17H3_M": [
        [-0.0366283, 0.0107855, 0.0021571]
    ],
    "M_G2_M M_G2H1_M": [
        [-0.203726, 0.0487076, 0.00974152]
    ],
    "M_G2C3_M M_G2C3H1_M": [
        [-0.0692987, 0.044074, 0.00881479]
    ],
    "M_G2C3_M M_G2C3H2_M": [
        [-0.107697, 0.0301253, 0.00602507]
    ],
    "M_G2C4_M M_G2C4H1_M": [
        [-0.224737, 0.0255634, 0.00511268]
    ],
    "M_G2C4_M M_G2C4H2_M": [
        [-0.229233, 0.0215848, 0.00431696]
    ],
    "M_G2C5_M M_G2C5H1_M": [
        [-0.226462, 0.0220913, 0.00441826]
    ],
    "M_G2C5_M M_G2C5H2_M": [
        [-0.229725, 0.0230003, 0.00460007]
    ],
    "M_G2C6_M M_G2C6H1_M": [
        [-0.24138, 0.020747, 0.00414939]
    ],
    "M_G2C6_M M_G2C6H2_M": [
        [-0.240858, 0.0223205, 0.0044641]
    ],
    "M_G2C7_M M_G2C7H1_M": [
        [-0.218867, 0.0231325, 0.00462651]
    ],
    "M_G2C7_M M_G2C7H2_M": [
        [-0.219137, 0.0200318, 0.00400635]
    ],
    "M_G2C8_M M_G2C8H1_M": [
        [-0.207161, 0.0245967, 0.00491934]
    ],
    "M_G2C8_M M_G2C8H2_M": [
        [-0.212768, 0.0228613, 0.00457227]
    ],
    "M_G2C9_M M_G2C9H1_M": [
        [-0.120386, 0.0189798, 0.00379596]
    ],
    "M_G2C9_M M_G2C9H2_M": [
        [-0.126291, 0.0214554, 0.00429108]
    ],
    "M_G2C10_M M_G2C10H1_M": [
        [-0.0720546, 0.0244499, 0.00488999]
    ],
    "M_G2C11_M M_G2C11H1_M": [
        [-0.0633085, 0.0153452, 0.00306904]
    ],
    "M_G2C12_M M_G2C12H1_M": [
        [-0.107867, 0.0169647, 0.00339295]
    ],
    "M_G2C12_M M_G2C12H2_M": [
        [-0.10343, 0.0174756, 0.00349512]
    ],
    "M_G2C13_M M_G2C13H1_M": [
        [-0.159019, 0.0188358, 0.00376715]
    ],
    "M_G2C13_M M_G2C13H2_M": [
        [-0.157493, 0.0206562, 0.00413124]
    ],
    "M_G2C14_M M_G2C14H1_M": [
        [-0.167463, 0.0209056, 0.00418112]
    ],
    "M_G2C14_M M_G2C14H2_M": [
        [-0.168146, 0.0201231, 0.00402462]
    ],
    "M_G2C15_M M_G2C15H1_M": [
        [-0.174288, 0.0196009, 0.00392017]
    ],
    "M_G2C15_M M_G2C15H2_M": [
        [-0.172762, 0.0172899, 0.00345798]
    ],
    "M_G2C16_M M_G2C16H1_M": [
        [-0.153697, 0.0168015, 0.0033603]
    ],
    "M_G2C16_M M_G2C16H2_M": [
        [-0.15431, 0.0148132, 0.00296263]
    ],
    "M_G2C17_M M_G2C17H1_M": [
        [-0.137037, 0.0151489, 0.00302978]
    ],
    "M_G2C17_M M_G2C17H2_M": [
        [-0.139657, 0.0146492, 0.00292983]
    ],
    "M_G2C18_M M_G2C18H1_M": [
        [-0.104636, 0.014312, 0.0028624]
    ],
    "M_G2C18_M M_G2C18H2_M": [
        [-0.105699, 0.0123765, 0.0024753]
    ],
    "M_G2C19_M M_G2C19H1_M": [
        [-0.0357774, 0.00906913, 0.00181383]
    ],
    "M_G2C19_M M_G2C19H2_M": [
        [-0.0360682, 0.00888002, 0.001776]
    ],
    "M_G2C19_M M_G2C19H3_M": [
        [-0.033122, 0.00720087, 0.00144017]
    ],
    "M_G3_M M_G3H1_M": [
        [-0.227325, 0.0375468, 0.00750936]
    ],
    "M_G3_M M_G3H2_M": [
        [-0.249936, 0.0327048, 0.00654095]
    ],
    "M_G3C4_M M_G3C4H1_M": [
        [-0.0368512, 0.0414625, 0.00829251]
    ],
    "M_G3C5_M M_G3C5H1_M": [
        [0.0839898, 0.0558364, 0.0111673]
    ],
    "M_G3C6_M M_G3C6H1_M": [
        [-0.0212831, 0.0380335, 0.0076067]
    ],
    "M_G3C7_M M_G3C7H1_M": [
        [-0.00644445, 0.0379867, 0.00759734]
    ],
    "M_G3C8_M M_G3C8H1_M": [
        [-0.029804, 0.0398154, 0.00796308]
    ],
    "M_G3C9_M M_G3C9H1_M": [
        [-0.0635438, 0.0447957, 0.00895915]
    ]
}