{
    "M_C26_M M_C26H261_M": [
        [0.0163669, 0.0193295, 0.00111045]
    ],
    "M_C26_M M_C26H262_M": [
        [0.0166788, 0.0193435, 0.00111126]
    ],
    "M_C26_M M_C26H263_M": [
        [0.0157082, 0.018827, 0.00108158]
    ],
    "M_C27_M M_C27H271_M": [
        [-0.03001, 0.0228292, 0.0013115]
    ],
    "M_C27_M M_C27H272_M": [
        [-0.0290255, 0.0221494, 0.00127245]
    ],
    "M_C27_M M_C27H273_M": [
        [-0.0295793, 0.0224399, 0.00128914]
    ],
    "M_C27_M M_C25H25_M": [
        [-0.5, 0, 0]
    ],
    "M_C28_M M_C28H281_M": [
        [0.108267, 0.0134186, 0.000770879]
    ],
    "M_C28_M M_C28H282_M": [
        [0.107439, 0.0149611, 0.000859494]
    ],
    "M_C28_M M_C28H283_M": [
        [0.108378, 0.0138482, 0.000795557]
    ],
    "M_C28_M M_C24H24_M": [
        [-0.5, 0, 0]
    ],
    "M_C23_M M_C23H23_M": [
        [-0.407384, 0.0139766, 0.000802935]
    ],
    "M_C22_M M_C22H22_M": [
        [-0.410957, 0.0141303, 0.000811766]
    ],
    "M_C21_M M_C21H211_M": [
        [0.127754, 0.021222, 0.00121917]
    ],
    "M_C21_M M_C21H212_M": [
        [0.128321, 0.0202543, 0.00116358]
    ],
    "M_C21_M M_C21H213_M": [
        [0.128655, 0.0205873, 0.00118271]
    ],
    "M_C21_M M_C20H20_M": [
        [-0.5, 0, 0]
    ],
    "M_C17_M M_C17H17_M": [
        [-0.452918, 0.0089112, 0.000511935]
    ],
    "M_C16_M M_C16H161_M": [
        [-0.0962489, 0.0302856, 0.00173986]
    ],
    "M_C16_M M_C16H162_M": [
        [-0.140858, 0.0287592, 0.00165217]
    ],
    "M_C15_M M_C15H151_M": [
        [-0.417491, 0.0154328, 0.000886589]
    ],
    "M_C15_M M_C15H152_M": [
        [-0.393627, 0.0169823, 0.000975605]
    ],
    "M_C14_M M_C14H14_M": [
        [-0.457487, 0.00858295, 0.000493077]
    ],
    "M_C18_M M_C18H181_M": [
        [0.134294, 0.0309649, 0.00177889]
    ],
    "M_C18_M M_C18H182_M": [
        [0.131364, 0.0323485, 0.00185837]
    ],
    "M_C18_M M_C18H183_M": [
        [0.135685, 0.0332474, 0.00191001]
    ],
    "M_C12_M M_C12H121_M": [
        [-0.442769, 0.0105927, 0.000608535]
    ],
    "M_C12_M M_C12H122_M": [
        [-0.16781, 0.0332276, 0.00190887]
    ],
    "M_C11_M M_C11H111_M": [
        [-0.245323, 0.0309706, 0.00177921]
    ],
    "M_C11_M M_C11H112_M": [
        [-0.45375, 0.0096893, 0.000556636]
    ],
    "M_C9_M M_C9H9_M": [
        [-0.450536, 0.00972035, 0.00055842]
    ],
    "M_C7_M M_C7H7_M": [
        [-0.153026, 0.0387956, 0.00222875]
    ],
    "M_C6_M M_C6H6_M": [
        [-0.102749, 0.0375227, 0.00215562]
    ],
    "M_C19_M M_C19H191_M": [
        [0.136404, 0.0261717, 0.00150353]
    ],
    "M_C19_M M_C19H192_M": [
        [0.134028, 0.0249687, 0.00143442]
    ],
    "M_C19_M M_C19H193_M": [
        [0.136036, 0.0244408, 0.00140408]
    ],
    "M_C1_M M_C1H11_M": [
        [-0.417336, 0.0154839, 0.000889529]
    ],
    "M_C1_M M_C1H12_M": [
        [-0.279163, 0.0283754, 0.00163012]
    ],
    "M_C2_M M_C2H21_M": [
        [-0.392746, 0.0186282, 0.00107016]
    ],
    "M_C2_M M_C2H22_M": [
        [-0.210731, 0.033033, 0.0018977]
    ],
    "M_C4_M M_C4H41_M": [
        [-0.286245, 0.0273457, 0.00157097]
    ],
    "M_C4_M M_C4H42_M": [
        [-0.328988, 0.0240048, 0.00137904]
    ]
}