{
    "M_N1C2_M M_N1C2H1_M": [
        [-0.241508, 0.102991, 0.00549723]
    ],
    "M_N1C2_M M_N1C2H2_M": [
        [-0.231323, 0.0892249, 0.00476247]
    ],
    "M_N1C3_M M_N1C3H1_M": [
        [-0.335189, 0.0621237, 0.00331592]
    ],
    "M_N1C3_M M_N1C3H2_M": [
        [-0.328844, 0.0517385, 0.0027616]
    ],
    "M_N1C4_M M_N1C4H1_M": [
        [-0.334777, 0.0556399, 0.00296984]
    ],
    "M_N1C4_M M_N1C4H2_M": [
        [-0.334152, 0.0477005, 0.00254607]
    ],
    "M_N1C5_M M_N1C5H1_M": [
        [-0.374213, 0.0310814, 0.001659]
    ],
    "M_N1C5_M M_N1C5H2_M": [
        [-0.375407, 0.0326421, 0.00174231]
    ],
    "M_N1C6_M M_N1C6H1_M": [
        [-0.382329, 0.0281372, 0.00150185]
    ],
    "M_N1C6_M M_N1C6H2_M": [
        [-0.383966, 0.0293996, 0.00156923]
    ],
    "M_N1C7_M M_N1C7H1_M": [
        [-0.39906, 0.0243132, 0.00129774]
    ],
    "M_N1C7_M M_N1C7H2_M": [
        [-0.400066, 0.0243936, 0.00130204]
    ],
    "M_N1C8_M M_N1C8H1_M": [
        [-0.399942, 0.0240469, 0.00128353]
    ],
    "M_N1C8_M M_N1C8H2_M": [
        [-0.400578, 0.0237942, 0.00127004]
    ],
    "M_N1C9_M M_N1C9H1_M": [
        [-0.40373, 0.0226144, 0.00120707]
    ],
    "M_N1C9_M M_N1C9H2_M": [
        [-0.403555, 0.0230064, 0.00122799]
    ],
    "M_N1C10_M M_N1C10H1_M": [
        [-0.398071, 0.0237081, 0.00126545]
    ],
    "M_N1C10_M M_N1C10H2_M": [
        [-0.397698, 0.0231868, 0.00123762]
    ],
    "M_N1C11_M M_N1C11H1_M": [
        [-0.3932, 0.0232511, 0.00124105]
    ],
    "M_N1C11_M M_N1C11H2_M": [
        [-0.392743, 0.023819, 0.00127136]
    ],
    "M_N1C12_M M_N1C12H1_M": [
        [-0.378119, 0.0254628, 0.00135911]
    ],
    "M_N1C12_M M_N1C12H2_M": [
        [-0.377642, 0.025726, 0.00137315]
    ],
    "M_N1C13_M M_N1C13H1_M": [
        [-0.356725, 0.0281163, 0.00150074]
    ],
    "M_N1C13_M M_N1C13H2_M": [
        [-0.356856, 0.0282952, 0.00151029]
    ],
    "M_N1C14_M M_N1C14H1_M": [
        [-0.313678, 0.0327412, 0.0017476]
    ],
    "M_N1C14_M M_N1C14H2_M": [
        [-0.313119, 0.0323064, 0.00172439]
    ],
    "M_N1C15_M M_N1C15H1_M": [
        [-0.248187, 0.0329204, 0.00175716]
    ],
    "M_N1C15_M M_N1C15H2_M": [
        [-0.248483, 0.0335688, 0.00179177]
    ],
    "M_N1C16_M M_N1C16H1_M": [
        [-0.0593424, 0.0149491, 0.000797924]
    ],
    "M_N1C16_M M_N1C16H2_M": [
        [-0.0586448, 0.0149412, 0.000797504]
    ],
    "M_N1C16_M M_N1C16H3_M": [
        [-0.0584955, 0.0149348, 0.00079716]
    ],
    "M_G2_M M_G2H1_M": [
        [-0.278649, 0.151329, 0.00807734]
    ],
    "M_G2C1_M M_G2C1H1_M": [
        [-0.249752, 0.183191, 0.00977802]
    ],
    "M_G2C2_M M_G2C2H1_M": [
        [-0.315878, 0.140781, 0.00751436]
    ],
    "M_G2C3_M M_G2C3H1_M": [
        [-0.317069, 0.135114, 0.00721187]
    ],
    "M_G2C4_M M_G2C4H1_M": [
        [-0.345735, 0.0629588, 0.00336049]
    ],
    "M_G2C4_M M_G2C4H2_M": [
        [-0.34314, 0.0868658, 0.00463655]
    ],
    "M_G2C5_M M_G2C5H1_M": [
        [-0.345814, 0.0429604, 0.00229306]
    ],
    "M_G2C5_M M_G2C5H2_M": [
        [-0.348874, 0.0435659, 0.00232537]
    ],
    "M_G2C6_M M_G2C6H1_M": [
        [-0.381066, 0.0348869, 0.00186212]
    ],
    "M_G2C6_M M_G2C6H2_M": [
        [-0.380658, 0.0351707, 0.00187728]
    ],
    "M_G2C7_M M_G2C7H1_M": [
        [-0.390453, 0.0293821, 0.0015683]
    ],
    "M_G2C7_M M_G2C7H2_M": [
        [-0.390068, 0.0302342, 0.00161378]
    ],
    "M_G2C8_M M_G2C8H1_M": [
        [-0.401042, 0.0256007, 0.00136647]
    ],
    "M_G2C8_M M_G2C8H2_M": [
        [-0.401728, 0.0259493, 0.00138507]
    ],
    "M_G2C9_M M_G2C9H1_M": [
        [-0.402404, 0.0245508, 0.00131043]
    ],
    "M_G2C9_M M_G2C9H2_M": [
        [-0.402594, 0.0238019, 0.00127045]
    ],
    "M_G2C10_M M_G2C10H1_M": [
        [-0.402904, 0.0228404, 0.00121913]
    ],
    "M_G2C10_M M_G2C10H2_M": [
        [-0.402807, 0.0227447, 0.00121402]
    ],
    "M_G2C11_M M_G2C11H1_M": [
        [-0.396411, 0.0230041, 0.00122787]
    ],
    "M_G2C11_M M_G2C11H2_M": [
        [-0.396012, 0.0231636, 0.00123638]
    ],
    "M_G2C12_M M_G2C12H1_M": [
        [-0.387689, 0.0230231, 0.00122888]
    ],
    "M_G2C12_M M_G2C12H2_M": [
        [-0.387763, 0.0232474, 0.00124085]
    ],
    "M_G2C13_M M_G2C13H1_M": [
        [-0.367744, 0.0267878, 0.00142983]
    ],
    "M_G2C13_M M_G2C13H2_M": [
        [-0.367527, 0.0262804, 0.00140275]
    ],
    "M_G2C14_M M_G2C14H1_M": [
        [-0.333619, 0.0276179, 0.00147413]
    ],
    "M_G2C14_M M_G2C14H2_M": [
        [-0.333584, 0.0272988, 0.0014571]
    ],
    "M_G2C15_M M_G2C15H1_M": [
        [-0.2625, 0.0309511, 0.00165205]
    ],
    "M_G2C15_M M_G2C15H2_M": [
        [-0.262274, 0.032018, 0.00170899]
    ],
    "M_G2C16_M M_G2C16H1_M": [
        [-0.0923337, 0.0159818, 0.000853046]
    ],
    "M_G2C16_M M_G2C16H2_M": [
        [-0.0916147, 0.0150072, 0.000801027]
    ],
    "M_G2C16_M M_G2C16H3_M": [
        [-0.0919667, 0.0158852, 0.000847891]
    ],
    "M_G3_M M_G3H1_M": [
        [-0.18743, 0.130983, 0.00699136]
    ],
    "M_G3_M M_G3H2_M": [
        [-0.245862, 0.121024, 0.00645978]
    ],
    "M_G3C4_M M_G3C4H1_M": [
        [0.0418645, 0.072706, 0.00388076]
    ],
    "M_G3C4_M M_G3C4H2_M": [
        [0.0435614, 0.0754313, 0.00402622]
    ],
    "M_G3C5_M M_G3C5H1_M": [
        [-0.00622395, 0.059032, 0.00315089]
    ],
    "M_G3C5_M M_G3C5H2_M": [
        [-0.00197048, 0.066564, 0.00355292]
    ],
    "M_G3N6C1_M M_G3N6C1H1_M": [
        [0.00869532, 0.0259071, 0.00138282]
    ],
    "M_G3N6C1_M M_G3N6C1H2_M": [
        [0.00675178, 0.0261898, 0.00139791]
    ],
    "M_G3N6C1_M M_G3N6C1H3_M": [
        [0.00900453, 0.0250298, 0.00133599]
    ],
    "M_G3N6C2_M M_G3N6C2H1_M": [
        [0.0119406, 0.0252549, 0.00134801]
    ],
    "M_G3N6C2_M M_G3N6C2H2_M": [
        [0.00866063, 0.0237804, 0.0012693]
    ],
    "M_G3N6C2_M M_G3N6C2H3_M": [
        [0.00968317, 0.0266157, 0.00142064]
    ],
    "M_G3N6C3_M M_G3N6C3H1_M": [
        [0.00754774, 0.0260301, 0.00138938]
    ],
    "M_G3N6C3_M M_G3N6C3H2_M": [
        [0.00621857, 0.0250596, 0.00133758]
    ],
    "M_G3N6C3_M M_G3N6C3H3_M": [
        [0.00659774, 0.0253311, 0.00135207]
    ]
}