{
    "M_G1_M M_G1H1_M": [
        [-0.0262981, 0.0397523, 0.00325664]
    ],
    "M_G1_M M_G1H2_M": [
        [-0.160569, 0.0464792, 0.00380773]
    ],
    "M_G1C3_M M_G1C3H1_M": [
        [-0.223788, 0.0304952, 0.00249826]
    ],
    "M_G1C3_M M_G1C3H2_M": [
        [-0.194733, 0.0325349, 0.00266536]
    ],
    "M_G1C4_M M_G1C4H1_M": [
        [-0.172915, 0.0206616, 0.00169267]
    ],
    "M_G1C4_M M_G1C4H2_M": [
        [-0.160564, 0.0202143, 0.00165602]
    ],
    "M_G1C5_M M_G1C5H1_M": [
        [-0.203175, 0.0200877, 0.00164565]
    ],
    "M_G1C5_M M_G1C5H2_M": [
        [-0.198364, 0.0189098, 0.00154915]
    ],
    "M_G1C6_M M_G1C6H1_M": [
        [-0.203342, 0.0187597, 0.00153686]
    ],
    "M_G1C6_M M_G1C6H2_M": [
        [-0.200791, 0.0182624, 0.00149611]
    ],
    "M_G1C7_M M_G1C7H1_M": [
        [-0.21549, 0.0188204, 0.00154182]
    ],
    "M_G1C7_M M_G1C7H2_M": [
        [-0.213463, 0.0184865, 0.00151447]
    ],
    "M_G1C8_M M_G1C8H1_M": [
        [-0.20746, 0.0193601, 0.00158604]
    ],
    "M_G1C8_M M_G1C8H2_M": [
        [-0.205702, 0.0182907, 0.00149843]
    ],
    "M_G1C9_M M_G1C9H1_M": [
        [-0.206714, 0.018955, 0.00155286]
    ],
    "M_G1C9_M M_G1C9H2_M": [
        [-0.205603, 0.0193662, 0.00158654]
    ],
    "M_G1C10_M M_G1C10H1_M": [
        [-0.192194, 0.0189004, 0.00154838]
    ],
    "M_G1C10_M M_G1C10H2_M": [
        [-0.191393, 0.0190296, 0.00155897]
    ],
    "M_G1C11_M M_G1C11H1_M": [
        [-0.184433, 0.0186159, 0.00152507]
    ],
    "M_G1C11_M M_G1C11H2_M": [
        [-0.184132, 0.0186822, 0.00153051]
    ],
    "M_G1C12_M M_G1C12H1_M": [
        [-0.166097, 0.0177902, 0.00145743]
    ],
    "M_G1C12_M M_G1C12H2_M": [
        [-0.166331, 0.0171522, 0.00140516]
    ],
    "M_G1C13_M M_G1C13H1_M": [
        [-0.154137, 0.016086, 0.00131782]
    ],
    "M_G1C13_M M_G1C13H2_M": [
        [-0.154912, 0.0159719, 0.00130847]
    ],
    "M_G1C14_M M_G1C14H1_M": [
        [-0.134844, 0.0138796, 0.00113706]
    ],
    "M_G1C14_M M_G1C14H2_M": [
        [-0.134305, 0.0141102, 0.00115595]
    ],
    "M_G1C15_M M_G1C15H1_M": [
        [-0.117893, 0.0117759, 0.000964717]
    ],
    "M_G1C15_M M_G1C15H2_M": [
        [-0.117723, 0.0122003, 0.000999486]
    ],
    "M_G1C16_M M_G1C16H1_M": [
        [-0.090013, 0.00935811, 0.000766646]
    ],
    "M_G1C16_M M_G1C16H2_M": [
        [-0.0891058, 0.00932951, 0.000764303]
    ],
    "M_G1C17_M M_G1C17H1_M": [
        [-0.0295401, 0.00457967, 0.000375181]
    ],
    "M_G1C17_M M_G1C17H2_M": [
        [-0.0299665, 0.00548078, 0.000449003]
    ],
    "M_G1C17_M M_G1C17H3_M": [
        [-0.0305225, 0.0046558, 0.000381418]
    ],
    "M_G2_M M_G2H1_M": [
        [-0.176422, 0.0421148, 0.00345018]
    ],
    "M_G2C3_M M_G2C3H1_M": [
        [-0.084507, 0.034084, 0.00279227]
    ],
    "M_G2C3_M M_G2C3H2_M": [
        [-0.104158, 0.0280152, 0.00229509]
    ],
    "M_G2C4_M M_G2C4H1_M": [
        [-0.193826, 0.0229996, 0.0018842]
    ],
    "M_G2C4_M M_G2C4H2_M": [
        [-0.191338, 0.0216035, 0.00176982]
    ],
    "M_G2C5_M M_G2C5H1_M": [
        [-0.193125, 0.0208037, 0.0017043]
    ],
    "M_G2C5_M M_G2C5H2_M": [
        [-0.193535, 0.0204906, 0.00167866]
    ],
    "M_G2C6_M M_G2C6H1_M": [
        [-0.20246, 0.0228475, 0.00187174]
    ],
    "M_G2C6_M M_G2C6H2_M": [
        [-0.200029, 0.0214646, 0.00175845]
    ],
    "M_G2C7_M M_G2C7H1_M": [
        [-0.18248, 0.0213078, 0.00174561]
    ],
    "M_G2C7_M M_G2C7H2_M": [
        [-0.180793, 0.0214888, 0.00176043]
    ],
    "M_G2C8_M M_G2C8H1_M": [
        [-0.173151, 0.0202006, 0.0016549]
    ],
    "M_G2C8_M M_G2C8H2_M": [
        [-0.172224, 0.0200832, 0.00164528]
    ],
    "M_G2C9_M M_G2C9H1_M": [
        [-0.0999105, 0.0189848, 0.0015553]
    ],
    "M_G2C9_M M_G2C9H2_M": [
        [-0.100353, 0.0186441, 0.00152738]
    ],
    "M_G2C10_M M_G2C10H1_M": [
        [-0.0546998, 0.0204546, 0.00167571]
    ],
    "M_G2C11_M M_G2C11H1_M": [
        [-0.0488429, 0.0165363, 0.0013547]
    ],
    "M_G2C12_M M_G2C12H1_M": [
        [-0.0787782, 0.0174033, 0.00142573]
    ],
    "M_G2C12_M M_G2C12H2_M": [
        [-0.0787595, 0.0176756, 0.00144804]
    ],
    "M_G2C13_M M_G2C13H1_M": [
        [-0.118962, 0.0171398, 0.00140414]
    ],
    "M_G2C13_M M_G2C13H2_M": [
        [-0.119564, 0.0176354, 0.00144474]
    ],
    "M_G2C14_M M_G2C14H1_M": [
        [-0.126361, 0.0170555, 0.00139724]
    ],
    "M_G2C14_M M_G2C14H2_M": [
        [-0.126403, 0.0165696, 0.00135743]
    ],
    "M_G2C15_M M_G2C15H1_M": [
        [-0.130506, 0.0165597, 0.00135662]
    ],
    "M_G2C15_M M_G2C15H2_M": [
        [-0.130736, 0.0165748, 0.00135786]
    ],
    "M_G2C16_M M_G2C16H1_M": [
        [-0.119903, 0.0149214, 0.00122241]
    ],
    "M_G2C16_M M_G2C16H2_M": [
        [-0.119374, 0.0150255, 0.00123094]
    ],
    "M_G2C17_M M_G2C17H1_M": [
        [-0.109774, 0.0126801, 0.0010388]
    ],
    "M_G2C17_M M_G2C17H2_M": [
        [-0.108852, 0.0135133, 0.00110705]
    ],
    "M_G2C18_M M_G2C18H1_M": [
        [-0.0861551, 0.00977627, 0.000800904]
    ],
    "M_G2C18_M M_G2C18H2_M": [
        [-0.0853916, 0.0106631, 0.000873557]
    ],
    "M_G2C19_M M_G2C19H1_M": [
        [-0.0284917, 0.00498658, 0.000408516]
    ],
    "M_G2C19_M M_G2C19H2_M": [
        [-0.0286082, 0.00494673, 0.000405252]
    ],
    "M_G2C19_M M_G2C19H3_M": [
        [-0.0285339, 0.00528888, 0.000433282]
    ],
    "M_G3_M M_G3H1_M": [
        [-0.187786, 0.0376532, 0.00308467]
    ],
    "M_G3_M M_G3H2_M": [
        [-0.21066, 0.0314974, 0.00258037]
    ],
    "M_G3C4_M M_G3C4H1_M": [
        [0.0352335, 0.0199183, 0.00163177]
    ],
    "M_G3C4_M M_G3C4H2_M": [
        [0.0323823, 0.0186886, 0.00153103]
    ],
    "M_G3C5_M M_G3C5H1_M": [
        [0.0270633, 0.0207478, 0.00169973]
    ],
    "M_G3C6_M M_G3C6H1_M": [
        [0.0197439, 0.0188549, 0.00154465]
    ],
    "M_G3C6_M M_G3C6H2_M": [
        [0.0137815, 0.0186431, 0.0015273]
    ]
}