{"headgroup": 0.00028015435285761776, "tails": 0.0, "total": 0.00028015435285761776}