{
    "M_C3_M M_C3H3_M": [
        [-0.347942, 0.00767334, 0.00147674]
    ],
    "M_C4_M M_C4H41_M": [
        [-0.309848, 0.00936659, 0.0018026]
    ],
    "M_C4_M M_C4H42_M": [
        [-0.121386, 0.0119239, 0.00229476]
    ],
    "M_C6_M M_C6H6_M": [
        [-0.0050699, 0.012141, 0.00233654]
    ],
    "M_C7_M M_C7H71_M": [
        [-0.27021, 0.0092993, 0.00178965]
    ],
    "M_C7_M M_C7H72_M": [
        [-0.313319, 0.00921346, 0.00177313]
    ],
    "M_C8_M M_C8H8_M": [
        [-0.378584, 0.00613795, 0.00118125]
    ],
    "M_C14_M M_C14H14_M": [
        [-0.376101, 0.0059965, 0.00115403]
    ],
    "M_C15_M M_C15H151_M": [
        [-0.34348, 0.00758367, 0.00145948]
    ],
    "M_C15_M M_C15H152_M": [
        [-0.272732, 0.0103919, 0.00199992]
    ],
    "M_C16_M M_C16H161_M": [
        [-0.0823229, 0.0119102, 0.00229212]
    ],
    "M_C16_M M_C16H162_M": [
        [-0.178314, 0.0124448, 0.00239501]
    ],
    "M_C17_M M_C17H17_M": [
        [-0.369065, 0.00590433, 0.00113629]
    ],
    "M_C18_M M_C18H181_M": [
        [0.108786, 0.00850364, 0.00163653]
    ],
    "M_C18_M M_C18H182_M": [
        [0.108378, 0.00915055, 0.00176102]
    ],
    "M_C18_M M_C18H183_M": [
        [0.106583, 0.00960714, 0.0018489]
    ],
    "M_C12_M M_C12H121_M": [
        [-0.0519618, 0.0125119, 0.00240791]
    ],
    "M_C12_M M_C12H122_M": [
        [-0.371204, 0.00654724, 0.00126002]
    ],
    "M_C11_M M_C11H111_M": [
        [-0.374628, 0.00655543, 0.00126159]
    ],
    "M_C11_M M_C11H112_M": [
        [-0.213965, 0.00986023, 0.0018976]
    ],
    "M_C9_M M_C9H9_M": [
        [-0.377439, 0.00603763, 0.00116194]
    ],
    "M_C19_M M_C19H191_M": [
        [0.104207, 0.0084926, 0.0016344]
    ],
    "M_C19_M M_C19H192_M": [
        [0.10744, 0.00714216, 0.00137451]
    ],
    "M_C19_M M_C19H193_M": [
        [0.111893, 0.0112634, 0.00216764]
    ],
    "M_C1_M M_C1H11_M": [
        [-0.165377, 0.0116237, 0.00223698]
    ],
    "M_C1_M M_C1H12_M": [
        [-0.332911, 0.00806521, 0.00155215]
    ],
    "M_C2_M M_C2H21_M": [
        [-0.222875, 0.00912681, 0.00175646]
    ],
    "M_C2_M M_C2H22_M": [
        [-0.320928, 0.00856593, 0.00164851]
    ],
    "M_C20_M M_C20H20_M": [
        [-0.359024, 0.00610503, 0.00117491]
    ],
    "M_C21_M M_C21H211_M": [
        [0.0890758, 0.00542544, 0.00104413]
    ],
    "M_C21_M M_C21H212_M": [
        [0.0908853, 0.00684277, 0.00131689]
    ],
    "M_C21_M M_C21H213_M": [
        [0.0891461, 0.00577884, 0.00111214]
    ],
    "M_C22_M M_C22H221_M": [
        [-0.136174, 0.0238602, 0.0045919]
    ],
    "M_C22_M M_C22H222_M": [
        [-0.319557, 0.00704107, 0.00135505]
    ],
    "M_C23_M M_C23H231_M": [
        [-0.097386, 0.0185192, 0.00356402]
    ],
    "M_C23_M M_C23H232_M": [
        [-0.297673, 0.00718419, 0.0013826]
    ],
    "M_C24_M M_C24H241_M": [
        [-0.119985, 0.0116613, 0.00224422]
    ],
    "M_C24_M M_C24H242_M": [
        [-0.25303, 0.00781997, 0.00150495]
    ],
    "M_C25_M M_C25H25_M": [
        [-0.150896, 0.00906792, 0.00174512]
    ],
    "M_C26_M M_C26H261_M": [
        [0.0105599, 0.00647937, 0.00124696]
    ],
    "M_C26_M M_C26H262_M": [
        [0.0104535, 0.00528942, 0.00101795]
    ],
    "M_C26_M M_C26H263_M": [
        [0.00891013, 0.00618609, 0.00119051]
    ],
    "M_C27_M M_C27H271_M": [
        [-0.00431107, 0.00568801, 0.00109466]
    ],
    "M_C27_M M_C27H272_M": [
        [-0.00324207, 0.00589822, 0.00113511]
    ],
    "M_C27_M M_C27H273_M": [
        [-0.00469535, 0.0043845, 0.000843798]
    ]
}