{
    "M_G1_M M_G1H1_M": [
        [-0.222068, 0.040499, 0.00359371]
    ],
    "M_G1_M M_G1H2_M": [
        [-0.0185045, 0.0438951, 0.00389506]
    ],
    "M_G1C3_M M_G1C3H1_M": [
        [-0.224588, 0.0207258, 0.00183911]
    ],
    "M_G1C3_M M_G1C3H2_M": [
        [-0.22905, 0.0205561, 0.00182405]
    ],
    "M_G1C4_M M_G1C4H1_M": [
        [-0.159342, 0.020885, 0.00185324]
    ],
    "M_G1C4_M M_G1C4H2_M": [
        [-0.161566, 0.0198135, 0.00175817]
    ],
    "M_G1C5_M M_G1C5H1_M": [
        [-0.201159, 0.0193492, 0.00171697]
    ],
    "M_G1C5_M M_G1C5H2_M": [
        [-0.198506, 0.019152, 0.00169947]
    ],
    "M_G1C6_M M_G1C6H1_M": [
        [-0.196046, 0.0204, 0.00181021]
    ],
    "M_G1C6_M M_G1C6H2_M": [
        [-0.196229, 0.0193155, 0.00171397]
    ],
    "M_G1C7_M M_G1C7H1_M": [
        [-0.208888, 0.0197847, 0.00175561]
    ],
    "M_G1C7_M M_G1C7H2_M": [
        [-0.209401, 0.0190091, 0.00168678]
    ],
    "M_G1C8_M M_G1C8H1_M": [
        [-0.195695, 0.0198037, 0.0017573]
    ],
    "M_G1C8_M M_G1C8H2_M": [
        [-0.196077, 0.0196103, 0.00174013]
    ],
    "M_G1C9_M M_G1C9H1_M": [
        [-0.194467, 0.0190847, 0.00169349]
    ],
    "M_G1C9_M M_G1C9H2_M": [
        [-0.19636, 0.0191073, 0.0016955]
    ],
    "M_G1C10_M M_G1C10H1_M": [
        [-0.17662, 0.0195313, 0.00173312]
    ],
    "M_G1C10_M M_G1C10H2_M": [
        [-0.177546, 0.0182565, 0.00162]
    ],
    "M_G1C11_M M_G1C11H1_M": [
        [-0.169008, 0.0185314, 0.00164439]
    ],
    "M_G1C11_M M_G1C11H2_M": [
        [-0.169972, 0.0177726, 0.00157706]
    ],
    "M_G1C12_M M_G1C12H1_M": [
        [-0.148443, 0.0170415, 0.00151219]
    ],
    "M_G1C12_M M_G1C12H2_M": [
        [-0.148446, 0.017789, 0.00157852]
    ],
    "M_G1C13_M M_G1C13H1_M": [
        [-0.136769, 0.0157492, 0.00139752]
    ],
    "M_G1C13_M M_G1C13H2_M": [
        [-0.137119, 0.0160566, 0.0014248]
    ],
    "M_G1C14_M M_G1C14H1_M": [
        [-0.114233, 0.0141454, 0.00125521]
    ],
    "M_G1C14_M M_G1C14H2_M": [
        [-0.114673, 0.0131955, 0.00117091]
    ],
    "M_G1C15_M M_G1C15H1_M": [
        [-0.0984988, 0.0117567, 0.00104324]
    ],
    "M_G1C15_M M_G1C15H2_M": [
        [-0.0991747, 0.0119163, 0.0010574]
    ],
    "M_G1C16_M M_G1C16H1_M": [
        [-0.0695057, 0.00813811, 0.00072214]
    ],
    "M_G1C16_M M_G1C16H2_M": [
        [-0.0695036, 0.00931431, 0.000826511]
    ],
    "M_G1C17_M M_G1C17H1_M": [
        [-0.0223617, 0.004352, 0.000386178]
    ],
    "M_G1C17_M M_G1C17H2_M": [
        [-0.0224399, 0.00485146, 0.000430498]
    ],
    "M_G1C17_M M_G1C17H3_M": [
        [-0.0219853, 0.00445086, 0.00039495]
    ],
    "M_G2_M M_G2H1_M": [
        [-0.205481, 0.0563259, 0.00499812]
    ],
    "M_G2C3_M M_G2C3H1_M": [
        [-0.224588, 0.0207258, 0.00183911]
    ],
    "M_G2C3_M M_G2C3H2_M": [
        [-0.22905, 0.0205561, 0.00182405]
    ],
    "M_G2C4_M M_G2C4H1_M": [
        [-0.159342, 0.020885, 0.00185324]
    ],
    "M_G2C4_M M_G2C4H2_M": [
        [-0.161566, 0.0198135, 0.00175817]
    ],
    "M_G2C5_M M_G2C5H1_M": [
        [-0.201159, 0.0193492, 0.00171697]
    ],
    "M_G2C5_M M_G2C5H2_M": [
        [-0.198506, 0.019152, 0.00169947]
    ],
    "M_G2C6_M M_G2C6H1_M": [
        [-0.196046, 0.0204, 0.00181021]
    ],
    "M_G2C6_M M_G2C6H2_M": [
        [-0.196229, 0.0193155, 0.00171397]
    ],
    "M_G2C7_M M_G2C7H1_M": [
        [-0.208888, 0.0197847, 0.00175561]
    ],
    "M_G2C7_M M_G2C7H2_M": [
        [-0.209401, 0.0190091, 0.00168678]
    ],
    "M_G2C8_M M_G2C8H1_M": [
        [-0.195695, 0.0198037, 0.0017573]
    ],
    "M_G2C8_M M_G2C8H2_M": [
        [-0.196077, 0.0196103, 0.00174013]
    ],
    "M_G2C9_M M_G2C9H1_M": [
        [-0.194467, 0.0190847, 0.00169349]
    ],
    "M_G2C9_M M_G2C9H2_M": [
        [-0.19636, 0.0191073, 0.0016955]
    ],
    "M_G2C10_M M_G2C10H1_M": [
        [-0.17662, 0.0195313, 0.00173312]
    ],
    "M_G2C11_M M_G2C11H1_M": [
        [-0.169008, 0.0185314, 0.00164439]
    ],
    "M_G2C12_M M_G2C12H1_M": [
        [-0.148443, 0.0170415, 0.00151219]
    ],
    "M_G2C12_M M_G2C12H2_M": [
        [-0.148446, 0.017789, 0.00157852]
    ],
    "M_G2C13_M M_G2C13H1_M": [
        [-0.136769, 0.0157492, 0.00139752]
    ],
    "M_G2C13_M M_G2C13H2_M": [
        [-0.137119, 0.0160566, 0.0014248]
    ],
    "M_G2C14_M M_G2C14H1_M": [
        [-0.114233, 0.0141454, 0.00125521]
    ],
    "M_G2C14_M M_G2C14H2_M": [
        [-0.114673, 0.0131955, 0.00117091]
    ],
    "M_G2C15_M M_G2C15H1_M": [
        [-0.0984988, 0.0117567, 0.00104324]
    ],
    "M_G2C15_M M_G2C15H2_M": [
        [-0.0991747, 0.0119163, 0.0010574]
    ],
    "M_G2C16_M M_G2C16H1_M": [
        [-0.0695057, 0.00813811, 0.00072214]
    ],
    "M_G2C16_M M_G2C16H2_M": [
        [-0.0695036, 0.00931431, 0.000826511]
    ],
    "M_G2C17_M M_G2C17H1_M": [
        [-0.0223617, 0.004352, 0.000386178]
    ],
    "M_G2C17_M M_G2C17H2_M": [
        [-0.0224399, 0.00485146, 0.000430498]
    ],
    "M_G2C18_M M_G2C18H1_M": [
        [-0.0656256, 0.00869835, 0.000771854]
    ],
    "M_G2C18_M M_G2C18H2_M": [
        [-0.0660084, 0.00853349, 0.000757225]
    ],
    "M_G2C19_M M_G2C19H1_M": [
        [-0.0216363, 0.00448332, 0.00039783]
    ],
    "M_G2C19_M M_G2C19H2_M": [
        [-0.0216733, 0.00481406, 0.000427179]
    ],
    "M_G2C19_M M_G2C19H3_M": [
        [-0.0212373, 0.00462479, 0.000410384]
    ],
    "M_G3_M M_G3H1_M": [
        [-0.150706, 0.0571417, 0.0050705]
    ],
    "M_G3_M M_G3H2_M": [
        [-0.174505, 0.0319691, 0.00283679]
    ],
    "M_G3C4_M M_G3C4H1_M": [
        [-0.00975962, 0.0161089, 0.00142943]
    ],
    "M_G3C4_M M_G3C4H2_M": [
        [-0.0117251, 0.0172076, 0.00152693]
    ],
    "M_G3C5_M M_G3C5H1_M": [
        [-0.0548003, 0.0119649, 0.00106172]
    ],
    "M_G3C5_M M_G3C5H2_M": [
        [-0.0573563, 0.011527, 0.00102285]
    ],
    "M_G3N6C1_M M_G3N6C1H1_M": [
        [0.0118231, 0.00491695, 0.000436308]
    ],
    "M_G3N6C1_M M_G3N6C1H2_M": [
        [0.0114385, 0.00484319, 0.000429764]
    ],
    "M_G3N6C1_M M_G3N6C1H3_M": [
        [0.0107467, 0.00457808, 0.000406239]
    ],
    "M_G3N6C2_M M_G3N6C2H1_M": [
        [0.0115481, 0.00499121, 0.000442898]
    ],
    "M_G3N6C2_M M_G3N6C2H2_M": [
        [0.0110529, 0.00508655, 0.000451358]
    ],
    "M_G3N6C2_M M_G3N6C2H3_M": [
        [0.0119475, 0.00503577, 0.000446852]
    ],
    "M_G3N6C3_M M_G3N6C3H1_M": [
        [0.0104612, 0.00495794, 0.000439946]
    ],
    "M_G3N6C3_M M_G3N6C3H2_M": [
        [0.0109164, 0.00479775, 0.000425731]
    ],
    "M_G3N6C3_M M_G3N6C3H3_M": [
        [0.0110692, 0.00457669, 0.000406116]
    ]
}