{
    "M_G1_M M_G1H1_M": [
        [-0.138355, 0.158909, 0.0141009]
    ],
    "M_G1_M M_G1H2_M": [
        [0.0322292, 0.13587, 0.0120565]
    ],
    "M_G1C3_M M_G1C3H1_M": [
        [-0.19733, 0.0814769, 0.00722991]
    ],
    "M_G1C3_M M_G1C3H2_M": [
        [-0.208597, 0.130535, 0.0115831]
    ],
    "M_G1C4_M M_G1C4H1_M": [
        [-0.153827, 0.0494046, 0.00438395]
    ],
    "M_G1C4_M M_G1C4H2_M": [
        [-0.1906, 0.0472085, 0.00418907]
    ],
    "M_G1C5_M M_G1C5H1_M": [
        [-0.19292, 0.0397943, 0.00353117]
    ],
    "M_G1C5_M M_G1C5H2_M": [
        [-0.211373, 0.0410382, 0.00364155]
    ],
    "M_G1C6_M M_G1C6H1_M": [
        [-0.201298, 0.040803, 0.00362068]
    ],
    "M_G1C6_M M_G1C6H2_M": [
        [-0.212981, 0.0378909, 0.00336227]
    ],
    "M_G1C7_M M_G1C7H1_M": [
        [-0.208249, 0.0378293, 0.00335681]
    ],
    "M_G1C7_M M_G1C7H2_M": [
        [-0.213238, 0.0365077, 0.00323954]
    ],
    "M_G1C8_M M_G1C8H1_M": [
        [-0.200627, 0.0368483, 0.00326976]
    ],
    "M_G1C8_M M_G1C8H2_M": [
        [-0.205097, 0.0342451, 0.00303876]
    ],
    "M_G1C9_M M_G1C9H1_M": [
        [-0.198637, 0.0346601, 0.00307559]
    ],
    "M_G1C9_M M_G1C9H2_M": [
        [-0.198927, 0.0338235, 0.00300135]
    ],
    "M_G1C10_M M_G1C10H1_M": [
        [-0.184267, 0.0342978, 0.00304344]
    ],
    "M_G1C10_M M_G1C10H2_M": [
        [-0.184781, 0.0325205, 0.00288572]
    ],
    "M_G1C11_M M_G1C11H1_M": [
        [-0.17594, 0.0319922, 0.00283885]
    ],
    "M_G1C11_M M_G1C11H2_M": [
        [-0.176313, 0.0314499, 0.00279073]
    ],
    "M_G1C12_M M_G1C12H1_M": [
        [-0.158473, 0.0287187, 0.00254837]
    ],
    "M_G1C12_M M_G1C12H2_M": [
        [-0.158187, 0.0290179, 0.00257492]
    ],
    "M_G1C13_M M_G1C13H1_M": [
        [-0.144807, 0.0263601, 0.00233908]
    ],
    "M_G1C13_M M_G1C13H2_M": [
        [-0.146374, 0.0269034, 0.00238729]
    ],
    "M_G1C14_M M_G1C14H1_M": [
        [-0.125421, 0.023646, 0.00209824]
    ],
    "M_G1C14_M M_G1C14H2_M": [
        [-0.125728, 0.0244577, 0.00217027]
    ],
    "M_G1C15_M M_G1C15H1_M": [
        [-0.108832, 0.0197354, 0.00175123]
    ],
    "M_G1C15_M M_G1C15H2_M": [
        [-0.108448, 0.0204696, 0.00181638]
    ],
    "M_G1C16_M M_G1C16H1_M": [
        [-0.0852334, 0.0156964, 0.00139283]
    ],
    "M_G1C16_M M_G1C16H2_M": [
        [-0.085197, 0.0161938, 0.00143697]
    ],
    "M_G1C17_M M_G1C17H1_M": [
        [-0.0282558, 0.00762805, 0.00067688]
    ],
    "M_G1C17_M M_G1C17H2_M": [
        [-0.0281325, 0.00723978, 0.000642427]
    ],
    "M_G1C17_M M_G1C17H3_M": [
        [-0.0285287, 0.00682667, 0.000605769]
    ],
    "M_G2_M M_G2H1_M": [
        [-0.207767, 0.140794, 0.0124934]
    ],
    "M_G2C3_M M_G2C3H1_M": [
        [-0.169286, 0.0924084, 0.00819992]
    ],
    "M_G2C3_M M_G2C3H2_M": [
        [-0.177698, 0.0555002, 0.00492484]
    ],
    "M_G2C4_M M_G2C4H1_M": [
        [-0.227609, 0.0556507, 0.0049382]
    ],
    "M_G2C4_M M_G2C4H2_M": [
        [-0.199939, 0.0551109, 0.0048903]
    ],
    "M_G2C5_M M_G2C5H1_M": [
        [-0.233553, 0.0483183, 0.00428755]
    ],
    "M_G2C5_M M_G2C5H2_M": [
        [-0.216947, 0.0470206, 0.0041724]
    ],
    "M_G2C6_M M_G2C6H1_M": [
        [-0.231939, 0.0483249, 0.00428814]
    ],
    "M_G2C6_M M_G2C6H2_M": [
        [-0.22092, 0.0474773, 0.00421293]
    ],
    "M_G2C7_M M_G2C7H1_M": [
        [-0.199297, 0.0439597, 0.00390079]
    ],
    "M_G2C7_M M_G2C7H2_M": [
        [-0.194008, 0.041226, 0.00365822]
    ],
    "M_G2C8_M M_G2C8H1_M": [
        [-0.177908, 0.0389435, 0.00345567]
    ],
    "M_G2C8_M M_G2C8H2_M": [
        [-0.174752, 0.037904, 0.00336343]
    ],
    "M_G2C9_M M_G2C9H1_M": [
        [-0.108753, 0.0332796, 0.00295308]
    ],
    "M_G2C9_M M_G2C9H2_M": [
        [-0.109293, 0.0305791, 0.00271346]
    ],
    "M_G2C10_M M_G2C10H1_M": [
        [-0.109023, 0.0343521, 0.00304826]
    ],
    "M_G2C11_M M_G2C11H1_M": [
        [-0.0328718, 0.0324931, 0.0028833]
    ],
    "M_G2C12_M M_G2C12H1_M": [
        [-0.0374095, 0.0276615, 0.00245456]
    ],
    "M_G2C12_M M_G2C12H2_M": [
        [-0.0394243, 0.0271892, 0.00241265]
    ],
    "M_G2C13_M M_G2C13H1_M": [
        [-0.095278, 0.0295922, 0.00262589]
    ],
    "M_G2C13_M M_G2C13H2_M": [
        [-0.094983, 0.0271837, 0.00241216]
    ],
    "M_G2C14_M M_G2C14H1_M": [
        [-0.110652, 0.0292207, 0.00259292]
    ],
    "M_G2C14_M M_G2C14H2_M": [
        [-0.110423, 0.0278157, 0.00246824]
    ],
    "M_G2C15_M M_G2C15H1_M": [
        [-0.115139, 0.0279001, 0.00247573]
    ],
    "M_G2C15_M M_G2C15H2_M": [
        [-0.115297, 0.0282922, 0.00251052]
    ],
    "M_G2C16_M M_G2C16H1_M": [
        [-0.105244, 0.0264064, 0.00234319]
    ],
    "M_G2C16_M M_G2C16H2_M": [
        [-0.105705, 0.0258134, 0.00229057]
    ],
    "M_G2C17_M M_G2C17H1_M": [
        [-0.0945777, 0.0228983, 0.00203189]
    ],
    "M_G2C17_M M_G2C17H2_M": [
        [-0.0938492, 0.0229363, 0.00203527]
    ],
    "M_G2C18_M M_G2C18H1_M": [
        [-0.0755596, 0.0182385, 0.0016184]
    ],
    "M_G2C18_M M_G2C18H2_M": [
        [-0.0752819, 0.0180018, 0.0015974]
    ],
    "M_G2C19_M M_G2C19H1_M": [
        [-0.0249691, 0.00593217, 0.000526395]
    ],
    "M_G2C19_M M_G2C19H2_M": [
        [-0.0257094, 0.00621286, 0.000551302]
    ],
    "M_G2C19_M M_G2C19H3_M": [
        [-0.0252822, 0.00609146, 0.000540529]
    ],
    "M_G3_M M_G3H1_M": [
        [-0.183148, 0.105661, 0.0093759]
    ],
    "M_G3_M M_G3H2_M": [
        [-0.223709, 0.122519, 0.0108718]
    ],
    "M_G3C4_M M_G3C4H1_M": [
        [0.0744557, 0.141267, 0.0125354]
    ],
    "M_G3C4_M M_G3C4H2_M": [
        [-0.0451473, 0.12207, 0.0108319]
    ],
    "M_G3C5_M M_G3C5H1_M": [
        [-0.0746013, 0.089677, 0.00795755]
    ],
    "M_G3C5_M M_G3C5H2_M": [
        [-0.0310271, 0.090281, 0.00801115]
    ],
    "M_G3N6C1_M M_G3N6C1H1_M": [
        [0.0138624, 0.0261012, 0.00231611]
    ],
    "M_G3N6C1_M M_G3N6C1H2_M": [
        [0.014778, 0.0271319, 0.00240757]
    ],
    "M_G3N6C1_M M_G3N6C1H3_M": [
        [0.0139341, 0.0271549, 0.00240961]
    ],
    "M_G3N6C2_M M_G3N6C2H1_M": [
        [0.0100377, 0.0253947, 0.00225342]
    ],
    "M_G3N6C2_M M_G3N6C2H2_M": [
        [0.0095917, 0.0251409, 0.00223089]
    ],
    "M_G3N6C2_M M_G3N6C2H3_M": [
        [0.00967725, 0.0259662, 0.00230413]
    ],
    "M_G3N6C3_M M_G3N6C3H1_M": [
        [0.0145287, 0.026637, 0.00236365]
    ],
    "M_G3N6C3_M M_G3N6C3H2_M": [
        [0.01361, 0.0267711, 0.00237555]
    ],
    "M_G3N6C3_M M_G3N6C3H3_M": [
        [0.0148809, 0.0250327, 0.00222129]
    ]
}