{
    "M_G1_M M_G1H1_M": [
        [-0.0343808, 0.0429088, 0.00295396]
    ],
    "M_G1_M M_G1H2_M": [
        [-0.176973, 0.045304, 0.00311885]
    ],
    "M_G1C3_M M_G1C3H1_M": [
        [-0.217722, 0.0266035, 0.00183146]
    ],
    "M_G1C3_M M_G1C3H2_M": [
        [-0.240773, 0.0256624, 0.00176667]
    ],
    "M_G1C4_M M_G1C4H1_M": [
        [-0.180552, 0.0206648, 0.00142262]
    ],
    "M_G1C4_M M_G1C4H2_M": [
        [-0.17171, 0.0214929, 0.00147963]
    ],
    "M_G1C5_M M_G1C5H1_M": [
        [-0.204659, 0.0195482, 0.00134575]
    ],
    "M_G1C5_M M_G1C5H2_M": [
        [-0.202375, 0.0195786, 0.00134785]
    ],
    "M_G1C6_M M_G1C6H1_M": [
        [-0.201449, 0.0200024, 0.00137702]
    ],
    "M_G1C6_M M_G1C6H2_M": [
        [-0.200176, 0.0191756, 0.0013201]
    ],
    "M_G1C7_M M_G1C7H1_M": [
        [-0.21039, 0.0185054, 0.00127396]
    ],
    "M_G1C7_M M_G1C7H2_M": [
        [-0.210812, 0.0192193, 0.00132311]
    ],
    "M_G1C8_M M_G1C8H1_M": [
        [-0.199973, 0.0191969, 0.00132157]
    ],
    "M_G1C8_M M_G1C8H2_M": [
        [-0.200802, 0.0188155, 0.00129531]
    ],
    "M_G1C9_M M_G1C9H1_M": [
        [-0.199324, 0.0193085, 0.00132925]
    ],
    "M_G1C9_M M_G1C9H2_M": [
        [-0.19901, 0.0197241, 0.00135786]
    ],
    "M_G1C10_M M_G1C10H1_M": [
        [-0.183519, 0.0195283, 0.00134438]
    ],
    "M_G1C10_M M_G1C10H2_M": [
        [-0.184629, 0.0202679, 0.0013953]
    ],
    "M_G1C11_M M_G1C11H1_M": [
        [-0.177885, 0.0190841, 0.00131381]
    ],
    "M_G1C11_M M_G1C11H2_M": [
        [-0.178001, 0.0190149, 0.00130904]
    ],
    "M_G1C12_M M_G1C12H1_M": [
        [-0.160652, 0.0176298, 0.00121369]
    ],
    "M_G1C12_M M_G1C12H2_M": [
        [-0.161936, 0.0177566, 0.00122242]
    ],
    "M_G1C13_M M_G1C13H1_M": [
        [-0.151033, 0.0160352, 0.00110391]
    ],
    "M_G1C13_M M_G1C13H2_M": [
        [-0.151392, 0.0165163, 0.00113703]
    ],
    "M_G1C14_M M_G1C14H1_M": [
        [-0.13018, 0.014747, 0.00101523]
    ],
    "M_G1C14_M M_G1C14H2_M": [
        [-0.130953, 0.0145554, 0.00100203]
    ],
    "M_G1C15_M M_G1C15H1_M": [
        [-0.113724, 0.0124408, 0.000856462]
    ],
    "M_G1C15_M M_G1C15H2_M": [
        [-0.112987, 0.013013, 0.000895852]
    ],
    "M_G1C16_M M_G1C16H1_M": [
        [-0.0836629, 0.0100227, 0.000689994]
    ],
    "M_G1C16_M M_G1C16H2_M": [
        [-0.0833554, 0.00965204, 0.000664474]
    ],
    "M_G1C17_M M_G1C17H1_M": [
        [-0.0276362, 0.00669287, 0.000460756]
    ],
    "M_G1C17_M M_G1C17H2_M": [
        [-0.025938, 0.00601974, 0.000414416]
    ],
    "M_G1C17_M M_G1C17H3_M": [
        [-0.0268978, 0.00632893, 0.000435701]
    ],
    "M_G2_M M_G2H1_M": [
        [-0.193793, 0.0408045, 0.0028091]
    ],
    "M_G2C3_M M_G2C3H1_M": [
        [-0.0949223, 0.0325902, 0.0022436]
    ],
    "M_G2C3_M M_G2C3H2_M": [
        [-0.118771, 0.026959, 0.00185594]
    ],
    "M_G2C4_M M_G2C4H1_M": [
        [-0.210863, 0.0212945, 0.00146598]
    ],
    "M_G2C4_M M_G2C4H2_M": [
        [-0.206194, 0.0217646, 0.00149834]
    ],
    "M_G2C5_M M_G2C5H1_M": [
        [-0.211218, 0.0206872, 0.00142416]
    ],
    "M_G2C5_M M_G2C5H2_M": [
        [-0.214668, 0.0202271, 0.00139249]
    ],
    "M_G2C6_M M_G2C6H1_M": [
        [-0.222394, 0.0198026, 0.00136326]
    ],
    "M_G2C6_M M_G2C6H2_M": [
        [-0.221663, 0.0196245, 0.00135101]
    ],
    "M_G2C7_M M_G2C7H1_M": [
        [-0.217184, 0.0188334, 0.00129654]
    ],
    "M_G2C7_M M_G2C7H2_M": [
        [-0.216635, 0.0193695, 0.00133345]
    ],
    "M_G2C8_M M_G2C8H1_M": [
        [-0.217104, 0.0187259, 0.00128915]
    ],
    "M_G2C8_M M_G2C8H2_M": [
        [-0.217136, 0.019864, 0.0013675]
    ],
    "M_G2C9_M M_G2C9H1_M": [
        [-0.207057, 0.0187109, 0.00128811]
    ],
    "M_G2C9_M M_G2C9H2_M": [
        [-0.206481, 0.0195773, 0.00134776]
    ],
    "M_G2C10_M M_G2C10H1_M": [
        [-0.201192, 0.0196369, 0.00135186]
    ],
    "M_G2C10_M M_G2C10H2_M": [
        [-0.201279, 0.0189809, 0.0013067]
    ],
    "M_G2C11_M M_G2C11H1_M": [
        [-0.186355, 0.0186938, 0.00128694]
    ],
    "M_G2C11_M M_G2C11H2_M": [
        [-0.18708, 0.018976, 0.00130636]
    ],
    "M_G2C12_M M_G2C12H1_M": [
        [-0.177238, 0.0181023, 0.00124621]
    ],
    "M_G2C12_M M_G2C12H2_M": [
        [-0.177417, 0.0179551, 0.00123608]
    ],
    "M_G2C13_M M_G2C13H1_M": [
        [-0.160909, 0.0162101, 0.00111595]
    ],
    "M_G2C13_M M_G2C13H2_M": [
        [-0.161552, 0.0165535, 0.00113959]
    ],
    "M_G2C14_M M_G2C14H1_M": [
        [-0.147909, 0.0144084, 0.000991913]
    ],
    "M_G2C14_M M_G2C14H2_M": [
        [-0.148176, 0.0155917, 0.00107338]
    ],
    "M_G2C15_M M_G2C15H1_M": [
        [-0.125082, 0.012867, 0.000885803]
    ],
    "M_G2C15_M M_G2C15H2_M": [
        [-0.125242, 0.0119114, 0.000820015]
    ],
    "M_G2C16_M M_G2C16H1_M": [
        [-0.0995544, 0.0100526, 0.000692053]
    ],
    "M_G2C16_M M_G2C16H2_M": [
        [-0.0992701, 0.00955443, 0.000657754]
    ],
    "M_G2C17_M M_G2C17H1_M": [
        [-0.0253436, 0.00679044, 0.000467473]
    ],
    "M_G2C17_M M_G2C17H2_M": [
        [-0.0254362, 0.00663342, 0.000456664]
    ],
    "M_G2C17_M M_G2C17H3_M": [
        [-0.0264478, 0.00660641, 0.000454804]
    ],
    "M_G3_M M_G3H1_M": [
        [-0.230109, 0.0374414, 0.00257757]
    ],
    "M_G3_M M_G3H2_M": [
        [-0.248167, 0.0273616, 0.00188365]
    ],
    "M_G3C4_M M_G3C4H1_M": [
        [0.0345774, 0.024146, 0.00166228]
    ],
    "M_G3C4_M M_G3C4H2_M": [
        [0.0371829, 0.0271566, 0.00186954]
    ],
    "M_G3C5_M M_G3C5H1_M": [
        [-0.0585676, 0.0235098, 0.00161848]
    ],
    "M_G3C5_M M_G3C5H2_M": [
        [-0.0613563, 0.0236444, 0.00162775]
    ],
    "M_G3N6C1_M M_G3N6C1H1_M": [
        [0.00975232, 0.0152042, 0.0010467]
    ],
    "M_G3N6C1_M M_G3N6C1H2_M": [
        [0.00896941, 0.0143887, 0.000990562]
    ],
    "M_G3N6C1_M M_G3N6C1H3_M": [
        [0.00702172, 0.0154997, 0.00106705]
    ],
    "M_G3N6C2_M M_G3N6C2H1_M": [
        [0.0102532, 0.0153281, 0.00105523]
    ],
    "M_G3N6C2_M M_G3N6C2H2_M": [
        [0.00935411, 0.0154402, 0.00106295]
    ],
    "M_G3N6C2_M M_G3N6C2H3_M": [
        [0.00905686, 0.0146016, 0.00100522]
    ],
    "M_G3N6C3_M M_G3N6C3H1_M": [
        [0.00829363, 0.0143143, 0.000985438]
    ],
    "M_G3N6C3_M M_G3N6C3H2_M": [
        [0.00862851, 0.0144108, 0.000992079]
    ],
    "M_G3N6C3_M M_G3N6C3H3_M": [
        [0.00924791, 0.0169173, 0.00116464]
    ]
}