{
    "M_G1_M M_G1H1_M": [
        [-0.262344, 0.0579154, 0.00753995]
    ],
    "M_G1_M M_G1H2_M": [
        [0.0422226, 0.0899556, 0.0117112]
    ],
    "M_G1C3_M M_G1C3H1_M": [
        [-0.259138, 0.0286308, 0.00372741]
    ],
    "M_G1C3_M M_G1C3H2_M": [
        [-0.249211, 0.0333606, 0.00434317]
    ],
    "M_G1C4_M M_G1C4H1_M": [
        [-0.217526, 0.0226757, 0.00295212]
    ],
    "M_G1C4_M M_G1C4H2_M": [
        [-0.210485, 0.0257349, 0.0033504]
    ],
    "M_G1C5_M M_G1C5H1_M": [
        [-0.251707, 0.0209174, 0.00272321]
    ],
    "M_G1C5_M M_G1C5H2_M": [
        [-0.248307, 0.0228094, 0.00296953]
    ],
    "M_G1C6_M M_G1C6H1_M": [
        [-0.236816, 0.0210127, 0.00273562]
    ],
    "M_G1C6_M M_G1C6H2_M": [
        [-0.235853, 0.0207711, 0.00270417]
    ],
    "M_G1C7_M M_G1C7H1_M": [
        [-0.251769, 0.0199667, 0.00259944]
    ],
    "M_G1C7_M M_G1C7H2_M": [
        [-0.249827, 0.0198423, 0.00258324]
    ],
    "M_G1C8_M M_G1C8H1_M": [
        [-0.23789, 0.0202825, 0.00264055]
    ],
    "M_G1C8_M M_G1C8H2_M": [
        [-0.237708, 0.0194098, 0.00252694]
    ],
    "M_G1C9_M M_G1C9H1_M": [
        [-0.239872, 0.02034, 0.00264804]
    ],
    "M_G1C9_M M_G1C9H2_M": [
        [-0.239766, 0.0187029, 0.00243491]
    ],
    "M_G1C10_M M_G1C10H1_M": [
        [-0.22219, 0.0194913, 0.00253755]
    ],
    "M_G1C10_M M_G1C10H2_M": [
        [-0.22238, 0.0190374, 0.00247846]
    ],
    "M_G1C11_M M_G1C11H1_M": [
        [-0.215812, 0.0201124, 0.00261841]
    ],
    "M_G1C11_M M_G1C11H2_M": [
        [-0.216151, 0.0188562, 0.00245487]
    ],
    "M_G1C12_M M_G1C12H1_M": [
        [-0.193542, 0.0204697, 0.00266492]
    ],
    "M_G1C12_M M_G1C12H2_M": [
        [-0.193152, 0.0193874, 0.00252403]
    ],
    "M_G1C13_M M_G1C13H1_M": [
        [-0.180731, 0.0192725, 0.00250907]
    ],
    "M_G1C13_M M_G1C13H2_M": [
        [-0.180303, 0.0187873, 0.0024459]
    ],
    "M_G1C14_M M_G1C14H1_M": [
        [-0.152438, 0.017705, 0.00230499]
    ],
    "M_G1C14_M M_G1C14H2_M": [
        [-0.151729, 0.0181058, 0.00235718]
    ],
    "M_G1C15_M M_G1C15H1_M": [
        [-0.13203, 0.0157133, 0.00204569]
    ],
    "M_G1C15_M M_G1C15H2_M": [
        [-0.131527, 0.0158716, 0.00206631]
    ],
    "M_G1C16_M M_G1C16H1_M": [
        [-0.0924914, 0.0121072, 0.00157622]
    ],
    "M_G1C16_M M_G1C16H2_M": [
        [-0.0931642, 0.0124106, 0.00161572]
    ],
    "M_G1C17_M M_G1C17H1_M": [
        [-0.03145, 0.00523587, 0.000681652]
    ],
    "M_G1C17_M M_G1C17H2_M": [
        [-0.0310522, 0.0049518, 0.000644669]
    ],
    "M_G1C17_M M_G1C17H3_M": [
        [-0.0305789, 0.00523127, 0.000681053]
    ],
    "M_G2_M M_G2H1_M": [
        [-0.241724, 0.0699857, 0.00911136]
    ],
    "M_G2C3_M M_G2C3H1_M": [
        [-0.136535, 0.0453085, 0.00589866]
    ],
    "M_G2C3_M M_G2C3H2_M": [
        [-0.137661, 0.0478096, 0.00622428]
    ],
    "M_G2C4_M M_G2C4H1_M": [
        [-0.193116, 0.0273053, 0.00355484]
    ],
    "M_G2C4_M M_G2C4H2_M": [
        [-0.187809, 0.0268366, 0.00349383]
    ],
    "M_G2C5_M M_G2C5H1_M": [
        [-0.200911, 0.0258602, 0.00336672]
    ],
    "M_G2C5_M M_G2C5H2_M": [
        [-0.197535, 0.0242363, 0.0031553]
    ],
    "M_G2C6_M M_G2C6H1_M": [
        [-0.215118, 0.0206022, 0.00268218]
    ],
    "M_G2C6_M M_G2C6H2_M": [
        [-0.214843, 0.0207239, 0.00269802]
    ],
    "M_G2C7_M M_G2C7H1_M": [
        [-0.190274, 0.0195345, 0.00254317]
    ],
    "M_G2C7_M M_G2C7H2_M": [
        [-0.190395, 0.0184245, 0.00239866]
    ],
    "M_G2C8_M M_G2C8H1_M": [
        [-0.18749, 0.01699, 0.0022119]
    ],
    "M_G2C8_M M_G2C8H2_M": [
        [-0.187059, 0.0169722, 0.00220959]
    ],
    "M_G2C9_M M_G2C9H1_M": [
        [-0.12835, 0.0130982, 0.00170524]
    ],
    "M_G2C9_M M_G2C9H2_M": [
        [-0.127696, 0.014233, 0.00185298]
    ],
    "M_G2C10_M M_G2C10H1_M": [
        [-0.0946484, 0.0129599, 0.00168723]
    ],
    "M_G2C11_M M_G2C11H1_M": [
        [0.00194563, 0.0194836, 0.00253654]
    ],
    "M_G2C12_M M_G2C12H1_M": [
        [-0.0717144, 0.0166517, 0.00216787]
    ],
    "M_G2C12_M M_G2C12H2_M": [
        [-0.0723755, 0.0162629, 0.00211725]
    ],
    "M_G2C13_M M_G2C13H1_M": [
        [-0.128999, 0.0193227, 0.0025156]
    ],
    "M_G2C13_M M_G2C13H2_M": [
        [-0.129979, 0.0197366, 0.00256949]
    ],
    "M_G2C14_M M_G2C14H1_M": [
        [-0.136056, 0.0206785, 0.00269211]
    ],
    "M_G2C14_M M_G2C14H2_M": [
        [-0.135156, 0.0198469, 0.00258384]
    ],
    "M_G2C15_M M_G2C15H1_M": [
        [-0.144537, 0.020609, 0.00268307]
    ],
    "M_G2C15_M M_G2C15H2_M": [
        [-0.143725, 0.0203982, 0.00265562]
    ],
    "M_G2C16_M M_G2C16H1_M": [
        [-0.129476, 0.0192662, 0.00250824]
    ],
    "M_G2C16_M M_G2C16H2_M": [
        [-0.129096, 0.0187538, 0.00244153]
    ],
    "M_G2C17_M M_G2C17H1_M": [
        [-0.117848, 0.0169476, 0.00220639]
    ],
    "M_G2C17_M M_G2C17H2_M": [
        [-0.117076, 0.0169846, 0.00221121]
    ],
    "M_G2C18_M M_G2C18H1_M": [
        [-0.0860617, 0.0125933, 0.00163951]
    ],
    "M_G2C18_M M_G2C18H2_M": [
        [-0.086494, 0.0127093, 0.00165461]
    ],
    "M_G2C19_M M_G2C19H1_M": [
        [-0.027889, 0.00496051, 0.000645804]
    ],
    "M_G2C19_M M_G2C19H2_M": [
        [-0.0280216, 0.00429348, 0.000558964]
    ],
    "M_G2C19_M M_G2C19H3_M": [
        [-0.0275839, 0.0043758, 0.000569681]
    ],
    "M_G3_M M_G3H1_M": [
        [-0.158519, 0.0972914, 0.0126663]
    ],
    "M_G3_M M_G3H2_M": [
        [-0.206542, 0.0795446, 0.0103558]
    ],
    "M_G3C4_M M_G3C4H1_M": [
        [0.0212337, 0.0702388, 0.00914431]
    ],
    "M_G3C4_M M_G3C4H2_M": [
        [0.0374824, 0.081977, 0.0106725]
    ],
    "M_G3C5_M M_G3C5H1_M": [
        [-0.0175727, 0.0452586, 0.00589217]
    ],
    "M_G3C5_M M_G3C5H2_M": [
        [-0.0255824, 0.0381394, 0.00496533]
    ],
    "M_G3N6C1_M M_G3N6C1H1_M": [
        [0.0125471, 0.00601829, 0.000783515]
    ],
    "M_G3N6C1_M M_G3N6C1H2_M": [
        [0.0115778, 0.00522311, 0.000679991]
    ],
    "M_G3N6C1_M M_G3N6C1H3_M": [
        [0.0114158, 0.00589545, 0.000767523]
    ],
    "M_G3N6C2_M M_G3N6C2H1_M": [
        [0.0125842, 0.00627471, 0.000816898]
    ],
    "M_G3N6C2_M M_G3N6C2H2_M": [
        [0.0127395, 0.00654847, 0.000852538]
    ],
    "M_G3N6C2_M M_G3N6C2H3_M": [
        [0.0131611, 0.00532812, 0.000693662]
    ],
    "M_G3N6C3_M M_G3N6C3H1_M": [
        [0.0122193, 0.00591395, 0.000769931]
    ],
    "M_G3N6C3_M M_G3N6C3H2_M": [
        [0.0128621, 0.00617907, 0.000804446]
    ],
    "M_G3N6C3_M M_G3N6C3H3_M": [
        [0.0124147, 0.00575957, 0.000749833]
    ]
}