{
    "M_G1_M M_G1H2_M": [
        [-0.231189, 0.00896936, 0.00128134]
    ],
    "M_G1C1_M M_G1C1H1_M": [
        [-0.190926, 0.00564162, 0.000805945]
    ],
    "M_G1C2_M M_G1C2H1_M": [
        [-0.187028, 0.00581624, 0.000830891]
    ],
    "M_G1C3_M M_G1C3H1_M": [
        [-0.242729, 0.00424652, 0.000606646]
    ],
    "M_G1C3_M M_G1C3H2_M": [
        [-0.255714, 0.00449352, 0.000641931]
    ],
    "M_G1C4_M M_G1C4H1_M": [
        [-0.220747, 0.00486056, 0.000694365]
    ],
    "M_G1C4_M M_G1C4H2_M": [
        [-0.228281, 0.00514935, 0.000735622]
    ],
    "M_G1C5_M M_G1C5H1_M": [
        [-0.242582, 0.0045139, 0.000644842]
    ],
    "M_G1C5_M M_G1C5H2_M": [
        [-0.246188, 0.00454458, 0.000649225]
    ],
    "M_G1C6_M M_G1C6H1_M": [
        [-0.230871, 0.00477607, 0.000682296]
    ],
    "M_G1C6_M M_G1C6H2_M": [
        [-0.233569, 0.00506922, 0.000724175]
    ],
    "M_G1C7_M M_G1C7H1_M": [
        [-0.238355, 0.00417232, 0.000596045]
    ],
    "M_G1C7_M M_G1C7H2_M": [
        [-0.238979, 0.00473066, 0.000675808]
    ],
    "M_G1C8_M M_G1C8H1_M": [
        [-0.22117, 0.00476601, 0.000680859]
    ],
    "M_G1C8_M M_G1C8H2_M": [
        [-0.222629, 0.00489669, 0.000699528]
    ],
    "M_G1C9_M M_G1C9H1_M": [
        [-0.218544, 0.0044016, 0.0006288]
    ],
    "M_G1C9_M M_G1C9H2_M": [
        [-0.219019, 0.00434794, 0.000621134]
    ],
    "M_G1C10_M M_G1C10H1_M": [
        [-0.196933, 0.00450513, 0.00064359]
    ],
    "M_G1C10_M M_G1C10H2_M": [
        [-0.197622, 0.00410735, 0.000586765]
    ],
    "M_G1C11_M M_G1C11H1_M": [
        [-0.18755, 0.00389778, 0.000556826]
    ],
    "M_G1C11_M M_G1C11H2_M": [
        [-0.188134, 0.00406981, 0.000581402]
    ],
    "M_G1C12_M M_G1C12H1_M": [
        [-0.161801, 0.00406295, 0.000580422]
    ],
    "M_G1C12_M M_G1C12H2_M": [
        [-0.162603, 0.00395552, 0.000565074]
    ],
    "M_G1C13_M M_G1C13H1_M": [
        [-0.144353, 0.00338251, 0.000483215]
    ],
    "M_G1C13_M M_G1C13H2_M": [
        [-0.144331, 0.00341262, 0.000487517]
    ],
    "M_G1C14_M M_G1C14H1_M": [
        [-0.106193, 0.00272028, 0.000388611]
    ],
    "M_G1C14_M M_G1C14H2_M": [
        [-0.107342, 0.00340984, 0.000487121]
    ],
    "M_G1C15_M M_G1C15H1_M": [
        [-0.0392143, 0.00252992, 0.000361417]
    ],
    "M_G1C15_M M_G1C15H2_M": [
        [-0.0379583, 0.00221091, 0.000315844]
    ],
    "M_G1C15_M M_G1C15H3_M": [
        [-0.038116, 0.00205096, 0.000292995]
    ],
    "M_G2_M M_G2H1_M": [
        [-0.242884, 0.0101993, 0.00145705]
    ],
    "M_G2C3_M M_G2C3H1_M": [
        [-0.056113, 0.0113547, 0.0016221]
    ],
    "M_G2C3_M M_G2C3H2_M": [
        [-0.0934159, 0.00929936, 0.00132848]
    ],
    "M_G2C4_M M_G2C4H1_M": [
        [-0.19446, 0.00681858, 0.000974083]
    ],
    "M_G2C4_M M_G2C4H2_M": [
        [-0.148823, 0.00926289, 0.00132327]
    ],
    "M_G2C5_M M_G2C5H1_M": [
        [-0.226815, 0.00567017, 0.000810025]
    ],
    "M_G2C5_M M_G2C5H2_M": [
        [-0.209736, 0.00661311, 0.00094473]
    ],
    "M_G2C6_M M_G2C6H1_M": [
        [-0.229444, 0.00563119, 0.000804456]
    ],
    "M_G2C6_M M_G2C6H2_M": [
        [-0.222038, 0.00610938, 0.000872768]
    ],
    "M_G2C7_M M_G2C7H1_M": [
        [-0.236032, 0.00544606, 0.000778008]
    ],
    "M_G2C7_M M_G2C7H2_M": [
        [-0.23243, 0.00579551, 0.000827931]
    ],
    "M_G2C8_M M_G2C8H1_M": [
        [-0.235245, 0.00569873, 0.000814105]
    ],
    "M_G2C8_M M_G2C8H2_M": [
        [-0.233705, 0.00514352, 0.000734788]
    ],
    "M_G2C9_M M_G2C9H1_M": [
        [-0.229219, 0.00511176, 0.000730251]
    ],
    "M_G2C9_M M_G2C9H2_M": [
        [-0.229775, 0.00512449, 0.00073207]
    ],
    "M_G2C10_M M_G2C10H1_M": [
        [-0.221752, 0.00498347, 0.000711924]
    ],
    "M_G2C10_M M_G2C10H2_M": [
        [-0.221983, 0.00424875, 0.000606964]
    ],
    "M_G2C11_M M_G2C11H1_M": [
        [-0.208579, 0.00465687, 0.000665267]
    ],
    "M_G2C11_M M_G2C11H2_M": [
        [-0.20821, 0.00374962, 0.00053566]
    ],
    "M_G2C12_M M_G2C12H1_M": [
        [-0.195066, 0.00405639, 0.000579484]
    ],
    "M_G2C12_M M_G2C12H2_M": [
        [-0.194822, 0.00405253, 0.000578933]
    ],
    "M_G2C13_M M_G2C13H1_M": [
        [-0.176855, 0.00386684, 0.000552405]
    ],
    "M_G2C13_M M_G2C13H2_M": [
        [-0.176887, 0.0037038, 0.000529114]
    ],
    "M_G2C14_M M_G2C14H1_M": [
        [-0.158876, 0.00361836, 0.000516909]
    ],
    "M_G2C14_M M_G2C14H2_M": [
        [-0.158486, 0.00336339, 0.000480485]
    ],
    "M_G2C15_M M_G2C15H1_M": [
        [-0.133839, 0.00329815, 0.000471164]
    ],
    "M_G2C15_M M_G2C15H2_M": [
        [-0.133708, 0.00286276, 0.000408965]
    ],
    "M_G2C16_M M_G2C16H1_M": [
        [-0.10486, 0.00271953, 0.000388504]
    ],
    "M_G2C16_M M_G2C16H2_M": [
        [-0.104916, 0.00265812, 0.000379731]
    ],
    "M_G2C17_M M_G2C17H1_M": [
        [-0.0283158, 0.00261262, 0.000373231]
    ],
    "M_G2C17_M M_G2C17H2_M": [
        [-0.0286799, 0.00263276, 0.000376109]
    ],
    "M_G2C17_M M_G2C17H3_M": [
        [-0.0279327, 0.00272531, 0.00038933]
    ],
    "M_G3_M M_G3H1_M": [
        [-0.230535, 0.00836745, 0.00119535]
    ],
    "M_G3_M M_G3H2_M": [
        [-0.174322, 0.0113064, 0.0016152]
    ]
}