{
    "M_G1_M M_G1H1_M": [
        [-0.230868, 0.0155245, 0.0046808]
    ],
    "M_G1_M M_G1H2_M": [
        [-0.0295887, 0.01905, 0.00574379]
    ],
    "M_G1C3_M M_G1C3H1_M": [
        [-0.224501, 0.0155694, 0.00469436]
    ],
    "M_G1C3_M M_G1C3H2_M": [
        [-0.228618, 0.0109892, 0.00331338]
    ],
    "M_G1C4_M M_G1C4H1_M": [
        [-0.152756, 0.0113465, 0.00342111]
    ],
    "M_G1C4_M M_G1C4H2_M": [
        [-0.152143, 0.0107292, 0.00323497]
    ],
    "M_G1C5_M M_G1C5H1_M": [
        [-0.191683, 0.010501, 0.00316618]
    ],
    "M_G1C5_M M_G1C5H2_M": [
        [-0.190805, 0.0134537, 0.00405644]
    ],
    "M_G1C6_M M_G1C6H1_M": [
        [-0.194834, 0.0104948, 0.00316429]
    ],
    "M_G1C6_M M_G1C6H2_M": [
        [-0.195978, 0.0103732, 0.00312764]
    ],
    "M_G1C7_M M_G1C7H1_M": [
        [-0.209794, 0.00978503, 0.0029503]
    ],
    "M_G1C7_M M_G1C7H2_M": [
        [-0.208741, 0.0108427, 0.0032692]
    ],
    "M_G1C8_M M_G1C8H1_M": [
        [-0.200891, 0.00973254, 0.00293447]
    ],
    "M_G1C8_M M_G1C8H2_M": [
        [-0.202278, 0.00948067, 0.00285853]
    ],
    "M_G1C9_M M_G1C9H1_M": [
        [-0.201707, 0.00922999, 0.00278295]
    ],
    "M_G1C9_M M_G1C9H2_M": [
        [-0.202357, 0.00980826, 0.0029573]
    ],
    "M_G1C10_M M_G1C10H1_M": [
        [-0.186489, 0.00860899, 0.00259571]
    ],
    "M_G1C10_M M_G1C10H2_M": [
        [-0.187436, 0.00800318, 0.00241305]
    ],
    "M_G1C11_M M_G1C11H1_M": [
        [-0.179401, 0.00778569, 0.00234747]
    ],
    "M_G1C11_M M_G1C11H2_M": [
        [-0.181156, 0.00733755, 0.00221235]
    ],
    "M_G1C12_M M_G1C12H1_M": [
        [-0.161145, 0.00753553, 0.00227205]
    ],
    "M_G1C12_M M_G1C12H2_M": [
        [-0.161964, 0.00749788, 0.0022607]
    ],
    "M_G1C13_M M_G1C13H1_M": [
        [-0.149676, 0.00729331, 0.00219901]
    ],
    "M_G1C13_M M_G1C13H2_M": [
        [-0.150667, 0.00813944, 0.00245413]
    ],
    "M_G1C14_M M_G1C14H1_M": [
        [-0.127894, 0.00675749, 0.00203746]
    ],
    "M_G1C14_M M_G1C14H2_M": [
        [-0.127381, 0.00731611, 0.00220589]
    ],
    "M_G1C15_M M_G1C15H1_M": [
        [-0.110087, 0.00626352, 0.00188852]
    ],
    "M_G1C15_M M_G1C15H2_M": [
        [-0.109616, 0.00672812, 0.0020286]
    ],
    "M_G1C16_M M_G1C16H1_M": [
        [-0.0803165, 0.00549002, 0.0016553]
    ],
    "M_G1C16_M M_G1C16H2_M": [
        [-0.0807431, 0.00436887, 0.00131726]
    ],
    "M_G1C17_M M_G1C17H1_M": [
        [-0.0264202, 0.00291892, 0.000880087]
    ],
    "M_G1C17_M M_G1C17H2_M": [
        [-0.0262463, 0.00169778, 0.0005119]
    ],
    "M_G1C17_M M_G1C17H3_M": [
        [-0.0256022, 0.00203011, 0.000612101]
    ],
    "M_G2_M M_G2H1_M": [
        [-0.209945, 0.0275912, 0.00831906]
    ],
    "M_G2C3_M M_G2C3H1_M": [
        [-0.0840506, 0.016307, 0.00491676]
    ],
    "M_G2C3_M M_G2C3H2_M": [
        [-0.0955598, 0.0170804, 0.00514994]
    ],
    "M_G2C4_M M_G2C4H1_M": [
        [-0.150616, 0.0191221, 0.00576554]
    ],
    "M_G2C4_M M_G2C4H2_M": [
        [-0.153216, 0.0171929, 0.00518386]
    ],
    "M_G2C5_M M_G2C5H1_M": [
        [-0.1705, 0.0188824, 0.00569327]
    ],
    "M_G2C5_M M_G2C5H2_M": [
        [-0.17133, 0.0164138, 0.00494896]
    ],
    "M_G2C6_M M_G2C6H1_M": [
        [-0.182395, 0.0192193, 0.00579484]
    ],
    "M_G2C6_M M_G2C6H2_M": [
        [-0.186533, 0.0173168, 0.00522122]
    ],
    "M_G2C7_M M_G2C7H1_M": [
        [-0.166131, 0.0169945, 0.00512403]
    ],
    "M_G2C7_M M_G2C7H2_M": [
        [-0.169359, 0.0165091, 0.00497768]
    ],
    "M_G2C8_M M_G2C8H1_M": [
        [-0.162208, 0.0145767, 0.00439504]
    ],
    "M_G2C8_M M_G2C8H2_M": [
        [-0.165445, 0.0155038, 0.00467458]
    ],
    "M_G2C9_M M_G2C9H1_M": [
        [-0.121047, 0.0128427, 0.00387223]
    ],
    "M_G2C9_M M_G2C9H2_M": [
        [-0.120149, 0.00858561, 0.00258866]
    ],
    "M_G2C10_M M_G2C10H1_M": [
        [-0.0996399, 0.0104218, 0.00314228]
    ],
    "M_G2C11_M M_G2C11H1_M": [
        [0.002614, 0.0107808, 0.00325053]
    ],
    "M_G2C12_M M_G2C12H1_M": [
        [-0.0527609, 0.00813801, 0.0024537]
    ],
    "M_G2C12_M M_G2C12H2_M": [
        [-0.0517331, 0.00881126, 0.0026567]
    ],
    "M_G2C13_M M_G2C13H1_M": [
        [-0.101329, 0.00768274, 0.00231643]
    ],
    "M_G2C13_M M_G2C13H2_M": [
        [-0.10281, 0.00907876, 0.00273735]
    ],
    "M_G2C14_M M_G2C14H1_M": [
        [-0.107746, 0.0069736, 0.00210262]
    ],
    "M_G2C14_M M_G2C14H2_M": [
        [-0.107038, 0.0091909, 0.00277116]
    ],
    "M_G2C15_M M_G2C15H1_M": [
        [-0.116736, 0.0068105, 0.00205344]
    ],
    "M_G2C15_M M_G2C15H2_M": [
        [-0.116114, 0.00855879, 0.00258057]
    ],
    "M_G2C16_M M_G2C16H1_M": [
        [-0.107136, 0.00698976, 0.00210749]
    ],
    "M_G2C16_M M_G2C16H2_M": [
        [-0.106751, 0.00668575, 0.00201583]
    ],
    "M_G2C17_M M_G2C17H1_M": [
        [-0.0980183, 0.00617084, 0.00186058]
    ],
    "M_G2C17_M M_G2C17H2_M": [
        [-0.0970733, 0.00553589, 0.00166913]
    ],
    "M_G2C18_M M_G2C18H1_M": [
        [-0.0752118, 0.00368482, 0.00111102]
    ],
    "M_G2C18_M M_G2C18H2_M": [
        [-0.0747881, 0.00438475, 0.00132205]
    ],
    "M_G2C19_M M_G2C19H1_M": [
        [-0.0221235, 0.0018321, 0.0005524]
    ],
    "M_G2C19_M M_G2C19H2_M": [
        [-0.024265, 0.00205135, 0.000618505]
    ],
    "M_G2C19_M M_G2C19H3_M": [
        [-0.0234287, 0.00201704, 0.000608161]
    ],
    "M_G3_M M_G3H1_M": [
        [-0.170916, 0.0313744, 0.00945972]
    ],
    "M_G3_M M_G3H2_M": [
        [-0.206028, 0.0201359, 0.00607121]
    ],
    "M_G3C4_M M_G3C4H1_M": [
        [0.0838627, 0.0144331, 0.00435175]
    ],
    "M_G3C4_M M_G3C4H2_M": [
        [0.0465717, 0.00965814, 0.00291204]
    ],
    "M_G3C5_M M_G3C5H1_M": [
        [-0.0142488, 0.010485, 0.00316135]
    ]
}