{
    "M_G1_M M_G1H1_M": [
        [-0.189438, 0.0914209, 0.0108497]
    ],
    "M_G1_M M_G1H2_M": [
        [-0.0652284, 0.0949338, 0.0112666]
    ],
    "M_G1C3_M M_G1C3H1_M": [
        [-0.248561, 0.0484163, 0.00574596]
    ],
    "M_G1C3_M M_G1C3H2_M": [
        [-0.211372, 0.057147, 0.0067821]
    ],
    "M_G1C4_M M_G1C4H1_M": [
        [-0.186237, 0.0467974, 0.00555383]
    ],
    "M_G1C4_M M_G1C4H2_M": [
        [-0.172233, 0.0510311, 0.00605627]
    ],
    "M_G1C5_M M_G1C5H1_M": [
        [-0.213577, 0.0414422, 0.00491829]
    ],
    "M_G1C5_M M_G1C5H2_M": [
        [-0.212115, 0.0398893, 0.00473399]
    ],
    "M_G1C6_M M_G1C6H1_M": [
        [-0.214016, 0.039299, 0.00466393]
    ],
    "M_G1C6_M M_G1C6H2_M": [
        [-0.213618, 0.0390438, 0.00463365]
    ],
    "M_G1C7_M M_G1C7H1_M": [
        [-0.228384, 0.0375354, 0.00445463]
    ],
    "M_G1C7_M M_G1C7H2_M": [
        [-0.229173, 0.0398876, 0.00473378]
    ],
    "M_G1C8_M M_G1C8H1_M": [
        [-0.222701, 0.0369668, 0.00438715]
    ],
    "M_G1C8_M M_G1C8H2_M": [
        [-0.221038, 0.0451218, 0.00535497]
    ],
    "M_G1C9_M M_G1C9H1_M": [
        [-0.221829, 0.0383366, 0.00454972]
    ],
    "M_G1C9_M M_G1C9H2_M": [
        [-0.222415, 0.0414756, 0.00492224]
    ],
    "M_G1C10_M M_G1C10H1_M": [
        [-0.208741, 0.0387214, 0.00459539]
    ],
    "M_G1C10_M M_G1C10H2_M": [
        [-0.20922, 0.0411052, 0.00487828]
    ],
    "M_G1C11_M M_G1C11H1_M": [
        [-0.1993, 0.0384281, 0.00456057]
    ],
    "M_G1C11_M M_G1C11H2_M": [
        [-0.202322, 0.0381986, 0.00453334]
    ],
    "M_G1C12_M M_G1C12H1_M": [
        [-0.180488, 0.0365093, 0.00433285]
    ],
    "M_G1C12_M M_G1C12H2_M": [
        [-0.181299, 0.0341053, 0.00404756]
    ],
    "M_G1C13_M M_G1C13H1_M": [
        [-0.1671, 0.0343733, 0.00407936]
    ],
    "M_G1C13_M M_G1C13H2_M": [
        [-0.168543, 0.0308873, 0.00366565]
    ],
    "M_G1C14_M M_G1C14H1_M": [
        [-0.145576, 0.0295322, 0.00350483]
    ],
    "M_G1C14_M M_G1C14H2_M": [
        [-0.144168, 0.0280154, 0.00332481]
    ],
    "M_G1C15_M M_G1C15H1_M": [
        [-0.126187, 0.0244976, 0.00290733]
    ],
    "M_G1C15_M M_G1C15H2_M": [
        [-0.125634, 0.0233715, 0.00277369]
    ],
    "M_G1C16_M M_G1C16H1_M": [
        [-0.0945164, 0.017912, 0.00212576]
    ],
    "M_G1C16_M M_G1C16H2_M": [
        [-0.0935596, 0.0169596, 0.00201274]
    ],
    "M_G1C17_M M_G1C17H1_M": [
        [-0.0315853, 0.0101673, 0.00120663]
    ],
    "M_G1C17_M M_G1C17H2_M": [
        [-0.0310266, 0.0105605, 0.0012533]
    ],
    "M_G1C17_M M_G1C17H3_M": [
        [-0.0306869, 0.0105165, 0.00124807]
    ],
    "M_G2_M M_G2H1_M": [
        [-0.196737, 0.0975858, 0.0115813]
    ],
    "M_G2C3_M M_G2C3H1_M": [
        [-0.0628248, 0.0630835, 0.00748663]
    ],
    "M_G2C3_M M_G2C3H2_M": [
        [-0.105648, 0.0546785, 0.00648915]
    ],
    "M_G2C4_M M_G2C4H1_M": [
        [-0.204169, 0.048953, 0.00580966]
    ],
    "M_G2C4_M M_G2C4H2_M": [
        [-0.211046, 0.0451332, 0.00535633]
    ],
    "M_G2C5_M M_G2C5H1_M": [
        [-0.204998, 0.0432402, 0.00513166]
    ],
    "M_G2C5_M M_G2C5H2_M": [
        [-0.213177, 0.0427102, 0.00506877]
    ],
    "M_G2C6_M M_G2C6H1_M": [
        [-0.220241, 0.0445049, 0.00528176]
    ],
    "M_G2C6_M M_G2C6H2_M": [
        [-0.217931, 0.0432789, 0.00513626]
    ],
    "M_G2C7_M M_G2C7H1_M": [
        [-0.197453, 0.0456235, 0.00541451]
    ],
    "M_G2C7_M M_G2C7H2_M": [
        [-0.196295, 0.0461103, 0.00547228]
    ],
    "M_G2C8_M M_G2C8H1_M": [
        [-0.18757, 0.044215, 0.00524735]
    ],
    "M_G2C8_M M_G2C8H2_M": [
        [-0.189097, 0.0436981, 0.00518601]
    ],
    "M_G2C9_M M_G2C9H1_M": [
        [-0.108804, 0.0404338, 0.0047986]
    ],
    "M_G2C9_M M_G2C9H2_M": [
        [-0.113083, 0.0444118, 0.00527071]
    ],
    "M_G2C10_M M_G2C10H1_M": [
        [-0.060905, 0.0518234, 0.0061503]
    ],
    "M_G2C11_M M_G2C11H1_M": [
        [-0.0513822, 0.041908, 0.00497357]
    ],
    "M_G2C12_M M_G2C12H1_M": [
        [-0.0889528, 0.0364203, 0.0043223]
    ],
    "M_G2C12_M M_G2C12H2_M": [
        [-0.0825794, 0.0403318, 0.0047865]
    ],
    "M_G2C13_M M_G2C13H1_M": [
        [-0.133699, 0.037079, 0.00440047]
    ],
    "M_G2C13_M M_G2C13H2_M": [
        [-0.12723, 0.0372994, 0.00442662]
    ],
    "M_G2C14_M M_G2C14H1_M": [
        [-0.141838, 0.0336482, 0.00399331]
    ],
    "M_G2C14_M M_G2C14H2_M": [
        [-0.135777, 0.0344727, 0.00409116]
    ],
    "M_G2C15_M M_G2C15H1_M": [
        [-0.143302, 0.0319807, 0.00379542]
    ],
    "M_G2C15_M M_G2C15H2_M": [
        [-0.145612, 0.0294509, 0.00349518]
    ],
    "M_G2C16_M M_G2C16H1_M": [
        [-0.130899, 0.0261469, 0.00310307]
    ],
    "M_G2C16_M M_G2C16H2_M": [
        [-0.132498, 0.0280991, 0.00333475]
    ],
    "M_G2C17_M M_G2C17H1_M": [
        [-0.118251, 0.0232369, 0.00275771]
    ],
    "M_G2C17_M M_G2C17H2_M": [
        [-0.120357, 0.0237745, 0.00282151]
    ],
    "M_G2C18_M M_G2C18H1_M": [
        [-0.0907385, 0.0180077, 0.00213712]
    ],
    "M_G2C18_M M_G2C18H2_M": [
        [-0.0932749, 0.0188098, 0.00223231]
    ],
    "M_G2C19_M M_G2C19H1_M": [
        [-0.029274, 0.00999922, 0.00118669]
    ],
    "M_G2C19_M M_G2C19H2_M": [
        [-0.0305472, 0.00916111, 0.00108722]
    ],
    "M_G2C19_M M_G2C19H3_M": [
        [-0.0324807, 0.00927419, 0.00110064]
    ],
    "M_G3_M M_G3H1_M": [
        [-0.231234, 0.0805894, 0.0095642]
    ],
    "M_G3_M M_G3H2_M": [
        [-0.245119, 0.0555276, 0.00658992]
    ],
    "M_G3C4_M M_G3C4H1_M": [
        [0.0416123, 0.0609138, 0.00722914]
    ],
    "M_G3C4_M M_G3C4H2_M": [
        [0.0480048, 0.0567414, 0.00673397]
    ],
    "M_G3C5_M M_G3C5H1_M": [
        [-0.0690401, 0.0495874, 0.00588494]
    ],
    "M_G3C5_M M_G3C5H2_M": [
        [-0.0772571, 0.0488587, 0.00579846]
    ],
    "M_G3N6C1_M M_G3N6C1H1_M": [
        [0.00437202, 0.0293159, 0.00347915]
    ],
    "M_G3N6C1_M M_G3N6C1H2_M": [
        [0.0154392, 0.0267727, 0.00317733]
    ],
    "M_G3N6C1_M M_G3N6C1H3_M": [
        [0.0114864, 0.0301952, 0.00358352]
    ],
    "M_G3N6C2_M M_G3N6C2H1_M": [
        [0.011669, 0.0324532, 0.00385149]
    ],
    "M_G3N6C2_M M_G3N6C2H2_M": [
        [0.0165013, 0.0250556, 0.00297356]
    ],
    "M_G3N6C2_M M_G3N6C2H3_M": [
        [0.00964688, 0.0294919, 0.00350005]
    ],
    "M_G3N6C3_M M_G3N6C3H1_M": [
        [0.0105966, 0.0228935, 0.00271696]
    ],
    "M_G3N6C3_M M_G3N6C3H2_M": [
        [0.0146168, 0.0266118, 0.00315824]
    ],
    "M_G3N6C3_M M_G3N6C3H3_M": [
        [0.0124984, 0.0235276, 0.00279221]
    ]
}