{
    "M_C3_M M_C3H3_M": [
        [0.186197, 0.0392065, 0.00549001]
    ],
    "M_C4_M M_C4H41_M": [
        [0.187593, 0.0373673, 0.00523247]
    ],
    "M_C4_M M_C4H42_M": [
        [0.0321467, 0.0270876, 0.00379302]
    ],
    "M_C6_M M_C6H6_M": [
        [-0.0162027, 0.0273132, 0.00382461]
    ],
    "M_C7_M M_C7H71_M": [
        [0.123186, 0.0409843, 0.00573895]
    ],
    "M_C7_M M_C7H72_M": [
        [0.185014, 0.0365991, 0.00512489]
    ],
    "M_C8_M M_C8H8_M": [
        [0.198139, 0.0340988, 0.00477479]
    ],
    "M_C14_M M_C14H14_M": [
        [0.198491, 0.0328009, 0.00459305]
    ],
    "M_C15_M M_C15H151_M": [
        [0.166524, 0.025821, 0.00361566]
    ],
    "M_C15_M M_C15H152_M": [
        [0.1476, 0.036183, 0.00506664]
    ],
    "M_C16_M M_C16H161_M": [
        [0.0640649, 0.0294204, 0.00411969]
    ],
    "M_C16_M M_C16H162_M": [
        [0.0760467, 0.0331723, 0.00464504]
    ],
    "M_C17_M M_C17H17_M": [
        [0.189989, 0.0284278, 0.00398069]
    ],
    "M_C13_M M_C13H13_M": [
        [0.195077, 0.033039, 0.00462639]
    ],
    "M_C12_M M_C12H121_M": [
        [0.0165275, 0.0415531, 0.00581859]
    ],
    "M_C12_M M_C12H122_M": [
        [0.189016, 0.0375888, 0.00526348]
    ],
    "M_C11_M M_C11H111_M": [
        [0.195036, 0.0359788, 0.00503804]
    ],
    "M_C11_M M_C11H112_M": [
        [0.11407, 0.0375583, 0.00525921]
    ],
    "M_C9_M M_C9H9_M": [
        [0.19584, 0.0354018, 0.00495724]
    ],
    "M_C10_M M_C10H10_M": [
        [0.190484, 0.0401273, 0.00561895]
    ],
    "M_C1_M M_C1H11_M": [
        [0.0431742, 0.0277563, 0.00388666]
    ],
    "M_C1_M M_C1H12_M": [
        [0.191887, 0.0377222, 0.00528217]
    ],
    "M_C2_M M_C2H21_M": [
        [0.0819773, 0.0361156, 0.00505719]
    ],
    "M_C2_M M_C2H22_M": [
        [0.189212, 0.0392422, 0.00549501]
    ],
    "M_C20_M M_C20H20_M": [
        [0.0807498, 0.0271568, 0.00380271]
    ],
    "M_C21_M M_C21H211_M": [
        [-0.0155585, 0.0113912, 0.00159509]
    ],
    "M_C21_M M_C21H212_M": [
        [-0.0162864, 0.0119394, 0.00167186]
    ],
    "M_C21_M M_C21H213_M": [
        [-0.0164846, 0.0117575, 0.00164638]
    ],
    "M_C22_M M_C22H221_M": [
        [0.0264018, 0.0274978, 0.00385047]
    ],
    "M_C22_M M_C22H222_M": [
        [0.0878503, 0.0217382, 0.00304396]
    ],
    "M_C23_M M_C23H231_M": [
        [0.0494641, 0.0200355, 0.00280553]
    ],
    "M_C23_M M_C23H232_M": [
        [0.0867943, 0.0189995, 0.00266047]
    ],
    "M_C24_M M_C24H241_M": [
        [0.0504921, 0.016779, 0.00234953]
    ],
    "M_C24_M M_C24H242_M": [
        [0.073229, 0.0158991, 0.00222632]
    ],
    "M_C25_M M_C25H25_M": [
        [0.0680522, 0.0106398, 0.00148987]
    ],
    "M_C26_M M_C26H261_M": [
        [-0.00772519, 0.00646708, 0.000905572]
    ],
    "M_C26_M M_C26H262_M": [
        [-0.00754585, 0.00730186, 0.00102247]
    ],
    "M_C26_M M_C26H263_M": [
        [-0.00623223, 0.00595934, 0.000834475]
    ],
    "M_C27_M M_C27H271_M": [
        [-0.00626345, 0.00652576, 0.00091379]
    ],
    "M_C27_M M_C27H272_M": [
        [-0.00608165, 0.00611331, 0.000856034]
    ],
    "M_C27_M M_C27H273_M": [
        [-0.00578019, 0.00606075, 0.000848675]
    ]
}