{
    "M_G1_M M_G1H1_M": [
        [0.0520509, 0.0433833, 0.00219399]
    ],
    "M_G1_M M_G1H2_M": [
        [0.0825497, 0.0448373, 0.00226752]
    ],
    "M_G1C3_M M_G1C3H1_M": [
        [0.132876, 0.0216676, 0.00109578]
    ],
    "M_G1C3_M M_G1C3H2_M": [
        [0.132094, 0.0190634, 0.000964076]
    ],
    "M_G1C4_M M_G1C4H1_M": [
        [0.119796, 0.0153953, 0.000778573]
    ],
    "M_G1C4_M M_G1C4H2_M": [
        [0.123135, 0.0155132, 0.000784538]
    ],
    "M_G1C5_M M_G1C5H1_M": [
        [0.137779, 0.0150431, 0.000760764]
    ],
    "M_G1C5_M M_G1C5H2_M": [
        [0.13968, 0.0147621, 0.000746549]
    ],
    "M_G1C6_M M_G1C6H1_M": [
        [0.134376, 0.0149877, 0.000757959]
    ],
    "M_G1C6_M M_G1C6H2_M": [
        [0.134824, 0.0145089, 0.000733749]
    ],
    "M_G1C7_M M_G1C7H1_M": [
        [0.140297, 0.0149479, 0.000755947]
    ],
    "M_G1C7_M M_G1C7H2_M": [
        [0.140484, 0.0146374, 0.000740244]
    ],
    "M_G1C8_M M_G1C8H1_M": [
        [0.136351, 0.0148568, 0.000751343]
    ],
    "M_G1C8_M M_G1C8H2_M": [
        [0.136513, 0.0145337, 0.000735002]
    ],
    "M_G1C9_M M_G1C9H1_M": [
        [0.136631, 0.0147021, 0.000743519]
    ],
    "M_G1C9_M M_G1C9H2_M": [
        [0.137069, 0.0155833, 0.000788082]
    ],
    "M_G1C10_M M_G1C10H1_M": [
        [0.130285, 0.0153425, 0.000775901]
    ],
    "M_G1C10_M M_G1C10H2_M": [
        [0.131091, 0.015767, 0.000797371]
    ],
    "M_G1C11_M M_G1C11H1_M": [
        [0.127267, 0.0151907, 0.000768228]
    ],
    "M_G1C11_M M_G1C11H2_M": [
        [0.127749, 0.0154031, 0.000778969]
    ],
    "M_G1C12_M M_G1C12H1_M": [
        [0.119035, 0.0151315, 0.000765234]
    ],
    "M_G1C12_M M_G1C12H2_M": [
        [0.118533, 0.0150269, 0.000759943]
    ],
    "M_G1C13_M M_G1C13H1_M": [
        [0.111704, 0.0149648, 0.000756802]
    ],
    "M_G1C13_M M_G1C13H2_M": [
        [0.111735, 0.0144116, 0.000728825]
    ],
    "M_G1C14_M M_G1C14H1_M": [
        [0.097043, 0.0140372, 0.000709892]
    ],
    "M_G1C14_M M_G1C14H2_M": [
        [0.0972355, 0.0134623, 0.000680817]
    ],
    "M_G1C15_M M_G1C15H1_M": [
        [0.0824882, 0.0124691, 0.00063059]
    ],
    "M_G1C15_M M_G1C15H2_M": [
        [0.0829276, 0.0117553, 0.000594489]
    ],
    "M_G1C16_M M_G1C16H1_M": [
        [0.0573356, 0.0102111, 0.000516396]
    ],
    "M_G1C16_M M_G1C16H2_M": [
        [0.058483, 0.00929536, 0.000470087]
    ],
    "M_G1C17_M M_G1C17H1_M": [
        [0.0175207, 0.00645124, 0.000326253]
    ],
    "M_G1C17_M M_G1C17H2_M": [
        [0.017587, 0.00613691, 0.000310357]
    ],
    "M_G1C17_M M_G1C17H3_M": [
        [0.0180387, 0.0064287, 0.000325113]
    ],
    "M_G2_M M_G2H1_M": [
        [0.0242914, 0.0477519, 0.00241491]
    ],
    "M_G2C3_M M_G2C3H1_M": [
        [0.0826255, 0.0259025, 0.00130995]
    ],
    "M_G2C3_M M_G2C3H2_M": [
        [0.0831928, 0.0380338, 0.00192345]
    ],
    "M_G2C4_M M_G2C4H1_M": [
        [0.123796, 0.0176867, 0.000894454]
    ],
    "M_G2C4_M M_G2C4H2_M": [
        [0.108419, 0.0164187, 0.000830331]
    ],
    "M_G2C5_M M_G2C5H1_M": [
        [0.128648, 0.0153127, 0.000774397]
    ],
    "M_G2C5_M M_G2C5H2_M": [
        [0.125861, 0.0166271, 0.000840866]
    ],
    "M_G2C6_M M_G2C6H1_M": [
        [0.136627, 0.0139466, 0.00070531]
    ],
    "M_G2C6_M M_G2C6H2_M": [
        [0.134434, 0.014923, 0.000754687]
    ],
    "M_G2C7_M M_G2C7H1_M": [
        [0.137897, 0.0143212, 0.000724257]
    ],
    "M_G2C7_M M_G2C7H2_M": [
        [0.136738, 0.015412, 0.000779421]
    ],
    "M_G2C8_M M_G2C8H1_M": [
        [0.141122, 0.0144135, 0.000728924]
    ],
    "M_G2C8_M M_G2C8H2_M": [
        [0.140591, 0.0151579, 0.000766569]
    ],
    "M_G2C9_M M_G2C9H1_M": [
        [0.138695, 0.0148448, 0.000750735]
    ],
    "M_G2C9_M M_G2C9H2_M": [
        [0.139117, 0.0153644, 0.000777014]
    ],
    "M_G2C10_M M_G2C10H1_M": [
        [0.138818, 0.0150377, 0.000760489]
    ],
    "M_G2C10_M M_G2C10H2_M": [
        [0.138294, 0.015055, 0.000761365]
    ],
    "M_G2C11_M M_G2C11H1_M": [
        [0.132895, 0.0158661, 0.000802384]
    ],
    "M_G2C11_M M_G2C11H2_M": [
        [0.133894, 0.014797, 0.000748315]
    ],
    "M_G2C12_M M_G2C12H1_M": [
        [0.129967, 0.0156797, 0.000792956]
    ],
    "M_G2C12_M M_G2C12H2_M": [
        [0.129749, 0.0152473, 0.000771091]
    ],
    "M_G2C13_M M_G2C13H1_M": [
        [0.121742, 0.0153369, 0.000775622]
    ],
    "M_G2C13_M M_G2C13H2_M": [
        [0.121877, 0.0155197, 0.000784864]
    ],
    "M_G2C14_M M_G2C14H1_M": [
        [0.113453, 0.0149583, 0.000756472]
    ],
    "M_G2C14_M M_G2C14H2_M": [
        [0.113884, 0.015134, 0.000765358]
    ],
    "M_G2C15_M M_G2C15H1_M": [
        [0.0971991, 0.0141607, 0.000716137]
    ],
    "M_G2C15_M M_G2C15H2_M": [
        [0.0975088, 0.0141293, 0.00071455]
    ],
    "M_G2C16_M M_G2C16H1_M": [
        [0.0757645, 0.0120028, 0.000607005]
    ],
    "M_G2C16_M M_G2C16H2_M": [
        [0.0765967, 0.0125642, 0.000635397]
    ],
    "M_G2C17_M M_G2C17H1_M": [
        [0.019011, 0.00698697, 0.000353346]
    ],
    "M_G2C17_M M_G2C17H2_M": [
        [0.0192721, 0.00700651, 0.000354334]
    ],
    "M_G2C17_M M_G2C17H3_M": [
        [0.0184784, 0.00699579, 0.000353792]
    ],
    "M_G3_M M_G3H1_M": [
        [0.0213255, 0.0374437, 0.00189361]
    ],
    "M_G3_M M_G3H2_M": [
        [0.0182223, 0.0417358, 0.00211067]
    ],
    "M_G3C4_M M_G3C4H1_M": [
        [-0.0262692, 0.0200424, 0.00101359]
    ],
    "M_G3C4_M M_G3C4H2_M": [
        [-0.0208355, 0.020269, 0.00102505]
    ],
    "M_G3C5_M M_G3C5H1_M": [
        [0.0277406, 0.0158721, 0.000802685]
    ],
    "M_G3C5_M M_G3C5H2_M": [
        [0.011522, 0.0163441, 0.000826558]
    ],
    "M_G3N6C1_M M_G3N6C1H1_M": [
        [-0.00687699, 0.00857407, 0.000433609]
    ],
    "M_G3N6C1_M M_G3N6C1H2_M": [
        [-0.00704272, 0.00857377, 0.000433594]
    ],
    "M_G3N6C1_M M_G3N6C1H3_M": [
        [-0.00672889, 0.00842933, 0.00042629]
    ],
    "M_G3N6C2_M M_G3N6C2H1_M": [
        [-0.00659814, 0.00858855, 0.000434342]
    ],
    "M_G3N6C2_M M_G3N6C2H2_M": [
        [-0.00708478, 0.00883709, 0.000446911]
    ],
    "M_G3N6C2_M M_G3N6C2H3_M": [
        [-0.00665811, 0.00843987, 0.000426822]
    ],
    "M_G3N6C3_M M_G3N6C3H1_M": [
        [-0.00648361, 0.00878224, 0.000444137]
    ],
    "M_G3N6C3_M M_G3N6C3H2_M": [
        [-0.00673781, 0.00877669, 0.000443856]
    ],
    "M_G3N6C3_M M_G3N6C3H3_M": [
        [-0.00621927, 0.00881967, 0.00044603]
    ]
}