{
    "M_C3_M M_C3H3_M": [
        [-0.353056, 0.012596, 0.00226231]
    ],
    "M_C4_M M_C4H41_M": [
        [-0.30408, 0.0131817, 0.00236751]
    ],
    "M_C4_M M_C4H42_M": [
        [-0.176587, 0.0224243, 0.00402752]
    ],
    "M_C6_M M_C6H6_M": [
        [-0.0349703, 0.0216584, 0.00388997]
    ],
    "M_C7_M M_C7H71_M": [
        [-0.261546, 0.0137055, 0.00246158]
    ],
    "M_C7_M M_C7H72_M": [
        [-0.313078, 0.0137667, 0.00247257]
    ],
    "M_C8_M M_C8H8_M": [
        [-0.382884, 0.0131595, 0.00236351]
    ],
    "M_C14_M M_C14H14_M": [
        [-0.37887, 0.0133277, 0.00239373]
    ],
    "M_C15_M M_C15H151_M": [
        [-0.352986, 0.0153449, 0.00275602]
    ],
    "M_C15_M M_C15H152_M": [
        [-0.303218, 0.0187285, 0.00336374]
    ],
    "M_C16_M M_C16H161_M": [
        [-0.0674924, 0.0162232, 0.00291377]
    ],
    "M_C16_M M_C16H162_M": [
        [-0.168026, 0.0155254, 0.00278844]
    ],
    "M_C17_M M_C17H17_M": [
        [-0.375416, 0.0135494, 0.00243355]
    ],
    "M_C18_M M_C18H181_M": [
        [0.104127, 0.0161959, 0.00290887]
    ],
    "M_C18_M M_C18H182_M": [
        [0.110103, 0.017309, 0.00310878]
    ],
    "M_C18_M M_C18H183_M": [
        [0.108085, 0.0142566, 0.00256056]
    ],
    "M_C12_M M_C12H121_M": [
        [-0.109456, 0.0222372, 0.00399392]
    ],
    "M_C12_M M_C12H122_M": [
        [-0.374045, 0.0128957, 0.00231613]
    ],
    "M_C11_M M_C11H111_M": [
        [-0.376707, 0.0129393, 0.00232397]
    ],
    "M_C11_M M_C11H112_M": [
        [-0.201385, 0.0141172, 0.00253553]
    ],
    "M_C9_M M_C9H9_M": [
        [-0.378277, 0.0131388, 0.00235979]
    ],
    "M_C19_M M_C19H191_M": [
        [0.10517, 0.0160701, 0.00288627]
    ],
    "M_C19_M M_C19H192_M": [
        [0.115463, 0.0170954, 0.00307042]
    ],
    "M_C19_M M_C19H193_M": [
        [0.106631, 0.0171151, 0.00307395]
    ],
    "M_C1_M M_C1H11_M": [
        [-0.190448, 0.0206931, 0.0037166]
    ],
    "M_C1_M M_C1H12_M": [
        [-0.346127, 0.013025, 0.00233937]
    ],
    "M_C2_M M_C2H21_M": [
        [-0.20811, 0.01413, 0.00253783]
    ],
    "M_C2_M M_C2H22_M": [
        [-0.330737, 0.0126885, 0.00227892]
    ],
    "M_C20_M M_C20H20_M": [
        [-0.359748, 0.0126849, 0.00227827]
    ],
    "M_C21_M M_C21H211_M": [
        [0.0970617, 0.0145468, 0.00261268]
    ],
    "M_C21_M M_C21H212_M": [
        [0.0947782, 0.016886, 0.00303282]
    ],
    "M_C21_M M_C21H213_M": [
        [0.0911342, 0.0145059, 0.00260533]
    ],
    "M_C22_M M_C22H221_M": [
        [-0.186849, 0.0246676, 0.00443042]
    ],
    "M_C22_M M_C22H222_M": [
        [-0.324886, 0.015426, 0.0027706]
    ],
    "M_C23_M M_C23H231_M": [
        [-0.144426, 0.0212779, 0.00382162]
    ],
    "M_C23_M M_C23H232_M": [
        [-0.307364, 0.015558, 0.00279429]
    ],
    "M_C24_M M_C24H241_M": [
        [-0.160177, 0.0199711, 0.00358691]
    ],
    "M_C24_M M_C24H242_M": [
        [-0.259221, 0.0148578, 0.00266854]
    ],
    "M_C25_M M_C25H25_M": [
        [-0.138294, 0.0132507, 0.0023799]
    ],
    "M_C26_M M_C26H261_M": [
        [0.00956742, 0.0182008, 0.00326896]
    ],
    "M_C26_M M_C26H262_M": [
        [0.0117135, 0.0145916, 0.00262072]
    ],
    "M_C26_M M_C26H263_M": [
        [0.00926426, 0.0147265, 0.00264495]
    ],
    "M_C27_M M_C27H271_M": [
        [0.00458157, 0.0160661, 0.00288556]
    ],
    "M_C27_M M_C27H272_M": [
        [0.00388124, 0.0153167, 0.00275095]
    ],
    "M_C27_M M_C27H273_M": [
        [0.00377365, 0.0156238, 0.00280611]
    ]
}