{
    "M_G1_M M_G1H1_M": [
        [-0.120408, 0.174863, 0.0155166]
    ],
    "M_G1_M M_G1H2_M": [
        [-0.0405419, 0.150695, 0.013372]
    ],
    "M_G1C3_M M_G1C3H1_M": [
        [-0.19302, 0.102809, 0.00912287]
    ],
    "M_G1C3_M M_G1C3H2_M": [
        [-0.196885, 0.116884, 0.0103718]
    ],
    "M_G1C4_M M_G1C4H1_M": [
        [-0.16709, 0.0954041, 0.00846575]
    ],
    "M_G1C4_M M_G1C4H2_M": [
        [-0.172912, 0.105769, 0.00938545]
    ],
    "M_G1C5_M M_G1C5H1_M": [
        [-0.217828, 0.0742047, 0.0065846]
    ],
    "M_G1C5_M M_G1C5H2_M": [
        [-0.217099, 0.0819497, 0.00727186]
    ],
    "M_G1C6_M M_G1C6H1_M": [
        [-0.169352, 0.0866834, 0.00769191]
    ],
    "M_G1C6_M M_G1C6H2_M": [
        [-0.16577, 0.0851546, 0.00755625]
    ],
    "M_G1C7_M M_G1C7H1_M": [
        [-0.175512, 0.0867471, 0.00769756]
    ],
    "M_G1C7_M M_G1C7H2_M": [
        [-0.175284, 0.0806633, 0.00715771]
    ],
    "M_G1C8_M M_G1C8H1_M": [
        [-0.167424, 0.0755225, 0.00670154]
    ],
    "M_G1C8_M M_G1C8H2_M": [
        [-0.164005, 0.0802924, 0.0071248]
    ],
    "M_G1C9_M M_G1C9H1_M": [
        [-0.162475, 0.0734033, 0.00651349]
    ],
    "M_G1C9_M M_G1C9H2_M": [
        [-0.165269, 0.065505, 0.00581263]
    ],
    "M_G1C10_M M_G1C10H1_M": [
        [-0.149588, 0.0613475, 0.00544371]
    ],
    "M_G1C10_M M_G1C10H2_M": [
        [-0.149182, 0.0680108, 0.00603498]
    ],
    "M_G1C11_M M_G1C11H1_M": [
        [-0.139441, 0.0604748, 0.00536627]
    ],
    "M_G1C11_M M_G1C11H2_M": [
        [-0.134057, 0.0665804, 0.00590806]
    ],
    "M_G1C12_M M_G1C12H1_M": [
        [-0.116539, 0.0591812, 0.00525148]
    ],
    "M_G1C12_M M_G1C12H2_M": [
        [-0.120808, 0.0509175, 0.0045182]
    ],
    "M_G1C13_M M_G1C13H1_M": [
        [-0.106098, 0.0485909, 0.00431174]
    ],
    "M_G1C13_M M_G1C13H2_M": [
        [-0.110324, 0.0517677, 0.00459364]
    ],
    "M_G1C14_M M_G1C14H1_M": [
        [-0.0896152, 0.0447372, 0.00396978]
    ],
    "M_G1C14_M M_G1C14H2_M": [
        [-0.0875906, 0.0428015, 0.00379802]
    ],
    "M_G1C15_M M_G1C15H1_M": [
        [-0.0729158, 0.0341378, 0.00302924]
    ],
    "M_G1C15_M M_G1C15H2_M": [
        [-0.071497, 0.0316077, 0.00280473]
    ],
    "M_G1C16_M M_G1C16H1_M": [
        [-0.0459774, 0.0267494, 0.00237363]
    ],
    "M_G1C16_M M_G1C16H2_M": [
        [-0.0460199, 0.025637, 0.00227492]
    ],
    "M_G1C17_M M_G1C17H1_M": [
        [-0.0126928, 0.0110199, 0.000977856]
    ],
    "M_G1C17_M M_G1C17H2_M": [
        [-0.0130417, 0.0112989, 0.00100261]
    ],
    "M_G1C17_M M_G1C17H3_M": [
        [-0.0126278, 0.0112433, 0.000997682]
    ],
    "M_G2_M M_G2H1_M": [
        [-0.176782, 0.149254, 0.0132441]
    ],
    "M_G2C3_M M_G2C3H1_M": [
        [-0.0515459, 0.127471, 0.0113113]
    ],
    "M_G2C3_M M_G2C3H2_M": [
        [-0.0719933, 0.132286, 0.0117385]
    ],
    "M_G2C4_M M_G2C4H1_M": [
        [-0.134681, 0.119386, 0.0105938]
    ],
    "M_G2C4_M M_G2C4H2_M": [
        [-0.0881642, 0.123208, 0.010933]
    ],
    "M_G2C5_M M_G2C5H1_M": [
        [-0.142898, 0.0944387, 0.00838008]
    ],
    "M_G2C5_M M_G2C5H2_M": [
        [-0.0981174, 0.110685, 0.00982174]
    ],
    "M_G2C6_M M_G2C6H1_M": [
        [-0.149398, 0.0876076, 0.00777392]
    ],
    "M_G2C6_M M_G2C6H2_M": [
        [-0.1508, 0.0841094, 0.0074635]
    ],
    "M_G2C7_M M_G2C7H1_M": [
        [-0.163589, 0.0743947, 0.00660146]
    ],
    "M_G2C7_M M_G2C7H2_M": [
        [-0.135056, 0.09072, 0.0080501]
    ],
    "M_G2C8_M M_G2C8H1_M": [
        [-0.171561, 0.075121, 0.00666591]
    ],
    "M_G2C8_M M_G2C8H2_M": [
        [-0.160996, 0.0809399, 0.00718225]
    ],
    "M_G2C9_M M_G2C9H1_M": [
        [-0.132101, 0.0806795, 0.00715915]
    ],
    "M_G2C9_M M_G2C9H2_M": [
        [-0.135932, 0.0706941, 0.00627309]
    ],
    "M_G2C10_M M_G2C10H1_M": [
        [-0.0940332, 0.096664, 0.00857755]
    ],
    "M_G2C11_M M_G2C11H1_M": [
        [-0.0115055, 0.101158, 0.00897633]
    ],
    "M_G2C12_M M_G2C12H1_M": [
        [-0.0850904, 0.0682208, 0.00605362]
    ],
    "M_G2C12_M M_G2C12H2_M": [
        [-0.086325, 0.0703614, 0.00624357]
    ],
    "M_G2C13_M M_G2C13H1_M": [
        [-0.113766, 0.0677203, 0.00600921]
    ],
    "M_G2C13_M M_G2C13H2_M": [
        [-0.11851, 0.063324, 0.0056191]
    ],
    "M_G2C14_M M_G2C14H1_M": [
        [-0.0903233, 0.0511296, 0.00453702]
    ],
    "M_G2C14_M M_G2C14H2_M": [
        [-0.0932791, 0.0492717, 0.00437215]
    ],
    "M_G2C15_M M_G2C15H1_M": [
        [-0.10326, 0.0449906, 0.00399227]
    ],
    "M_G2C15_M M_G2C15H2_M": [
        [-0.100295, 0.0412455, 0.00365995]
    ],
    "M_G2C16_M M_G2C16H1_M": [
        [-0.0807948, 0.0376932, 0.00334473]
    ],
    "M_G2C16_M M_G2C16H2_M": [
        [-0.0824054, 0.0385734, 0.00342283]
    ],
    "M_G2C17_M M_G2C17H1_M": [
        [-0.0713923, 0.0340211, 0.00301889]
    ],
    "M_G2C17_M M_G2C17H2_M": [
        [-0.0731534, 0.0299473, 0.0026574]
    ],
    "M_G2C18_M M_G2C18H1_M": [
        [-0.0467231, 0.0229501, 0.0020365]
    ],
    "M_G2C18_M M_G2C18H2_M": [
        [-0.0465806, 0.0280758, 0.00249133]
    ],
    "M_G2C19_M M_G2C19H1_M": [
        [-0.0130185, 0.0112548, 0.0009987]
    ],
    "M_G2C19_M M_G2C19H2_M": [
        [-0.0146725, 0.0105308, 0.000934457]
    ],
    "M_G2C19_M M_G2C19H3_M": [
        [-0.0144063, 0.0106168, 0.000942088]
    ],
    "M_G3_M M_G3H1_M": [
        [-0.261063, 0.0976842, 0.00866807]
    ],
    "M_G3_M M_G3H2_M": [
        [-0.21642, 0.0988345, 0.00877014]
    ],
    "M_G3C4_M M_G3C4H1_M": [
        [0.105465, 0.0778887, 0.00691151]
    ],
    "M_G3C4_M M_G3C4H2_M": [
        [0.127107, 0.0732437, 0.00649933]
    ],
    "M_G3C5_M M_G3C5H1_M": [
        [-0.0378812, 0.0680792, 0.00604105]
    ],
    "M_G3C5_M M_G3C5H2_M": [
        [-0.0516681, 0.0643994, 0.00571452]
    ],
    "M_G3N6C1_M M_G3N6C1H1_M": [
        [0.0184051, 0.00911514, 0.000808838]
    ],
    "M_G3N6C1_M M_G3N6C1H2_M": [
        [0.0179853, 0.00906666, 0.000804536]
    ],
    "M_G3N6C1_M M_G3N6C1H3_M": [
        [0.0179799, 0.00872731, 0.000774423]
    ],
    "M_G3N6C2_M M_G3N6C2H1_M": [
        [0.0173161, 0.00929269, 0.000824593]
    ],
    "M_G3N6C2_M M_G3N6C2H2_M": [
        [0.0186864, 0.00958268, 0.000850326]
    ],
    "M_G3N6C2_M M_G3N6C2H3_M": [
        [0.0183291, 0.00973001, 0.000863399]
    ],
    "M_G3N6C3_M M_G3N6C3H1_M": [
        [0.0180821, 0.00849285, 0.000753618]
    ],
    "M_G3N6C3_M M_G3N6C3H2_M": [
        [0.0181801, 0.00909403, 0.000806964]
    ],
    "M_G3N6C3_M M_G3N6C3H3_M": [
        [0.0186718, 0.00917196, 0.00081388]
    ]
}