{
    "M_G1_M M_G1H1_M": [
        [-0.222752, 0.0704312, 0.00755102]
    ],
    "M_G1_M M_G1H2_M": [
        [0.0216212, 0.0631913, 0.00677481]
    ],
    "M_G1C3_M M_G1C3H1_M": [
        [-0.265953, 0.0215964, 0.00231538]
    ],
    "M_G1C3_M M_G1C3H2_M": [
        [-0.259931, 0.0205389, 0.002202]
    ],
    "M_G1C4_M M_G1C4H1_M": [
        [-0.19214, 0.0216407, 0.00232013]
    ],
    "M_G1C4_M M_G1C4H2_M": [
        [-0.18259, 0.0206598, 0.00221497]
    ],
    "M_G1C5_M M_G1C5H1_M": [
        [-0.2161, 0.0216576, 0.00232194]
    ],
    "M_G1C5_M M_G1C5H2_M": [
        [-0.214788, 0.0211101, 0.00226324]
    ],
    "M_G1C6_M M_G1C6H1_M": [
        [-0.20075, 0.0210898, 0.00226106]
    ],
    "M_G1C6_M M_G1C6H2_M": [
        [-0.199451, 0.0210101, 0.00225252]
    ],
    "M_G1C7_M M_G1C7H1_M": [
        [-0.212131, 0.0203114, 0.00217761]
    ],
    "M_G1C7_M M_G1C7H2_M": [
        [-0.211252, 0.0209224, 0.00224312]
    ],
    "M_G1C8_M M_G1C8H1_M": [
        [-0.194612, 0.0204861, 0.00219634]
    ],
    "M_G1C8_M M_G1C8H2_M": [
        [-0.192427, 0.0206348, 0.00221229]
    ],
    "M_G1C9_M M_G1C9H1_M": [
        [-0.193287, 0.019387, 0.00207851]
    ],
    "M_G1C9_M M_G1C9H2_M": [
        [-0.19338, 0.0198953, 0.002133]
    ],
    "M_G1C10_M M_G1C10H1_M": [
        [-0.172921, 0.0192058, 0.00205908]
    ],
    "M_G1C10_M M_G1C10H2_M": [
        [-0.170512, 0.0194125, 0.00208124]
    ],
    "M_G1C11_M M_G1C11H1_M": [
        [-0.165066, 0.018276, 0.00195939]
    ],
    "M_G1C11_M M_G1C11H2_M": [
        [-0.164722, 0.0184549, 0.00197857]
    ],
    "M_G1C12_M M_G1C12H1_M": [
        [-0.14432, 0.0158155, 0.0016956]
    ],
    "M_G1C12_M M_G1C12H2_M": [
        [-0.141514, 0.0171938, 0.00184337]
    ],
    "M_G1C13_M M_G1C13H1_M": [
        [-0.134009, 0.0138653, 0.00148651]
    ],
    "M_G1C13_M M_G1C13H2_M": [
        [-0.13308, 0.0153463, 0.0016453]
    ],
    "M_G1C14_M M_G1C14H1_M": [
        [-0.11105, 0.0113885, 0.00122098]
    ],
    "M_G1C14_M M_G1C14H2_M": [
        [-0.109798, 0.0120327, 0.00129004]
    ],
    "M_G1C15_M M_G1C15H1_M": [
        [-0.0970001, 0.0101348, 0.00108656]
    ],
    "M_G1C15_M M_G1C15H2_M": [
        [-0.0967825, 0.0101203, 0.00108501]
    ],
    "M_G1C16_M M_G1C16H1_M": [
        [-0.0692431, 0.00767649, 0.000823006]
    ],
    "M_G1C16_M M_G1C16H2_M": [
        [-0.0690475, 0.00788981, 0.000845876]
    ],
    "M_G1C17_M M_G1C17H1_M": [
        [-0.0244788, 0.00510811, 0.000547646]
    ],
    "M_G1C17_M M_G1C17H2_M": [
        [-0.0253185, 0.00466348, 0.000499977]
    ],
    "M_G1C17_M M_G1C17H3_M": [
        [-0.0241131, 0.00562986, 0.000603585]
    ],
    "M_G2_M M_G2H1_M": [
        [-0.208469, 0.0727388, 0.00779842]
    ],
    "M_G2C3_M M_G2C3H1_M": [
        [-0.129184, 0.0262434, 0.00281359]
    ],
    "M_G2C3_M M_G2C3H2_M": [
        [-0.109573, 0.0357315, 0.00383082]
    ],
    "M_G2C4_M M_G2C4H1_M": [
        [-0.188962, 0.0218378, 0.00234126]
    ],
    "M_G2C4_M M_G2C4H2_M": [
        [-0.17165, 0.0245189, 0.00262871]
    ],
    "M_G2C5_M M_G2C5H1_M": [
        [-0.181937, 0.0224313, 0.00240489]
    ],
    "M_G2C5_M M_G2C5H2_M": [
        [-0.174811, 0.0241931, 0.00259377]
    ],
    "M_G2C6_M M_G2C6H1_M": [
        [-0.188245, 0.0220638, 0.00236548]
    ],
    "M_G2C6_M M_G2C6H2_M": [
        [-0.186497, 0.0236083, 0.00253107]
    ],
    "M_G2C7_M M_G2C7H1_M": [
        [-0.159062, 0.0219422, 0.00235245]
    ],
    "M_G2C7_M M_G2C7H2_M": [
        [-0.161495, 0.0218014, 0.00233736]
    ],
    "M_G2C8_M M_G2C8H1_M": [
        [-0.155929, 0.0210688, 0.00225882]
    ],
    "M_G2C8_M M_G2C8H2_M": [
        [-0.157232, 0.02088, 0.00223857]
    ],
    "M_G2C9_M M_G2C9H1_M": [
        [-0.109634, 0.0168848, 0.00181024]
    ],
    "M_G2C9_M M_G2C9H2_M": [
        [-0.108347, 0.0175038, 0.00187661]
    ],
    "M_G2C10_M M_G2C10H1_M": [
        [-0.0828194, 0.018368, 0.00196926]
    ],
    "M_G2C11_M M_G2C11H1_M": [
        [0.0218146, 0.0185606, 0.00198991]
    ],
    "M_G2C12_M M_G2C12H1_M": [
        [-0.0384941, 0.0175176, 0.00187809]
    ],
    "M_G2C12_M M_G2C12H2_M": [
        [-0.0413679, 0.0152716, 0.00163729]
    ],
    "M_G2C13_M M_G2C13H1_M": [
        [-0.083929, 0.0168228, 0.0018036]
    ],
    "M_G2C13_M M_G2C13H2_M": [
        [-0.0839052, 0.0163063, 0.00174822]
    ],
    "M_G2C14_M M_G2C14H1_M": [
        [-0.0921907, 0.0159202, 0.00170682]
    ],
    "M_G2C14_M M_G2C14H2_M": [
        [-0.0912498, 0.0152341, 0.00163327]
    ],
    "M_G2C15_M M_G2C15H1_M": [
        [-0.100777, 0.0142698, 0.00152988]
    ],
    "M_G2C15_M M_G2C15H2_M": [
        [-0.0991182, 0.0150221, 0.00161054]
    ],
    "M_G2C16_M M_G2C16H1_M": [
        [-0.0932601, 0.0134301, 0.00143986]
    ],
    "M_G2C16_M M_G2C16H2_M": [
        [-0.0929846, 0.0132276, 0.00141815]
    ],
    "M_G2C17_M M_G2C17H1_M": [
        [-0.0843195, 0.0118183, 0.00126706]
    ],
    "M_G2C17_M M_G2C17H2_M": [
        [-0.0844155, 0.0118063, 0.00126577]
    ],
    "M_G2C18_M M_G2C18H1_M": [
        [-0.0658509, 0.00909058, 0.000974613]
    ],
    "M_G2C18_M M_G2C18H2_M": [
        [-0.0649593, 0.00878519, 0.000941871]
    ],
    "M_G2C19_M M_G2C19H1_M": [
        [-0.0195102, 0.00568425, 0.000609415]
    ],
    "M_G2C19_M M_G2C19H2_M": [
        [-0.0190194, 0.00544163, 0.000583403]
    ],
    "M_G2C19_M M_G2C19H3_M": [
        [-0.0200165, 0.00506942, 0.000543499]
    ],
    "M_G3_M M_G3H1_M": [
        [-0.146969, 0.0775347, 0.00831259]
    ],
    "M_G3_M M_G3H2_M": [
        [-0.208765, 0.0652593, 0.00699653]
    ],
    "M_G3C4_M M_G3C4H1_M": [
        [0.122589, 0.0529548, 0.00567735]
    ],
    "M_G3C4_M M_G3C4H2_M": [
        [0.100426, 0.0435691, 0.0046711]
    ],
    "M_G3C5_M M_G3C5H1_M": [
        [0.00116167, 0.0369258, 0.00395886]
    ],
    "M_G3C6_M M_G3C6H1_M": [
        [0.0115653, 0.0327612, 0.00351237]
    ],
    "M_G3C6_M M_G3C6H2_M": [
        [0.0200554, 0.0319522, 0.00342564]
    ]
}