{
    "M_G1C1_M M_G1C1H1_M": [
        [0.00336622, 0.0308697, 0.00371628]
    ],
    "M_G1C1_M M_G1C1H2_M": [
        [0.00729442, 0.0305256, 0.00367485]
    ],
    "M_G1C2_M M_G1C2H1_M": [
        [-0.044081, 0.0285408, 0.0034359]
    ],
    "M_G1C2_M M_G1C2H2_M": [
        [-0.0389503, 0.0274793, 0.00330812]
    ],
    "M_G1C3_M M_G1C3H1_M": [
        [-0.130161, 0.0209152, 0.0025179]
    ],
    "M_G1C3_M M_G1C3H2_M": [
        [-0.130283, 0.0266065, 0.00320304]
    ],
    "M_G1C4_M M_G1C4H1_M": [
        [-0.228514, 0.0177272, 0.00213411]
    ],
    "M_G1C4_M M_G1C4H2_M": [
        [-0.228159, 0.0202391, 0.00243651]
    ],
    "M_G1C5_M M_G1C5H1_M": [
        [-0.255955, 0.0173334, 0.0020867]
    ],
    "M_G1C5_M M_G1C5H2_M": [
        [-0.253627, 0.0186735, 0.00224803]
    ],
    "M_G1C6_M M_G1C6H1_M": [
        [-0.270593, 0.0166296, 0.00200197]
    ],
    "M_G1C6_M M_G1C6H2_M": [
        [-0.26968, 0.015742, 0.00189512]
    ],
    "M_G1C7_M M_G1C7H1_M": [
        [-0.274418, 0.0170886, 0.00205722]
    ],
    "M_G1C7_M M_G1C7H2_M": [
        [-0.274441, 0.0157418, 0.00189509]
    ],
    "M_G1C8_M M_G1C8H1_M": [
        [-0.276354, 0.0164219, 0.00197697]
    ],
    "M_G1C8_M M_G1C8H2_M": [
        [-0.278004, 0.0152149, 0.00183165]
    ],
    "M_G1C9_M M_G1C9H1_M": [
        [-0.27171, 0.0168086, 0.00202352]
    ],
    "M_G1C9_M M_G1C9H2_M": [
        [-0.272452, 0.0156013, 0.00187818]
    ],
    "M_G1C10_M M_G1C10H1_M": [
        [-0.265856, 0.0157259, 0.00189317]
    ],
    "M_G1C10_M M_G1C10H2_M": [
        [-0.266019, 0.0156222, 0.0018807]
    ],
    "M_G1C11_M M_G1C11H1_M": [
        [-0.253862, 0.0165368, 0.0019908]
    ],
    "M_G1C11_M M_G1C11H2_M": [
        [-0.25442, 0.0166328, 0.00200235]
    ],
    "M_G1C12_M M_G1C12H1_M": [
        [-0.240007, 0.0158309, 0.00190582]
    ],
    "M_G1C12_M M_G1C12H2_M": [
        [-0.240225, 0.0162203, 0.0019527]
    ],
    "M_G1C13_M M_G1C13H1_M": [
        [-0.21874, 0.0152149, 0.00183166]
    ],
    "M_G1C13_M M_G1C13H2_M": [
        [-0.219322, 0.014411, 0.00173488]
    ],
    "M_G1C14_M M_G1C14H1_M": [
        [-0.190654, 0.0142546, 0.00171605]
    ],
    "M_G1C14_M M_G1C14H2_M": [
        [-0.191125, 0.0140467, 0.00169103]
    ],
    "M_G1C15_M M_G1C15H1_M": [
        [-0.144841, 0.0130479, 0.00157079]
    ],
    "M_G1C15_M M_G1C15H2_M": [
        [-0.144405, 0.0115828, 0.00139441]
    ],
    "M_G1C16_M M_G1C16H1_M": [
        [-0.0415104, 0.00616597, 0.000742296]
    ],
    "M_G1C16_M M_G1C16H2_M": [
        [-0.0418337, 0.00634826, 0.000764241]
    ],
    "M_G1C16_M M_G1C16H3_M": [
        [-0.0403667, 0.00550765, 0.000663044]
    ],
    "M_G2C1_M M_G2C1H1_M": [
        [0.00387455, 0.0320199, 0.00385474]
    ],
    "M_G2C1_M M_G2C1H2_M": [
        [-0.00300204, 0.0286411, 0.00344798]
    ],
    "M_G2C2_M M_G2C2H1_M": [
        [-0.0467232, 0.0264159, 0.0031801]
    ],
    "M_G2C2_M M_G2C2H2_M": [
        [-0.0446667, 0.0281595, 0.00339001]
    ],
    "M_G2C3_M M_G2C3H1_M": [
        [-0.13399, 0.0211493, 0.00254608]
    ],
    "M_G2C3_M M_G2C3H2_M": [
        [-0.130862, 0.0258289, 0.00310944]
    ],
    "M_G2C4_M M_G2C4H1_M": [
        [-0.227646, 0.0215212, 0.00259085]
    ],
    "M_G2C4_M M_G2C4H2_M": [
        [-0.228357, 0.0209867, 0.00252651]
    ],
    "M_G2C5_M M_G2C5H1_M": [
        [-0.255451, 0.0210086, 0.00252914]
    ],
    "M_G2C5_M M_G2C5H2_M": [
        [-0.257131, 0.0201688, 0.00242803]
    ],
    "M_G2C6_M M_G2C6H1_M": [
        [-0.271778, 0.0177659, 0.00213876]
    ],
    "M_G2C6_M M_G2C6H2_M": [
        [-0.272315, 0.0172855, 0.00208093]
    ],
    "M_G2C7_M M_G2C7H1_M": [
        [-0.274781, 0.0171016, 0.00205879]
    ],
    "M_G2C7_M M_G2C7H2_M": [
        [-0.275445, 0.0162404, 0.00195512]
    ],
    "M_G2C8_M M_G2C8H1_M": [
        [-0.278759, 0.0167226, 0.00201317]
    ],
    "M_G2C8_M M_G2C8H2_M": [
        [-0.279409, 0.0160609, 0.0019335]
    ],
    "M_G2C9_M M_G2C9H1_M": [
        [-0.273933, 0.0170027, 0.00204688]
    ],
    "M_G2C9_M M_G2C9H2_M": [
        [-0.274773, 0.0169671, 0.0020426]
    ],
    "M_G2C10_M M_G2C10H1_M": [
        [-0.268445, 0.0169333, 0.00203853]
    ],
    "M_G2C10_M M_G2C10H2_M": [
        [-0.26877, 0.016469, 0.00198263]
    ],
    "M_G2C11_M M_G2C11H1_M": [
        [-0.256705, 0.0166098, 0.00199958]
    ],
    "M_G2C11_M M_G2C11H2_M": [
        [-0.257175, 0.0175027, 0.00210708]
    ],
    "M_G2C12_M M_G2C12H1_M": [
        [-0.242811, 0.0167376, 0.00201497]
    ],
    "M_G2C12_M M_G2C12H2_M": [
        [-0.243201, 0.017475, 0.00210374]
    ],
    "M_G2C13_M M_G2C13H1_M": [
        [-0.221826, 0.0156892, 0.00188876]
    ],
    "M_G2C13_M M_G2C13H2_M": [
        [-0.221657, 0.016616, 0.00200033]
    ],
    "M_G2C14_M M_G2C14H1_M": [
        [-0.191981, 0.014859, 0.00178882]
    ],
    "M_G2C14_M M_G2C14H2_M": [
        [-0.191895, 0.0150712, 0.00181436]
    ],
    "M_G2C15_M M_G2C15H1_M": [
        [-0.145073, 0.0118657, 0.00142846]
    ],
    "M_G2C15_M M_G2C15H2_M": [
        [-0.144855, 0.013255, 0.00159571]
    ],
    "M_G2C16_M M_G2C16H1_M": [
        [-0.041108, 0.00623288, 0.000750351]
    ],
    "M_G2C16_M M_G2C16H2_M": [
        [-0.0411706, 0.00547223, 0.000658779]
    ],
    "M_G2C16_M M_G2C16H3_M": [
        [-0.0413743, 0.00623582, 0.000750705]
    ],
    "M_N1C1_M M_N1C1H1_M": [
        [-0.0122809, 0.0148116, 0.00178311]
    ],
    "M_N1C1_M M_N1C1H2_M": [
        [-0.0113934, 0.0137313, 0.00165306]
    ],
    "M_N1C1_M M_N1C1H3_M": [
        [-0.0114258, 0.0142372, 0.00171396]
    ],
    "M_N1C2_M M_N1C2H1_M": [
        [-0.00959574, 0.013034, 0.00156911]
    ],
    "M_N1C2_M M_N1C2H2_M": [
        [-0.00905198, 0.0133806, 0.00161083]
    ],
    "M_N1C2_M M_N1C2H3_M": [
        [-0.00968014, 0.0135857, 0.00163552]
    ]
}