{
    "M_G1_M M_G1H1_M": [
        [-0.183933, 0.0484241, 0.00259208]
    ],
    "M_G1_M M_G1H2_M": [
        [-0.0413395, 0.0438522, 0.00234736]
    ],
    "M_G1C3_M M_G1C3H1_M": [
        [-0.251316, 0.0256378, 0.00137236]
    ],
    "M_G1C3_M M_G1C3H2_M": [
        [-0.221285, 0.0307104, 0.00164389]
    ],
    "M_G1C4_M M_G1C4H1_M": [
        [-0.199739, 0.0209437, 0.00112109]
    ],
    "M_G1C4_M M_G1C4H2_M": [
        [-0.184925, 0.023186, 0.00124112]
    ],
    "M_G1C5_M M_G1C5H1_M": [
        [-0.228417, 0.0186827, 0.00100006]
    ],
    "M_G1C5_M M_G1C5H2_M": [
        [-0.22566, 0.0191167, 0.00102329]
    ],
    "M_G1C6_M M_G1C6H1_M": [
        [-0.230336, 0.019371, 0.00103691]
    ],
    "M_G1C6_M M_G1C6H2_M": [
        [-0.227694, 0.0198406, 0.00106204]
    ],
    "M_G1C7_M M_G1C7H1_M": [
        [-0.243058, 0.0189421, 0.00101395]
    ],
    "M_G1C7_M M_G1C7H2_M": [
        [-0.242087, 0.0191283, 0.00102391]
    ],
    "M_G1C8_M M_G1C8H1_M": [
        [-0.235289, 0.0193326, 0.00103485]
    ],
    "M_G1C8_M M_G1C8H2_M": [
        [-0.234543, 0.0192031, 0.00102792]
    ],
    "M_G1C9_M M_G1C9H1_M": [
        [-0.235067, 0.0190143, 0.00101781]
    ],
    "M_G1C9_M M_G1C9H2_M": [
        [-0.235458, 0.0189905, 0.00101654]
    ],
    "M_G1C10_M M_G1C10H1_M": [
        [-0.221012, 0.0190643, 0.00102049]
    ],
    "M_G1C10_M M_G1C10H2_M": [
        [-0.220871, 0.018984, 0.00101619]
    ],
    "M_G1C11_M M_G1C11H1_M": [
        [-0.213823, 0.0187141, 0.00100174]
    ],
    "M_G1C11_M M_G1C11H2_M": [
        [-0.213648, 0.0186581, 0.000998747]
    ],
    "M_G1C12_M M_G1C12H1_M": [
        [-0.194646, 0.0178899, 0.000957623]
    ],
    "M_G1C12_M M_G1C12H2_M": [
        [-0.194382, 0.0180937, 0.000968535]
    ],
    "M_G1C13_M M_G1C13H1_M": [
        [-0.18228, 0.0164244, 0.000879179]
    ],
    "M_G1C13_M M_G1C13H2_M": [
        [-0.18195, 0.0169576, 0.000907718]
    ],
    "M_G1C14_M M_G1C14H1_M": [
        [-0.159029, 0.0147218, 0.000788043]
    ],
    "M_G1C14_M M_G1C14H2_M": [
        [-0.158506, 0.0150987, 0.000808216]
    ],
    "M_G1C15_M M_G1C15H1_M": [
        [-0.139081, 0.0127722, 0.000683681]
    ],
    "M_G1C15_M M_G1C15H2_M": [
        [-0.138589, 0.0132224, 0.000707779]
    ],
    "M_G1C16_M M_G1C16H1_M": [
        [-0.104825, 0.0102046, 0.000546238]
    ],
    "M_G1C16_M M_G1C16H2_M": [
        [-0.104252, 0.00996775, 0.000533561]
    ],
    "M_G1C17_M M_G1C17H1_M": [
        [-0.0353011, 0.00521738, 0.00027928]
    ],
    "M_G1C17_M M_G1C17H2_M": [
        [-0.0355724, 0.00551111, 0.000295003]
    ],
    "M_G1C17_M M_G1C17H3_M": [
        [-0.0350375, 0.00518209, 0.000277391]
    ],
    "M_G2_M M_G2H1_M": [
        [-0.200462, 0.0433834, 0.00232226]
    ],
    "M_G2C3_M M_G2C3H1_M": [
        [-0.0813029, 0.0332619, 0.00178047]
    ],
    "M_G2C3_M M_G2C3H2_M": [
        [-0.118546, 0.027179, 0.00145486]
    ],
    "M_G2C4_M M_G2C4H1_M": [
        [-0.217309, 0.0222364, 0.00119029]
    ],
    "M_G2C4_M M_G2C4H2_M": [
        [-0.220805, 0.0207474, 0.00111058]
    ],
    "M_G2C5_M M_G2C5H1_M": [
        [-0.217122, 0.0207294, 0.00110962]
    ],
    "M_G2C5_M M_G2C5H2_M": [
        [-0.219372, 0.0200169, 0.00107148]
    ],
    "M_G2C6_M M_G2C6H1_M": [
        [-0.231131, 0.0216865, 0.00116085]
    ],
    "M_G2C6_M M_G2C6H2_M": [
        [-0.229003, 0.0209231, 0.00111999]
    ],
    "M_G2C7_M M_G2C7H1_M": [
        [-0.207837, 0.0209653, 0.00112225]
    ],
    "M_G2C7_M M_G2C7H2_M": [
        [-0.206834, 0.0207318, 0.00110975]
    ],
    "M_G2C8_M M_G2C8H1_M": [
        [-0.197967, 0.0192878, 0.00103245]
    ],
    "M_G2C8_M M_G2C8H2_M": [
        [-0.197799, 0.0198884, 0.0010646]
    ],
    "M_G2C9_M M_G2C9H1_M": [
        [-0.114418, 0.0187721, 0.00100485]
    ],
    "M_G2C9_M M_G2C9H2_M": [
        [-0.113891, 0.0188237, 0.00100761]
    ],
    "M_G2C10_M M_G2C10H1_M": [
        [-0.0658068, 0.021879, 0.00117115]
    ],
    "M_G2C11_M M_G2C11H1_M": [
        [-0.0571887, 0.0191694, 0.00102611]
    ],
    "M_G2C12_M M_G2C12H1_M": [
        [-0.0933449, 0.0194811, 0.0010428]
    ],
    "M_G2C12_M M_G2C12H2_M": [
        [-0.0946197, 0.0208656, 0.00111691]
    ],
    "M_G2C13_M M_G2C13H1_M": [
        [-0.144517, 0.0200291, 0.00107213]
    ],
    "M_G2C13_M M_G2C13H2_M": [
        [-0.144389, 0.0197286, 0.00105605]
    ],
    "M_G2C14_M M_G2C14H1_M": [
        [-0.152387, 0.0190155, 0.00101788]
    ],
    "M_G2C14_M M_G2C14H2_M": [
        [-0.15234, 0.0191944, 0.00102745]
    ],
    "M_G2C15_M M_G2C15H1_M": [
        [-0.15744, 0.0183523, 0.000982376]
    ],
    "M_G2C15_M M_G2C15H2_M": [
        [-0.157355, 0.0186947, 0.0010007]
    ],
    "M_G2C16_M M_G2C16H1_M": [
        [-0.143847, 0.0165572, 0.000886284]
    ],
    "M_G2C16_M M_G2C16H2_M": [
        [-0.144064, 0.0165879, 0.000887932]
    ],
    "M_G2C17_M M_G2C17H1_M": [
        [-0.130273, 0.0143302, 0.000767079]
    ],
    "M_G2C17_M M_G2C17H2_M": [
        [-0.130397, 0.0145688, 0.000779852]
    ],
    "M_G2C18_M M_G2C18H1_M": [
        [-0.101372, 0.0112227, 0.000600738]
    ],
    "M_G2C18_M M_G2C18H2_M": [
        [-0.101371, 0.0111973, 0.000599377]
    ],
    "M_G2C19_M M_G2C19H1_M": [
        [-0.0337874, 0.00545977, 0.000292255]
    ],
    "M_G2C19_M M_G2C19H2_M": [
        [-0.0339123, 0.00533628, 0.000285644]
    ],
    "M_G2C19_M M_G2C19H3_M": [
        [-0.0337398, 0.00547453, 0.000293045]
    ],
    "M_G3_M M_G3H1_M": [
        [-0.223098, 0.040357, 0.00216026]
    ],
    "M_G3_M M_G3H2_M": [
        [-0.242979, 0.0320441, 0.00171528]
    ],
    "M_G3C4_M M_G3C4H1_M": [
        [0.0155647, 0.0307267, 0.00164476]
    ],
    "M_G3C4_M M_G3C4H2_M": [
        [0.0160401, 0.0284273, 0.00152168]
    ],
    "M_G3C5_M M_G3C5H1_M": [
        [-0.102618, 0.0240737, 0.00128864]
    ],
    "M_G3C5_M M_G3C5H2_M": [
        [-0.103436, 0.0241049, 0.0012903]
    ],
    "M_G3N6C1_M M_G3N6C1H1_M": [
        [0.0141421, 0.0118429, 0.000633936]
    ],
    "M_G3N6C1_M M_G3N6C1H2_M": [
        [0.0146456, 0.0118854, 0.00063621]
    ],
    "M_G3N6C1_M M_G3N6C1H3_M": [
        [0.0128814, 0.0126912, 0.000679344]
    ],
    "M_G3N6C2_M M_G3N6C2H1_M": [
        [0.0136738, 0.0126032, 0.000674633]
    ],
    "M_G3N6C2_M M_G3N6C2H2_M": [
        [0.0138904, 0.0116249, 0.000622268]
    ],
    "M_G3N6C2_M M_G3N6C2H3_M": [
        [0.0132943, 0.0113173, 0.000605803]
    ],
    "M_G3N6C3_M M_G3N6C3H1_M": [
        [0.0141287, 0.0118586, 0.000634779]
    ],
    "M_G3N6C3_M M_G3N6C3H2_M": [
        [0.0148639, 0.0119495, 0.000639644]
    ],
    "M_G3N6C3_M M_G3N6C3H3_M": [
        [0.0140943, 0.0123824, 0.000662817]
    ]
}