{
    "M_G1_M M_G1H1_M": [
        [-0.21591, 0.0365333, 0.00324181]
    ],
    "M_G1_M M_G1H2_M": [
        [-0.0131404, 0.0453467, 0.00402387]
    ],
    "M_G1C3_M M_G1C3H1_M": [
        [-0.222484, 0.0224404, 0.00199126]
    ],
    "M_G1C3_M M_G1C3H2_M": [
        [-0.22749, 0.0227686, 0.00202038]
    ],
    "M_G1C4_M M_G1C4H1_M": [
        [-0.16247, 0.0198533, 0.00176169]
    ],
    "M_G1C4_M M_G1C4H2_M": [
        [-0.162099, 0.0211839, 0.00187976]
    ],
    "M_G1C5_M M_G1C5H1_M": [
        [-0.203139, 0.0188486, 0.00167254]
    ],
    "M_G1C5_M M_G1C5H2_M": [
        [-0.199628, 0.0188796, 0.00167529]
    ],
    "M_G1C6_M M_G1C6H1_M": [
        [-0.199767, 0.0185167, 0.0016431]
    ],
    "M_G1C6_M M_G1C6H2_M": [
        [-0.198317, 0.0188046, 0.00166864]
    ],
    "M_G1C7_M M_G1C7H1_M": [
        [-0.212394, 0.0188273, 0.00167065]
    ],
    "M_G1C7_M M_G1C7H2_M": [
        [-0.211633, 0.0183763, 0.00163064]
    ],
    "M_G1C8_M M_G1C8H1_M": [
        [-0.199094, 0.0191168, 0.00169634]
    ],
    "M_G1C8_M M_G1C8H2_M": [
        [-0.200377, 0.0190184, 0.00168761]
    ],
    "M_G1C9_M M_G1C9H1_M": [
        [-0.199646, 0.0189357, 0.00168027]
    ],
    "M_G1C9_M M_G1C9H2_M": [
        [-0.199478, 0.0181699, 0.00161231]
    ],
    "M_G1C10_M M_G1C10H1_M": [
        [-0.181226, 0.0181517, 0.0016107]
    ],
    "M_G1C10_M M_G1C10H2_M": [
        [-0.181594, 0.0181711, 0.00161243]
    ],
    "M_G1C11_M M_G1C11H1_M": [
        [-0.173762, 0.0166667, 0.00147893]
    ],
    "M_G1C11_M M_G1C11H2_M": [
        [-0.174547, 0.0185171, 0.00164313]
    ],
    "M_G1C12_M M_G1C12H1_M": [
        [-0.152452, 0.0161458, 0.00143271]
    ],
    "M_G1C12_M M_G1C12H2_M": [
        [-0.15284, 0.0164538, 0.00146004]
    ],
    "M_G1C13_M M_G1C13H1_M": [
        [-0.140683, 0.0141062, 0.00125172]
    ],
    "M_G1C13_M M_G1C13H2_M": [
        [-0.139396, 0.0147541, 0.00130921]
    ],
    "M_G1C14_M M_G1C14H1_M": [
        [-0.116275, 0.0131091, 0.00116324]
    ],
    "M_G1C14_M M_G1C14H2_M": [
        [-0.11627, 0.0125577, 0.00111431]
    ],
    "M_G1C15_M M_G1C15H1_M": [
        [-0.0998514, 0.0106185, 0.000942238]
    ],
    "M_G1C15_M M_G1C15H2_M": [
        [-0.100062, 0.0108212, 0.000960225]
    ],
    "M_G1C16_M M_G1C16H1_M": [
        [-0.0708004, 0.00844326, 0.000749219]
    ],
    "M_G1C16_M M_G1C16H2_M": [
        [-0.0701315, 0.00827605, 0.000734381]
    ],
    "M_G1C17_M M_G1C17H1_M": [
        [-0.0224103, 0.00465792, 0.000413323]
    ],
    "M_G1C17_M M_G1C17H2_M": [
        [-0.0229431, 0.00474021, 0.000420626]
    ],
    "M_G1C17_M M_G1C17H3_M": [
        [-0.0225209, 0.00427644, 0.000379473]
    ],
    "M_G2_M M_G2H1_M": [
        [-0.204607, 0.0529081, 0.00469483]
    ],
    "M_G2C3_M M_G2C3H1_M": [
        [-0.222484, 0.0224404, 0.00199126]
    ],
    "M_G2C3_M M_G2C3H2_M": [
        [-0.22749, 0.0227686, 0.00202038]
    ],
    "M_G2C4_M M_G2C4H1_M": [
        [-0.16247, 0.0198533, 0.00176169]
    ],
    "M_G2C4_M M_G2C4H2_M": [
        [-0.162099, 0.0211839, 0.00187976]
    ],
    "M_G2C5_M M_G2C5H1_M": [
        [-0.203139, 0.0188486, 0.00167254]
    ],
    "M_G2C5_M M_G2C5H2_M": [
        [-0.199628, 0.0188796, 0.00167529]
    ],
    "M_G2C6_M M_G2C6H1_M": [
        [-0.199767, 0.0185167, 0.0016431]
    ],
    "M_G2C6_M M_G2C6H2_M": [
        [-0.198317, 0.0188046, 0.00166864]
    ],
    "M_G2C7_M M_G2C7H1_M": [
        [-0.212394, 0.0188273, 0.00167065]
    ],
    "M_G2C7_M M_G2C7H2_M": [
        [-0.211633, 0.0183763, 0.00163064]
    ],
    "M_G2C8_M M_G2C8H1_M": [
        [-0.199094, 0.0191168, 0.00169634]
    ],
    "M_G2C8_M M_G2C8H2_M": [
        [-0.200377, 0.0190184, 0.00168761]
    ],
    "M_G2C9_M M_G2C9H1_M": [
        [-0.199646, 0.0189357, 0.00168027]
    ],
    "M_G2C9_M M_G2C9H2_M": [
        [-0.199478, 0.0181699, 0.00161231]
    ],
    "M_G2C10_M M_G2C10H1_M": [
        [-0.181226, 0.0181517, 0.0016107]
    ],
    "M_G2C11_M M_G2C11H1_M": [
        [-0.173762, 0.0166667, 0.00147893]
    ],
    "M_G2C12_M M_G2C12H1_M": [
        [-0.152452, 0.0161458, 0.00143271]
    ],
    "M_G2C12_M M_G2C12H2_M": [
        [-0.15284, 0.0164538, 0.00146004]
    ],
    "M_G2C13_M M_G2C13H1_M": [
        [-0.140683, 0.0141062, 0.00125172]
    ],
    "M_G2C13_M M_G2C13H2_M": [
        [-0.139396, 0.0147541, 0.00130921]
    ],
    "M_G2C14_M M_G2C14H1_M": [
        [-0.116275, 0.0131091, 0.00116324]
    ],
    "M_G2C14_M M_G2C14H2_M": [
        [-0.11627, 0.0125577, 0.00111431]
    ],
    "M_G2C15_M M_G2C15H1_M": [
        [-0.0998514, 0.0106185, 0.000942238]
    ],
    "M_G2C15_M M_G2C15H2_M": [
        [-0.100062, 0.0108212, 0.000960225]
    ],
    "M_G2C16_M M_G2C16H1_M": [
        [-0.0708004, 0.00844326, 0.000749219]
    ],
    "M_G2C16_M M_G2C16H2_M": [
        [-0.0701315, 0.00827605, 0.000734381]
    ],
    "M_G2C17_M M_G2C17H1_M": [
        [-0.0224103, 0.00465792, 0.000413323]
    ],
    "M_G2C17_M M_G2C17H2_M": [
        [-0.0229431, 0.00474021, 0.000420626]
    ],
    "M_G2C18_M M_G2C18H1_M": [
        [-0.0670307, 0.00729788, 0.000647582]
    ],
    "M_G2C18_M M_G2C18H2_M": [
        [-0.0679933, 0.00748846, 0.000664493]
    ],
    "M_G2C19_M M_G2C19H1_M": [
        [-0.0220814, 0.00471628, 0.000418503]
    ],
    "M_G2C19_M M_G2C19H2_M": [
        [-0.0218072, 0.00459916, 0.00040811]
    ],
    "M_G2C19_M M_G2C19H3_M": [
        [-0.0221706, 0.00451194, 0.000400369]
    ],
    "M_G3_M M_G3H1_M": [
        [-0.147408, 0.0517473, 0.00459183]
    ],
    "M_G3_M M_G3H2_M": [
        [-0.169555, 0.0328669, 0.00291647]
    ],
    "M_G3C4_M M_G3C4H1_M": [
        [-0.0137299, 0.0159592, 0.00141615]
    ],
    "M_G3C4_M M_G3C4H2_M": [
        [-0.0132326, 0.0158058, 0.00140253]
    ],
    "M_G3C5_M M_G3C5H1_M": [
        [-0.0558116, 0.011916, 0.00105737]
    ],
    "M_G3C5_M M_G3C5H2_M": [
        [-0.0575768, 0.0119205, 0.00105777]
    ],
    "M_G3N6C1_M M_G3N6C1H1_M": [
        [0.011442, 0.00514632, 0.000456662]
    ],
    "M_G3N6C1_M M_G3N6C1H2_M": [
        [0.0112937, 0.00477678, 0.00042387]
    ],
    "M_G3N6C1_M M_G3N6C1H3_M": [
        [0.0112804, 0.00508261, 0.000451009]
    ],
    "M_G3N6C2_M M_G3N6C2H1_M": [
        [0.0108443, 0.00487173, 0.000432296]
    ],
    "M_G3N6C2_M M_G3N6C2H2_M": [
        [0.0115038, 0.00468331, 0.000415577]
    ],
    "M_G3N6C2_M M_G3N6C2H3_M": [
        [0.0108172, 0.00499188, 0.000442958]
    ],
    "M_G3N6C3_M M_G3N6C3H1_M": [
        [0.0114585, 0.00484762, 0.000430157]
    ],
    "M_G3N6C3_M M_G3N6C3H2_M": [
        [0.011001, 0.00496601, 0.000440662]
    ],
    "M_G3N6C3_M M_G3N6C3H3_M": [
        [0.0115803, 0.00511457, 0.000453844]
    ]
}