{
    "M_G1_M M_G1H1_M": [
        [-0.169364, 0.0347731, 0.00360581]
    ],
    "M_G1_M M_G1H2_M": [
        [-0.0394559, 0.0265286, 0.00275089]
    ],
    "M_G1C3_M M_G1C3H1_M": [
        [-0.236759, 0.0192028, 0.00199124]
    ],
    "M_G1C3_M M_G1C3H2_M": [
        [-0.205961, 0.0199649, 0.00207026]
    ],
    "M_G1C4_M M_G1C4H1_M": [
        [-0.182315, 0.0135139, 0.00140132]
    ],
    "M_G1C4_M M_G1C4H2_M": [
        [-0.167659, 0.0145871, 0.00151261]
    ],
    "M_G1C5_M M_G1C5H1_M": [
        [-0.210778, 0.0131069, 0.00135912]
    ],
    "M_G1C5_M M_G1C5H2_M": [
        [-0.208298, 0.0147379, 0.00152825]
    ],
    "M_G1C6_M M_G1C6H1_M": [
        [-0.212558, 0.0143645, 0.00148953]
    ],
    "M_G1C6_M M_G1C6H2_M": [
        [-0.210048, 0.0150485, 0.00156046]
    ],
    "M_G1C7_M M_G1C7H1_M": [
        [-0.224191, 0.0146392, 0.00151801]
    ],
    "M_G1C7_M M_G1C7H2_M": [
        [-0.222848, 0.0146382, 0.00151791]
    ],
    "M_G1C8_M M_G1C8H1_M": [
        [-0.215271, 0.0148973, 0.00154478]
    ],
    "M_G1C8_M M_G1C8H2_M": [
        [-0.21335, 0.0150412, 0.0015597]
    ],
    "M_G1C9_M M_G1C9H1_M": [
        [-0.214727, 0.01514, 0.00156994]
    ],
    "M_G1C9_M M_G1C9H2_M": [
        [-0.213863, 0.0145081, 0.00150442]
    ],
    "M_G1C10_M M_G1C10H1_M": [
        [-0.198622, 0.0152786, 0.00158431]
    ],
    "M_G1C10_M M_G1C10H2_M": [
        [-0.197264, 0.0142963, 0.00148246]
    ],
    "M_G1C11_M M_G1C11H1_M": [
        [-0.190273, 0.0143404, 0.00148703]
    ],
    "M_G1C11_M M_G1C11H2_M": [
        [-0.188543, 0.0138084, 0.00143186]
    ],
    "M_G1C12_M M_G1C12H1_M": [
        [-0.170294, 0.0138965, 0.001441]
    ],
    "M_G1C12_M M_G1C12H2_M": [
        [-0.167825, 0.0147429, 0.00152877]
    ],
    "M_G1C13_M M_G1C13H1_M": [
        [-0.156388, 0.0135246, 0.00140243]
    ],
    "M_G1C13_M M_G1C13H2_M": [
        [-0.156898, 0.0128522, 0.00133272]
    ],
    "M_G1C14_M M_G1C14H1_M": [
        [-0.134218, 0.0127615, 0.00132331]
    ],
    "M_G1C14_M M_G1C14H2_M": [
        [-0.134657, 0.0124164, 0.00128752]
    ],
    "M_G1C15_M M_G1C15H1_M": [
        [-0.11669, 0.0107707, 0.00111687]
    ],
    "M_G1C15_M M_G1C15H2_M": [
        [-0.117066, 0.0108238, 0.00112237]
    ],
    "M_G1C16_M M_G1C16H1_M": [
        [-0.0878292, 0.00836022, 0.000866915]
    ],
    "M_G1C16_M M_G1C16H2_M": [
        [-0.0869229, 0.00889825, 0.000922705]
    ],
    "M_G1C17_M M_G1C17H1_M": [
        [-0.0297946, 0.00529694, 0.000549268]
    ],
    "M_G1C17_M M_G1C17H2_M": [
        [-0.0299613, 0.00562182, 0.000582955]
    ],
    "M_G1C17_M M_G1C17H3_M": [
        [-0.0291888, 0.00512233, 0.000531161]
    ],
    "M_G2_M M_G2H1_M": [
        [-0.19095, 0.0272579, 0.00282651]
    ],
    "M_G2C3_M M_G2C3H1_M": [
        [-0.0774675, 0.0204077, 0.00211618]
    ],
    "M_G2C3_M M_G2C3H2_M": [
        [-0.108445, 0.0186745, 0.00193645]
    ],
    "M_G2C4_M M_G2C4H1_M": [
        [-0.205807, 0.0152207, 0.00157831]
    ],
    "M_G2C4_M M_G2C4H2_M": [
        [-0.210355, 0.0162999, 0.00169022]
    ],
    "M_G2C5_M M_G2C5H1_M": [
        [-0.205867, 0.01436, 0.00148906]
    ],
    "M_G2C5_M M_G2C5H2_M": [
        [-0.206681, 0.0155055, 0.00160785]
    ],
    "M_G2C6_M M_G2C6H1_M": [
        [-0.218142, 0.014428, 0.00149611]
    ],
    "M_G2C6_M M_G2C6H2_M": [
        [-0.215695, 0.0150309, 0.00155863]
    ],
    "M_G2C7_M M_G2C7H1_M": [
        [-0.193777, 0.01389, 0.00144032]
    ],
    "M_G2C7_M M_G2C7H2_M": [
        [-0.194585, 0.0141609, 0.00146841]
    ],
    "M_G2C8_M M_G2C8H1_M": [
        [-0.184647, 0.0139878, 0.00145047]
    ],
    "M_G2C8_M M_G2C8H2_M": [
        [-0.186302, 0.0134442, 0.0013941]
    ],
    "M_G2C9_M M_G2C9H1_M": [
        [-0.106099, 0.0138386, 0.001435]
    ],
    "M_G2C9_M M_G2C9H2_M": [
        [-0.109956, 0.0124115, 0.00128701]
    ],
    "M_G2C10_M M_G2C10H1_M": [
        [-0.0639318, 0.0154841, 0.00160562]
    ],
    "M_G2C11_M M_G2C11H1_M": [
        [-0.0501538, 0.0115953, 0.00120238]
    ],
    "M_G2C12_M M_G2C12H1_M": [
        [-0.0800737, 0.0136196, 0.00141229]
    ],
    "M_G2C12_M M_G2C12H2_M": [
        [-0.0795422, 0.0125239, 0.00129867]
    ],
    "M_G2C13_M M_G2C13H1_M": [
        [-0.122522, 0.012807, 0.00132803]
    ],
    "M_G2C13_M M_G2C13H2_M": [
        [-0.123831, 0.0117053, 0.00121379]
    ],
    "M_G2C14_M M_G2C14H1_M": [
        [-0.128962, 0.0114386, 0.00118612]
    ],
    "M_G2C14_M M_G2C14H2_M": [
        [-0.12842, 0.0114994, 0.00119243]
    ],
    "M_G2C15_M M_G2C15H1_M": [
        [-0.133051, 0.011495, 0.00119197]
    ],
    "M_G2C15_M M_G2C15H2_M": [
        [-0.13314, 0.0107879, 0.00111866]
    ],
    "M_G2C16_M M_G2C16H1_M": [
        [-0.120227, 0.0103266, 0.00107082]
    ],
    "M_G2C16_M M_G2C16H2_M": [
        [-0.120643, 0.010578, 0.00109689]
    ],
    "M_G2C17_M M_G2C17H1_M": [
        [-0.109125, 0.0092245, 0.000956536]
    ],
    "M_G2C17_M M_G2C17H2_M": [
        [-0.108612, 0.00938615, 0.000973298]
    ],
    "M_G2C18_M M_G2C18H1_M": [
        [-0.0840352, 0.00839513, 0.000870535]
    ],
    "M_G2C18_M M_G2C18H2_M": [
        [-0.0845992, 0.00709947, 0.000736181]
    ],
    "M_G2C19_M M_G2C19H1_M": [
        [-0.0281842, 0.00569273, 0.000590308]
    ],
    "M_G2C19_M M_G2C19H2_M": [
        [-0.0278911, 0.00515983, 0.000535049]
    ],
    "M_G2C19_M M_G2C19H3_M": [
        [-0.0278949, 0.00513462, 0.000532435]
    ],
    "M_G3_M M_G3H1_M": [
        [-0.223648, 0.0220744, 0.00228901]
    ],
    "M_G3_M M_G3H2_M": [
        [-0.243871, 0.0188604, 0.00195573]
    ],
    "M_G3C4_M M_G3C4H1_M": [
        [0.0422897, 0.0155808, 0.00161565]
    ],
    "M_G3C4_M M_G3C4H2_M": [
        [0.0406851, 0.0153646, 0.00159324]
    ],
    "M_G3C5_M M_G3C5H1_M": [
        [-0.0707152, 0.0137909, 0.00143005]
    ],
    "M_G3C5_M M_G3C5H2_M": [
        [-0.0697464, 0.0128482, 0.0013323]
    ],
    "M_G3N6C1_M M_G3N6C1H1_M": [
        [0.011297, 0.00936516, 0.000971122]
    ],
    "M_G3N6C1_M M_G3N6C1H2_M": [
        [0.0108593, 0.00917807, 0.000951721]
    ],
    "M_G3N6C1_M M_G3N6C1H3_M": [
        [0.0107352, 0.00966973, 0.0010027]
    ],
    "M_G3N6C2_M M_G3N6C2H1_M": [
        [0.0121921, 0.00924465, 0.000958626]
    ],
    "M_G3N6C2_M M_G3N6C2H2_M": [
        [0.0106709, 0.00817151, 0.000847346]
    ],
    "M_G3N6C2_M M_G3N6C2H3_M": [
        [0.0114246, 0.00826053, 0.000856577]
    ],
    "M_G3N6C3_M M_G3N6C3H1_M": [
        [0.0111852, 0.00862933, 0.00089482]
    ],
    "M_G3N6C3_M M_G3N6C3H2_M": [
        [0.0105741, 0.00759956, 0.000788037]
    ],
    "M_G3N6C3_M M_G3N6C3H3_M": [
        [0.0108148, 0.00786591, 0.000815657]
    ]
}