{
    "M_G01_M M_G01H1_M": [
        [0.0509543, 0.0168327, 0.0075278]
    ],
    "M_G01_M M_G01H2_M": [
        [0.106653, 0.014438, 0.00645688]
    ],
    "M_G02_M M_G02H1_M": [
        [0.0785853, 0.0175764, 0.00786039]
    ],
    "M_G03_M M_G03H1_M": [
        [0.0449464, 0.0133776, 0.00598267]
    ],
    "M_G03_M M_G03H2_M": [
        [0.109349, 0.0342744, 0.015328]
    ],
    "M_G13_M M_G13H1_M": [
        [-0.259698, 0.0167119, 0.00747377]
    ],
    "M_G13_M M_G13H2_M": [
        [-0.24133, 0.0238962, 0.0106867]
    ],
    "M_G12_M M_G12H1_M": [
        [-0.173049, 0.0277695, 0.0124189]
    ],
    "M_G12C3_M M_G12C3H1_M": [
        [-0.0538102, 0.0247419, 0.0110649]
    ],
    "M_G12C3_M M_G12C3H2_M": [
        [-0.0886831, 0.0225278, 0.0100748]
    ],
    "M_G11_M M_G11H1_M": [
        [-0.0560414, 0.0291644, 0.0130427]
    ],
    "M_G11_M M_G11H2_M": [
        [-0.15441, 0.0363536, 0.0162578]
    ],
    "M_G11C3_M M_G11C3H1_M": [
        [-0.21488, 0.0212224, 0.00949096]
    ],
    "M_G11C3_M M_G11C3H2_M": [
        [-0.192998, 0.0236428, 0.0105734]
    ],
    "M_G23_M M_G23H1_M": [
        [-0.221606, 0.0137648, 0.00615582]
    ],
    "M_G23_M M_G23H2_M": [
        [-0.259861, 0.0262363, 0.0117332]
    ],
    "M_G22_M M_G22H1_M": [
        [-0.182676, 0.0305424, 0.013659]
    ],
    "M_G22C3_M M_G22C3H1_M": [
        [-0.0686703, 0.0359183, 0.0160632]
    ],
    "M_G22C3_M M_G22C3H2_M": [
        [-0.110564, 0.0230907, 0.0103265]
    ],
    "M_G21_M M_G21H1_M": [
        [-0.183649, 0.0309412, 0.0138373]
    ],
    "M_G21_M M_G21H2_M": [
        [-0.0435273, 0.0398747, 0.0178325]
    ],
    "M_G21C3_M M_G21C3H1_M": [
        [-0.230845, 0.0170898, 0.0076428]
    ],
    "M_G21C3_M M_G21C3H2_M": [
        [-0.194939, 0.0305001, 0.0136401]
    ],
    "M_G22C4_M M_G22C4H1_M": [
        [-0.195587, 0.0220344, 0.00985408]
    ],
    "M_G22C4_M M_G22C4H2_M": [
        [-0.198575, 0.0121045, 0.00541332]
    ],
    "M_G22C5_M M_G22C5H1_M": [
        [-0.200216, 0.0177671, 0.0079457]
    ],
    "M_G22C5_M M_G22C5H2_M": [
        [-0.198302, 0.0166143, 0.00743014]
    ],
    "M_G22C6_M M_G22C6H1_M": [
        [-0.204865, 0.0175383, 0.00784337]
    ],
    "M_G22C6_M M_G22C6H2_M": [
        [-0.202336, 0.0199309, 0.00891335]
    ],
    "M_G22C7_M M_G22C7H1_M": [
        [-0.177929, 0.0168292, 0.00752624]
    ],
    "M_G22C7_M M_G22C7H2_M": [
        [-0.179312, 0.0162154, 0.00725176]
    ],
    "M_G22C8_M M_G22C8H1_M": [
        [-0.169164, 0.0150444, 0.00672805]
    ],
    "M_G22C8_M M_G22C8H2_M": [
        [-0.167805, 0.0135538, 0.00606143]
    ],
    "M_G22C9_M M_G22C9H1_M": [
        [-0.0975143, 0.00580915, 0.00259793]
    ],
    "M_G22C9_M M_G22C9H2_M": [
        [-0.0958835, 0.0120469, 0.00538754]
    ],
    "M_G22C10_M M_G22C10H1_M": [
        [-0.0468436, 0.0114247, 0.00510927]
    ],
    "M_G22C11_M M_G22C11H1_M": [
        [-0.0131441, 0.0114201, 0.00510724]
    ],
    "M_G22C12_M M_G22C12H1_M": [
        [-0.015804, 0.00670095, 0.00299676]
    ],
    "M_G22C12_M M_G22C12H2_M": [
        [-0.013552, 0.00400437, 0.00179081]
    ],
    "M_G22C13_M M_G22C13H1_M": [
        [-0.0272926, 0.00378936, 0.00169466]
    ],
    "M_G22C14_M M_G22C14H1_M": [
        [-0.0191162, 0.00649921, 0.00290653]
    ],
    "M_G22C15_M M_G22C15H1_M": [
        [-0.0480347, 0.0103062, 0.00460908]
    ],
    "M_G22C15_M M_G22C15H2_M": [
        [-0.04656, 0.00484507, 0.00216678]
    ],
    "M_G22C16_M M_G22C16H1_M": [
        [-0.066867, 0.0115199, 0.00515187]
    ],
    "M_G22C16_M M_G22C16H2_M": [
        [-0.0671824, 0.00506374, 0.00226458]
    ],
    "M_G22C17_M M_G22C17H1_M": [
        [-0.0666367, 0.00847966, 0.00379222]
    ],
    "M_G22C17_M M_G22C17H2_M": [
        [-0.067323, 0.00474228, 0.00212081]
    ],
    "M_G22C18_M M_G22C18H1_M": [
        [-0.0632226, 0.00614849, 0.00274969]
    ],
    "M_G22C18_M M_G22C18H2_M": [
        [-0.0632758, 0.00565692, 0.00252985]
    ],
    "M_G22C19_M M_G22C19H1_M": [
        [-0.016041, 0.00451162, 0.00201766]
    ],
    "M_G22C19_M M_G22C19H2_M": [
        [-0.0180416, 0.00799003, 0.00357325]
    ],
    "M_G22C19_M M_G22C19H3_M": [
        [-0.0188911, 0.00668798, 0.00299096]
    ],
    "M_G21C4_M M_G21C4H1_M": [
        [-0.164029, 0.0135129, 0.00604313]
    ],
    "M_G21C4_M M_G21C4H2_M": [
        [-0.153594, 0.0197903, 0.0088505]
    ],
    "M_G21C5_M M_G21C5H1_M": [
        [-0.182223, 0.0138286, 0.00618435]
    ],
    "M_G21C5_M M_G21C5H2_M": [
        [-0.18533, 0.0154468, 0.00690802]
    ],
    "M_G21C6_M M_G21C6H1_M": [
        [-0.178099, 0.018123, 0.00810486]
    ],
    "M_G21C6_M M_G21C6H2_M": [
        [-0.17874, 0.0145456, 0.00650497]
    ],
    "M_G21C7_M M_G21C7H1_M": [
        [-0.178057, 0.0177098, 0.00792007]
    ],
    "M_G21C7_M M_G21C7H2_M": [
        [-0.176694, 0.0168556, 0.00753806]
    ],
    "M_G21C8_M M_G21C8H1_M": [
        [-0.152336, 0.0153903, 0.00688273]
    ],
    "M_G21C8_M M_G21C8H2_M": [
        [-0.153746, 0.0157265, 0.00703309]
    ],
    "M_G21C9_M M_G21C9H1_M": [
        [-0.116854, 0.00790669, 0.00353598]
    ],
    "M_G21C9_M M_G21C9H2_M": [
        [-0.11257, 0.0191374, 0.00855853]
    ],
    "M_G21C10_M M_G21C10H1_M": [
        [-0.0736619, 0.0144434, 0.00645927]
    ],
    "M_G21C11_M M_G21C11H1_M": [
        [-0.0524144, 0.0175637, 0.00785473]
    ],
    "M_G21C12_M M_G21C12H1_M": [
        [-0.018709, 0.00877034, 0.00392221]
    ],
    "M_G21C12_M M_G21C12H2_M": [
        [-0.0131579, 0.00476629, 0.00213155]
    ],
    "M_G21C13_M M_G21C13H1_M": [
        [-0.0273434, 0.00848578, 0.00379496]
    ],
    "M_G21C14_M M_G21C14H1_M": [
        [0.00493841, 0.00472286, 0.00211213]
    ],
    "M_G21C15_M M_G21C15H1_M": [
        [-0.041231, 0.00610873, 0.00273191]
    ],
    "M_G21C15_M M_G21C15H2_M": [
        [-0.0373494, 0.0042733, 0.00191108]
    ],
    "M_G21C16_M M_G21C16H1_M": [
        [-0.0603751, 0.00826326, 0.00369544]
    ],
    "M_G21C16_M M_G21C16H2_M": [
        [-0.0578388, 0.00618335, 0.00276528]
    ],
    "M_G21C17_M M_G21C17H1_M": [
        [-0.0626851, 0.00689733, 0.00308458]
    ],
    "M_G21C17_M M_G21C17H2_M": [
        [-0.0606353, 0.00610535, 0.0027304]
    ],
    "M_G21C18_M M_G21C18H1_M": [
        [-0.0607799, 0.00477338, 0.00213472]
    ],
    "M_G21C18_M M_G21C18H2_M": [
        [-0.059022, 0.00668104, 0.00298785]
    ],
    "M_G21C19_M M_G21C19H1_M": [
        [-0.018908, 0.00547687, 0.00244933]
    ],
    "M_G21C19_M M_G21C19H2_M": [
        [-0.015923, 0.00617076, 0.00275965]
    ],
    "M_G21C19_M M_G21C19H3_M": [
        [-0.0176735, 0.0045703, 0.0020439]
    ],
    "M_G12C4_M M_G12C4H1_M": [
        [-0.184937, 0.0170588, 0.00762893]
    ],
    "M_G12C4_M M_G12C4H2_M": [
        [-0.186653, 0.0168327, 0.00752781]
    ],
    "M_G12C5_M M_G12C5H1_M": [
        [-0.186815, 0.0200676, 0.00897448]
    ],
    "M_G12C5_M M_G12C5H2_M": [
        [-0.192045, 0.0122914, 0.00549687]
    ],
    "M_G12C6_M M_G12C6H1_M": [
        [-0.197124, 0.019516, 0.00872781]
    ],
    "M_G12C6_M M_G12C6H2_M": [
        [-0.198745, 0.01806, 0.00807666]
    ],
    "M_G12C7_M M_G12C7H1_M": [
        [-0.177027, 0.0152441, 0.00681735]
    ],
    "M_G12C7_M M_G12C7H2_M": [
        [-0.17628, 0.0207031, 0.00925872]
    ],
    "M_G12C8_M M_G12C8H1_M": [
        [-0.163626, 0.0161828, 0.00723716]
    ],
    "M_G12C8_M M_G12C8H2_M": [
        [-0.163264, 0.0207259, 0.0092689]
    ],
    "M_G12C9_M M_G12C9H1_M": [
        [-0.097974, 0.0152937, 0.00683956]
    ],
    "M_G12C9_M M_G12C9H2_M": [
        [-0.0919169, 0.014134, 0.00632092]
    ],
    "M_G12C10_M M_G12C10H1_M": [
        [-0.0438937, 0.0190537, 0.00852109]
    ],
    "M_G12C11_M M_G12C11H1_M": [
        [-0.0201171, 0.0142898, 0.00639059]
    ],
    "M_G12C12_M M_G12C12H1_M": [
        [-0.0189296, 0.00491997, 0.00220028]
    ],
    "M_G12C12_M M_G12C12H2_M": [
        [-0.0226766, 0.00870222, 0.00389175]
    ],
    "M_G12C13_M M_G12C13H1_M": [
        [-0.0300367, 0.0084071, 0.00375977]
    ],