{
    "M_C3_M M_C3H3_M": [
        [-0.346224, 0.00778854, 0.00105021]
    ],
    "M_C4_M M_C4H41_M": [
        [-0.309575, 0.00828141, 0.00111667]
    ],
    "M_C4_M M_C4H42_M": [
        [-0.139365, 0.0132124, 0.00178156]
    ],
    "M_C6_M M_C6H6_M": [
        [-0.027612, 0.0140142, 0.00188968]
    ],
    "M_C7_M M_C7H71_M": [
        [-0.253293, 0.00960269, 0.00129483]
    ],
    "M_C7_M M_C7H72_M": [
        [-0.313588, 0.00845025, 0.00113943]
    ],
    "M_C8_M M_C8H8_M": [
        [-0.375502, 0.00830326, 0.00111961]
    ],
    "M_C14_M M_C14H14_M": [
        [-0.371358, 0.00795548, 0.00107272]
    ],
    "M_C15_M M_C15H151_M": [
        [-0.34522, 0.00883134, 0.00119082]
    ],
    "M_C15_M M_C15H152_M": [
        [-0.277796, 0.0109654, 0.00147858]
    ],
    "M_C16_M M_C16H161_M": [
        [-0.0652877, 0.00823846, 0.00111087]
    ],
    "M_C16_M M_C16H162_M": [
        [-0.175165, 0.00950805, 0.00128207]
    ],
    "M_C17_M M_C17H17_M": [
        [-0.363283, 0.00782022, 0.00105448]
    ],
    "M_C18_M M_C18H181_M": [
        [0.107205, 0.00735445, 0.000991674]
    ],
    "M_C18_M M_C18H182_M": [
        [0.105095, 0.0084194, 0.00113527]
    ],
    "M_C18_M M_C18H183_M": [
        [0.106674, 0.00741235, 0.00099948]
    ],
    "M_C12_M M_C12H121_M": [
        [-0.0689223, 0.0135071, 0.00182129]
    ],
    "M_C12_M M_C12H122_M": [
        [-0.368774, 0.00816296, 0.00110069]
    ],
    "M_C11_M M_C11H111_M": [
        [-0.371692, 0.00822836, 0.00110951]
    ],
    "M_C11_M M_C11H112_M": [
        [-0.19457, 0.0101925, 0.00137435]
    ],
    "M_C9_M M_C9H9_M": [
        [-0.37404, 0.00813508, 0.00109693]
    ],
    "M_C19_M M_C19H191_M": [
        [0.107943, 0.0108477, 0.0014627]
    ],
    "M_C19_M M_C19H192_M": [
        [0.106679, 0.0107322, 0.00144713]
    ],
    "M_C19_M M_C19H193_M": [
        [0.107683, 0.0103143, 0.00139078]
    ],
    "M_C1_M M_C1H11_M": [
        [-0.181418, 0.0132006, 0.00177997]
    ],
    "M_C1_M M_C1H12_M": [
        [-0.332216, 0.00811036, 0.0010936]
    ],
    "M_C2_M M_C2H21_M": [
        [-0.203735, 0.0091493, 0.00123369]
    ],
    "M_C2_M M_C2H22_M": [
        [-0.319446, 0.00824769, 0.00111212]
    ],
    "M_C20_M M_C20H20_M": [
        [-0.350214, 0.00722956, 0.000974834]
    ],
    "M_C21_M M_C21H211_M": [
        [0.087455, 0.00731876, 0.000986861]
    ],
    "M_C21_M M_C21H212_M": [
        [0.0887671, 0.00640075, 0.000863077]
    ],
    "M_C21_M M_C21H213_M": [
        [0.0886948, 0.00668628, 0.000901578]
    ],
    "M_C22_M M_C22H221_M": [
        [-0.124291, 0.0232677, 0.00313742]
    ],
    "M_C22_M M_C22H222_M": [
        [-0.309862, 0.00789409, 0.00106444]
    ],
    "M_C23_M M_C23H231_M": [
        [-0.0844566, 0.0182496, 0.00246077]
    ],
    "M_C23_M M_C23H232_M": [
        [-0.28914, 0.00807224, 0.00108846]
    ],
    "M_C24_M M_C24H241_M": [
        [-0.107184, 0.0142378, 0.00191983]
    ],
    "M_C24_M M_C24H242_M": [
        [-0.244359, 0.00725667, 0.000978489]
    ],
    "M_C25_M M_C25H25_M": [
        [-0.134909, 0.0105332, 0.0014203]
    ],
    "M_C26_M M_C26H261_M": [
        [0.00961139, 0.00538696, 0.000726378]
    ],
    "M_C26_M M_C26H262_M": [
        [0.00906197, 0.00624181, 0.000841645]
    ],
    "M_C26_M M_C26H263_M": [
        [0.00929255, 0.00600759, 0.000810063]
    ],
    "M_C27_M M_C27H271_M": [
        [-0.00584574, 0.00485498, 0.000654646]
    ],
    "M_C27_M M_C27H272_M": [
        [-0.00536926, 0.00521328, 0.000702958]
    ],
    "M_C27_M M_C27H273_M": [
        [-0.0059862, 0.00584888, 0.000788663]
    ]
}