{
    "M_C3_M M_C3H3_M": [
        [-0.418995, 0.00823236, 0.000325667]
    ],
    "M_C4_M M_C4H41_M": [
        [-0.258933, 0.0197371, 0.000780788]
    ],
    "M_C4_M M_C4H42_M": [
        [-0.36751, 0.0123253, 0.000487581]
    ],
    "M_C6_M M_C6H6_M": [
        [-0.0582039, 0.0257019, 0.00101675]
    ],
    "M_C7_M M_C7H71_M": [
        [-0.403176, 0.00968193, 0.000383011]
    ],
    "M_C7_M M_C7H72_M": [
        [-0.351023, 0.0146921, 0.00058121]
    ],
    "M_C8_M M_C8H8_M": [
        [-0.461329, 0.00427731, 0.000169208]
    ],
    "M_C14_M M_C14H14_M": [
        [-0.448107, 0.00587079, 0.000232245]
    ],
    "M_C15_M M_C15H151_M": [
        [-0.381072, 0.0120722, 0.00047757]
    ],
    "M_C15_M M_C15H152_M": [
        [-0.431518, 0.00783564, 0.000309973]
    ],
    "M_C16_M M_C16H161_M": [
        [-0.188657, 0.01869, 0.000739365]
    ],
    "M_C16_M M_C16H162_M": [
        [-0.0864483, 0.0207709, 0.000821684]
    ],
    "M_C17_M M_C17H17_M": [
        [-0.458101, 0.00437899, 0.00017323]
    ],
    "M_C18_M M_C18H181_M": [
        [0.115914, 0.0165407, 0.000654341]
    ],
    "M_C18_M M_C18H182_M": [
        [0.114602, 0.0166815, 0.000659912]
    ],
    "M_C18_M M_C18H183_M": [
        [0.115837, 0.0164978, 0.000652643]
    ],
    "M_C12_M M_C12H121_M": [
        [-0.452477, 0.00489112, 0.00019349]
    ],
    "M_C12_M M_C12H122_M": [
        [-0.130391, 0.0236502, 0.000935588]
    ],
    "M_C11_M M_C11H111_M": [
        [-0.259677, 0.0186742, 0.000738742]
    ],
    "M_C11_M M_C11H112_M": [
        [-0.457608, 0.00453677, 0.000179472]
    ],
    "M_C9_M M_C9H9_M": [
        [-0.454985, 0.00507513, 0.000200769]
    ],
    "M_C19_M M_C19H191_M": [
        [0.120699, 0.0157364, 0.000622523]
    ],
    "M_C19_M M_C19H192_M": [
        [0.121162, 0.0150617, 0.000595834]
    ],
    "M_C19_M M_C19H193_M": [
        [0.12271, 0.0154137, 0.000609757]
    ],
    "M_C1_M M_C1H11_M": [
        [-0.410915, 0.00933417, 0.000369254]
    ],
    "M_C1_M M_C1H12_M": [
        [-0.261555, 0.0200258, 0.000792207]
    ],
    "M_C2_M M_C2H21_M": [
        [-0.382045, 0.011467, 0.000453628]
    ],
    "M_C2_M M_C2H22_M": [
        [-0.264837, 0.0185313, 0.000733085]
    ],
    "M_C20_M M_C20H20_M": [
        [-0.44457, 0.0278947, 0.0011035]
    ],
    "M_C21_M M_C21H211_M": [
        [0.111213, 0.0155472, 0.000615038]
    ],
    "M_C21_M M_C21H212_M": [
        [0.110017, 0.0155494, 0.000615127]
    ],
    "M_C21_M M_C21H213_M": [
        [0.111987, 0.0149043, 0.000589606]
    ],
    "M_C22_M M_C22H221_M": [
        [-0.411165, 0.0195856, 0.000774795]
    ],
    "M_C22_M M_C22H222_M": [
        [-0.384648, 0.0278554, 0.00110194]
    ],
    "M_C23_M M_C23H231_M": [
        [-0.403751, 0.0173115, 0.000684831]
    ],
    "M_C23_M M_C23H232_M": [
        [-0.343028, 0.0249774, 0.00098809]
    ],
    "M_C24_M M_C24H241_M": [
        [-0.377112, 0.0188073, 0.000744005]
    ],
    "M_C24_M M_C24H242_M": [
        [-0.335146, 0.0212211, 0.000839496]
    ],
    "M_C25_M M_C25H25_M": [
        [-0.307671, 0.0182513, 0.000722009]
    ],
    "M_C26_M M_C26H261_M": [
        [0.0138366, 0.0157929, 0.000624757]
    ],
    "M_C26_M M_C26H262_M": [
        [0.0139236, 0.0152807, 0.000604494]
    ],
    "M_C26_M M_C26H263_M": [
        [0.0139823, 0.0153844, 0.000608596]
    ],
    "M_C27_M M_C27H271_M": [
        [0.00550041, 0.0149661, 0.000592051]
    ],
    "M_C27_M M_C27H272_M": [
        [0.00530544, 0.0149829, 0.000592713]
    ],
    "M_C27_M M_C27H273_M": [
        [0.00523764, 0.0162672, 0.00064352]
    ]
}