{
    "M_G1_M M_G1H1_M": [
        [-0.170137, 0.00850424, 0.000376205]
    ],
    "M_G1_M M_G1H2_M": [
        [-0.0373036, 0.00709364, 0.000313804]
    ],
    "M_G1C3_M M_G1C3H1_M": [
        [-0.233335, 0.0053173, 0.000235223]
    ],
    "M_G1C3_M M_G1C3H2_M": [
        [-0.204215, 0.00574822, 0.000254286]
    ],
    "M_G1C4_M M_G1C4H1_M": [
        [-0.175831, 0.00397245, 0.000175731]
    ],
    "M_G1C4_M M_G1C4H2_M": [
        [-0.164135, 0.00425358, 0.000188167]
    ],
    "M_G1C5_M M_G1C5H1_M": [
        [-0.203228, 0.00366054, 0.000161933]
    ],
    "M_G1C5_M M_G1C5H2_M": [
        [-0.200785, 0.00384349, 0.000170026]
    ],
    "M_G1C6_M M_G1C6H1_M": [
        [-0.203388, 0.00385459, 0.000170517]
    ],
    "M_G1C6_M M_G1C6H2_M": [
        [-0.200871, 0.00385392, 0.000170487]
    ],
    "M_G1C7_M M_G1C7H1_M": [
        [-0.214701, 0.00383682, 0.000169731]
    ],
    "M_G1C7_M M_G1C7H2_M": [
        [-0.213338, 0.00394961, 0.00017472]
    ],
    "M_G1C8_M M_G1C8H1_M": [
        [-0.205167, 0.00398461, 0.000176269]
    ],
    "M_G1C8_M M_G1C8H2_M": [
        [-0.204225, 0.00401482, 0.000177605]
    ],
    "M_G1C9_M M_G1C9H1_M": [
        [-0.204041, 0.00399036, 0.000176523]
    ],
    "M_G1C9_M M_G1C9H2_M": [
        [-0.203613, 0.00408715, 0.000180805]
    ],
    "M_G1C10_M M_G1C10H1_M": [
        [-0.188272, 0.00395889, 0.000175131]
    ],
    "M_G1C10_M M_G1C10H2_M": [
        [-0.187812, 0.00416286, 0.000184154]
    ],
    "M_G1C11_M M_G1C11H1_M": [
        [-0.180318, 0.003912, 0.000173057]
    ],
    "M_G1C11_M M_G1C11H2_M": [
        [-0.180261, 0.00412424, 0.000182445]
    ],
    "M_G1C12_M M_G1C12H1_M": [
        [-0.161348, 0.00364791, 0.000161374]
    ],
    "M_G1C12_M M_G1C12H2_M": [
        [-0.161318, 0.00389314, 0.000172222]
    ],
    "M_G1C13_M M_G1C13H1_M": [
        [-0.149479, 0.00348737, 0.000154272]
    ],
    "M_G1C13_M M_G1C13H2_M": [
        [-0.14966, 0.0034664, 0.000153345]
    ],
    "M_G1C14_M M_G1C14H1_M": [
        [-0.128663, 0.00316963, 0.000140216]
    ],
    "M_G1C14_M M_G1C14H2_M": [
        [-0.128854, 0.00310188, 0.000137219]
    ],
    "M_G1C15_M M_G1C15H1_M": [
        [-0.112002, 0.00273175, 0.000120845]
    ],
    "M_G1C15_M M_G1C15H2_M": [
        [-0.112124, 0.00296039, 0.00013096]
    ],
    "M_G1C16_M M_G1C16H1_M": [
        [-0.0839439, 0.00246243, 0.000108932]
    ],
    "M_G1C16_M M_G1C16H2_M": [
        [-0.0839843, 0.00249509, 0.000110376]
    ],
    "M_G1C17_M M_G1C17H1_M": [
        [-0.0280687, 0.00223431, 9.88403e-05]
    ],
    "M_G1C17_M M_G1C17H2_M": [
        [-0.0281584, 0.00216837, 9.5923e-05]
    ],
    "M_G1C17_M M_G1C17H3_M": [
        [-0.0280359, 0.00215118, 9.51627e-05]
    ],
    "M_G2_M M_G2H1_M": [
        [-0.190433, 0.00726518, 0.000321393]
    ],
    "M_G2C3_M M_G2C3H1_M": [
        [-0.0758158, 0.00566223, 0.000250482]
    ],
    "M_G2C3_M M_G2C3H2_M": [
        [-0.106163, 0.00513806, 0.000227295]
    ],
    "M_G2C4_M M_G2C4H1_M": [
        [-0.198857, 0.00447077, 0.000197775]
    ],
    "M_G2C4_M M_G2C4H2_M": [
        [-0.203849, 0.00425073, 0.000188041]
    ],
    "M_G2C5_M M_G2C5H1_M": [
        [-0.196744, 0.00423564, 0.000187374]
    ],
    "M_G2C5_M M_G2C5H2_M": [
        [-0.199127, 0.00429269, 0.000189898]
    ],
    "M_G2C6_M M_G2C6H1_M": [
        [-0.208021, 0.00436932, 0.000193287]
    ],
    "M_G2C6_M M_G2C6H2_M": [
        [-0.20649, 0.00436472, 0.000193084]
    ],
    "M_G2C7_M M_G2C7H1_M": [
        [-0.185085, 0.0042142, 0.000186425]
    ],
    "M_G2C7_M M_G2C7H2_M": [
        [-0.183881, 0.00425778, 0.000188353]
    ],
    "M_G2C8_M M_G2C8H1_M": [
        [-0.175893, 0.00421408, 0.00018642]
    ],
    "M_G2C8_M M_G2C8H2_M": [
        [-0.17544, 0.00404349, 0.000178873]
    ],
    "M_G2C9_M M_G2C9H1_M": [
        [-0.10127, 0.00415316, 0.000183725]
    ],
    "M_G2C9_M M_G2C9H2_M": [
        [-0.101951, 0.00391901, 0.000173367]
    ],
    "M_G2C10_M M_G2C10H1_M": [
        [-0.0584931, 0.00459071, 0.000203081]
    ],
    "M_G2C11_M M_G2C11H1_M": [
        [-0.0477841, 0.0039069, 0.000172831]
    ],
    "M_G2C12_M M_G2C12H1_M": [
        [-0.0760898, 0.00373201, 0.000165095]
    ],
    "M_G2C12_M M_G2C12H2_M": [
        [-0.0761762, 0.00364668, 0.00016132]
    ],
    "M_G2C13_M M_G2C13H1_M": [
        [-0.116617, 0.00372098, 0.000164606]
    ],
    "M_G2C13_M M_G2C13H2_M": [
        [-0.116568, 0.00362509, 0.000160365]
    ],
    "M_G2C14_M M_G2C14H1_M": [
        [-0.122254, 0.00361935, 0.000160111]
    ],
    "M_G2C14_M M_G2C14H2_M": [
        [-0.122288, 0.00344646, 0.000152462]
    ],
    "M_G2C15_M M_G2C15H1_M": [
        [-0.126531, 0.00340961, 0.000150832]
    ],
    "M_G2C15_M M_G2C15H2_M": [
        [-0.126618, 0.00332395, 0.000147043]
    ],
    "M_G2C16_M M_G2C16H1_M": [
        [-0.114576, 0.00310558, 0.000137383]
    ],
    "M_G2C16_M M_G2C16H2_M": [
        [-0.11463, 0.0030192, 0.000133562]
    ],
    "M_G2C17_M M_G2C17H1_M": [
        [-0.103674, 0.0028274, 0.000125077]
    ],
    "M_G2C17_M M_G2C17H2_M": [
        [-0.1037, 0.00280698, 0.000124173]
    ],
    "M_G2C18_M M_G2C18H1_M": [
        [-0.0803298, 0.00256063, 0.000113276]
    ],
    "M_G2C18_M M_G2C18H2_M": [
        [-0.08058, 0.00255097, 0.000112848]
    ],
    "M_G2C19_M M_G2C19H1_M": [
        [-0.0266992, 0.00213347, 9.4379e-05]
    ],
    "M_G2C19_M M_G2C19H2_M": [
        [-0.0268113, 0.00217757, 9.633e-05]
    ],
    "M_G2C19_M M_G2C19H3_M": [
        [-0.0267042, 0.00220617, 9.7595e-05]
    ],
    "M_G3_M M_G3H1_M": [
        [-0.223132, 0.00631524, 0.00027937]
    ],
    "M_G3_M M_G3H2_M": [
        [-0.243288, 0.00509938, 0.000225583]
    ],
    "M_G3C4_M M_G3C4H1_M": [
        [0.0311649, 0.00470074, 0.000207948]
    ],
    "M_G3C4_M M_G3C4H2_M": [
        [0.0311812, 0.00460155, 0.00020356]
    ],
    "M_G3C5_M M_G3C5H1_M": [
        [-0.0768404, 0.00389916, 0.000172489]
    ],
    "M_G3C5_M M_G3C5H2_M": [
        [-0.0776671, 0.00408012, 0.000180494]
    ],
    "M_G3N6C1_M M_G3N6C1H1_M": [
        [0.0116745, 0.00275759, 0.000121988]
    ],
    "M_G3N6C1_M M_G3N6C1H2_M": [
        [0.0112216, 0.00273353, 0.000120924]
    ],
    "M_G3N6C1_M M_G3N6C1H3_M": [
        [0.011126, 0.00277821, 0.000122901]
    ],
    "M_G3N6C2_M M_G3N6C2H1_M": [
        [0.0113708, 0.00271171, 0.000119959]
    ],
    "M_G3N6C2_M M_G3N6C2H2_M": [
        [0.0113253, 0.00280062, 0.000123892]
    ],
    "M_G3N6C2_M M_G3N6C2H3_M": [
        [0.0112961, 0.00264395, 0.000116961]
    ],
    "M_G3N6C3_M M_G3N6C3H1_M": [
        [0.0111835, 0.00279603, 0.000123689]
    ],
    "M_G3N6C3_M M_G3N6C3H2_M": [
        [0.0114713, 0.00269631, 0.000119278]
    ],
    "M_G3N6C3_M M_G3N6C3H3_M": [
        [0.0112495, 0.00287749, 0.000127292]
    ]
}