{
    "M_G1_M M_G1H1_M": [
        [-0.186539, 0.0669049, 0.0034642]
    ],
    "M_G1_M M_G1H2_M": [
        [-0.0218055, 0.0732395, 0.0037922]
    ],
    "M_G1C3_M M_G1C3H1_M": [
        [-0.25238, 0.0352111, 0.00182316]
    ],
    "M_G1C3_M M_G1C3H2_M": [
        [-0.233353, 0.0399218, 0.00206707]
    ],
    "M_G1C4_M M_G1C4H1_M": [
        [-0.217985, 0.0291954, 0.00151168]
    ],
    "M_G1C4_M M_G1C4H2_M": [
        [-0.207415, 0.0291345, 0.00150853]
    ],
    "M_G1C5_M M_G1C5H1_M": [
        [-0.248543, 0.0266922, 0.00138207]
    ],
    "M_G1C5_M M_G1C5H2_M": [
        [-0.245438, 0.025799, 0.00133582]
    ],
    "M_G1C6_M M_G1C6H1_M": [
        [-0.2538, 0.0262216, 0.0013577]
    ],
    "M_G1C6_M M_G1C6H2_M": [
        [-0.250427, 0.0263292, 0.00136328]
    ],
    "M_G1C7_M M_G1C7H1_M": [
        [-0.265971, 0.0256226, 0.00132669]
    ],
    "M_G1C7_M M_G1C7H2_M": [
        [-0.264109, 0.0253513, 0.00131264]
    ],
    "M_G1C8_M M_G1C8H1_M": [
        [-0.26118, 0.0258785, 0.00133994]
    ],
    "M_G1C8_M M_G1C8H2_M": [
        [-0.258811, 0.0263682, 0.00136529]
    ],
    "M_G1C9_M M_G1C9H1_M": [
        [-0.261531, 0.0258888, 0.00134047]
    ],
    "M_G1C9_M M_G1C9H2_M": [
        [-0.260907, 0.0257758, 0.00133462]
    ],
    "M_G1C10_M M_G1C10H1_M": [
        [-0.250398, 0.0259886, 0.00134564]
    ],
    "M_G1C10_M M_G1C10H2_M": [
        [-0.249117, 0.0271575, 0.00140616]
    ],
    "M_G1C11_M M_G1C11H1_M": [
        [-0.242897, 0.025715, 0.00133147]
    ],
    "M_G1C11_M M_G1C11H2_M": [
        [-0.242402, 0.02637, 0.00136538]
    ],
    "M_G1C12_M M_G1C12H1_M": [
        [-0.224588, 0.0252668, 0.00130827]
    ],
    "M_G1C12_M M_G1C12H2_M": [
        [-0.22388, 0.0259101, 0.00134157]
    ],
    "M_G1C13_M M_G1C13H1_M": [
        [-0.210211, 0.0242395, 0.00125508]
    ],
    "M_G1C13_M M_G1C13H2_M": [
        [-0.210379, 0.0244817, 0.00126761]
    ],
    "M_G1C14_M M_G1C14H1_M": [
        [-0.185133, 0.0224155, 0.00116063]
    ],
    "M_G1C14_M M_G1C14H2_M": [
        [-0.184781, 0.0225293, 0.00116652]
    ],
    "M_G1C15_M M_G1C15H1_M": [
        [-0.160677, 0.0198381, 0.00102718]
    ],
    "M_G1C15_M M_G1C15H2_M": [
        [-0.161252, 0.0199766, 0.00103435]
    ],
    "M_G1C16_M M_G1C16H1_M": [
        [-0.121652, 0.015854, 0.00082089]
    ],
    "M_G1C16_M M_G1C16H2_M": [
        [-0.121696, 0.0162833, 0.000843116]
    ],
    "M_G1C17_M M_G1C17H1_M": [
        [-0.0390904, 0.00759266, 0.000393133]
    ],
    "M_G1C17_M M_G1C17H2_M": [
        [-0.0396406, 0.00787832, 0.000407924]
    ],
    "M_G1C17_M M_G1C17H3_M": [
        [-0.0400135, 0.00767633, 0.000397465]
    ],
    "M_G2_M M_G2H1_M": [
        [-0.199929, 0.0643865, 0.0033338]
    ],
    "M_G2C3_M M_G2C3H1_M": [
        [-0.0932274, 0.0500514, 0.00259156]
    ],
    "M_G2C3_M M_G2C3H2_M": [
        [-0.136419, 0.0408866, 0.00211703]
    ],
    "M_G2C4_M M_G2C4H1_M": [
        [-0.231161, 0.0303398, 0.00157094]
    ],
    "M_G2C4_M M_G2C4H2_M": [
        [-0.231128, 0.0322219, 0.00166838]
    ],
    "M_G2C5_M M_G2C5H1_M": [
        [-0.233838, 0.0274578, 0.00142171]
    ],
    "M_G2C5_M M_G2C5H2_M": [
        [-0.2346, 0.0292112, 0.0015125]
    ],
    "M_G2C6_M M_G2C6H1_M": [
        [-0.250151, 0.0293281, 0.00151855]
    ],
    "M_G2C6_M M_G2C6H2_M": [
        [-0.248091, 0.0296844, 0.001537]
    ],
    "M_G2C7_M M_G2C7H1_M": [
        [-0.228644, 0.0281905, 0.00145965]
    ],
    "M_G2C7_M M_G2C7H2_M": [
        [-0.226631, 0.0292374, 0.00151386]
    ],
    "M_G2C8_M M_G2C8H1_M": [
        [-0.21866, 0.0273728, 0.00141731]
    ],
    "M_G2C8_M M_G2C8H2_M": [
        [-0.217448, 0.0283047, 0.00146556]
    ],
    "M_G2C9_M M_G2C9H1_M": [
        [-0.13171, 0.0271845, 0.00140756]
    ],
    "M_G2C9_M M_G2C9H2_M": [
        [-0.131583, 0.0295445, 0.00152976]
    ],
    "M_G2C10_M M_G2C10H1_M": [
        [-0.08005, 0.0302683, 0.00156723]
    ],
    "M_G2C11_M M_G2C11H1_M": [
        [-0.0687901, 0.0299205, 0.00154923]
    ],
    "M_G2C12_M M_G2C12H1_M": [
        [-0.112273, 0.0308364, 0.00159665]
    ],
    "M_G2C12_M M_G2C12H2_M": [
        [-0.112017, 0.0317882, 0.00164593]
    ],
    "M_G2C13_M M_G2C13H1_M": [
        [-0.169788, 0.028148, 0.00145745]
    ],
    "M_G2C13_M M_G2C13H2_M": [
        [-0.169922, 0.0279117, 0.00144521]
    ],
    "M_G2C14_M M_G2C14H1_M": [
        [-0.179427, 0.0262956, 0.00136153]
    ],
    "M_G2C14_M M_G2C14H2_M": [
        [-0.180129, 0.0257297, 0.00133223]
    ],
    "M_G2C15_M M_G2C15H1_M": [
        [-0.185349, 0.0250529, 0.00129719]
    ],
    "M_G2C15_M M_G2C15H2_M": [
        [-0.185461, 0.0239857, 0.00124193]
    ],
    "M_G2C16_M M_G2C16H1_M": [
        [-0.169172, 0.0220508, 0.00114175]
    ],
    "M_G2C16_M M_G2C16H2_M": [
        [-0.169453, 0.0216485, 0.00112092]
    ],
    "M_G2C17_M M_G2C17H1_M": [
        [-0.153204, 0.019679, 0.00101894]
    ],
    "M_G2C17_M M_G2C17H2_M": [
        [-0.153287, 0.0192434, 0.000996387]
    ],
    "M_G2C18_M M_G2C18H1_M": [
        [-0.118027, 0.0155987, 0.000807672]
    ],
    "M_G2C18_M M_G2C18H2_M": [
        [-0.118043, 0.0151607, 0.000784993]
    ],
    "M_G2C19_M M_G2C19H1_M": [
        [-0.039314, 0.00777135, 0.000402385]
    ],
    "M_G2C19_M M_G2C19H2_M": [
        [-0.0408032, 0.00718081, 0.000371808]
    ],
    "M_G2C19_M M_G2C18H3_M": [
        [-0.0397271, 0.00805942, 0.000417301]
    ],
    "M_G3_M M_G3H1_M": [
        [-0.208728, 0.0583279, 0.0030201]
    ],
    "M_G3_M M_G3H2_M": [
        [-0.218882, 0.0464529, 0.00240524]
    ],
    "M_G3C4_M M_G3C4H1_M": [
        [0.0925796, 0.0298692, 0.00154657]
    ],
    "M_G3C4_M M_G3C4H2_M": [
        [0.0666422, 0.0281285, 0.00145644]
    ],
    "M_G3C5_M M_G3C5H1_M": [
        [-0.00621424, 0.0258571, 0.00133883]
    ],
    "M_G3C5_M M_G3C5H2_M": [
        [0.00298443, 0.0278042, 0.00143964]
    ]
}