{
    "M_C3_M M_C3H1_M": [
        [-0.403631, 0.0134487, 0.00155293]
    ],
    "M_C4_M M_C4H1_M": [
        [-0.345666, 0.0196951, 0.0022742]
    ],
    "M_C4_M M_C4H2_M": [
        [-0.277276, 0.0349353, 0.00403398]
    ],
    "M_C6_M M_C6H1_M": [
        [-0.0890814, 0.0478401, 0.0055241]
    ],
    "M_C7_M M_C7H1_M": [
        [-0.334841, 0.030751, 0.00355082]
    ],
    "M_C7_M M_C7H2_M": [
        [-0.383733, 0.0158196, 0.00182669]
    ],
    "M_C8_M M_C8H1_M": [
        [-0.464102, 0.00566272, 0.000653875]
    ],
    "M_C14_M M_C14H1_M": [
        [-0.461408, 0.00665177, 0.00076808]
    ],
    "M_C15_M M_C15H1_M": [
        [-0.429352, 0.0112413, 0.00129803]
    ],
    "M_C15_M M_C15H2_M": [
        [-0.394531, 0.0195293, 0.00225505]
    ],
    "M_C16_M M_C16H1_M": [
        [-0.0671807, 0.0310525, 0.00358563]
    ],
    "M_C16_M M_C16H2_M": [
        [-0.200017, 0.028731, 0.00331757]
    ],
    "M_C17_M M_C17H1_M": [
        [-0.458669, 0.00634088, 0.000732182]
    ],
    "M_C18_M M_C18H1_M": [
        [0.130136, 0.0200704, 0.00231753]
    ],
    "M_C18_M M_C18H2_M": [
        [0.132164, 0.01801, 0.00207962]
    ],
    "M_C18_M M_C18H3_M": [
        [0.127082, 0.0186508, 0.0021536]
    ],
    "M_C12_M M_C12H1_M": [
        [-0.150554, 0.0429326, 0.00495743]
    ],
    "M_C12_M M_C12H2_M": [
        [-0.455545, 0.00636164, 0.000734578]
    ],
    "M_C11_M M_C11H1_M": [
        [-0.46034, 0.00601549, 0.000694609]
    ],
    "M_C11_M M_C11H2_M": [
        [-0.246185, 0.0368717, 0.00425758]
    ],
    "M_C9_M M_C9H1_M": [
        [-0.45994, 0.00738037, 0.000852212]
    ],
    "M_C19_M M_C19H1_M": [
        [0.130415, 0.0132111, 0.00152548]
    ],
    "M_C19_M M_C19H2_M": [
        [0.129741, 0.011206, 0.00129395]
    ],
    "M_C19_M M_C19H3_M": [
        [0.127331, 0.0119988, 0.0013855]
    ],
    "M_C1_M M_C1H1_M": [
        [-0.294234, 0.0342421, 0.00395394]
    ],
    "M_C1_M M_C1H2_M": [
        [-0.404553, 0.0142582, 0.0016464]
    ],
    "M_C2_M M_C2H1_M": [
        [-0.236059, 0.0363877, 0.00420168]
    ],
    "M_C2_M M_C2H2_M": [
        [-0.371447, 0.017638, 0.00203666]
    ],
    "M_C20_M M_C20H1_M": [
        [-0.441201, 0.0130079, 0.00150203]
    ],
    "M_C21_M M_C21H1_M": [
        [0.122918, 0.0115592, 0.00133474]
    ],
    "M_C21_M M_C21H2_M": [
        [0.126481, 0.0125007, 0.00144346]
    ],
    "M_C21_M M_C21H3_M": [
        [0.122282, 0.0115318, 0.00133158]
    ],
    "M_C22_M M_C22H1_M": [
        [-0.272014, 0.0809201, 0.00934385]
    ],
    "M_C22_M M_C22H2_M": [
        [-0.413066, 0.0105363, 0.00121662]
    ],
    "M_C23_M M_C23H1_M": [
        [-0.19173, 0.0669476, 0.00773045]
    ],
    "M_C23_M M_C23H2_M": [
        [-0.390647, 0.0132454, 0.00152945]
    ],
    "M_C24_M M_C24H1_M": [
        [-0.227461, 0.0338694, 0.0039109]
    ],
    "M_C24_M M_C24H2_M": [
        [-0.31271, 0.0237188, 0.00273881]
    ],
    "M_C25_M M_C25H1_M": [
        [-0.214549, 0.0277005, 0.00319857]
    ],
    "M_C26_M M_C26H1_M": [
        [0.00825914, 0.0130299, 0.00150457]
    ],
    "M_C26_M M_C26H2_M": [
        [0.00601193, 0.0135001, 0.00155886]
    ],
    "M_C26_M M_C26H3_M": [
        [0.0047401, 0.0156941, 0.0018122]
    ],
    "M_C27_M M_C27H1_M": [
        [0.00714173, 0.0159791, 0.00184511]
    ],
    "M_C27_M M_C27H2_M": [
        [0.00875482, 0.0168503, 0.00194571]
    ],
    "M_C27_M M_C27H3_M": [
        [0.00697561, 0.0144169, 0.00166472]
    ]
}