{
    "M_G1_M M_G1H1_M": [
        [-0.0616171, 0.094156, 0.00667455]
    ],
    "M_G1_M M_G1H2_M": [
        [-0.141148, 0.0792272, 0.00561627]
    ],
    "M_G1C3_M M_G1C3H1_M": [
        [-0.22705, 0.0357688, 0.00253558]
    ],
    "M_G1C3_M M_G1C3H2_M": [
        [-0.220614, 0.0354068, 0.00250992]
    ],
    "M_G1C4_M M_G1C4H1_M": [
        [-0.18311, 0.0269419, 0.00190986]
    ],
    "M_G1C4_M M_G1C4H2_M": [
        [-0.191071, 0.028098, 0.00199182]
    ],
    "M_G1C5_M M_G1C5H1_M": [
        [-0.213008, 0.0203174, 0.00144026]
    ],
    "M_G1C5_M M_G1C5H2_M": [
        [-0.216455, 0.0217903, 0.00154467]
    ],
    "M_G1C6_M M_G1C6H1_M": [
        [-0.195806, 0.0181033, 0.00128331]
    ],
    "M_G1C6_M M_G1C6H2_M": [
        [-0.196706, 0.0185775, 0.00131693]
    ],
    "M_G1C7_M M_G1C7H1_M": [
        [-0.193858, 0.0165331, 0.001172]
    ],
    "M_G1C7_M M_G1C7H2_M": [
        [-0.194431, 0.0167771, 0.0011893]
    ],
    "M_G1C8_M M_G1C8H1_M": [
        [-0.173485, 0.0148988, 0.00105614]
    ],
    "M_G1C8_M M_G1C8H2_M": [
        [-0.173381, 0.0155394, 0.00110156]
    ],
    "M_G1C9_M M_G1C9H1_M": [
        [-0.145955, 0.0167433, 0.0011869]
    ],
    "M_G1C9_M M_G1C9H2_M": [
        [-0.14608, 0.0173034, 0.00122661]
    ],
    "M_G1C10_M M_G1C10H1_M": [
        [-0.11237, 0.0195275, 0.00138427]
    ],
    "M_G1C11_M M_G1C11H1_M": [
        [-0.0604818, 0.0278461, 0.00197396]
    ],
    "M_G1C12_M M_G1C12H1_M": [
        [-0.0713155, 0.0195158, 0.00138344]
    ],
    "M_G1C12_M M_G1C12H2_M": [
        [-0.0714307, 0.0195893, 0.00138865]
    ],
    "M_G1C13_M M_G1C13H1_M": [
        [-0.102669, 0.0156018, 0.00110598]
    ],
    "M_G1C13_M M_G1C13H2_M": [
        [-0.102146, 0.0151023, 0.00107057]
    ],
    "M_G1C14_M M_G1C14H1_M": [
        [-0.0914761, 0.0149725, 0.00106137]
    ],
    "M_G1C14_M M_G1C14H2_M": [
        [-0.0924703, 0.0156565, 0.00110986]
    ],
    "M_G1C15_M M_G1C15H1_M": [
        [-0.0984791, 0.0147349, 0.00104453]
    ],
    "M_G1C15_M M_G1C15H2_M": [
        [-0.0978659, 0.0140032, 0.000992659]
    ],
    "M_G1C16_M M_G1C16H1_M": [
        [-0.081202, 0.0130801, 0.000927221]
    ],
    "M_G1C16_M M_G1C16H2_M": [
        [-0.0811804, 0.0129429, 0.000917501]
    ],
    "M_G1C17_M M_G1C17H1_M": [
        [-0.0747388, 0.0115116, 0.000816036]
    ],
    "M_G1C17_M M_G1C17H2_M": [
        [-0.074988, 0.0116949, 0.000829027]
    ],
    "M_G1C18_M M_G1C18H1_M": [
        [-0.0534924, 0.00946526, 0.000670974]
    ],
    "M_G1C18_M M_G1C18H2_M": [
        [-0.0527981, 0.00900375, 0.000638259]
    ],
    "M_G1C19_M M_G1C19H1_M": [
        [-0.0199332, 0.00731156, 0.000518303]
    ],
    "M_G1C19_M M_G1C19H2_M": [
        [-0.0200425, 0.00645893, 0.000457862]
    ],
    "M_G1C19_M M_G1C19H3_M": [
        [-0.0198358, 0.00648792, 0.000459917]
    ],
    "M_G2_M M_G2H1_M": [
        [-0.00867226, 0.148596, 0.0105337]
    ],
    "M_G2C3_M M_G2C3H1_M": [
        [-0.178933, 0.0496792, 0.00352166]
    ],
    "M_G2C3_M M_G2C3H2_M": [
        [-0.117041, 0.0533371, 0.00378096]
    ],
    "M_G2C4_M M_G2C4H1_M": [
        [-0.205627, 0.0309895, 0.00219679]
    ],
    "M_G2C4_M M_G2C4H2_M": [
        [-0.149898, 0.0387275, 0.00274532]
    ],
    "M_G2C5_M M_G2C5H1_M": [
        [-0.198324, 0.0237525, 0.00168377]
    ],
    "M_G2C5_M M_G2C5H2_M": [
        [-0.186994, 0.0221528, 0.00157037]
    ],
    "M_G2C6_M M_G2C6H1_M": [
        [-0.198011, 0.0211902, 0.00150213]
    ],
    "M_G2C6_M M_G2C6H2_M": [
        [-0.193242, 0.0204104, 0.00144686]
    ],
    "M_G2C7_M M_G2C7H1_M": [
        [-0.180477, 0.0185354, 0.00131394]
    ],
    "M_G2C7_M M_G2C7H2_M": [
        [-0.181325, 0.0181588, 0.00128724]
    ],
    "M_G2C8_M M_G2C8H1_M": [
        [-0.175567, 0.0169861, 0.00120411]
    ],
    "M_G2C8_M M_G2C8H2_M": [
        [-0.175944, 0.0162408, 0.00115128]
    ],
    "M_G2C9_M M_G2C9H1_M": [
        [-0.130717, 0.0188355, 0.00133521]
    ],
    "M_G2C9_M M_G2C9H2_M": [
        [-0.132393, 0.0179525, 0.00127262]
    ],
    "M_G2C10_M M_G2C10H1_M": [
        [-0.102312, 0.0216435, 0.00153427]
    ],
    "M_G2C11_M M_G2C11H1_M": [
        [-0.0193543, 0.0348151, 0.00246798]
    ],
    "M_G2C12_M M_G2C12H1_M": [
        [-0.0728984, 0.0214326, 0.00151931]
    ],
    "M_G2C12_M M_G2C12H2_M": [
        [-0.0726275, 0.0231463, 0.0016408]
    ],
    "M_G2C13_M M_G2C13H1_M": [
        [-0.110295, 0.0141018, 0.000999648]
    ],
    "M_G2C13_M M_G2C13H2_M": [
        [-0.109414, 0.014552, 0.00103156]
    ],
    "M_G2C14_M M_G2C14H1_M": [
        [-0.105183, 0.0137327, 0.000973486]
    ],
    "M_G2C14_M M_G2C14H2_M": [
        [-0.104371, 0.0138898, 0.000984622]
    ],
    "M_G2C15_M M_G2C15H1_M": [
        [-0.111347, 0.011529, 0.00081727]
    ],
    "M_G2C15_M M_G2C15H2_M": [
        [-0.111929, 0.0114255, 0.000809934]
    ],
    "M_G2C16_M M_G2C16H1_M": [
        [-0.0960909, 0.0108329, 0.000767924]
    ],
    "M_G2C16_M M_G2C16H2_M": [
        [-0.0953181, 0.0105361, 0.000746883]
    ],
    "M_G2C17_M M_G2C17H1_M": [
        [-0.0866535, 0.00918533, 0.000651131]
    ],
    "M_G2C17_M M_G2C17H2_M": [
        [-0.0869729, 0.00954237, 0.000676441]
    ],
    "M_G2C18_M M_G2C18H1_M": [
        [-0.0628343, 0.00858734, 0.00060874]
    ],
    "M_G2C18_M M_G2C18H2_M": [
        [-0.0627734, 0.00805684, 0.000571134]
    ],
    "M_G2C19_M M_G2C19H1_M": [
        [-0.0215086, 0.00679035, 0.000481355]
    ],
    "M_G2C19_M M_G2C19H2_M": [
        [-0.0221881, 0.00673151, 0.000477184]
    ],
    "M_G2C19_M M_G2C19H3_M": [
        [-0.0214849, 0.00664454, 0.000471019]
    ],
    "M_G3_M M_G3H1_M": [
        [0.008274, 0.143433, 0.0101677]
    ],
    "M_G3_M M_G3H2_M": [
        [0.0538101, 0.113932, 0.00807641]
    ],
    "M_G3C4_M M_G3C4H1_M": [
        [-0.0124298, 0.0800807, 0.00567677]
    ],
    "M_G3C4_M M_G3C4H2_M": [
        [-0.021501, 0.0795837, 0.00564154]
    ],
    "M_G3C5_M M_G3C5H1_M": [
        [-0.0775533, 0.0543198, 0.00385063]
    ],
    "M_G3C5_M M_G3C5H2_M": [
        [-0.104556, 0.0461277, 0.00326991]
    ],
    "M_G3N6C1_M M_G3N6C1H1_M": [
        [0.0136473, 0.0129499, 0.000917998]
    ],
    "M_G3N6C1_M M_G3N6C1H2_M": [
        [0.0129926, 0.0133519, 0.000946492]
    ],
    "M_G3N6C1_M M_G3N6C1H3_M": [
        [0.0145431, 0.0135041, 0.000957282]
    ],
    "M_G3N6C2_M M_G3N6C2H1_M": [
        [0.0133268, 0.0130196, 0.000922935]
    ],
    "M_G3N6C2_M M_G3N6C2H2_M": [
        [0.0131231, 0.0136132, 0.000965013]
    ],
    "M_G3N6C2_M M_G3N6C2H3_M": [
        [0.0127058, 0.0128895, 0.000913711]
    ],
    "M_G3N6C3_M M_G3N6C3H1_M": [
        [0.0137817, 0.0126621, 0.000897594]
    ],
    "M_G3N6C3_M M_G3N6C3H2_M": [
        [0.013334, 0.0134269, 0.000951805]
    ],
    "M_G3N6C3_M M_G3N6C3H3_M": [
        [0.0136819, 0.0135044, 0.000957299]
    ]
}