{"headgroup": 0.3723912361232323, "sn-1": 0.19055807920748685, "sn-2": 0.11832762516093763, "total": 0.22709231349721892}