{
    "M_C3_M M_C3H3_M": [
        [-0.349786, 0.00769017, 0.00147997]
    ],
    "M_C4_M M_C4H41_M": [
        [-0.313102, 0.00846875, 0.00162981]
    ],
    "M_C4_M M_C4H42_M": [
        [-0.122826, 0.0144647, 0.00278374]
    ],
    "M_C6_M M_C6H6_M": [
        [-0.00784117, 0.0158888, 0.00305781]
    ],
    "M_C7_M M_C7H71_M": [
        [-0.265441, 0.0110303, 0.00212279]
    ],
    "M_C7_M M_C7H72_M": [
        [-0.316195, 0.00850294, 0.00163639]
    ],
    "M_C8_M M_C8H8_M": [
        [-0.378767, 0.00903952, 0.00173966]
    ],
    "M_C14_M M_C14H14_M": [
        [-0.375273, 0.00943249, 0.00181528]
    ],
    "M_C15_M M_C15H151_M": [
        [-0.345955, 0.00951484, 0.00183113]
    ],
    "M_C15_M M_C15H152_M": [
        [-0.27179, 0.0108474, 0.00208758]
    ],
    "M_C16_M M_C16H161_M": [
        [-0.0753483, 0.0117333, 0.00225807]
    ],
    "M_C16_M M_C16H162_M": [
        [-0.181364, 0.0103941, 0.00200035]
    ],
    "M_C17_M M_C17H17_M": [
        [-0.367717, 0.00980372, 0.00188673]
    ],
    "M_C18_M M_C18H181_M": [
        [0.108283, 0.00643043, 0.00123754]
    ],
    "M_C18_M M_C18H182_M": [
        [0.108062, 0.010832, 0.00208461]
    ],
    "M_C18_M M_C18H183_M": [
        [0.105788, 0.006451, 0.0012415]
    ],
    "M_C12_M M_C12H121_M": [
        [-0.0521666, 0.0144072, 0.00277267]
    ],
    "M_C12_M M_C12H122_M": [
        [-0.371905, 0.00900203, 0.00173244]
    ],
    "M_C11_M M_C11H111_M": [
        [-0.374622, 0.00884774, 0.00170275]
    ],
    "M_C11_M M_C11H112_M": [
        [-0.208656, 0.011967, 0.00230305]
    ],
    "M_C9_M M_C9H9_M": [
        [-0.377017, 0.00904059, 0.00173986]
    ],
    "M_C19_M M_C19H191_M": [
        [0.106081, 0.00755629, 0.00145421]
    ],
    "M_C19_M M_C19H192_M": [
        [0.108051, 0.0107832, 0.00207523]
    ],
    "M_C19_M M_C19H193_M": [
        [0.109961, 0.00960135, 0.00184778]
    ],
    "M_C1_M M_C1H11_M": [
        [-0.167042, 0.013895, 0.0026741]
    ],
    "M_C1_M M_C1H12_M": [
        [-0.335568, 0.00814556, 0.00156761]
    ],
    "M_C2_M M_C2H21_M": [
        [-0.216389, 0.0113636, 0.00218692]
    ],
    "M_C2_M M_C2H22_M": [
        [-0.323487, 0.00842358, 0.00162112]
    ],
    "M_C20_M M_C20H20_M": [
        [-0.355372, 0.00865718, 0.00166607]
    ],
    "M_C21_M M_C21H211_M": [
        [0.0887973, 0.0059534, 0.00114573]
    ],
    "M_C21_M M_C21H212_M": [
        [0.0890759, 0.00630419, 0.00121324]
    ],
    "M_C21_M M_C21H213_M": [
        [0.0883284, 0.00512845, 0.000986971]
    ],
    "M_C22_M M_C22H221_M": [
        [-0.124823, 0.0255403, 0.00491522]
    ],
    "M_C22_M M_C22H222_M": [
        [-0.3153, 0.00910449, 0.00175216]
    ],
    "M_C23_M M_C23H231_M": [
        [-0.0856651, 0.0197525, 0.00380137]
    ],
    "M_C23_M M_C23H232_M": [
        [-0.293485, 0.00909115, 0.00174959]
    ],
    "M_C24_M M_C24H241_M": [
        [-0.109926, 0.0150366, 0.0028938]
    ],
    "M_C24_M M_C24H242_M": [
        [-0.247204, 0.00911212, 0.00175363]
    ],
    "M_C25_M M_C25H25_M": [
        [-0.141154, 0.0132683, 0.00255349]
    ],
    "M_C26_M M_C26H261_M": [
        [0.00973885, 0.00546424, 0.00105159]
    ],
    "M_C26_M M_C26H262_M": [
        [0.0104108, 0.00641877, 0.00123529]
    ],
    "M_C26_M M_C26H263_M": [
        [0.00968248, 0.0068335, 0.00131511]
    ],
    "M_C27_M M_C27H271_M": [
        [-0.00456503, 0.00435902, 0.000838893]
    ],
    "M_C27_M M_C27H272_M": [
        [-0.00626498, 0.00539022, 0.00103735]
    ],
    "M_C27_M M_C27H273_M": [
        [-0.0017943, 0.0044882, 0.000863755]
    ]
}