{
    "M_G1_M M_G1H1_M": [
        [-0.198878, 0.0626861, 0.0044437]
    ],
    "M_G1_M M_G1H2_M": [
        [-0.0597628, 0.069913, 0.004956]
    ],
    "M_G1C3_M M_G1C3H1_M": [
        [-0.290428, 0.0286693, 0.00203231]
    ],
    "M_G1C3_M M_G1C3H2_M": [
        [-0.271835, 0.0305542, 0.00216593]
    ],
    "M_G1C4_M M_G1C4H1_M": [
        [-0.251531, 0.0271984, 0.00192804]
    ],
    "M_G1C4_M M_G1C4H2_M": [
        [-0.239199, 0.0279915, 0.00198426]
    ],
    "M_G1C5_M M_G1C5H1_M": [
        [-0.275679, 0.025153, 0.00178305]
    ],
    "M_G1C5_M M_G1C5H2_M": [
        [-0.272053, 0.0238385, 0.00168987]
    ],
    "M_G1C6_M M_G1C6H1_M": [
        [-0.276616, 0.0250349, 0.00177468]
    ],
    "M_G1C6_M M_G1C6H2_M": [
        [-0.274115, 0.025056, 0.00177617]
    ],
    "M_G1C7_M M_G1C7H1_M": [
        [-0.286138, 0.0246029, 0.00174405]
    ],
    "M_G1C7_M M_G1C7H2_M": [
        [-0.284406, 0.024408, 0.00173024]
    ],
    "M_G1C8_M M_G1C8H1_M": [
        [-0.277987, 0.0251516, 0.00178295]
    ],
    "M_G1C8_M M_G1C8H2_M": [
        [-0.276957, 0.0249719, 0.00177021]
    ],
    "M_G1C9_M M_G1C9H1_M": [
        [-0.277971, 0.0254817, 0.00180635]
    ],
    "M_G1C9_M M_G1C9H2_M": [
        [-0.277668, 0.024973, 0.00177029]
    ],
    "M_G1C10_M M_G1C10H1_M": [
        [-0.26315, 0.0272755, 0.00193351]
    ],
    "M_G1C10_M M_G1C10H2_M": [
        [-0.262856, 0.0265164, 0.0018797]
    ],
    "M_G1C11_M M_G1C11H1_M": [
        [-0.254332, 0.0284117, 0.00201405]
    ],
    "M_G1C11_M M_G1C11H2_M": [
        [-0.253981, 0.027801, 0.00197076]
    ],
    "M_G1C12_M M_G1C12H1_M": [
        [-0.225465, 0.0296213, 0.0020998]
    ],
    "M_G1C12_M M_G1C12H2_M": [
        [-0.225256, 0.0295077, 0.00209175]
    ],
    "M_G1C13_M M_G1C13H1_M": [
        [-0.197562, 0.0285301, 0.00202244]
    ],
    "M_G1C13_M M_G1C13H2_M": [
        [-0.197839, 0.0283897, 0.00201249]
    ],
    "M_G1C14_M M_G1C14H1_M": [
        [-0.14355, 0.0253063, 0.00179391]
    ],
    "M_G1C14_M M_G1C14H2_M": [
        [-0.143304, 0.025195, 0.00178602]
    ],
    "M_G1C15_M M_G1C15H1_M": [
        [-0.048756, 0.0114278, 0.000810093]
    ],
    "M_G1C15_M M_G1C15H2_M": [
        [-0.0490717, 0.0105515, 0.000747974]
    ],
    "M_G1C15_M M_G1C15H3_M": [
        [-0.048961, 0.0106122, 0.00075228]
    ],
    "M_G2_M M_G2H1_M": [
        [-0.21987, 0.0579528, 0.00410816]
    ],
    "M_G2C3_M M_G2C3H1_M": [
        [-0.114651, 0.0519639, 0.00368363]
    ],
    "M_G2C3_M M_G2C3H2_M": [
        [-0.165016, 0.0411463, 0.00291679]
    ],
    "M_G2C4_M M_G2C4H1_M": [
        [-0.270614, 0.0242844, 0.00172147]
    ],
    "M_G2C4_M M_G2C4H2_M": [
        [-0.272327, 0.023939, 0.00169699]
    ],
    "M_G2C5_M M_G2C5H1_M": [
        [-0.280656, 0.0229228, 0.00162495]
    ],
    "M_G2C5_M M_G2C5H2_M": [
        [-0.283505, 0.0214049, 0.00151735]
    ],
    "M_G2C6_M M_G2C6H1_M": [
        [-0.296358, 0.0218082, 0.00154594]
    ],
    "M_G2C6_M M_G2C6H2_M": [
        [-0.29494, 0.0212267, 0.00150472]
    ],
    "M_G2C7_M M_G2C7H1_M": [
        [-0.292446, 0.0225542, 0.00159882]
    ],
    "M_G2C7_M M_G2C7H2_M": [
        [-0.292358, 0.0215588, 0.00152826]
    ],
    "M_G2C8_M M_G2C8H1_M": [
        [-0.294997, 0.0224719, 0.00159299]
    ],
    "M_G2C8_M M_G2C8H2_M": [
        [-0.29511, 0.0219032, 0.00155268]
    ],
    "M_G2C9_M M_G2C9H1_M": [
        [-0.286498, 0.0233948, 0.00165842]
    ],
    "M_G2C9_M M_G2C9H2_M": [
        [-0.286759, 0.0234753, 0.00166412]
    ],
    "M_G2C10_M M_G2C10H1_M": [
        [-0.283218, 0.0242935, 0.00172212]
    ],
    "M_G2C10_M M_G2C10H2_M": [
        [-0.283138, 0.0237671, 0.00168481]
    ],
    "M_G2C11_M M_G2C11H1_M": [
        [-0.268908, 0.025343, 0.00179652]
    ],
    "M_G2C11_M M_G2C11H2_M": [
        [-0.26965, 0.0254746, 0.00180585]
    ],
    "M_G2C12_M M_G2C12H1_M": [
        [-0.256364, 0.0263473, 0.00186771]
    ],
    "M_G2C12_M M_G2C12H2_M": [
        [-0.255879, 0.0261896, 0.00185653]
    ],
    "M_G2C13_M M_G2C13H1_M": [
        [-0.222939, 0.027063, 0.00191844]
    ],
    "M_G2C13_M M_G2C13H2_M": [
        [-0.222716, 0.0269311, 0.0019091]
    ],
    "M_G2C14_M M_G2C14H1_M": [
        [-0.182932, 0.0253255, 0.00179528]
    ],
    "M_G2C14_M M_G2C14H2_M": [
        [-0.183094, 0.0250844, 0.00177818]
    ],
    "M_G2C15_M M_G2C15H1_M": [
        [-0.0464512, 0.00992983, 0.000703907]
    ],
    "M_G2C15_M M_G2C15H2_M": [
        [-0.0460244, 0.00974121, 0.000690536]
    ],
    "M_G2C15_M M_G2C15H3_M": [
        [-0.0454716, 0.00960188, 0.000680659]
    ],
    "M_G3_M M_G3H1_M": [
        [-0.257623, 0.0661933, 0.00469232]
    ],
    "M_G3_M M_G3H2_M": [
        [-0.262801, 0.0885146, 0.00627464]
    ],
    "M_G3C4_M M_G3C4H1_M": [
        [0.0534811, 0.0578287, 0.00409937]
    ],
    "M_G3C4_M M_G3C4H2_M": [
        [0.0381648, 0.0570791, 0.00404623]
    ],
    "M_G3C5_M M_G3C5H1_M": [
        [-0.0326528, 0.0548091, 0.00388532]
    ],
    "M_G3C5_M M_G3C5H2_M": [
        [-0.034843, 0.0574492, 0.00407247]
    ],
    "M_G3N6C1_M M_G3N6C1H1_M": [
        [0.00549553, 0.0164042, 0.00116287]
    ],
    "M_G3N6C1_M M_G3N6C1H2_M": [
        [0.00609445, 0.01696, 0.00120226]
    ],
    "M_G3N6C1_M M_G3N6C1H3_M": [
        [0.00541403, 0.0176723, 0.00125275]
    ],
    "M_G3N6C2_M M_G3N6C2H1_M": [
        [0.00476448, 0.0171506, 0.00121577]
    ],
    "M_G3N6C2_M M_G3N6C2H2_M": [
        [0.0059635, 0.0176893, 0.00125396]
    ],
    "M_G3N6C2_M M_G3N6C2H3_M": [
        [0.00709749, 0.0177674, 0.0012595]
    ],
    "M_G3N6C3_M M_G3N6C3H1_M": [
        [0.0046729, 0.0165441, 0.00117278]
    ],
    "M_G3N6C3_M M_G3N6C3H2_M": [
        [0.00406346, 0.017859, 0.00126599]
    ],
    "M_G3N6C3_M M_G3N6C3H3_M": [
        [0.00423686, 0.0169134, 0.00119896]
    ]
}