{
    "M_G1_M M_G1H1_M": [
        [-0.267448, 0.0593319, 0.00265606]
    ],
    "M_G1_M M_G1H2_M": [
        [0.0207732, 0.0673571, 0.00301532]
    ],
    "M_G1C3_M M_G1C3H1_M": [
        [-0.257046, 0.0288362, 0.00129089]
    ],
    "M_G1C3_M M_G1C3H2_M": [
        [-0.246094, 0.0317403, 0.00142089]
    ],
    "M_G1C4_M M_G1C4H1_M": [
        [-0.183092, 0.0257358, 0.00115209]
    ],
    "M_G1C4_M M_G1C4H2_M": [
        [-0.173626, 0.0282553, 0.00126488]
    ],
    "M_G1C5_M M_G1C5H1_M": [
        [-0.207948, 0.0258053, 0.00115521]
    ],
    "M_G1C5_M M_G1C5H2_M": [
        [-0.203372, 0.0269497, 0.00120644]
    ],
    "M_G1C6_M M_G1C6H1_M": [
        [-0.189528, 0.0260858, 0.00116776]
    ],
    "M_G1C6_M M_G1C6H2_M": [
        [-0.188205, 0.0268994, 0.00120418]
    ],
    "M_G1C7_M M_G1C7H1_M": [
        [-0.200692, 0.0265301, 0.00118765]
    ],
    "M_G1C7_M M_G1C7H2_M": [
        [-0.199353, 0.0272416, 0.0012195]
    ],
    "M_G1C8_M M_G1C8H1_M": [
        [-0.182573, 0.0274434, 0.00122854]
    ],
    "M_G1C8_M M_G1C8H2_M": [
        [-0.182708, 0.0281233, 0.00125897]
    ],
    "M_G1C9_M M_G1C9H1_M": [
        [-0.182127, 0.0278307, 0.00124588]
    ],
    "M_G1C9_M M_G1C9H2_M": [
        [-0.182703, 0.0284184, 0.00127218]
    ],
    "M_G1C10_M M_G1C10H1_M": [
        [-0.161741, 0.0277413, 0.00124187]
    ],
    "M_G1C10_M M_G1C10H2_M": [
        [-0.162852, 0.028458, 0.00127395]
    ],
    "M_G1C11_M M_G1C11H1_M": [
        [-0.156437, 0.0262368, 0.00117452]
    ],
    "M_G1C11_M M_G1C11H2_M": [
        [-0.156865, 0.0270166, 0.00120943]
    ],
    "M_G1C12_M M_G1C12H1_M": [
        [-0.136015, 0.0249463, 0.00111675]
    ],
    "M_G1C12_M M_G1C12H2_M": [
        [-0.136501, 0.0252678, 0.00113114]
    ],
    "M_G1C13_M M_G1C13H1_M": [
        [-0.126977, 0.0235329, 0.00105348]
    ],
    "M_G1C13_M M_G1C13H2_M": [
        [-0.126972, 0.022703, 0.00101633]
    ],
    "M_G1C14_M M_G1C14H1_M": [
        [-0.106162, 0.0202157, 0.000904981]
    ],
    "M_G1C14_M M_G1C14H2_M": [
        [-0.106627, 0.0198423, 0.000888262]
    ],
    "M_G1C15_M M_G1C15H1_M": [
        [-0.0933741, 0.0174039, 0.000779105]
    ],
    "M_G1C15_M M_G1C15H2_M": [
        [-0.0935403, 0.0170162, 0.000761751]
    ],
    "M_G1C16_M M_G1C16H1_M": [
        [-0.0675445, 0.0127159, 0.000569243]
    ],
    "M_G1C16_M M_G1C16H2_M": [
        [-0.0678611, 0.0128217, 0.000573976]
    ],
    "M_G1C17_M M_G1C17H1_M": [
        [-0.0234594, 0.00663659, 0.000297095]
    ],
    "M_G1C17_M M_G1C17H2_M": [
        [-0.0231977, 0.00674539, 0.000301965]
    ],
    "M_G1C17_M M_G1C17H3_M": [
        [-0.0238143, 0.00652692, 0.000292185]
    ],
    "M_G2_M M_G2H1_M": [
        [-0.244744, 0.062922, 0.00281678]
    ],
    "M_G2C3_M M_G2C3H1_M": [
        [-0.132038, 0.0353267, 0.00158144]
    ],
    "M_G2C3_M M_G2C3H2_M": [
        [-0.110729, 0.0416685, 0.00186534]
    ],
    "M_G2C4_M M_G2C4H1_M": [
        [-0.182606, 0.0300837, 0.00134673]
    ],
    "M_G2C4_M M_G2C4H2_M": [
        [-0.168414, 0.032456, 0.00145293]
    ],
    "M_G2C5_M M_G2C5H1_M": [
        [-0.174408, 0.0314271, 0.00140687]
    ],
    "M_G2C5_M M_G2C5H2_M": [
        [-0.168937, 0.0326025, 0.00145949]
    ],
    "M_G2C6_M M_G2C6H1_M": [
        [-0.179248, 0.0309779, 0.00138676]
    ],
    "M_G2C6_M M_G2C6H2_M": [
        [-0.178759, 0.031109, 0.00139263]
    ],
    "M_G2C7_M M_G2C7H1_M": [
        [-0.153085, 0.0302095, 0.00135236]
    ],
    "M_G2C7_M M_G2C7H2_M": [
        [-0.153394, 0.0308893, 0.00138279]
    ],
    "M_G2C8_M M_G2C8H1_M": [
        [-0.149063, 0.0292241, 0.00130825]
    ],
    "M_G2C8_M M_G2C8H2_M": [
        [-0.148906, 0.0291512, 0.00130499]
    ],
    "M_G2C9_M M_G2C9H1_M": [
        [-0.105383, 0.0252491, 0.00113031]
    ],
    "M_G2C9_M M_G2C9H2_M": [
        [-0.104308, 0.0251344, 0.00112517]
    ],
    "M_G2C10_M M_G2C10H1_M": [
        [-0.0812148, 0.0271204, 0.00121408]
    ],
    "M_G2C11_M M_G2C11H1_M": [
        [0.0234869, 0.0285317, 0.00127725]
    ],
    "M_G2C12_M M_G2C12H1_M": [
        [-0.0340657, 0.0246134, 0.00110185]
    ],
    "M_G2C12_M M_G2C12H2_M": [
        [-0.0360082, 0.0240939, 0.00107859]
    ],
    "M_G2C13_M M_G2C13H1_M": [
        [-0.076276, 0.0246561, 0.00110376]
    ],
    "M_G2C13_M M_G2C13H2_M": [
        [-0.0763594, 0.0244027, 0.00109241]
    ],
    "M_G2C14_M M_G2C14H1_M": [
        [-0.0827023, 0.0226724, 0.00101496]
    ],
    "M_G2C14_M M_G2C14H2_M": [
        [-0.0839713, 0.0227499, 0.00101843]
    ],
    "M_G2C15_M M_G2C15H1_M": [
        [-0.091467, 0.0220006, 0.000984883]
    ],
    "M_G2C15_M M_G2C15H2_M": [
        [-0.0917222, 0.0215984, 0.000966875]
    ],
    "M_G2C16_M M_G2C16H1_M": [
        [-0.0858383, 0.0196092, 0.000877829]
    ],
    "M_G2C16_M M_G2C16H2_M": [
        [-0.0862006, 0.0188437, 0.000843558]
    ],
    "M_G2C17_M M_G2C17H1_M": [
        [-0.0785075, 0.0169307, 0.000757924]
    ],
    "M_G2C17_M M_G2C17H2_M": [
        [-0.0787475, 0.0163925, 0.00073383]
    ],
    "M_G2C18_M M_G2C18H1_M": [
        [-0.061147, 0.0133559, 0.000597894]
    ],
    "M_G2C18_M M_G2C18H2_M": [
        [-0.0619928, 0.0130373, 0.000583628]
    ],
    "M_G2C19_M M_G2C19H1_M": [
        [-0.0184083, 0.00619501, 0.000277327]
    ],
    "M_G2C19_M M_G2C19H2_M": [
        [-0.0188845, 0.00613449, 0.000274618]
    ],
    "M_G2C19_M M_G2C19H3_M": [
        [-0.0185333, 0.00620303, 0.000277686]
    ],
    "M_G3_M M_G3H1_M": [
        [-0.188626, 0.0690988, 0.00309329]
    ],
    "M_G3_M M_G3H2_M": [
        [-0.251465, 0.0522201, 0.00233769]
    ],
    "M_G3C4_M M_G3C4H1_M": [
        [0.144237, 0.0615316, 0.00275453]
    ],
    "M_G3C4_M M_G3C4H2_M": [
        [0.157228, 0.0530978, 0.00237699]
    ],
    "M_G3C5_M M_G3C5H1_M": [
        [-0.0113102, 0.0343147, 0.00153614]
    ],
    "M_G3C5_M M_G3C5H2_M": [
        [-0.00607479, 0.0315265, 0.00141132]
    ],
    "M_G3N6C1_M M_G3N6C1H1_M": [
        [0.0133531, 0.0109144, 0.000488597]
    ],
    "M_G3N6C1_M M_G3N6C1H2_M": [
        [0.0128074, 0.0106453, 0.00047655]
    ],
    "M_G3N6C1_M M_G3N6C1H3_M": [
        [0.0135306, 0.0107588, 0.000481628]
    ],
    "M_G3N6C2_M M_G3N6C2H1_M": [
        [0.0136811, 0.0114797, 0.000513904]
    ],
    "M_G3N6C2_M M_G3N6C2H2_M": [
        [0.0127144, 0.010984, 0.00049171]
    ],
    "M_G3N6C2_M M_G3N6C2H3_M": [
        [0.0128491, 0.0109944, 0.000492177]
    ],
    "M_G3N6C3_M M_G3N6C3H1_M": [
        [0.0127199, 0.0109892, 0.000491945]
    ],
    "M_G3N6C3_M M_G3N6C3H2_M": [
        [0.0124638, 0.0102751, 0.000459979]
    ],
    "M_G3N6C3_M M_G3N6C3H3_M": [
        [0.0129516, 0.0106246, 0.000475622]
    ]
}