{
    "M_G1_M M_G1H1_M": [
        [0.00830212, 0.108171, 0.00638516]
    ],
    "M_G1_M M_G1H2_M": [
        [-0.154928, 0.101279, 0.0059783]
    ],
    "M_G1C3_M M_G1C3H1_M": [
        [0.339403, 0.11173, 0.00659523]
    ],
    "M_G1C3_M M_G1C3H2_M": [
        [0.339403, 0.11173, 0.00659523]
    ],
    "M_G1C4_M M_G1C4H1_M": [
        [-0.137857, 0.0447911, 0.00264394]
    ],
    "M_G1C4_M M_G1C4H2_M": [
        [-0.131714, 0.0409958, 0.0024199]
    ],
    "M_G1C5_M M_G1C5H1_M": [
        [-0.151883, 0.038374, 0.00226515]
    ],
    "M_G1C5_M M_G1C5H2_M": [
        [-0.153766, 0.0400827, 0.00236601]
    ],
    "M_G1C6_M M_G1C6H1_M": [
        [-0.172636, 0.0391729, 0.0023123]
    ],
    "M_G1C6_M M_G1C6H2_M": [
        [-0.172115, 0.0395831, 0.00233651]
    ],
    "M_G1C7_M M_G1C7H1_M": [
        [-0.181956, 0.0397072, 0.00234384]
    ],
    "M_G1C7_M M_G1C7H2_M": [
        [-0.181192, 0.0394946, 0.00233129]
    ],
    "M_G1C8_M M_G1C8H1_M": [
        [-0.18015, 0.0394617, 0.00232935]
    ],
    "M_G1C8_M M_G1C8H2_M": [
        [-0.178053, 0.0391518, 0.00231106]
    ],
    "M_G1C9_M M_G1C9H1_M": [
        [-0.175484, 0.0390825, 0.00230696]
    ],
    "M_G1C9_M M_G1C9H2_M": [
        [-0.174732, 0.0393678, 0.00232381]
    ],
    "M_G1C10_M M_G1C10H1_M": [
        [-0.165899, 0.0377347, 0.00222741]
    ],
    "M_G1C10_M M_G1C10H2_M": [
        [-0.164802, 0.0389514, 0.00229923]
    ],
    "M_G1C11_M M_G1C11H1_M": [
        [-0.154402, 0.0381764, 0.00225348]
    ],
    "M_G1C11_M M_G1C11H2_M": [
        [-0.156121, 0.0367311, 0.00216817]
    ],
    "M_G1C12_M M_G1C12H1_M": [
        [-0.142827, 0.0361323, 0.00213283]
    ],
    "M_G1C12_M M_G1C12H2_M": [
        [-0.142662, 0.0352407, 0.00208019]
    ],
    "M_G1C13_M M_G1C13H1_M": [
        [-0.128795, 0.0339392, 0.00200337]
    ],
    "M_G1C13_M M_G1C13H2_M": [
        [-0.129197, 0.0315549, 0.00186263]
    ],
    "M_G1C14_M M_G1C14H1_M": [
        [-0.114775, 0.0305725, 0.00180464]
    ],
    "M_G1C14_M M_G1C14H2_M": [
        [-0.114689, 0.0293911, 0.0017349]
    ],
    "M_G1C15_M M_G1C15H1_M": [
        [-0.0969871, 0.0257806, 0.00152178]
    ],
    "M_G1C15_M M_G1C15H2_M": [
        [-0.0985468, 0.0258998, 0.00152882]
    ],
    "M_G1C16_M M_G1C16H1_M": [
        [-0.0746038, 0.0210298, 0.00124135]
    ],
    "M_G1C16_M M_G1C16H2_M": [
        [-0.0731499, 0.0204994, 0.00121004]
    ],
    "M_G1C17_M M_G1C17H1_M": [
        [-0.0187549, 0.0160247, 0.000945906]
    ],
    "M_G1C17_M M_G1C17H2_M": [
        [-0.0195253, 0.0167459, 0.000988478]
    ],
    "M_G1C17_M M_G1C17H3_M": [
        [-0.0174485, 0.0171376, 0.0010116]
    ],
    "M_G2_M M_G2H1_M": [
        [-0.197843, 0.0861347, 0.00508437]
    ],
    "M_G2C3_M M_G2C3H1_M": [
        [-0.146994, 0.065667, 0.0038762]
    ],
    "M_G2C3_M M_G2C3H2_M": [
        [-0.172383, 0.0448781, 0.00264907]
    ],
    "M_G2C4_M M_G2C4H1_M": [
        [-0.186539, 0.0457279, 0.00269923]
    ],
    "M_G2C4_M M_G2C4H2_M": [
        [-0.18673, 0.0429408, 0.00253471]
    ],
    "M_G2C5_M M_G2C5H1_M": [
        [-0.163145, 0.0407896, 0.00240773]
    ],
    "M_G2C5_M M_G2C5H2_M": [
        [-0.152277, 0.0433922, 0.00256136]
    ],
    "M_G2C6_M M_G2C6H1_M": [
        [-0.176759, 0.0407779, 0.00240704]
    ],
    "M_G2C6_M M_G2C6H2_M": [
        [-0.167419, 0.0409434, 0.00241681]
    ],
    "M_G2C7_M M_G2C7H1_M": [
        [-0.156622, 0.0407172, 0.00240346]
    ],
    "M_G2C7_M M_G2C7H2_M": [
        [-0.161145, 0.0379527, 0.00224028]
    ],
    "M_G2C8_M M_G2C8H1_M": [
        [-0.149255, 0.0374175, 0.00220868]
    ],
    "M_G2C8_M M_G2C8H2_M": [
        [-0.151302, 0.0373437, 0.00220433]
    ],
    "M_G2C9_M M_G2C9H1_M": [
        [-0.0971539, 0.0347511, 0.00205129]
    ],
    "M_G2C9_M M_G2C9H2_M": [
        [-0.0935294, 0.0321741, 0.00189917]
    ],
    "M_G2C10_M M_G2C10H1_M": [
        [-0.0710722, 0.0370951, 0.00218966]
    ],
    "M_G2C11_M M_G2C11H1_M": [
        [-0.037206, 0.0338844, 0.00200013]
    ],
    "M_G2C12_M M_G2C12H1_M": [
        [-0.0501403, 0.0316518, 0.00186835]
    ],
    "M_G2C12_M M_G2C12H2_M": [
        [-0.0534514, 0.0332619, 0.00196339]
    ],
    "M_G2C13_M M_G2C13H1_M": [
        [-0.0937395, 0.0322717, 0.00190494]
    ],
    "M_G2C13_M M_G2C13H2_M": [
        [-0.0932863, 0.0311938, 0.00184131]
    ],
    "M_G2C14_M M_G2C14H1_M": [
        [-0.0982845, 0.030383, 0.00179345]
    ],
    "M_G2C14_M M_G2C14H2_M": [
        [-0.0970992, 0.0306644, 0.00181006]
    ],
    "M_G2C15_M M_G2C15H1_M": [
        [-0.104681, 0.030965, 0.00182781]
    ],
    "M_G2C15_M M_G2C15H2_M": [
        [-0.103431, 0.0293615, 0.00173315]
    ],
    "M_G2C16_M M_G2C16H1_M": [
        [-0.095143, 0.0265489, 0.00156713]
    ],
    "M_G2C16_M M_G2C16H2_M": [
        [-0.0950603, 0.028262, 0.00166826]
    ],
    "M_G2C17_M M_G2C17H1_M": [
        [-0.0855557, 0.0250762, 0.0014802]
    ],
    "M_G2C17_M M_G2C17H2_M": [
        [-0.0877322, 0.0250976, 0.00148146]
    ],
    "M_G2C18_M M_G2C18H1_M": [
        [0.339403, 0.11173, 0.00659523]
    ],
    "M_G2C18_M M_G2C18H2_M": [
        [0.339403, 0.11173, 0.00659523]
    ],
    "M_G2C19_M M_G2C19H1_M": [
        [-0.0186755, 0.0157133, 0.000927528]
    ],
    "M_G2C19_M M_G2C19H2_M": [
        [-0.0184245, 0.015259, 0.000900712]
    ],
    "M_G2C19_M M_G2C19H3_M": [
        [-0.0186961, 0.0163995, 0.000968034]
    ],
    "M_G3_M M_G3H1_M": [
        [-0.134817, 0.0994155, 0.00586831]
    ],
    "M_G3_M M_G3H2_M": [
        [-0.230865, 0.0816256, 0.00481821]
    ],
    "M_G3C4_M M_G3C4H1_M": [
        [0.0505887, 0.0749785, 0.00442584]
    ],
    "M_G3C4_M M_G3C4H2_M": [
        [0.0463737, 0.0643581, 0.00379894]
    ],
    "M_G3C5_M M_G3C5H1_M": [
        [0.0316488, 0.0802956, 0.0047397]
    ],
    "M_G3C5_M M_G3C5H2_M": [
        [0.0198302, 0.068653, 0.00405246]
    ],
    "M_G3N6C1_M M_G3N6C1H1_M": [
        [-0.0108667, 0.0232094, 0.00137001]
    ],
    "M_G3N6C1_M M_G3N6C1H2_M": [
        [-0.0132099, 0.0243183, 0.00143547]
    ],
    "M_G3N6C1_M M_G3N6C1H3_M": [
        [-0.0152362, 0.0249422, 0.00147229]
    ],
    "M_G3N6C2_M M_G3N6C2H1_M": [
        [-0.0125365, 0.0230902, 0.00136297]
    ],
    "M_G3N6C2_M M_G3N6C2H2_M": [
        [-0.0157481, 0.0233604, 0.00137892]
    ],
    "M_G3N6C2_M M_G3N6C2H3_M": [
        [-0.0133424, 0.0228487, 0.00134872]
    ],
    "M_G3N6C3_M M_G3N6C3H1_M": [
        [-0.0126902, 0.024899, 0.00146974]
    ],
    "M_G3N6C3_M M_G3N6C3H2_M": [
        [-0.0124862, 0.0235498, 0.0013901]
    ],
    "M_G3N6C3_M M_G3N6C3H3_M": [
        [-0.0124961, 0.026873, 0.00158626]
    ]
}