{
    "M_G1_M M_G1H1_M": [
        [-0.268554, 0.135973, 0.0409973]
    ],
    "M_G1_M M_G1H2_M": [
        [0.165063, 0.21154, 0.0637817]
    ],
    "M_G1C3_M M_G1C3H1_M": [
        [-0.250934, 0.0345285, 0.0104107]
    ],
    "M_G1C3_M M_G1C3H2_M": [
        [-0.2356, 0.0378555, 0.0114139]
    ],
    "M_G1C4_M M_G1C4H1_M": [
        [-0.211488, 0.0247898, 0.0074744]
    ],
    "M_G1C4_M M_G1C4H2_M": [
        [-0.19606, 0.0393624, 0.0118682]
    ],
    "M_G1C5_M M_G1C5H1_M": [
        [-0.24823, 0.0208621, 0.00629015]
    ],
    "M_G1C5_M M_G1C5H2_M": [
        [-0.237101, 0.0222138, 0.00669771]
    ],
    "M_G1C6_M M_G1C6H1_M": [
        [-0.245081, 0.0218584, 0.00659056]
    ],
    "M_G1C6_M M_G1C6H2_M": [
        [-0.236401, 0.0204058, 0.00615259]
    ],
    "M_G1C7_M M_G1C7H1_M": [
        [-0.254317, 0.014276, 0.00430439]
    ],
    "M_G1C7_M M_G1C7H2_M": [
        [-0.256893, 0.0158892, 0.00479077]
    ],
    "M_G1C8_M M_G1C8H1_M": [
        [-0.24878, 0.0171893, 0.00518276]
    ],
    "M_G1C8_M M_G1C8H2_M": [
        [-0.247219, 0.0168309, 0.00507469]
    ],
    "M_G1C9_M M_G1C9H1_M": [
        [-0.24836, 0.0141697, 0.00427234]
    ],
    "M_G1C9_M M_G1C9H2_M": [
        [-0.247795, 0.0142919, 0.00430917]
    ],
    "M_G1C10_M M_G1C10H1_M": [
        [-0.235391, 0.0170299, 0.00513471]
    ],
    "M_G1C10_M M_G1C10H2_M": [
        [-0.234073, 0.0165375, 0.00498624]
    ],
    "M_G1C11_M M_G1C11H1_M": [
        [-0.225663, 0.0159258, 0.00480181]
    ],
    "M_G1C11_M M_G1C11H2_M": [
        [-0.224443, 0.0158513, 0.00477936]
    ],
    "M_G1C12_M M_G1C12H1_M": [
        [-0.206603, 0.0151387, 0.00456449]
    ],
    "M_G1C12_M M_G1C12H2_M": [
        [-0.204815, 0.0161828, 0.00487931]
    ],
    "M_G1C13_M M_G1C13H1_M": [
        [-0.190636, 0.013591, 0.00409784]
    ],
    "M_G1C13_M M_G1C13H2_M": [
        [-0.190306, 0.0126801, 0.00382321]
    ],
    "M_G1C14_M M_G1C14H1_M": [
        [-0.164873, 0.013381, 0.00403453]
    ],
    "M_G1C14_M M_G1C14H2_M": [
        [-0.165186, 0.0144293, 0.00435059]
    ],
    "M_G1C15_M M_G1C15H1_M": [
        [-0.140951, 0.0129382, 0.00390102]
    ],
    "M_G1C15_M M_G1C15H2_M": [
        [-0.139597, 0.0111996, 0.00337682]
    ],
    "M_G1C16_M M_G1C16H1_M": [
        [-0.104584, 0.0114596, 0.00345519]
    ],
    "M_G1C16_M M_G1C16H2_M": [
        [-0.103634, 0.0103123, 0.00310926]
    ],
    "M_G1C17_M M_G1C17H1_M": [
        [-0.0299924, 0.00560023, 0.00168853]
    ],
    "M_G1C17_M M_G1C17H2_M": [
        [-0.0301975, 0.00432622, 0.0013044]
    ],
    "M_G1C17_M M_G1C17H3_M": [
        [-0.0309066, 0.00498333, 0.00150253]
    ],
    "M_G2_M M_G2H1_M": [
        [-0.262397, 0.132948, 0.0400854]
    ],
    "M_G2C3_M M_G2C3H1_M": [
        [-0.206097, 0.0696519, 0.0210008]
    ],
    "M_G2C3_M M_G2C3H2_M": [
        [-0.202632, 0.0787162, 0.0237338]
    ],
    "M_G2C4_M M_G2C4H1_M": [
        [-0.225166, 0.0168864, 0.00509143]
    ],
    "M_G2C4_M M_G2C4H2_M": [
        [-0.220605, 0.0301152, 0.00908008]
    ],
    "M_G2C5_M M_G2C5H1_M": [
        [-0.225852, 0.0233383, 0.00703675]
    ],
    "M_G2C5_M M_G2C5H2_M": [
        [-0.222802, 0.0247743, 0.00746974]
    ],
    "M_G2C6_M M_G2C6H1_M": [
        [-0.225194, 0.0158151, 0.00476844]
    ],
    "M_G2C6_M M_G2C6H2_M": [
        [-0.223644, 0.0213975, 0.0064516]
    ],
    "M_G2C7_M M_G2C7H1_M": [
        [-0.200414, 0.0180562, 0.00544414]
    ],
    "M_G2C7_M M_G2C7H2_M": [
        [-0.201903, 0.0164923, 0.00497263]
    ],
    "M_G2C8_M M_G2C8H1_M": [
        [-0.188592, 0.0109783, 0.00331008]
    ],
    "M_G2C8_M M_G2C8H2_M": [
        [-0.190066, 0.0125198, 0.00377485]
    ],
    "M_G2C9_M M_G2C9H1_M": [
        [-0.13828, 0.0190306, 0.00573795]
    ],
    "M_G2C9_M M_G2C9H2_M": [
        [-0.141754, 0.0167145, 0.00503962]
    ],
    "M_G2C10_M M_G2C10H1_M": [
        [-0.110862, 0.0149166, 0.00449752]
    ],
    "M_G2C11_M M_G2C11H1_M": [
        [-0.0230671, 0.0505774, 0.0152497]
    ],
    "M_G2C12_M M_G2C12H1_M": [
        [-0.0660473, 0.0257546, 0.00776529]
    ],
    "M_G2C12_M M_G2C12H2_M": [
        [-0.071427, 0.0267892, 0.00807724]
    ],
    "M_G2C13_M M_G2C13H1_M": [
        [-0.121358, 0.0272535, 0.00821723]
    ],
    "M_G2C13_M M_G2C13H2_M": [
        [-0.123172, 0.0242367, 0.00730764]
    ],
    "M_G2C14_M M_G2C14H1_M": [
        [-0.127069, 0.0246701, 0.00743832]
    ],
    "M_G2C14_M M_G2C14H2_M": [
        [-0.128453, 0.0207263, 0.00624922]
    ],
    "M_G2C15_M M_G2C15H1_M": [
        [-0.137455, 0.0192846, 0.00581452]
    ],
    "M_G2C15_M M_G2C15H2_M": [
        [-0.137788, 0.0208779, 0.00629492]
    ],
    "M_G2C16_M M_G2C16H1_M": [
        [-0.125486, 0.0164264, 0.00495273]
    ],
    "M_G2C16_M M_G2C16H2_M": [
        [-0.124864, 0.0157426, 0.00474656]
    ],
    "M_G2C17_M M_G2C17H1_M": [
        [-0.114128, 0.0118812, 0.00358231]
    ],
    "M_G2C17_M M_G2C17H2_M": [
        [-0.113098, 0.0122907, 0.00370579]
    ],
    "M_G2C18_M M_G2C18H1_M": [
        [-0.0858649, 0.0079559, 0.00239879]
    ],
    "M_G2C18_M M_G2C18H2_M": [
        [-0.0853391, 0.00852944, 0.00257172]
    ],
    "M_G2C19_M M_G2C19H1_M": [
        [-0.0268073, 0.00360961, 0.00108834]
    ],
    "M_G2C19_M M_G2C19H2_M": [
        [-0.0275857, 0.00375245, 0.00113141]
    ],
    "M_G2C19_M M_G2C19H3_M": [
        [-0.0272872, 0.0037775, 0.00113896]
    ],
    "M_G3_M M_G3H1_M": [
        [-0.117305, 0.257604, 0.0776705]
    ],
    "M_G3_M M_G3H2_M": [
        [-0.130016, 0.248808, 0.0750183]
    ],
    "M_G3C4_M M_G3C4H1_M": [
        [0.0995632, 0.125537, 0.0378509]
    ],
    "M_G3C4_M M_G3C4H2_M": [
        [0.0934739, 0.307171, 0.0926156]
    ],
    "M_G3C5_M M_G3C5H1_M": [
        [0.259752, 0.29158, 0.0879147]
    ]
}