{
    "M_C3_M M_C3H3_M": [
        [-0.386212, 0.0157195, 0.00239719]
    ],
    "M_C4_M M_C4H41_M": [
        [-0.333407, 0.0238101, 0.003631]
    ],
    "M_C4_M M_C4H42_M": [
        [-0.240711, 0.0239538, 0.00365291]
    ],
    "M_C6_M M_C6H6_M": [
        [-0.0607453, 0.0292245, 0.0044567]
    ],
    "M_C7_M M_C7H71_M": [
        [-0.325943, 0.0185927, 0.00283536]
    ],
    "M_C7_M M_C7H72_M": [
        [-0.36713, 0.0204326, 0.00311594]
    ],
    "M_C8_M M_C8H8_M": [
        [-0.438527, 0.0107349, 0.00163705]
    ],
    "M_C14_M M_C14H14_M": [
        [-0.435687, 0.0104724, 0.00159703]
    ],
    "M_C15_M M_C15H151_M": [
        [-0.40654, 0.0167882, 0.00256017]
    ],
    "M_C15_M M_C15H152_M": [
        [-0.358778, 0.0177636, 0.00270892]
    ],
    "M_C16_M M_C16H161_M": [
        [-0.0671071, 0.0349546, 0.00533052]
    ],
    "M_C16_M M_C16H162_M": [
        [-0.196927, 0.0295543, 0.00450699]
    ],
    "M_C17_M M_C17H17_M": [
        [-0.434183, 0.00968394, 0.00147679]
    ],
    "M_C18_M M_C18H181_M": [
        [0.119473, 0.0184403, 0.00281212]
    ],
    "M_C18_M M_C18H182_M": [
        [0.121123, 0.0182467, 0.0027826]
    ],
    "M_C18_M M_C18H183_M": [
        [0.125392, 0.017324, 0.00264189]
    ],
    "M_C12_M M_C12H121_M": [
        [-0.12068, 0.0285138, 0.00434831]
    ],
    "M_C12_M M_C12H122_M": [
        [-0.42997, 0.0114856, 0.00175154]
    ],
    "M_C11_M M_C11H111_M": [
        [-0.433144, 0.0105165, 0.00160376]
    ],
    "M_C11_M M_C11H112_M": [
        [-0.245193, 0.0228575, 0.00348574]
    ],
    "M_C9_M M_C9H9_M": [
        [-0.433229, 0.0112807, 0.00172029]
    ],
    "M_C19_M M_C19H191_M": [
        [0.123322, 0.0133439, 0.00203492]
    ],
    "M_C19_M M_C19H192_M": [
        [0.120556, 0.0137806, 0.00210152]
    ],
    "M_C19_M M_C19H193_M": [
        [0.122064, 0.0122546, 0.00186881]
    ],
    "M_C1_M M_C1H11_M": [
        [-0.258097, 0.0225762, 0.00344284]
    ],
    "M_C1_M M_C1H12_M": [
        [-0.38649, 0.017564, 0.00267849]
    ],
    "M_C2_M M_C2H21_M": [
        [-0.23331, 0.0243454, 0.00371264]
    ],
    "M_C2_M M_C2H22_M": [
        [-0.357162, 0.0204409, 0.00311721]
    ],
    "M_C20_M M_C20H20_M": [
        [-0.417699, 0.0157698, 0.00240487]
    ],
    "M_C21_M M_C21H211_M": [
        [0.115895, 0.0133287, 0.0020326]
    ],
    "M_C21_M M_C21H212_M": [
        [0.118695, 0.0126126, 0.0019234]
    ],
    "M_C21_M M_C21H213_M": [
        [0.117526, 0.0130768, 0.00199419]
    ],
    "M_C22_M M_C22H221_M": [
        [-0.249985, 0.0585795, 0.00893329]
    ],
    "M_C22_M M_C22H222_M": [
        [-0.39721, 0.0134914, 0.00205742]
    ],
    "M_C23_M M_C23H231_M": [
        [-0.186286, 0.047369, 0.00722371]
    ],
    "M_C23_M M_C23H232_M": [
        [-0.375887, 0.0106692, 0.00162704]
    ],
    "M_C24_M M_C24H241_M": [
        [-0.216928, 0.0208382, 0.00317779]
    ],
    "M_C24_M M_C24H242_M": [
        [-0.304495, 0.0127471, 0.00194392]
    ],
    "M_C25_M M_C25H25_M": [
        [-0.205094, 0.0150651, 0.0022974]
    ],
    "M_C26_M M_C26H261_M": [
        [0.00729498, 0.0143851, 0.0021937]
    ],
    "M_C26_M M_C26H262_M": [
        [0.00849039, 0.0130638, 0.00199221]
    ],
    "M_C26_M M_C26H263_M": [
        [0.00708645, 0.0129664, 0.00197735]
    ],
    "M_C27_M M_C27H271_M": [
        [0.00619805, 0.0137842, 0.00210208]
    ],
    "M_C27_M M_C27H272_M": [
        [0.00813522, 0.013262, 0.00202244]
    ],
    "M_C27_M M_C27H273_M": [
        [0.0117333, 0.0118832, 0.00181217]
    ]
}