{
    "M_G1_M M_G1H1_M": [
        [-0.159444, 0.0143906, 0.000449926]
    ],
    "M_G1_M M_G1H2_M": [
        [-0.0329699, 0.0143687, 0.000449241]
    ],
    "M_G1C3_M M_G1C3H1_M": [
        [-0.198634, 0.0120708, 0.000377398]
    ],
    "M_G1C3_M M_G1C3H2_M": [
        [-0.221351, 0.0121257, 0.000379114]
    ],
    "M_G1C4_M M_G1C4H1_M": [
        [-0.16882, 0.0130624, 0.000408399]
    ],
    "M_G1C4_M M_G1C4H2_M": [
        [-0.16074, 0.0125812, 0.000393354]
    ],
    "M_G1C5_M M_G1C5H1_M": [
        [-0.188241, 0.0125168, 0.00039134]
    ],
    "M_G1C5_M M_G1C5H2_M": [
        [-0.187944, 0.0122925, 0.000384329]
    ],
    "M_G1C6_M M_G1C6H1_M": [
        [-0.188872, 0.0130919, 0.000409322]
    ],
    "M_G1C6_M M_G1C6H2_M": [
        [-0.187953, 0.0128491, 0.000401732]
    ],
    "M_G1C7_M M_G1C7H1_M": [
        [-0.184389, 0.0126638, 0.000395938]
    ],
    "M_G1C7_M M_G1C7H2_M": [
        [-0.18524, 0.0130906, 0.000409282]
    ],
    "M_G1C8_M M_G1C8H1_M": [
        [-0.166327, 0.013293, 0.00041561]
    ],
    "M_G1C8_M M_G1C8H2_M": [
        [-0.166865, 0.0131646, 0.000411595]
    ],
    "M_G1C9_M M_G1C9H1_M": [
        [-0.123315, 0.0127753, 0.000399423]
    ],
    "M_G1C9_M M_G1C9H2_M": [
        [-0.122638, 0.0134192, 0.000419556]
    ],
    "M_G1C10_M M_G1C10H1_M": [
        [-0.0917619, 0.0132863, 0.000415399]
    ],
    "M_G1C11_M M_G1C11H1_M": [
        [-0.0757083, 0.0126804, 0.000396457]
    ],
    "M_G1C12_M M_G1C12H1_M": [
        [-0.066845, 0.0136774, 0.000427627]
    ],
    "M_G1C12_M M_G1C12H2_M": [
        [-0.0671698, 0.0134683, 0.000421089]
    ],
    "M_G1C13_M M_G1C13H1_M": [
        [-0.102261, 0.0136988, 0.000428295]
    ],
    "M_G1C13_M M_G1C13H2_M": [
        [-0.103053, 0.0131663, 0.000411649]
    ],
    "M_G1C14_M M_G1C14H1_M": [
        [-0.100671, 0.0131395, 0.000410811]
    ],
    "M_G1C14_M M_G1C14H2_M": [
        [-0.0990585, 0.0138893, 0.000434254]
    ],
    "M_G1C15_M M_G1C15H1_M": [
        [-0.103507, 0.0125878, 0.000393561]
    ],
    "M_G1C15_M M_G1C15H2_M": [
        [-0.102547, 0.0130437, 0.000407813]
    ],
    "M_G1C16_M M_G1C16H1_M": [
        [-0.0855924, 0.0131675, 0.000411684]
    ],
    "M_G1C16_M M_G1C16H2_M": [
        [-0.086599, 0.0127881, 0.000399823]
    ],
    "M_G1C17_M M_G1C17H1_M": [
        [-0.0783153, 0.0139475, 0.000436074]
    ],
    "M_G1C17_M M_G1C17H2_M": [
        [-0.0777322, 0.0131564, 0.000411339]
    ],
    "M_G1C18_M M_G1C18H1_M": [
        [-0.056763, 0.0135899, 0.000424893]
    ],
    "M_G1C18_M M_G1C18H2_M": [
        [-0.0565844, 0.0136294, 0.000426126]
    ],
    "M_G1C19_M M_G1C19H1_M": [
        [-0.0208272, 0.0135404, 0.000423343]
    ],
    "M_G1C19_M M_G1C19H2_M": [
        [-0.0206285, 0.0131802, 0.000412082]
    ],
    "M_G1C19_M M_G1C19H3_M": [
        [-0.0207338, 0.0138078, 0.000431704]
    ],
    "M_G2_M M_G2H1_M": [
        [-0.175327, 0.0136552, 0.000426934]
    ],
    "M_G2C3_M M_G2C3H1_M": [
        [-0.0760352, 0.0138271, 0.000432309]
    ],
    "M_G2C3_M M_G2C3H2_M": [
        [-0.0977204, 0.013589, 0.000424865]
    ],
    "M_G2C4_M M_G2C4H1_M": [
        [-0.190001, 0.0120916, 0.000378046]
    ],
    "M_G2C4_M M_G2C4H2_M": [
        [-0.193017, 0.0117844, 0.000368443]
    ],
    "M_G2C5_M M_G2C5H1_M": [
        [-0.190549, 0.0121501, 0.000379875]
    ],
    "M_G2C5_M M_G2C5H2_M": [
        [-0.192261, 0.0124098, 0.000387996]
    ],
    "M_G2C6_M M_G2C6H1_M": [
        [-0.203679, 0.012309, 0.000384845]
    ],
    "M_G2C6_M M_G2C6H2_M": [
        [-0.201965, 0.0124897, 0.000390494]
    ],
    "M_G2C7_M M_G2C7H1_M": [
        [-0.183717, 0.0127053, 0.000397234]
    ],
    "M_G2C7_M M_G2C7H2_M": [
        [-0.18166, 0.0129524, 0.000404961]
    ],
    "M_G2C8_M M_G2C8H1_M": [
        [-0.175689, 0.0122269, 0.000382278]
    ],
    "M_G2C8_M M_G2C8H2_M": [
        [-0.174129, 0.0130546, 0.000408155]
    ],
    "M_G2C9_M M_G2C9H1_M": [
        [-0.105736, 0.0131613, 0.000411491]
    ],
    "M_G2C9_M M_G2C9H2_M": [
        [-0.105304, 0.012878, 0.000402635]
    ],
    "M_G2C10_M M_G2C10H1_M": [
        [-0.0697132, 0.0132558, 0.000414446]
    ],
    "M_G2C11_M M_G2C11H1_M": [
        [-0.052853, 0.0131035, 0.000409683]
    ],
    "M_G2C12_M M_G2C12H1_M": [
        [-0.0746595, 0.0129613, 0.000405238]
    ],
    "M_G2C12_M M_G2C12H2_M": [
        [-0.0746132, 0.013475, 0.000421299]
    ],
    "M_G2C13_M M_G2C13H1_M": [
        [-0.112449, 0.0134668, 0.000421044]
    ],
    "M_G2C13_M M_G2C13H2_M": [
        [-0.113012, 0.0132675, 0.000414811]
    ],
    "M_G2C14_M M_G2C14H1_M": [
        [-0.113712, 0.0135685, 0.000424224]
    ],
    "M_G2C14_M M_G2C14H2_M": [
        [-0.113872, 0.0134308, 0.000419917]
    ],
    "M_G2C15_M M_G2C15H1_M": [
        [-0.115912, 0.0136505, 0.000426786]
    ],
    "M_G2C15_M M_G2C15H2_M": [
        [-0.116522, 0.0133688, 0.000417979]
    ],
    "M_G2C16_M M_G2C16H1_M": [
        [-0.0996989, 0.0137397, 0.000429576]
    ],
    "M_G2C16_M M_G2C16H2_M": [
        [-0.10004, 0.0140081, 0.000437967]
    ],
    "M_G2C17_M M_G2C17H1_M": [
        [-0.0888844, 0.0134874, 0.000421686]
    ],
    "M_G2C17_M M_G2C17H2_M": [
        [-0.0888799, 0.0135805, 0.000424599]
    ],
    "M_G2C18_M M_G2C18H1_M": [
        [-0.0661916, 0.0138551, 0.000433184]
    ],
    "M_G2C18_M M_G2C18H2_M": [
        [-0.0664414, 0.0140215, 0.000438387]
    ],
    "M_G2C19_M M_G2C19H1_M": [
        [-0.0217655, 0.0143912, 0.000449944]
    ],
    "M_G2C19_M M_G2C19H2_M": [
        [-0.0221565, 0.013648, 0.000426707]
    ],
    "M_G2C19_M M_G2C19H3_M": [
        [-0.0220155, 0.0138613, 0.000433377]
    ],
    "M_G3_M M_G3H1_M": [
        [-0.210949, 0.0123088, 0.000384838]
    ],
    "M_G3_M M_G3H2_M": [
        [-0.233538, 0.0104376, 0.000326333]
    ],
    "M_G3C4_M M_G3C4H1_M": [
        [0.0354575, 0.0147066, 0.000459807]
    ],
    "M_G3C4_M M_G3C4H2_M": [
        [0.038425, 0.0148889, 0.000465505]
    ],
    "M_G3C5_M M_G3C5H1_M": [
        [-0.0572242, 0.0136642, 0.000427216]
    ],
    "M_G3C5_M M_G3C5H2_M": [
        [-0.0584323, 0.0136257, 0.000426011]
    ],
    "M_G3N6C1_M M_G3N6C1H1_M": [
        [0.00963941, 0.0141292, 0.000441754]
    ],
    "M_G3N6C1_M M_G3N6C1H2_M": [
        [0.00818835, 0.0144886, 0.000452989]
    ],
    "M_G3N6C1_M M_G3N6C1H3_M": [
        [0.00900409, 0.0147351, 0.000460696]
    ],
    "M_G3N6C2_M M_G3N6C2H1_M": [
        [0.00898782, 0.0145221, 0.000454038]
    ],
    "M_G3N6C2_M M_G3N6C2H2_M": [
        [0.00905504, 0.0145101, 0.000453664]
    ],
    "M_G3N6C2_M M_G3N6C2H3_M": [
        [0.00898304, 0.0144977, 0.000453274]
    ],
    "M_G3N6C3_M M_G3N6C3H1_M": [
        [0.00871082, 0.0146019, 0.000456532]
    ],
    "M_G3N6C3_M M_G3N6C3H2_M": [
        [0.00850833, 0.01496, 0.000467727]
    ],
    "M_G3N6C3_M M_G3N6C3H3_M": [
        [0.00874687, 0.0142627, 0.000445926]
    ]
}