{
    "M_G1_M M_G1H1_M": [
        [-0.171568, 0.0145334, 0.000454389]
    ],
    "M_G1_M M_G1H2_M": [
        [-0.0379057, 0.0168572, 0.000527044]
    ],
    "M_G1C3_M M_G1C3H1_M": [
        [-0.23252, 0.013964, 0.000436587]
    ],
    "M_G1C3_M M_G1C3H2_M": [
        [-0.249403, 0.0127475, 0.000398553]
    ],
    "M_G1C4_M M_G1C4H1_M": [
        [-0.226236, 0.0158826, 0.000496575]
    ],
    "M_G1C4_M M_G1C4H2_M": [
        [-0.217691, 0.0161566, 0.00050514]
    ],
    "M_G1C5_M M_G1C5H1_M": [
        [-0.249789, 0.0160949, 0.000503212]
    ],
    "M_G1C5_M M_G1C5H2_M": [
        [-0.2483, 0.0162383, 0.000507695]
    ],
    "M_G1C6_M M_G1C6H1_M": [
        [-0.259918, 0.0170413, 0.000532802]
    ],
    "M_G1C6_M M_G1C6H2_M": [
        [-0.258434, 0.01721, 0.000538076]
    ],
    "M_G1C7_M M_G1C7H1_M": [
        [-0.253969, 0.016731, 0.000523099]
    ],
    "M_G1C7_M M_G1C7H2_M": [
        [-0.25515, 0.0169103, 0.000528704]
    ],
    "M_G1C8_M M_G1C8H1_M": [
        [-0.235276, 0.0167382, 0.000523324]
    ],
    "M_G1C8_M M_G1C8H2_M": [
        [-0.235724, 0.0162219, 0.000507182]
    ],
    "M_G1C9_M M_G1C9H1_M": [
        [-0.174654, 0.0155493, 0.000486152]
    ],
    "M_G1C9_M M_G1C9H2_M": [
        [-0.174794, 0.0158694, 0.000496163]
    ],
    "M_G1C10_M M_G1C10H1_M": [
        [-0.127457, 0.0145862, 0.000456043]
    ],
    "M_G1C11_M M_G1C11H1_M": [
        [-0.0982065, 0.0120958, 0.000378179]
    ],
    "M_G1C12_M M_G1C12H1_M": [
        [-0.108117, 0.01286, 0.000402072]
    ],
    "M_G1C12_M M_G1C12H2_M": [
        [-0.10874, 0.0135322, 0.000423088]
    ],
    "M_G1C13_M M_G1C13H1_M": [
        [-0.161676, 0.0131912, 0.000412426]
    ],
    "M_G1C13_M M_G1C13H2_M": [
        [-0.16184, 0.0131605, 0.000411467]
    ],
    "M_G1C14_M M_G1C14H1_M": [
        [-0.15997, 0.0134512, 0.000420554]
    ],
    "M_G1C14_M M_G1C14H2_M": [
        [-0.159542, 0.0135431, 0.000423428]
    ],
    "M_G1C15_M M_G1C15H1_M": [
        [-0.163085, 0.0132231, 0.000413423]
    ],
    "M_G1C15_M M_G1C15H2_M": [
        [-0.16228, 0.0136251, 0.000425991]
    ],
    "M_G1C16_M M_G1C16H1_M": [
        [-0.135359, 0.0128705, 0.0004024]
    ],
    "M_G1C16_M M_G1C16H2_M": [
        [-0.134914, 0.0130949, 0.000409415]
    ],
    "M_G1C17_M M_G1C17H1_M": [
        [-0.120787, 0.0134613, 0.000420871]
    ],
    "M_G1C17_M M_G1C17H2_M": [
        [-0.120466, 0.0130283, 0.000407332]
    ],
    "M_G1C18_M M_G1C18H1_M": [
        [-0.0841109, 0.0135537, 0.000423761]
    ],
    "M_G1C18_M M_G1C18H2_M": [
        [-0.0843495, 0.0135114, 0.000422437]
    ],
    "M_G1C19_M M_G1C19H1_M": [
        [-0.0307093, 0.0146767, 0.000458871]
    ],
    "M_G1C19_M M_G1C19H2_M": [
        [-0.0310119, 0.0138375, 0.000432634]
    ],
    "M_G1C19_M M_G1C19H3_M": [
        [-0.0311905, 0.0136332, 0.000426246]
    ],
    "M_G2_M M_G2H1_M": [
        [-0.1803, 0.0140815, 0.000440261]
    ],
    "M_G2C3_M M_G2C3H1_M": [
        [-0.0816658, 0.0153114, 0.000478715]
    ],
    "M_G2C3_M M_G2C3H2_M": [
        [-0.123363, 0.0141273, 0.000441693]
    ],
    "M_G2C4_M M_G2C4H1_M": [
        [-0.229718, 0.0142451, 0.000445376]
    ],
    "M_G2C4_M M_G2C4H2_M": [
        [-0.23266, 0.0138839, 0.000434083]
    ],
    "M_G2C5_M M_G2C5H1_M": [
        [-0.240095, 0.015544, 0.000485988]
    ],
    "M_G2C5_M M_G2C5H2_M": [
        [-0.24149, 0.0148131, 0.000463135]
    ],
    "M_G2C6_M M_G2C6H1_M": [
        [-0.262871, 0.0159871, 0.000499842]
    ],
    "M_G2C6_M M_G2C6H2_M": [
        [-0.261762, 0.0159213, 0.000497783]
    ],
    "M_G2C7_M M_G2C7H1_M": [
        [-0.246894, 0.0165953, 0.000518857]
    ],
    "M_G2C7_M M_G2C7H2_M": [
        [-0.246287, 0.0171136, 0.000535061]
    ],
    "M_G2C8_M M_G2C8H1_M": [
        [-0.237655, 0.0165623, 0.000517826]
    ],
    "M_G2C8_M M_G2C8H2_M": [
        [-0.237081, 0.0164431, 0.000514097]
    ],
    "M_G2C9_M M_G2C9H1_M": [
        [-0.151214, 0.0161765, 0.000505762]
    ],
    "M_G2C9_M M_G2C9H2_M": [
        [-0.152219, 0.0166586, 0.000520835]
    ],
    "M_G2C10_M M_G2C10H1_M": [
        [-0.102684, 0.0149926, 0.000468746]
    ],
    "M_G2C11_M M_G2C11H1_M": [
        [-0.0790814, 0.012587, 0.000393537]
    ],
    "M_G2C12_M M_G2C12H1_M": [
        [-0.120536, 0.013234, 0.000413765]
    ],
    "M_G2C12_M M_G2C12H2_M": [
        [-0.12088, 0.0143185, 0.000447671]
    ],
    "M_G2C13_M M_G2C13H1_M": [
        [-0.178737, 0.0140418, 0.000439022]
    ],
    "M_G2C13_M M_G2C13H2_M": [
        [-0.179771, 0.0145941, 0.000456287]
    ],
    "M_G2C14_M M_G2C14H1_M": [
        [-0.182576, 0.0140125, 0.000438103]
    ],
    "M_G2C14_M M_G2C14H2_M": [
        [-0.182914, 0.0143972, 0.000450131]
    ],
    "M_G2C15_M M_G2C15H1_M": [
        [-0.185068, 0.0140375, 0.000438887]
    ],
    "M_G2C15_M M_G2C15H2_M": [
        [-0.185049, 0.0144968, 0.000453245]
    ],
    "M_G2C16_M M_G2C16H1_M": [
        [-0.159847, 0.0137243, 0.000429092]
    ],
    "M_G2C16_M M_G2C16H2_M": [
        [-0.15969, 0.0134913, 0.000421808]
    ],
    "M_G2C17_M M_G2C17H1_M": [
        [-0.141641, 0.0136525, 0.000426848]
    ],
    "M_G2C17_M M_G2C17H2_M": [
        [-0.14133, 0.0137505, 0.000429913]
    ],
    "M_G2C18_M M_G2C18H1_M": [
        [-0.102747, 0.013361, 0.000417734]
    ],
    "M_G2C18_M M_G2C18H2_M": [
        [-0.102432, 0.0139298, 0.000435519]
    ],
    "M_G2C19_M M_G2C19H1_M": [
        [-0.0352221, 0.0139834, 0.000437196]
    ],
    "M_G2C19_M M_G2C19H2_M": [
        [-0.03579, 0.0141171, 0.000441375]
    ],
    "M_G2C19_M M_G2C19H3_M": [
        [-0.0356454, 0.0136566, 0.000426977]
    ],
    "M_G3_M M_G3H1_M": [
        [-0.190934, 0.0148825, 0.000465306]
    ],
    "M_G3_M M_G3H2_M": [
        [-0.214837, 0.0123639, 0.00038656]
    ],
    "M_G3C4_M M_G3C4H1_M": [
        [0.0370655, 0.0140772, 0.000440128]
    ],
    "M_G3C4_M M_G3C4H2_M": [
        [0.0376613, 0.0142645, 0.000445984]
    ],
    "M_G3C5_M M_G3C5H1_M": [
        [-0.0513758, 0.0137799, 0.000430833]
    ],
    "M_G3C5_M M_G3C5H2_M": [
        [-0.0526056, 0.013712, 0.00042871]
    ],
    "M_G3N6C1_M M_G3N6C1H1_M": [
        [0.00851223, 0.0141515, 0.000442452]
    ],
    "M_G3N6C1_M M_G3N6C1H2_M": [
        [0.00935039, 0.0139903, 0.000437411]
    ],
    "M_G3N6C1_M M_G3N6C1H3_M": [
        [0.00890693, 0.0139851, 0.000437249]
    ],
    "M_G3N6C2_M M_G3N6C2H1_M": [
        [0.00853836, 0.0138655, 0.000433509]
    ],
    "M_G3N6C2_M M_G3N6C2H2_M": [
        [0.00847574, 0.0140656, 0.000439764]
    ],
    "M_G3N6C2_M M_G3N6C2H3_M": [
        [0.00911922, 0.013592, 0.000424958]
    ],
    "M_G3N6C3_M M_G3N6C3H1_M": [
        [0.00839612, 0.0140588, 0.000439552]
    ],
    "M_G3N6C3_M M_G3N6C3H2_M": [
        [0.00868421, 0.0145559, 0.000455095]
    ],
    "M_G3N6C3_M M_G3N6C3H3_M": [
        [0.00935701, 0.0143226, 0.000447799]
    ]
}