{
    "M_C1_M M_C1H1_M": [
        [-0.0107808, 0.00530741, 0.00137037]
    ],
    "M_C1_M M_C1H2_M": [
        [-0.0105356, 0.00566315, 0.00146222]
    ],
    "M_C1_M M_C1H3_M": [
        [-0.0122885, 0.00459488, 0.00118639]
    ],
    "M_C2_M M_C2H1_M": [
        [-0.0334819, 0.00882906, 0.00227965]
    ],
    "M_C2_M M_C2H2_M": [
        [-0.0337715, 0.0054593, 0.00140959]
    ],
    "M_C3_M M_C3H1_M": [
        [-0.0372045, 0.00670633, 0.00173157]
    ],
    "M_C3_M M_C3H2_M": [
        [-0.0354419, 0.0101687, 0.00262554]
    ],
    "M_C4_M M_C4H1_M": [
        [-0.0329317, 0.00923981, 0.00238571]
    ],
    "M_C4_M M_C4H2_M": [
        [-0.0349898, 0.00864027, 0.00223091]
    ],
    "M_C5_M M_C5H1_M": [
        [-0.0310239, 0.00900503, 0.00232509]
    ],
    "M_C5_M M_C5H2_M": [
        [-0.0298811, 0.0123179, 0.00318048]
    ],
    "M_C6_M M_C6H1_M": [
        [-0.0265637, 0.0136825, 0.00353282]
    ],
    "M_C6_M M_C6H2_M": [
        [-0.0268475, 0.0099384, 0.00256608]
    ],
    "M_C7_M M_C7H1_M": [
        [-0.0233904, 0.0103038, 0.00266043]
    ],
    "M_C7_M M_C7H2_M": [
        [-0.0198064, 0.0132994, 0.0034339]
    ],
    "M_C8_M M_C8H1_M": [
        [-0.015753, 0.0122002, 0.00315007]
    ],
    "M_C8_M M_C8H2_M": [
        [-0.0160614, 0.0126148, 0.00325712]
    ],
    "M_C9_M M_C9H1_M": [
        [-0.0125321, 0.0131979, 0.00340768]
    ],
    "M_C9_M M_C9H2_M": [
        [-0.00935311, 0.0147553, 0.00380981]
    ],
    "M_C10_M M_C10H1_M": [
        [-0.00688668, 0.0132039, 0.00340924]
    ],
    "M_C10_M M_C10H2_M": [
        [-0.00380798, 0.0117105, 0.00302364]
    ],
    "M_C11_M M_C11H1_M": [
        [0.000759077, 0.011942, 0.00308341]
    ],
    "M_C11_M M_C11H2_M": [
        [-0.00159347, 0.0143594, 0.00370759]
    ],
    "M_C12_M M_C12H1_M": [
        [0.00155154, 0.0112327, 0.00290028]
    ],
    "M_C12_M M_C12H2_M": [
        [0.00319838, 0.0131945, 0.0034068]
    ],
    "M_C13_M M_C13H1_M": [
        [0.00701999, 0.0114078, 0.00294548]
    ],
    "M_C13_M M_C13H2_M": [
        [0.00824833, 0.0110123, 0.00284335]
    ],
    "M_C14_M M_C14H1_M": [
        [0.00958912, 0.0111936, 0.00289018]
    ],
    "M_C14_M M_C14H2_M": [
        [0.00860784, 0.0125341, 0.00323628]
    ],
    "M_C15_M M_C15H1_M": [
        [0.00885746, 0.0119034, 0.00307344]
    ],
    "M_C15_M M_C15H2_M": [
        [0.00872296, 0.0127534, 0.00329292]
    ],
    "M_C16_M M_C16H1_M": [
        [0.00824077, 0.0119931, 0.00309661]
    ],
    "M_C16_M M_C16H2_M": [
        [0.00866082, 0.0116227, 0.00300097]
    ],
    "M_C17_M M_C17H1_M": [
        [0.00726534, 0.0131249, 0.00338883]
    ],
    "M_C17_M M_C17H2_M": [
        [0.00569495, 0.0125804, 0.00324825]
    ],
    "M_C18_M M_C18H1_M": [
        [0.00147214, 0.010627, 0.00274388]
    ],
    "M_C18_M M_C18H2_M": [
        [0.00567272, 0.0136719, 0.00353008]
    ],
    "M_C19_M M_C19H1_M": [
        [-0.000206356, 0.00952275, 0.00245876]
    ],
    "M_C19_M M_C19H2_M": [
        [0.00125013, 0.0118696, 0.00306471]
    ],
    "M_C20_M M_C20H1_M": [
        [-0.00410215, 0.0116362, 0.00300445]
    ],
    "M_C20_M M_C20H2_M": [
        [-0.00142846, 0.00981903, 0.00253526]
    ],
    "M_C21_M M_C21H1_M": [
        [-0.0077438, 0.00972657, 0.00251139]
    ],
    "M_C21_M M_C21H2_M": [
        [-0.0062917, 0.00769576, 0.00198704]
    ],
    "M_C22_M M_C22H1_M": [
        [-0.00838895, 0.00857794, 0.00221481]
    ],
    "M_C22_M M_C22H2_M": [
        [-0.0140268, 0.00894187, 0.00230878]
    ],
    "M_C23_M M_C23H1_M": [
        [-0.017868, 0.00871108, 0.00224919]
    ],
    "M_C23_M M_C23H2_M": [
        [-0.0137006, 0.0112309, 0.00289981]
    ],
    "M_C24_M M_C24H1_M": [
        [-0.0218924, 0.0100831, 0.00260346]
    ],
    "M_C24_M M_C24H2_M": [
        [-0.0218787, 0.0111952, 0.0028906]
    ],
    "M_C25_M M_C25H1_M": [
        [-0.0262656, 0.0132481, 0.00342065]
    ],
    "M_C25_M M_C25H2_M": [
        [-0.0290355, 0.00819752, 0.00211659]
    ],
    "M_C26_M M_C26H1_M": [
        [-0.032848, 0.0102019, 0.00263411]
    ],
    "M_C26_M M_C26H2_M": [
        [-0.029345, 0.0101316, 0.00261596]
    ],
    "M_C27_M M_C27H1_M": [
        [-0.0347712, 0.0104688, 0.00270303]
    ],
    "M_C27_M M_C27H2_M": [
        [-0.0375944, 0.0108562, 0.00280307]
    ],
    "M_C28_M M_C28H1_M": [
        [-0.0360908, 0.00976435, 0.00252114]
    ],
    "M_C28_M M_C28H2_M": [
        [-0.0381703, 0.00894064, 0.00230846]
    ],
    "M_C29_M M_C29H1_M": [
        [-0.0333313, 0.0068734, 0.0017747]
    ],
    "M_C29_M M_C29H2_M": [
        [-0.0325028, 0.00647491, 0.00167181]
    ],
    "M_C30_M M_C30H1_M": [
        [-0.0124696, 0.00445867, 0.00115122]
    ],
    "M_C30_M M_C30H2_M": [
        [-0.0101999, 0.00447121, 0.00115446]
    ],
    "M_C30_M M_C30H3_M": [
        [-0.0107806, 0.00546692, 0.00141155]
    ]
}