{
    "M_G1_M M_G1H1_M": [
        [-0.218738, 0.224836, 0.019951]
    ],
    "M_G1_M M_G1H2_M": [
        [0.0806774, 0.267148, 0.0237055]
    ],
    "M_G1C3_M M_G1C3H1_M": [
        [-0.248499, 0.105708, 0.00938007]
    ],
    "M_G1C3_M M_G1C3H2_M": [
        [-0.249233, 0.118731, 0.0105357]
    ],
    "M_G1C4_M M_G1C4H1_M": [
        [-0.214963, 0.101561, 0.0090121]
    ],
    "M_G1C4_M M_G1C4H2_M": [
        [-0.201063, 0.0822054, 0.00729455]
    ],
    "M_G1C5_M M_G1C5H1_M": [
        [-0.240037, 0.0615834, 0.00546464]
    ],
    "M_G1C5_M M_G1C5H2_M": [
        [-0.22997, 0.0566048, 0.00502286]
    ],
    "M_G1C6_M M_G1C6H1_M": [
        [-0.231334, 0.0471573, 0.00418453]
    ],
    "M_G1C6_M M_G1C6H2_M": [
        [-0.221343, 0.0496205, 0.00440311]
    ],
    "M_G1C7_M M_G1C7H1_M": [
        [-0.225739, 0.0434789, 0.00385813]
    ],
    "M_G1C7_M M_G1C7H2_M": [
        [-0.22259, 0.0435819, 0.00386726]
    ],
    "M_G1C8_M M_G1C8H1_M": [
        [-0.220722, 0.0411349, 0.00365014]
    ],
    "M_G1C8_M M_G1C8H2_M": [
        [-0.220141, 0.0427844, 0.0037965]
    ],
    "M_G1C9_M M_G1C9H1_M": [
        [-0.217893, 0.0399587, 0.00354576]
    ],
    "M_G1C9_M M_G1C9H2_M": [
        [-0.21754, 0.0407446, 0.0036155]
    ],
    "M_G1C10_M M_G1C10H1_M": [
        [-0.206384, 0.0399096, 0.00354141]
    ],
    "M_G1C10_M M_G1C10H2_M": [
        [-0.205569, 0.0416391, 0.00369487]
    ],
    "M_G1C11_M M_G1C11H1_M": [
        [-0.196246, 0.0376048, 0.00333688]
    ],
    "M_G1C11_M M_G1C11H2_M": [
        [-0.195841, 0.0387987, 0.00344283]
    ],
    "M_G1C12_M M_G1C12H1_M": [
        [-0.179052, 0.03724, 0.00330452]
    ],
    "M_G1C12_M M_G1C12H2_M": [
        [-0.178427, 0.0386829, 0.00343255]
    ],
    "M_G1C13_M M_G1C13H1_M": [
        [-0.162736, 0.0338424, 0.00300303]
    ],
    "M_G1C13_M M_G1C13H2_M": [
        [-0.163211, 0.0345, 0.00306138]
    ],
    "M_G1C14_M M_G1C14H1_M": [
        [-0.142151, 0.0323438, 0.00287005]
    ],
    "M_G1C14_M M_G1C14H2_M": [
        [-0.142392, 0.0325933, 0.00289219]
    ],
    "M_G1C15_M M_G1C15H1_M": [
        [-0.12145, 0.026507, 0.00235211]
    ],
    "M_G1C15_M M_G1C15H2_M": [
        [-0.121372, 0.0266012, 0.00236048]
    ],
    "M_G1C16_M M_G1C16H1_M": [
        [-0.0954977, 0.0224427, 0.00199147]
    ],
    "M_G1C16_M M_G1C16H2_M": [
        [-0.0958244, 0.0227801, 0.00202141]
    ],
    "M_G1C17_M M_G1C17H1_M": [
        [-0.0298933, 0.00857132, 0.000760581]
    ],
    "M_G1C17_M M_G1C17H2_M": [
        [-0.030095, 0.0087831, 0.000779374]
    ],
    "M_G1C17_M M_G1C17H3_M": [
        [-0.029666, 0.00875744, 0.000777097]
    ],
    "M_G2_M M_G2H1_M": [
        [-0.252764, 0.206204, 0.0182976]
    ],
    "M_G2C3_M M_G2C3H1_M": [
        [-0.159524, 0.163666, 0.014523]
    ],
    "M_G2C3_M M_G2C3H2_M": [
        [0.0228985, 0.221741, 0.0196763]
    ],
    "M_G2C4_M M_G2C4H1_M": [
        [-0.167623, 0.12367, 0.0109739]
    ],
    "M_G2C4_M M_G2C4H2_M": [
        [-0.0729066, 0.187159, 0.0166077]
    ],
    "M_G2C5_M M_G2C5H1_M": [
        [-0.188955, 0.0948182, 0.00841376]
    ],
    "M_G2C5_M M_G2C5H2_M": [
        [-0.161867, 0.112701, 0.0100006]
    ],
    "M_G2C6_M M_G2C6H1_M": [
        [-0.190144, 0.0817793, 0.00725674]
    ],
    "M_G2C6_M M_G2C6H2_M": [
        [-0.179023, 0.0960507, 0.00852312]
    ],
    "M_G2C7_M M_G2C7H1_M": [
        [-0.171386, 0.0716749, 0.00636012]
    ],
    "M_G2C7_M M_G2C7H2_M": [
        [-0.170259, 0.0715375, 0.00634792]
    ],
    "M_G2C8_M M_G2C8H1_M": [
        [-0.169608, 0.0625709, 0.00555227]
    ],
    "M_G2C8_M M_G2C8H2_M": [
        [-0.166463, 0.0636123, 0.00564468]
    ],
    "M_G2C9_M M_G2C9H1_M": [
        [-0.116467, 0.056392, 0.00500398]
    ],
    "M_G2C9_M M_G2C9H2_M": [
        [-0.115245, 0.0539646, 0.00478859]
    ],
    "M_G2C10_M M_G2C10H1_M": [
        [-0.10752, 0.0545747, 0.00484272]
    ],
    "M_G2C11_M M_G2C11H1_M": [
        [-0.0770273, 0.0478288, 0.00424412]
    ],
    "M_G2C12_M M_G2C12H1_M": [
        [-0.0825677, 0.0382988, 0.00339847]
    ],
    "M_G2C12_M M_G2C12H2_M": [
        [-0.0849061, 0.0389337, 0.00345481]
    ],
    "M_G2C13_M M_G2C13H1_M": [
        [-0.126523, 0.0367699, 0.0032628]
    ],
    "M_G2C13_M M_G2C13H2_M": [
        [-0.127886, 0.0357782, 0.0031748]
    ],
    "M_G2C14_M M_G2C14H1_M": [
        [-0.12515, 0.0355274, 0.00315255]
    ],
    "M_G2C14_M M_G2C14H2_M": [
        [-0.125765, 0.0361056, 0.00320385]
    ],
    "M_G2C15_M M_G2C15H1_M": [
        [-0.135487, 0.0363206, 0.00322293]
    ],
    "M_G2C15_M M_G2C15H2_M": [
        [-0.136343, 0.0359061, 0.00318615]
    ],
    "M_G2C16_M M_G2C16H1_M": [
        [-0.1175, 0.0330019, 0.00292844]
    ],
    "M_G2C16_M M_G2C16H2_M": [
        [-0.117884, 0.0325159, 0.00288532]
    ],
    "M_G2C17_M M_G2C17H1_M": [
        [-0.108801, 0.0287772, 0.00255356]
    ],
    "M_G2C17_M M_G2C17H2_M": [
        [-0.109314, 0.0281978, 0.00250215]
    ],
    "M_G2C18_M M_G2C18H1_M": [
        [-0.0841619, 0.0230417, 0.00204462]
    ],
    "M_G2C18_M M_G2C18H2_M": [
        [-0.0838612, 0.0223878, 0.0019866]
    ],
    "M_G2C19_M M_G2C19H1_M": [
        [-0.0321585, 0.0075008, 0.000665588]
    ],
    "M_G2C19_M M_G2C19H2_M": [
        [-0.031987, 0.00805663, 0.00071491]
    ],
    "M_G2C19_M M_G2C19H3_M": [
        [-0.0314644, 0.00769111, 0.000682476]
    ],
    "M_G3_M M_G3H1_M": [
        [-0.0523903, 0.245687, 0.0218012]
    ],
    "M_G3_M M_G3H2_M": [
        [-0.143509, 0.196482, 0.017435]
    ],
    "M_G3C4_M M_G3C4H1_M": [
        [0.0452966, 0.336391, 0.0298499]
    ],
    "M_G3C4_M M_G3C4H2_M": [
        [-0.000163244, 0.300312, 0.0266484]
    ],
    "M_G3C5_M M_G3C5H1_M": [
        [-0.152644, 0.25085, 0.0222593]
    ],
    "M_G3C5_M M_G3C5H2_M": [
        [-0.188368, 0.197535, 0.0175284]
    ],
    "M_G3N6C1_M M_G3N6C1H1_M": [
        [0.0255818, 0.0419955, 0.0037265]
    ],
    "M_G3N6C1_M M_G3N6C1H2_M": [
        [0.0251844, 0.0406818, 0.00360993]
    ],
    "M_G3N6C1_M M_G3N6C1H3_M": [
        [0.0257422, 0.041279, 0.00366291]
    ],
    "M_G3N6C2_M M_G3N6C2H1_M": [
        [0.0274582, 0.0386912, 0.00343329]
    ],
    "M_G3N6C2_M M_G3N6C2H2_M": [
        [0.0268213, 0.0383818, 0.00340584]
    ],
    "M_G3N6C2_M M_G3N6C2H3_M": [
        [0.0284511, 0.0388878, 0.00345073]
    ],
    "M_G3N6C3_M M_G3N6C3H1_M": [
        [0.031511, 0.0370451, 0.00328722]
    ],
    "M_G3N6C3_M M_G3N6C3H2_M": [
        [0.0305844, 0.0378424, 0.00335797]
    ],
    "M_G3N6C3_M M_G3N6C3H3_M": [
        [0.0312128, 0.0374062, 0.00331926]
    ]
}