{
    "M_G1_M M_G1H1_M": [
        [-0.194877, 0.0792103, 0.00671853]
    ],
    "M_G1_M M_G1H2_M": [
        [-0.0234592, 0.095994, 0.0081421]
    ],
    "M_G1C3_M M_G1C3H1_M": [
        [-0.249758, 0.0515707, 0.00437417]
    ],
    "M_G1C3_M M_G1C3H2_M": [
        [-0.220688, 0.0543769, 0.00461219]
    ],
    "M_G1C4_M M_G1C4H1_M": [
        [-0.197805, 0.0460842, 0.00390881]
    ],
    "M_G1C4_M M_G1C4H2_M": [
        [-0.186964, 0.0421283, 0.00357328]
    ],
    "M_G1C5_M M_G1C5H1_M": [
        [-0.228601, 0.0414184, 0.00351306]
    ],
    "M_G1C5_M M_G1C5H2_M": [
        [-0.223747, 0.0408999, 0.00346909]
    ],
    "M_G1C6_M M_G1C6H1_M": [
        [-0.232025, 0.0422966, 0.00358755]
    ],
    "M_G1C6_M M_G1C6H2_M": [
        [-0.227508, 0.0409575, 0.00347397]
    ],
    "M_G1C7_M M_G1C7H1_M": [
        [-0.24507, 0.0415071, 0.00352058]
    ],
    "M_G1C7_M M_G1C7H2_M": [
        [-0.242836, 0.0408742, 0.0034669]
    ],
    "M_G1C8_M M_G1C8H1_M": [
        [-0.236796, 0.0433074, 0.00367329]
    ],
    "M_G1C8_M M_G1C8H2_M": [
        [-0.236698, 0.0408911, 0.00346833]
    ],
    "M_G1C9_M M_G1C9H1_M": [
        [-0.237297, 0.0408686, 0.00346643]
    ],
    "M_G1C9_M M_G1C9H2_M": [
        [-0.237224, 0.0418445, 0.0035492]
    ],
    "M_G1C10_M M_G1C10H1_M": [
        [-0.222247, 0.0421489, 0.00357502]
    ],
    "M_G1C10_M M_G1C10H2_M": [
        [-0.221728, 0.0432651, 0.00366969]
    ],
    "M_G1C11_M M_G1C11H1_M": [
        [-0.214531, 0.0421128, 0.00357196]
    ],
    "M_G1C11_M M_G1C11H2_M": [
        [-0.214935, 0.0423212, 0.00358964]
    ],
    "M_G1C12_M M_G1C12H1_M": [
        [-0.195149, 0.0397231, 0.00336927]
    ],
    "M_G1C12_M M_G1C12H2_M": [
        [-0.19457, 0.0412014, 0.00349465]
    ],
    "M_G1C13_M M_G1C13H1_M": [
        [-0.1829, 0.0393564, 0.00333817]
    ],
    "M_G1C13_M M_G1C13H2_M": [
        [-0.181553, 0.0380436, 0.00322682]
    ],
    "M_G1C14_M M_G1C14H1_M": [
        [-0.157315, 0.0334129, 0.00283404]
    ],
    "M_G1C14_M M_G1C14H2_M": [
        [-0.155485, 0.0346644, 0.0029402]
    ],
    "M_G1C15_M M_G1C15H1_M": [
        [-0.135603, 0.0282811, 0.00239877]
    ],
    "M_G1C15_M M_G1C15H2_M": [
        [-0.135343, 0.0291789, 0.00247492]
    ],
    "M_G1C16_M M_G1C16H1_M": [
        [-0.100367, 0.0222535, 0.00188752]
    ],
    "M_G1C16_M M_G1C16H2_M": [
        [-0.100363, 0.0223181, 0.001893]
    ],
    "M_G1C17_M M_G1C17H1_M": [
        [-0.0352128, 0.0116957, 0.00099202]
    ],
    "M_G1C17_M M_G1C17H2_M": [
        [-0.0339786, 0.00989525, 0.000839304]
    ],
    "M_G1C17_M M_G1C17H3_M": [
        [-0.0334705, 0.0110522, 0.000937432]
    ],
    "M_G2_M M_G2H1_M": [
        [-0.22464, 0.0685893, 0.00581766]
    ],
    "M_G2C3_M M_G2C3H1_M": [
        [-0.078014, 0.0670529, 0.00568735]
    ],
    "M_G2C3_M M_G2C3H2_M": [
        [-0.126612, 0.0509617, 0.00432251]
    ],
    "M_G2C4_M M_G2C4H1_M": [
        [-0.218652, 0.0447451, 0.00379523]
    ],
    "M_G2C4_M M_G2C4H2_M": [
        [-0.223906, 0.0431367, 0.0036588]
    ],
    "M_G2C5_M M_G2C5H1_M": [
        [-0.216245, 0.0442439, 0.00375272]
    ],
    "M_G2C5_M M_G2C5H2_M": [
        [-0.2194, 0.0421675, 0.0035766]
    ],
    "M_G2C6_M M_G2C6H1_M": [
        [-0.229486, 0.0465239, 0.00394611]
    ],
    "M_G2C6_M M_G2C6H2_M": [
        [-0.228023, 0.0457164, 0.00387762]
    ],
    "M_G2C7_M M_G2C7H1_M": [
        [-0.205466, 0.0455187, 0.00386084]
    ],
    "M_G2C7_M M_G2C7H2_M": [
        [-0.203885, 0.0465373, 0.00394724]
    ],
    "M_G2C8_M M_G2C8H1_M": [
        [-0.1942, 0.0443685, 0.00376328]
    ],
    "M_G2C8_M M_G2C8H2_M": [
        [-0.193189, 0.0447166, 0.00379281]
    ],
    "M_G2C9_M M_G2C9H1_M": [
        [-0.111258, 0.0367175, 0.00311434]
    ],
    "M_G2C9_M M_G2C9H2_M": [
        [-0.112508, 0.0393731, 0.00333958]
    ],
    "M_G2C10_M M_G2C10H1_M": [
        [-0.0636784, 0.0408107, 0.00346152]
    ],
    "M_G2C11_M M_G2C11H1_M": [
        [-0.0515582, 0.0396944, 0.00336683]
    ],
    "M_G2C12_M M_G2C12H1_M": [
        [-0.0911099, 0.0403898, 0.00342582]
    ],
    "M_G2C12_M M_G2C12H2_M": [
        [-0.0861196, 0.0396255, 0.00336099]
    ],
    "M_G2C13_M M_G2C13H1_M": [
        [-0.139225, 0.0419113, 0.00355487]
    ],
    "M_G2C13_M M_G2C13H2_M": [
        [-0.136486, 0.0440683, 0.00373782]
    ],
    "M_G2C14_M M_G2C14H1_M": [
        [-0.14849, 0.0413972, 0.00351127]
    ],
    "M_G2C14_M M_G2C14H2_M": [
        [-0.145221, 0.0433769, 0.00367918]
    ],
    "M_G2C15_M M_G2C15H1_M": [
        [-0.152369, 0.0412746, 0.00350087]
    ],
    "M_G2C15_M M_G2C15H2_M": [
        [-0.151285, 0.041657, 0.0035333]
    ],
    "M_G2C16_M M_G2C16H1_M": [
        [-0.138892, 0.0378946, 0.00321417]
    ],
    "M_G2C16_M M_G2C16H2_M": [
        [-0.139412, 0.036613, 0.00310547]
    ],
    "M_G2C17_M M_G2C17H1_M": [
        [-0.12579, 0.0327988, 0.00278196]
    ],
    "M_G2C17_M M_G2C17H2_M": [
        [-0.125418, 0.031983, 0.00271276]
    ],
    "M_G2C18_M M_G2C18H1_M": [
        [-0.0967471, 0.0243396, 0.00206446]
    ],
    "M_G2C18_M M_G2C18H2_M": [
        [-0.0976724, 0.0240742, 0.00204195]
    ],
    "M_G2C19_M M_G2C19H1_M": [
        [-0.0328873, 0.0108773, 0.000922604]
    ],
    "M_G2C19_M M_G2C19H2_M": [
        [-0.032486, 0.0120392, 0.00102115]
    ],
    "M_G2C19_M M_G2C19H3_M": [
        [-0.0323344, 0.0111525, 0.000945946]
    ],
    "M_G3_M M_G3H1_M": [
        [-0.243449, 0.0620016, 0.00525891]
    ],
    "M_G3_M M_G3H2_M": [
        [-0.249572, 0.0571067, 0.00484373]
    ],
    "M_G3C4_M M_G3C4H1_M": [
        [0.0242793, 0.0532989, 0.00452075]
    ],
    "M_G3C4_M M_G3C4H2_M": [
        [0.0360189, 0.0503637, 0.00427179]
    ],
    "M_G3C5_M M_G3C5H1_M": [
        [-0.0827009, 0.0474437, 0.00402412]
    ],
    "M_G3C5_M M_G3C5H2_M": [
        [-0.0832908, 0.0462235, 0.00392062]
    ],
    "M_G3N6C1_M M_G3N6C1H1_M": [
        [0.0114959, 0.0181568, 0.00154004]
    ],
    "M_G3N6C1_M M_G3N6C1H2_M": [
        [0.0115747, 0.0189334, 0.00160591]
    ],
    "M_G3N6C1_M M_G3N6C1H3_M": [
        [0.0139806, 0.0216023, 0.00183229]
    ],
    "M_G3N6C2_M M_G3N6C2H1_M": [
        [0.0107757, 0.0200853, 0.00170361]
    ],
    "M_G3N6C2_M M_G3N6C2H2_M": [
        [0.0130622, 0.0197299, 0.00167347]
    ],
    "M_G3N6C2_M M_G3N6C2H3_M": [
        [0.00999644, 0.0192627, 0.00163384]
    ],
    "M_G3N6C3_M M_G3N6C3H1_M": [
        [0.0111904, 0.0192499, 0.00163275]
    ],
    "M_G3N6C3_M M_G3N6C3H2_M": [
        [0.0139547, 0.0181923, 0.00154305]
    ],
    "M_G3N6C3_M M_G3N6C3H3_M": [
        [0.0107012, 0.0173376, 0.00147055]
    ]
}