{
    "M_C3_M M_C3H1_M": [
        [-0.391317, 0.0107524, 0.00105947]
    ],
    "M_C4_M M_C4H1_M": [
        [-0.335509, 0.011934, 0.0011759]
    ],
    "M_C4_M M_C4H2_M": [
        [-0.211557, 0.0186895, 0.00184153]
    ],
    "M_C6_M M_C6H1_M": [
        [-0.0534349, 0.0204884, 0.00201878]
    ],
    "M_C7_M M_C7H1_M": [
        [-0.292707, 0.0131385, 0.00129458]
    ],
    "M_C7_M M_C7H2_M": [
        [-0.347307, 0.011724, 0.0011552]
    ],
    "M_C8_M M_C8H1_M": [
        [-0.427565, 0.00978959, 0.000964597]
    ],
    "M_C14_M M_C14H1_M": [
        [-0.422997, 0.00992324, 0.000977766]
    ],
    "M_C15_M M_C15H1_M": [
        [-0.393137, 0.0109323, 0.00107719]
    ],
    "M_C15_M M_C15H2_M": [
        [-0.3503, 0.013667, 0.00134665]
    ],
    "M_C16_M M_C16H1_M": [
        [-0.0732193, 0.0151872, 0.00149644]
    ],
    "M_C16_M M_C16H2_M": [
        [-0.183253, 0.0148846, 0.00146662]
    ],
    "M_C17_M M_C17H1_M": [
        [-0.420235, 0.00964839, 0.000950684]
    ],
    "M_C18_M M_C18H1_M": [
        [0.119846, 0.0163712, 0.00161311]
    ],
    "M_C18_M M_C18H2_M": [
        [0.11963, 0.0151266, 0.00149047]
    ],
    "M_C18_M M_C18H3_M": [
        [0.121016, 0.0156259, 0.00153966]
    ],
    "M_C12_M M_C12H1_M": [
        [-0.137849, 0.0192464, 0.00189641]
    ],
    "M_C12_M M_C12H2_M": [
        [-0.418152, 0.0103073, 0.00101561]
    ],
    "M_C11_M M_C11H1_M": [
        [-0.422818, 0.00995038, 0.00098044]
    ],
    "M_C11_M M_C11H2_M": [
        [-0.223635, 0.0153436, 0.00151185]
    ],
    "M_C9_M M_C9H1_M": [
        [-0.422959, 0.00971169, 0.000956921]
    ],
    "M_C19_M M_C19H1_M": [
        [0.122745, 0.0166438, 0.00163996]
    ],
    "M_C19_M M_C19H2_M": [
        [0.121772, 0.015583, 0.00153544]
    ],
    "M_C19_M M_C19H3_M": [
        [0.1223, 0.0152961, 0.00150717]
    ],
    "M_C1_M M_C1H1_M": [
        [-0.226698, 0.0180685, 0.00178034]
    ],
    "M_C1_M M_C1H2_M": [
        [-0.384488, 0.0113264, 0.00111603]
    ],
    "M_C2_M M_C2H1_M": [
        [-0.228338, 0.0151096, 0.00148879]
    ],
    "M_C2_M M_C2H2_M": [
        [-0.367705, 0.0115807, 0.00114108]
    ],
    "M_C20_M M_C20H1_M": [
        [-0.404027, 0.0100388, 0.000989155]
    ],
    "M_C21_M M_C21H1_M": [
        [0.111296, 0.0137008, 0.00134998]
    ],
    "M_C21_M M_C21H2_M": [
        [0.106826, 0.0148477, 0.00146299]
    ],
    "M_C21_M M_C21H3_M": [
        [0.107701, 0.0157705, 0.00155391]
    ],
    "M_C22_M M_C22H1_M": [
        [-0.268656, 0.0218977, 0.00215765]
    ],
    "M_C22_M M_C22H2_M": [
        [-0.374486, 0.0106789, 0.00105222]
    ],
    "M_C23_M M_C23H1_M": [
        [-0.21402, 0.0196352, 0.00193471]
    ],
    "M_C23_M M_C23H2_M": [
        [-0.358922, 0.0118843, 0.001171]
    ],
    "M_C24_M M_C24H1_M": [
        [-0.218332, 0.0170355, 0.00167856]
    ],
    "M_C24_M M_C24H2_M": [
        [-0.31017, 0.0132117, 0.00130179]
    ],
    "M_C25_M M_C25H1_M": [
        [-0.175236, 0.0144254, 0.00142138]
    ],
    "M_C26_M M_C26H1_M": [
        [0.0148407, 0.0147742, 0.00145574]
    ],
    "M_C26_M M_C26H2_M": [
        [0.0175901, 0.0137669, 0.00135649]
    ],
    "M_C26_M M_C26H3_M": [
        [0.016342, 0.0131276, 0.0012935]
    ],
    "M_C27_M M_C27H1_M": [
        [0.011718, 0.0148391, 0.00146214]
    ],
    "M_C27_M M_C27H2_M": [
        [0.00824355, 0.0146531, 0.00144381]
    ],
    "M_C27_M M_C27H3_M": [
        [0.0144274, 0.0133671, 0.0013171]
    ]
}