{
    "M_G1_M M_G1H1_M": [
        [-0.0305073, 0.173991, 0.0154392]
    ],
    "M_G1_M M_G1H2_M": [
        [-0.185928, 0.120723, 0.0107125]
    ],
    "M_G1C3_M M_G1C3H1_M": [
        [-0.235311, 0.0827204, 0.00734025]
    ],
    "M_G1C3_M M_G1C3H2_M": [
        [-0.202873, 0.0994245, 0.0088225]
    ],
    "M_G1C4_M M_G1C4H1_M": [
        [-0.209543, 0.0769084, 0.00682452]
    ],
    "M_G1C4_M M_G1C4H2_M": [
        [-0.178615, 0.0934038, 0.00828824]
    ],
    "M_G1C5_M M_G1C5H1_M": [
        [-0.226727, 0.0747074, 0.00662921]
    ],
    "M_G1C5_M M_G1C5H2_M": [
        [-0.239178, 0.0662054, 0.00587478]
    ],
    "M_G1C6_M M_G1C6H1_M": [
        [-0.187117, 0.0891215, 0.00790826]
    ],
    "M_G1C6_M M_G1C6H2_M": [
        [-0.174149, 0.0919796, 0.00816187]
    ],
    "M_G1C7_M M_G1C7H1_M": [
        [-0.185613, 0.080648, 0.00715636]
    ],
    "M_G1C7_M M_G1C7H2_M": [
        [-0.185973, 0.0914574, 0.00811553]
    ],
    "M_G1C8_M M_G1C8H1_M": [
        [-0.184772, 0.0741739, 0.00658186]
    ],
    "M_G1C8_M M_G1C8H2_M": [
        [-0.1733, 0.0802084, 0.00711735]
    ],
    "M_G1C9_M M_G1C9H1_M": [
        [-0.18047, 0.0729343, 0.00647187]
    ],
    "M_G1C9_M M_G1C9H2_M": [
        [-0.186146, 0.0749473, 0.00665049]
    ],
    "M_G1C10_M M_G1C10H1_M": [
        [-0.165726, 0.0725728, 0.00643979]
    ],
    "M_G1C10_M M_G1C10H2_M": [
        [-0.163199, 0.0646914, 0.00574043]
    ],
    "M_G1C11_M M_G1C11H1_M": [
        [-0.164512, 0.0643984, 0.00571443]
    ],
    "M_G1C11_M M_G1C11H2_M": [
        [-0.159243, 0.0660065, 0.00585713]
    ],
    "M_G1C12_M M_G1C12H1_M": [
        [-0.144643, 0.0573541, 0.00508935]
    ],
    "M_G1C12_M M_G1C12H2_M": [
        [-0.144553, 0.0585341, 0.00519406]
    ],
    "M_G1C13_M M_G1C13H1_M": [
        [-0.138869, 0.0502768, 0.00446135]
    ],
    "M_G1C13_M M_G1C13H2_M": [
        [-0.134542, 0.0517413, 0.0045913]
    ],
    "M_G1C14_M M_G1C14H1_M": [
        [-0.113787, 0.0457484, 0.00405951]
    ],
    "M_G1C14_M M_G1C14H2_M": [
        [-0.108842, 0.0488385, 0.00433372]
    ],
    "M_G1C15_M M_G1C15H1_M": [
        [-0.0930225, 0.0420548, 0.00373176]
    ],
    "M_G1C15_M M_G1C15H2_M": [
        [-0.0943797, 0.0372521, 0.00330559]
    ],
    "M_G1C16_M M_G1C16H1_M": [
        [-0.0589408, 0.0338074, 0.00299992]
    ],
    "M_G1C16_M M_G1C16H2_M": [
        [-0.0598382, 0.0304996, 0.0027064]
    ],
    "M_G1C17_M M_G1C17H1_M": [
        [-0.0165019, 0.013565, 0.0012037]
    ],
    "M_G1C17_M M_G1C17H2_M": [
        [-0.0173006, 0.0132744, 0.00117791]
    ],
    "M_G1C17_M M_G1C17H3_M": [
        [-0.0176328, 0.0121392, 0.00107718]
    ],
    "M_G2_M M_G2H1_M": [
        [-0.208537, 0.125468, 0.0111335]
    ],
    "M_G2C3_M M_G2C3H1_M": [
        [-0.112803, 0.12564, 0.0111487]
    ],
    "M_G2C3_M M_G2C3H2_M": [
        [-0.0936928, 0.134082, 0.0118979]
    ],
    "M_G2C4_M M_G2C4H1_M": [
        [-0.173903, 0.107602, 0.00954813]
    ],
    "M_G2C4_M M_G2C4H2_M": [
        [-0.154222, 0.119215, 0.0105787]
    ],
    "M_G2C5_M M_G2C5H1_M": [
        [-0.16574, 0.0937855, 0.00832212]
    ],
    "M_G2C5_M M_G2C5H2_M": [
        [-0.136763, 0.109408, 0.00970837]
    ],
    "M_G2C6_M M_G2C6H1_M": [
        [-0.184349, 0.0955731, 0.00848074]
    ],
    "M_G2C6_M M_G2C6H2_M": [
        [-0.176035, 0.0851638, 0.00755707]
    ],
    "M_G2C7_M M_G2C7H1_M": [
        [-0.163976, 0.103585, 0.00919169]
    ],
    "M_G2C7_M M_G2C7H2_M": [
        [-0.165921, 0.0877687, 0.00778822]
    ],
    "M_G2C8_M M_G2C8H1_M": [
        [-0.192976, 0.0786703, 0.00698086]
    ],
    "M_G2C8_M M_G2C8H2_M": [
        [-0.188499, 0.0879362, 0.00780307]
    ],
    "M_G2C9_M M_G2C9H1_M": [
        [-0.152444, 0.0816375, 0.00724415]
    ],
    "M_G2C9_M M_G2C9H2_M": [
        [-0.147908, 0.0753945, 0.00669018]
    ],
    "M_G2C10_M M_G2C10H1_M": [
        [-0.0961915, 0.114405, 0.0101518]
    ],
    "M_G2C11_M M_G2C11H1_M": [
        [-0.0244107, 0.124466, 0.0110446]
    ],
    "M_G2C12_M M_G2C12H1_M": [
        [-0.1192, 0.0753521, 0.00668642]
    ],
    "M_G2C12_M M_G2C12H2_M": [
        [-0.112465, 0.084989, 0.00754156]
    ],
    "M_G2C13_M M_G2C13H1_M": [
        [-0.155699, 0.0728262, 0.00646228]
    ],
    "M_G2C13_M M_G2C13H2_M": [
        [-0.143667, 0.0836211, 0.00742017]
    ],
    "M_G2C14_M M_G2C14H1_M": [
        [-0.119068, 0.0630871, 0.00559807]
    ],
    "M_G2C14_M M_G2C14H2_M": [
        [-0.121094, 0.0590703, 0.00524164]
    ],
    "M_G2C15_M M_G2C15H1_M": [
        [-0.128518, 0.0501884, 0.0044535]
    ],
    "M_G2C15_M M_G2C15H2_M": [
        [-0.130839, 0.0543986, 0.00482709]
    ],
    "M_G2C16_M M_G2C16H1_M": [
        [-0.103444, 0.0455276, 0.00403992]
    ],
    "M_G2C16_M M_G2C16H2_M": [
        [-0.100568, 0.0457113, 0.00405622]
    ],
    "M_G2C17_M M_G2C17H1_M": [
        [-0.0856117, 0.0372453, 0.00330499]
    ],
    "M_G2C17_M M_G2C17H2_M": [
        [-0.0873263, 0.0378539, 0.00335899]
    ],
    "M_G2C18_M M_G2C18H1_M": [
        [-0.0536324, 0.0317768, 0.00281973]
    ],
    "M_G2C18_M M_G2C18H2_M": [
        [-0.0544703, 0.0286963, 0.00254638]
    ],
    "M_G2C19_M M_G2C19H1_M": [
        [-0.0154427, 0.0119084, 0.0010567]
    ],
    "M_G2C19_M M_G2C19H2_M": [
        [-0.0173739, 0.0128435, 0.00113968]
    ],
    "M_G2C19_M M_G2C19H3_M": [
        [-0.0160458, 0.0128694, 0.00114198]
    ],
    "M_G3_M M_G3H1_M": [
        [-0.199475, 0.138164, 0.0122601]
    ],
    "M_G3_M M_G3H2_M": [
        [-0.252642, 0.0888782, 0.00788667]
    ],
    "M_G3C4_M M_G3C4H1_M": [
        [0.134673, 0.0861745, 0.00764675]
    ],
    "M_G3C4_M M_G3C4H2_M": [
        [0.100808, 0.0793091, 0.00703754]
    ],
    "M_G3C5_M M_G3C5H1_M": [
        [-0.0391032, 0.0794025, 0.00704583]
    ],
    "M_G3C5_M M_G3C5H2_M": [
        [-0.0453615, 0.0880572, 0.00781381]
    ],
    "M_G3N6C1_M M_G3N6C1H1_M": [
        [0.0188868, 0.0110541, 0.000980897]
    ],
    "M_G3N6C1_M M_G3N6C1H2_M": [
        [0.0194101, 0.0112494, 0.000998222]
    ],
    "M_G3N6C1_M M_G3N6C1H3_M": [
        [0.0201856, 0.0115699, 0.00102667]
    ],
    "M_G3N6C2_M M_G3N6C2H1_M": [
        [0.0173722, 0.0109467, 0.000971361]
    ],
    "M_G3N6C2_M M_G3N6C2H2_M": [
        [0.0175815, 0.0110943, 0.000984459]
    ],
    "M_G3N6C2_M M_G3N6C2H3_M": [
        [0.0176416, 0.0110865, 0.000983766]
    ],
    "M_G3N6C3_M M_G3N6C3H1_M": [
        [0.018385, 0.00991699, 0.000879991]
    ],
    "M_G3N6C3_M M_G3N6C3H2_M": [
        [0.0175222, 0.0104795, 0.000929903]
    ],
    "M_G3N6C3_M M_G3N6C3H3_M": [
        [0.0176159, 0.0101506, 0.000900718]
    ]
}