{
    "M_C3_M M_C3H3_M": [
        [-0.336732, 0.00672938, 0.00129507]
    ],
    "M_C4_M M_C4H41_M": [
        [-0.301281, 0.00792885, 0.00152591]
    ],
    "M_C4_M M_C4H42_M": [
        [-0.126553, 0.0169287, 0.00325793]
    ],
    "M_C6_M M_C6H6_M": [
        [-0.0180735, 0.0176641, 0.00339945]
    ],
    "M_C7_M M_C7H71_M": [
        [-0.246441, 0.0117753, 0.00226616]
    ],
    "M_C7_M M_C7H72_M": [
        [-0.304251, 0.00819054, 0.00157627]
    ],
    "M_C8_M M_C8H8_M": [
        [-0.362394, 0.00820377, 0.00157882]
    ],
    "M_C14_M M_C14H14_M": [
        [-0.357945, 0.00934314, 0.00179809]
    ],
    "M_C15_M M_C15H151_M": [
        [-0.332743, 0.0077771, 0.0014967]
    ],
    "M_C15_M M_C15H152_M": [
        [-0.263118, 0.0154471, 0.00297281]
    ],
    "M_C16_M M_C16H161_M": [
        [-0.0638281, 0.0151308, 0.00291192]
    ],
    "M_C16_M M_C16H162_M": [
        [-0.173141, 0.0124416, 0.0023944]
    ],
    "M_C17_M M_C17H17_M": [
        [-0.350211, 0.00954643, 0.00183721]
    ],
    "M_C18_M M_C18H181_M": [
        [0.104223, 0.00799125, 0.00153792]
    ],
    "M_C18_M M_C18H182_M": [
        [0.10373, 0.00895527, 0.00172344]
    ],
    "M_C18_M M_C18H183_M": [
        [0.0997468, 0.00840274, 0.00161711]
    ],
    "M_C12_M M_C12H121_M": [
        [-0.0585914, 0.0183502, 0.0035315]
    ],
    "M_C12_M M_C12H122_M": [
        [-0.356043, 0.00781266, 0.00150355]
    ],
    "M_C11_M M_C11H111_M": [
        [-0.35889, 0.00842297, 0.001621]
    ],
    "M_C11_M M_C11H112_M": [
        [-0.190197, 0.0126298, 0.0024306]
    ],
    "M_C9_M M_C9H9_M": [
        [-0.360979, 0.00871722, 0.00167763]
    ],
    "M_C19_M M_C19H191_M": [
        [0.105609, 0.0127023, 0.00244457]
    ],
    "M_C19_M M_C19H192_M": [
        [0.103707, 0.014111, 0.00271566]
    ],
    "M_C19_M M_C19H193_M": [
        [0.102088, 0.0117718, 0.00226548]
    ],
    "M_C1_M M_C1H11_M": [
        [-0.167345, 0.0166766, 0.00320941]
    ],
    "M_C1_M M_C1H12_M": [
        [-0.322788, 0.00710497, 0.00136735]
    ],
    "M_C2_M M_C2H21_M": [
        [-0.199234, 0.0124058, 0.00238749]
    ],
    "M_C2_M M_C2H22_M": [
        [-0.310938, 0.00727022, 0.00139915]
    ],
    "M_C20_M M_C20H20_M": [
        [-0.33836, 0.00906479, 0.00174452]
    ],
    "M_C21_M M_C21H211_M": [
        [0.0852651, 0.00603894, 0.00116219]
    ],
    "M_C21_M M_C21H212_M": [
        [0.0855616, 0.00619523, 0.00119227]
    ],
    "M_C21_M M_C21H213_M": [
        [0.0855765, 0.00698232, 0.00134375]
    ],
    "M_C22_M M_C22H221_M": [
        [-0.0946622, 0.0300897, 0.00579077]
    ],
    "M_C22_M M_C22H222_M": [
        [-0.299549, 0.00989779, 0.00190483]
    ],
    "M_C23_M M_C23H231_M": [
        [-0.0613223, 0.0222966, 0.00429098]
    ],
    "M_C23_M M_C23H232_M": [
        [-0.278189, 0.00885117, 0.00170341]
    ],
    "M_C24_M M_C24H241_M": [
        [-0.0877952, 0.0146119, 0.00281206]
    ],
    "M_C24_M M_C24H242_M": [
        [-0.236067, 0.00888713, 0.00171033]
    ],
    "M_C25_M M_C25H25_M": [
        [-0.12284, 0.00899275, 0.00173065]
    ],
    "M_C26_M M_C26H261_M": [
        [0.00717311, 0.00641496, 0.00123456]
    ],
    "M_C26_M M_C26H262_M": [
        [0.00794481, 0.00512503, 0.000986313]
    ],
    "M_C26_M M_C26H263_M": [
        [0.00640313, 0.0068647, 0.00132111]
    ],
    "M_C27_M M_C27H271_M": [
        [-0.00754013, 0.00579975, 0.00111616]
    ],
    "M_C27_M M_C27H272_M": [
        [-0.00781022, 0.00606056, 0.00116636]
    ],
    "M_C27_M M_C27H273_M": [
        [-0.0068464, 0.00697445, 0.00134223]
    ]
}