{
    "M_G1_M M_G1H1_M": [
        [-0.148867, 0.018141, 0.00112723]
    ],
    "M_G1_M M_G1H2_M": [
        [-0.0324461, 0.015196, 0.000944232]
    ],
    "M_G1C3_M M_G1C3H1_M": [
        [-0.180096, 0.0119476, 0.000742387]
    ],
    "M_G1C3_M M_G1C3H2_M": [
        [-0.141338, 0.013377, 0.000831207]
    ],
    "M_G1C4_M M_G1C4H1_M": [
        [-0.0981752, 0.00950787, 0.00059079]
    ],
    "M_G1C4_M M_G1C4H2_M": [
        [-0.087058, 0.00912902, 0.00056725]
    ],
    "M_G1C5_M M_G1C5H1_M": [
        [-0.0867316, 0.008856, 0.000550285]
    ],
    "M_G1C5_M M_G1C5H2_M": [
        [-0.0898233, 0.00950361, 0.000590526]
    ],
    "M_G1C6_M M_G1C6H1_M": [
        [-0.031522, 0.0092699, 0.000576003]
    ],
    "M_G1C7_M M_G1C7H1_M": [
        [-0.127181, 0.00721799, 0.000448504]
    ],
    "M_G1C8_M M_G1C8H1_M": [
        [-0.0422759, 0.00635521, 0.000394894]
    ],
    "M_G1C8_M M_G1C8H2_M": [
        [-0.0427624, 0.00626471, 0.00038927]
    ],
    "M_G1C9_M M_G1C9H1_M": [
        [-0.0297651, 0.00727827, 0.00045225]
    ],
    "M_G1C10_M M_G1C10H1_M": [
        [-0.0241331, 0.00704147, 0.000437536]
    ],
    "M_G1C11_M M_G1C11H1_M": [
        [-0.033612, 0.00512305, 0.000318331]
    ],
    "M_G1C11_M M_G1C11H2_M": [
        [-0.0331143, 0.00565821, 0.000351584]
    ],
    "M_G1C12_M M_G1C12H1_M": [
        [-0.0424306, 0.00650577, 0.000404249]
    ],
    "M_G1C13_M M_G1C13H1_M": [
        [-0.020133, 0.00588211, 0.000365496]
    ],
    "M_G1C14_M M_G1C14H1_M": [
        [-0.0222916, 0.00476674, 0.000296191]
    ],
    "M_G1C14_M M_G1C14H2_M": [
        [-0.0214821, 0.00500849, 0.000311213]
    ],
    "M_G1C15_M M_G1C15H1_M": [
        [-0.0408385, 0.00632381, 0.000392942]
    ],
    "M_G1C16_M M_G1C16H1_M": [
        [-0.00517582, 0.00514763, 0.000319858]
    ],
    "M_G1C17_M M_G1C17H1_M": [
        [-0.0250864, 0.0055424, 0.000344388]
    ],
    "M_G1C17_M M_G1C17H2_M": [
        [-0.0248677, 0.00523687, 0.000325404]
    ],
    "M_G1C18_M M_G1C18H1_M": [
        [-0.0407089, 0.00560929, 0.000348544]
    ],
    "M_G1C18_M M_G1C18H2_M": [
        [-0.0407417, 0.00546838, 0.000339789]
    ],
    "M_G1C19_M M_G1C19H1_M": [
        [-0.0405029, 0.00579377, 0.000360007]
    ],
    "M_G1C19_M M_G1C19H2_M": [
        [-0.040423, 0.00519512, 0.000322809]
    ],
    "M_G1C20_M M_G1C20H1_M": [
        [-0.0384248, 0.00530239, 0.000329474]
    ],
    "M_G1C20_M M_G1C20H2_M": [
        [-0.0383432, 0.00482004, 0.000299503]
    ],
    "M_G1C21_M M_G1C21H1_M": [
        [-0.00923839, 0.00459681, 0.000285632]
    ],
    "M_G1C21_M M_G1C21H2_M": [
        [-0.00867445, 0.00445679, 0.000276932]
    ],
    "M_G1C21_M M_G1C21H3_M": [
        [-0.00921859, 0.00410403, 0.000255012]
    ],
    "M_G2_M M_G2H1_M": [
        [-0.154595, 0.0179732, 0.0011168]
    ],
    "M_G2C3_M M_G2C3H1_M": [
        [-0.0493135, 0.0117572, 0.000730555]
    ],
    "M_G2C3_M M_G2C3H2_M": [
        [-0.0241937, 0.0112082, 0.000696442]
    ],
    "M_G2C4_M M_G2C4H1_M": [
        [-0.124855, 0.0090964, 0.000565223]
    ],
    "M_G2C4_M M_G2C4H2_M": [
        [-0.115366, 0.0100854, 0.000626675]
    ],
    "M_G2C5_M M_G2C5H1_M": [
        [-0.0610131, 0.00848552, 0.000527265]
    ],
    "M_G2C5_M M_G2C5H2_M": [
        [-0.0499416, 0.0079486, 0.000493902]
    ],
    "M_G2C6_M M_G2C6H1_M": [
        [-0.00323206, 0.00927137, 0.000576095]
    ],
    "M_G2C7_M M_G2C7H1_M": [
        [-0.0892718, 0.00863578, 0.000536601]
    ],
    "M_G2C8_M M_G2C8H1_M": [
        [-0.0405625, 0.00711139, 0.00044188]
    ],
    "M_G2C8_M M_G2C8H2_M": [
        [-0.0401572, 0.00700017, 0.00043497]
    ],
    "M_G2C9_M M_G2C9H1_M": [
        [-0.0222727, 0.00724295, 0.000450055]
    ],
    "M_G2C10_M M_G2C10H1_M": [
        [-0.0552296, 0.00666811, 0.000414336]
    ],
    "M_G2C11_M M_G2C11H1_M": [
        [-0.0430452, 0.00607747, 0.000377635]
    ],
    "M_G2C11_M M_G2C11H2_M": [
        [-0.042762, 0.005863, 0.000364309]
    ],
    "M_G2C12_M M_G2C12H1_M": [
        [-0.0441582, 0.00732713, 0.000455286]
    ],
    "M_G2C13_M M_G2C13H1_M": [
        [-0.0244284, 0.00644527, 0.000400489]
    ],
    "M_G2C14_M M_G2C14H1_M": [
        [-0.0256693, 0.0054419, 0.000338143]
    ],
    "M_G2C14_M M_G2C14H2_M": [
        [-0.0252194, 0.00511745, 0.000317983]
    ],
    "M_G2C15_M M_G2C15H1_M": [
        [-0.0486779, 0.00654731, 0.00040683]
    ],
    "M_G2C16_M M_G2C16H1_M": [
        [-0.0125243, 0.00525995, 0.000326837]
    ],
    "M_G2C17_M M_G2C17H1_M": [
        [-0.0322542, 0.00552766, 0.000343472]
    ],
    "M_G2C17_M M_G2C17H2_M": [
        [-0.0325102, 0.0050023, 0.000310828]
    ],
    "M_G2C18_M M_G2C18H1_M": [
        [-0.0502384, 0.00568764, 0.000353412]
    ],
    "M_G2C18_M M_G2C18H2_M": [
        [-0.0503747, 0.00551201, 0.000342499]
    ],
    "M_G2C19_M M_G2C19H1_M": [
        [-0.0489189, 0.00543435, 0.000337674]
    ],
    "M_G2C19_M M_G2C19H2_M": [
        [-0.0491098, 0.00530389, 0.000329567]
    ],
    "M_G2C20_M M_G2C20H1_M": [
        [-0.0458945, 0.0053681, 0.000333557]
    ],
    "M_G2C20_M M_G2C20H2_M": [
        [-0.0461031, 0.00495654, 0.000307984]
    ],
    "M_G2C21_M M_G2C21H1_M": [
        [-0.0101733, 0.00429589, 0.000266934]
    ],
    "M_G2C21_M M_G2C21H2_M": [
        [-0.0106436, 0.00444778, 0.000276372]
    ],
    "M_G2C21_M M_G2C21H3_M": [
        [-0.0103916, 0.00479621, 0.000298022]
    ],
    "M_G3_M M_G3H1_M": [
        [-0.188404, 0.0166138, 0.00103233]
    ],
    "M_G3_M M_G3H2_M": [
        [-0.229163, 0.011626, 0.000722401]
    ],
    "M_G3C4_M M_G3C4H1_M": [
        [0.0334116, 0.010158, 0.000631188]
    ],
    "M_G3C4_M M_G3C4H2_M": [
        [0.035608, 0.010626, 0.000660269]
    ],
    "M_G3C5_M M_G3C5H1_M": [
        [-0.0788972, 0.0089173, 0.000554094]
    ],
    "M_G3C5_M M_G3C5H2_M": [
        [-0.0810486, 0.00838184, 0.000520822]
    ],
    "M_G3N6C1_M M_G3N6C1H1_M": [
        [0.0111058, 0.00618312, 0.000384201]
    ],
    "M_G3N6C1_M M_G3N6C1H2_M": [
        [0.0122204, 0.00594623, 0.000369481]
    ],
    "M_G3N6C1_M M_G3N6C1H3_M": [
        [0.0123596, 0.00624416, 0.000387993]
    ],
    "M_G3N6C2_M M_G3N6C2H1_M": [
        [0.0117014, 0.00610604, 0.000379411]
    ],
    "M_G3N6C2_M M_G3N6C2H2_M": [
        [0.0120596, 0.00605193, 0.000376048]
    ],
    "M_G3N6C2_M M_G3N6C2H3_M": [
        [0.0117974, 0.0058864, 0.000365763]
    ],
    "M_G3N6C3_M M_G3N6C3H1_M": [
        [0.0121255, 0.00621832, 0.000386387]
    ],
    "M_G3N6C3_M M_G3N6C3H2_M": [
        [0.0122369, 0.00641064, 0.000398338]
    ],
    "M_G3N6C3_M M_G3N6C3H3_M": [
        [0.0118722, 0.00581885, 0.000361566]
    ]
}