{
    "M_C3_M M_C3H3_M": [
        [-0.368156, 0.0117612, 0.00104364]
    ],
    "M_C4_M M_C4H41_M": [
        [-0.329755, 0.0119923, 0.00106415]
    ],
    "M_C4_M M_C4H42_M": [
        [-0.128812, 0.0198665, 0.00176287]
    ],
    "M_C6_M M_C6H6_M": [
        [-0.00675967, 0.0205288, 0.00182164]
    ],
    "M_C7_M M_C7H71_M": [
        [-0.282975, 0.0142453, 0.00126406]
    ],
    "M_C7_M M_C7H72_M": [
        [-0.332584, 0.012137, 0.00107698]
    ],
    "M_C8_M M_C8H8_M": [
        [-0.397656, 0.01177, 0.00104442]
    ],
    "M_C14_M M_C14H14_M": [
        [-0.393984, 0.0121086, 0.00107447]
    ],
    "M_C15_M M_C15H151_M": [
        [-0.36257, 0.0120638, 0.00107049]
    ],
    "M_C15_M M_C15H152_M": [
        [-0.28798, 0.0164498, 0.00145969]
    ],
    "M_C16_M M_C16H161_M": [
        [-0.076922, 0.0177089, 0.00157141]
    ],
    "M_C16_M M_C16H162_M": [
        [-0.19175, 0.0152018, 0.00134894]
    ],
    "M_C17_M M_C17H17_M": [
        [-0.387729, 0.0123471, 0.00109563]
    ],
    "M_C18_M M_C18H181_M": [
        [0.110842, 0.0155762, 0.00138217]
    ],
    "M_C18_M M_C18H182_M": [
        [0.113176, 0.0156345, 0.00138734]
    ],
    "M_C18_M M_C18H183_M": [
        [0.114552, 0.0155835, 0.00138281]
    ],
    "M_C12_M M_C12H121_M": [
        [-0.0560306, 0.0200723, 0.00178113]
    ],
    "M_C12_M M_C12H122_M": [
        [-0.390664, 0.0117656, 0.00104403]
    ],
    "M_C11_M M_C11H111_M": [
        [-0.393658, 0.0119509, 0.00106047]
    ],
    "M_C11_M M_C11H112_M": [
        [-0.224102, 0.0155124, 0.0013765]
    ],
    "M_C9_M M_C9H9_M": [
        [-0.395504, 0.012136, 0.0010769]
    ],
    "M_C19_M M_C19H191_M": [
        [0.114106, 0.0183881, 0.00163168]
    ],
    "M_C19_M M_C19H192_M": [
        [0.111851, 0.0180435, 0.0016011]
    ],
    "M_C19_M M_C19H193_M": [
        [0.114926, 0.0180524, 0.00160189]
    ],
    "M_C1_M M_C1H11_M": [
        [-0.175739, 0.0188661, 0.0016741]
    ],
    "M_C1_M M_C1H12_M": [
        [-0.352862, 0.0115252, 0.0010227]
    ],
    "M_C2_M M_C2H21_M": [
        [-0.228133, 0.0148365, 0.00131653]
    ],
    "M_C2_M M_C2H22_M": [
        [-0.341432, 0.0124249, 0.00110253]
    ],
    "M_C20_M M_C20H20_M": [
        [-0.375728, 0.0121049, 0.00107414]
    ],
    "M_C21_M M_C21H211_M": [
        [0.0981271, 0.0160516, 0.00142435]
    ],
    "M_C21_M M_C21H212_M": [
        [0.0969942, 0.0161357, 0.00143181]
    ],
    "M_C21_M M_C21H213_M": [
        [0.0965619, 0.0177759, 0.00157736]
    ],
    "M_C22_M M_C22H221_M": [
        [-0.205974, 0.0315716, 0.00280153]
    ],
    "M_C22_M M_C22H222_M": [
        [-0.343833, 0.0135778, 0.00120484]
    ],
    "M_C23_M M_C23H231_M": [
        [-0.162842, 0.0270925, 0.00240407]
    ],
    "M_C23_M M_C23H232_M": [
        [-0.327978, 0.0143792, 0.00127595]
    ],
    "M_C24_M M_C24H241_M": [
        [-0.174931, 0.0207907, 0.00184488]
    ],
    "M_C24_M M_C24H242_M": [
        [-0.286729, 0.0147572, 0.00130949]
    ],
    "M_C25_M M_C25H25_M": [
        [-0.197679, 0.0176794, 0.00156879]
    ],
    "M_C26_M M_C26H261_M": [
        [0.0152814, 0.0171144, 0.00151865]
    ],
    "M_C26_M M_C26H262_M": [
        [0.0171872, 0.0179627, 0.00159393]
    ],
    "M_C26_M M_C26H263_M": [
        [0.0155606, 0.0152009, 0.00134886]
    ],
    "M_C27_M M_C27H271_M": [
        [0.00308902, 0.0154477, 0.00137076]
    ],
    "M_C27_M M_C27H272_M": [
        [0.00176464, 0.0173861, 0.00154277]
    ],
    "M_C27_M M_C27H273_M": [
        [0.00410482, 0.0161421, 0.00143238]
    ]
}