{
    "M_C3_M M_C3H1_M": [
        [-0.420276, 0.00905925, 0.000737232]
    ],
    "M_C4_M M_C4H1_M": [
        [-0.375348, 0.0125629, 0.00102235]
    ],
    "M_C4_M M_C4H2_M": [
        [-0.200993, 0.0239755, 0.0019511]
    ],
    "M_C6_M M_C6H1_M": [
        [-0.0631964, 0.028652, 0.00233167]
    ],
    "M_C7_M M_C7H1_M": [
        [-0.313021, 0.0177685, 0.00144598]
    ],
    "M_C7_M M_C7H2_M": [
        [-0.380877, 0.0118037, 0.000960568]
    ],
    "M_C8_M M_C8H1_M": [
        [-0.461164, 0.00490718, 0.000399341]
    ],
    "M_C14_M M_C14H1_M": [
        [-0.456729, 0.00464637, 0.000378116]
    ],
    "M_C15_M M_C15H1_M": [
        [-0.424037, 0.00858701, 0.000698801]
    ],
    "M_C15_M M_C15H2_M": [
        [-0.364511, 0.0141235, 0.00114936]
    ],
    "M_C16_M M_C16H1_M": [
        [-0.0789557, 0.0224741, 0.00182892]
    ],
    "M_C16_M M_C16H2_M": [
        [-0.205118, 0.0218719, 0.00177991]
    ],
    "M_C17_M M_C17H1_M": [
        [-0.450769, 0.0049752, 0.000404876]
    ],
    "M_C18_M M_C18H1_M": [
        [0.130832, 0.0140787, 0.00114571]
    ],
    "M_C18_M M_C18H2_M": [
        [0.134125, 0.0168624, 0.00137224]
    ],
    "M_C18_M M_C18H3_M": [
        [0.129203, 0.0160737, 0.00130806]
    ],
    "M_C12_M M_C12H1_M": [
        [-0.118115, 0.026273, 0.00213807]
    ],
    "M_C12_M M_C12H2_M": [
        [-0.452837, 0.00523529, 0.000426042]
    ],
    "M_C11_M M_C11H1_M": [
        [-0.456673, 0.0183935, 0.00149684]
    ],
    "M_C11_M M_C11H2_M": [
        [-0.239598, 0.0276629, 0.00225118]
    ],
    "M_C9_M M_C9H1_M": [
        [-0.458512, 0.00477893, 0.000388903]
    ],
    "M_C19_M M_C19H1_M": [
        [0.134303, 0.0234947, 0.00191197]
    ],
    "M_C19_M M_C19H2_M": [
        [0.130919, 0.0241961, 0.00196905]
    ],
    "M_C19_M M_C19H3_M": [
        [0.131945, 0.0229967, 0.00187145]
    ],
    "M_C1_M M_C1H1_M": [
        [-0.253747, 0.0221053, 0.0017989]
    ],
    "M_C1_M M_C1H2_M": [
        [-0.405326, 0.010451, 0.000850488]
    ],
    "M_C2_M M_C2H1_M": [
        [-0.24134, 0.0191383, 0.00155745]
    ],
    "M_C2_M M_C2H2_M": [
        [-0.388641, 0.0120496, 0.000980585]
    ],
    "M_C20_M M_C20H1_M": [
        [-0.436336, 0.0134888, 0.00109771]
    ],
    "M_C21_M M_C21H1_M": [
        [0.121329, 0.0122514, 0.000997002]
    ],
    "M_C21_M M_C21H2_M": [
        [0.120177, 0.0114145, 0.0009289]
    ],
    "M_C21_M M_C21H3_M": [
        [0.119767, 0.0110536, 0.000899526]
    ],
    "M_C22_M M_C22H1_M": [
        [-0.336558, 0.0445977, 0.00362931]
    ],
    "M_C22_M M_C22H2_M": [
        [-0.410142, 0.0120578, 0.000981249]
    ],
    "M_C23_M M_C23H1_M": [
        [-0.277708, 0.0397752, 0.00323686]
    ],
    "M_C23_M M_C23H2_M": [
        [-0.398659, 0.0104132, 0.000847412]
    ],
    "M_C24_M M_C24H1_M": [
        [-0.282028, 0.0248674, 0.00202368]
    ],
    "M_C24_M M_C24H2_M": [
        [-0.354723, 0.0139483, 0.00113509]
    ],
    "M_C25_M M_C25H1_M": [
        [-0.264286, 0.0212711, 0.00173102]
    ],
    "M_C26_M M_C26H1_M": [
        [0.0181846, 0.0132512, 0.00107837]
    ],
    "M_C26_M M_C26H2_M": [
        [0.0175335, 0.0120371, 0.000979567]
    ],
    "M_C26_M M_C26H3_M": [
        [0.0195384, 0.0141874, 0.00115455]
    ],
    "M_C27_M M_C27H1_M": [
        [0.0115405, 0.012497, 0.00101699]
    ],
    "M_C27_M M_C27H2_M": [
        [0.0117977, 0.0128671, 0.00104711]
    ],
    "M_C27_M M_C27H3_M": [
        [0.0120257, 0.0125879, 0.00102439]
    ]
}