{
    "M_G1_M M_G1H1_M": [
        [-0.180134, 0.0849053, 0.00943392]
    ],
    "M_G1_M M_G1H2_M": [
        [-0.0207945, 0.0978651, 0.0108739]
    ],
    "M_G1C3_M M_G1C3H1_M": [
        [-0.302686, 0.0360999, 0.0040111]
    ],
    "M_G1C3_M M_G1C3H2_M": [
        [-0.289852, 0.0432644, 0.00480716]
    ],
    "M_G1C4_M M_G1C4H1_M": [
        [-0.310396, 0.0233089, 0.00258988]
    ],
    "M_G1C4_M M_G1C4H2_M": [
        [-0.298321, 0.0294647, 0.00327386]
    ],
    "M_G1C5_M M_G1C5H1_M": [
        [-0.348081, 0.0190058, 0.00211176]
    ],
    "M_G1C5_M M_G1C5H2_M": [
        [-0.346882, 0.0222552, 0.0024728]
    ],
    "M_G1C6_M M_G1C6H1_M": [
        [-0.370039, 0.0192102, 0.00213446]
    ],
    "M_G1C6_M M_G1C6H2_M": [
        [-0.36932, 0.0199529, 0.00221699]
    ],
    "M_G1C7_M M_G1C7H1_M": [
        [-0.384415, 0.0168351, 0.00187057]
    ],
    "M_G1C7_M M_G1C7H2_M": [
        [-0.38461, 0.018109, 0.00201211]
    ],
    "M_G1C8_M M_G1C8H1_M": [
        [-0.386811, 0.0164447, 0.00182719]
    ],
    "M_G1C8_M M_G1C8H2_M": [
        [-0.387626, 0.0165835, 0.00184261]
    ],
    "M_G1C9_M M_G1C9H1_M": [
        [-0.386322, 0.0148436, 0.00164929]
    ],
    "M_G1C9_M M_G1C9H2_M": [
        [-0.386421, 0.014733, 0.001637]
    ],
    "M_G1C10_M M_G1C10H1_M": [
        [-0.374789, 0.0148455, 0.0016495]
    ],
    "M_G1C10_M M_G1C10H2_M": [
        [-0.375109, 0.0157158, 0.0017462]
    ],
    "M_G1C11_M M_G1C11H1_M": [
        [-0.362276, 0.0163686, 0.00181873]
    ],
    "M_G1C11_M M_G1C11H2_M": [
        [-0.363104, 0.0167633, 0.00186259]
    ],
    "M_G1C12_M M_G1C12H1_M": [
        [-0.340558, 0.020246, 0.00224956]
    ],
    "M_G1C12_M M_G1C12H2_M": [
        [-0.341151, 0.019388, 0.00215422]
    ],
    "M_G1C13_M M_G1C13H1_M": [
        [-0.318266, 0.0216852, 0.00240947]
    ],
    "M_G1C13_M M_G1C13H2_M": [
        [-0.320013, 0.021032, 0.00233689]
    ],
    "M_G1C14_M M_G1C14H1_M": [
        [-0.285393, 0.024543, 0.002727]
    ],
    "M_G1C14_M M_G1C14H2_M": [
        [-0.284909, 0.0240897, 0.00267664]
    ],
    "M_G1C15_M M_G1C15H1_M": [
        [-0.243489, 0.0237651, 0.00264057]
    ],
    "M_G1C15_M M_G1C15H2_M": [
        [-0.243351, 0.0229947, 0.00255497]
    ],
    "M_G1C16_M M_G1C16H1_M": [
        [-0.180491, 0.0225272, 0.00250302]
    ],
    "M_G1C16_M M_G1C16H2_M": [
        [-0.179419, 0.0241925, 0.00268805]
    ],
    "M_G1C17_M M_G1C17H1_M": [
        [-0.0538799, 0.011353, 0.00126145]
    ],
    "M_G1C17_M M_G1C17H2_M": [
        [-0.0551613, 0.0118773, 0.0013197]
    ],
    "M_G1C17_M M_G1C17H3_M": [
        [-0.0557403, 0.0115822, 0.00128691]
    ],
    "M_G2_M M_G2H1_M": [
        [-0.202877, 0.0643267, 0.00714742]
    ],
    "M_G2C3_M M_G2C3H1_M": [
        [-0.101165, 0.0735362, 0.00817069]
    ],
    "M_G2C3_M M_G2C3H2_M": [
        [-0.168821, 0.0473548, 0.00526164]
    ],
    "M_G2C4_M M_G2C4H1_M": [
        [-0.296388, 0.0314368, 0.00349297]
    ],
    "M_G2C4_M M_G2C4H2_M": [
        [-0.295774, 0.0284379, 0.00315977]
    ],
    "M_G2C5_M M_G2C5H1_M": [
        [-0.310612, 0.0278182, 0.00309091]
    ],
    "M_G2C5_M M_G2C5H2_M": [
        [-0.312418, 0.0230551, 0.00256168]
    ],
    "M_G2C6_M M_G2C6H1_M": [
        [-0.343506, 0.0232218, 0.0025802]
    ],
    "M_G2C6_M M_G2C6H2_M": [
        [-0.342808, 0.0228933, 0.0025437]
    ],
    "M_G2C7_M M_G2C7H1_M": [
        [-0.334057, 0.0240061, 0.00266735]
    ],
    "M_G2C7_M M_G2C7H2_M": [
        [-0.334229, 0.0233763, 0.00259736]
    ],
    "M_G2C8_M M_G2C8H1_M": [
        [-0.322178, 0.0222984, 0.0024776]
    ],
    "M_G2C8_M M_G2C8H2_M": [
        [-0.32198, 0.0223744, 0.00248604]
    ],
    "M_G2C9_M M_G2C9H1_M": [
        [-0.220017, 0.0274147, 0.00304608]
    ],
    "M_G2C9_M M_G2C9H2_M": [
        [-0.220359, 0.0244059, 0.00271177]
    ],
    "M_G2C10_M M_G2C10H1_M": [
        [-0.145073, 0.024722, 0.00274689]
    ],
    "M_G2C11_M M_G2C11H1_M": [
        [-0.108803, 0.0238964, 0.00265515]
    ],
    "M_G2C12_M M_G2C12H1_M": [
        [-0.191634, 0.0243374, 0.00270416]
    ],
    "M_G2C12_M M_G2C12H2_M": [
        [-0.189709, 0.0241012, 0.00267792]
    ],
    "M_G2C13_M M_G2C13H1_M": [
        [-0.277599, 0.022659, 0.00251767]
    ],
    "M_G2C13_M M_G2C13H2_M": [
        [-0.278247, 0.0217342, 0.00241491]
    ],
    "M_G2C14_M M_G2C14H1_M": [
        [-0.290648, 0.022856, 0.00253956]
    ],
    "M_G2C14_M M_G2C14H2_M": [
        [-0.290841, 0.0226692, 0.0025188]
    ],
    "M_G2C15_M M_G2C15H1_M": [
        [-0.293504, 0.023627, 0.00262522]
    ],
    "M_G2C15_M M_G2C15H2_M": [
        [-0.293967, 0.0230071, 0.00255635]
    ],
    "M_G2C16_M M_G2C16H1_M": [
        [-0.261227, 0.0286013, 0.00317792]
    ],
    "M_G2C16_M M_G2C16H2_M": [
        [-0.262287, 0.0279387, 0.0031043]
    ],
    "M_G2C17_M M_G2C17H1_M": [
        [-0.232998, 0.0278952, 0.00309947]
    ],
    "M_G2C17_M M_G2C17H2_M": [
        [-0.233243, 0.0287437, 0.00319374]
    ],
    "M_G2C18_M M_G2C18H1_M": [
        [-0.16924, 0.0265245, 0.00294716]
    ],
    "M_G2C18_M M_G2C18H2_M": [
        [-0.168474, 0.0279358, 0.00310398]
    ],
    "M_G2C19_M M_G2C19H1_M": [
        [-0.0631108, 0.014793, 0.00164367]
    ],
    "M_G2C19_M M_G2C19H2_M": [
        [-0.0630273, 0.0136169, 0.00151299]
    ],
    "M_G2C19_M M_G2C19H3_M": [
        [-0.0652759, 0.0130595, 0.00145106]
    ],
    "M_G3_M M_G3H1_M": [
        [-0.180581, 0.0733337, 0.00814819]
    ],
    "M_G3_M M_G3H2_M": [
        [-0.201642, 0.0594525, 0.00660583]
    ],
    "M_G3C4_M M_G3C4H1_M": [
        [0.0366359, 0.024786, 0.002754]
    ],
    "M_G3C4_M M_G3C4H2_M": [
        [0.0455481, 0.0255117, 0.00283464]
    ],
    "M_G3C5_M M_G3C5H1_M": [
        [-0.059252, 0.0307993, 0.00342215]
    ],
    "M_G3C5_M M_G3C5H2_M": [
        [-0.064732, 0.0291856, 0.00324285]
    ],
    "M_G3N6C1_M M_G3N6C1H1_M": [
        [0.00920668, 0.0140837, 0.00156485]
    ],
    "M_G3N6C1_M M_G3N6C1H2_M": [
        [0.0117771, 0.0117604, 0.00130671]
    ],
    "M_G3N6C1_M M_G3N6C1H3_M": [
        [0.0134553, 0.0141276, 0.00156973]
    ],
    "M_G3N6C2_M M_G3N6C2H1_M": [
        [0.010081, 0.014198, 0.00157756]
    ],
    "M_G3N6C2_M M_G3N6C2H2_M": [
        [0.0119098, 0.0134659, 0.00149622]
    ],
    "M_G3N6C2_M M_G3N6C2H3_M": [
        [0.0101592, 0.0131466, 0.00146073]
    ],
    "M_G3N6C3_M M_G3N6C3H1_M": [
        [0.00801741, 0.0140949, 0.0015661]
    ],
    "M_G3N6C3_M M_G3N6C3H2_M": [
        [0.0104296, 0.0139523, 0.00155025]
    ],
    "M_G3N6C3_M M_G3N6C3H3_M": [
        [0.0118895, 0.0138546, 0.0015394]
    ]
}