{
    "M_G1_M M_G1H1_M": [
        [-0.165675, 0.0690946, 0.0091518]
    ],
    "M_G1_M M_G1H2_M": [
        [-0.018866, 0.0895746, 0.0118644]
    ],
    "M_G2_M M_G2H1_M": [
        [-0.189338, 0.063688, 0.00843568]
    ],
    "M_G3_M M_G3H1_M": [
        [-0.175237, 0.0756405, 0.0100188]
    ],
    "M_G3_M M_G3H2_M": [
        [-0.191386, 0.0470233, 0.00622839]
    ],
    "M_G3C4_M M_G3C4H1_M": [
        [0.0725373, 0.0360495, 0.00477488]
    ],
    "M_G3C4_M M_G3C4H2_M": [
        [0.0579953, 0.033945, 0.00449613]
    ],
    "M_G3C5_M M_G3C5H1_M": [
        [-0.0137869, 0.0317127, 0.00420046]
    ],
    "M_G3C5_M M_G3C5H2_M": [
        [-0.00656191, 0.0373574, 0.00494811]
    ],
    "M_G1C3_M M_G1C3H1_M": [
        [-0.296345, 0.0288842, 0.00382581]
    ],
    "M_G1C3_M M_G1C3H2_M": [
        [-0.287597, 0.0319379, 0.00423028]
    ],
    "M_G1C4_M M_G1C4H1_M": [
        [-0.306976, 0.0187566, 0.00248438]
    ],
    "M_G1C4_M M_G1C4H2_M": [
        [-0.298793, 0.0239177, 0.00316797]
    ],
    "M_G1C5_M M_G1C5H1_M": [
        [-0.350702, 0.0162254, 0.00214911]
    ],
    "M_G1C5_M M_G1C5H2_M": [
        [-0.349128, 0.0183241, 0.00242708]
    ],
    "M_G1C6_M M_G1C6H1_M": [
        [-0.371995, 0.0139097, 0.00184238]
    ],
    "M_G1C6_M M_G1C6H2_M": [
        [-0.370128, 0.0164014, 0.00217242]
    ],
    "M_G1C7_M M_G1C7H1_M": [
        [-0.386195, 0.0126078, 0.00166994]
    ],
    "M_G1C7_M M_G1C7H2_M": [
        [-0.385987, 0.0126963, 0.00168166]
    ],
    "M_G1C8_M M_G1C8H1_M": [
        [-0.387591, 0.0117107, 0.00155112]
    ],
    "M_G1C8_M M_G1C8H2_M": [
        [-0.388497, 0.0121662, 0.00161145]
    ],
    "M_G1C9_M M_G1C9H1_M": [
        [-0.386956, 0.0123556, 0.00163654]
    ],
    "M_G1C9_M M_G1C9H2_M": [
        [-0.387328, 0.0106674, 0.00141293]
    ],
    "M_G1C10_M M_G1C10H1_M": [
        [-0.376556, 0.0132398, 0.00175365]
    ],
    "M_G1C10_M M_G1C10H2_M": [
        [-0.3768, 0.0126463, 0.00167504]
    ],
    "M_G1C11_M M_G1C11H1_M": [
        [-0.364898, 0.0147249, 0.00195036]
    ],
    "M_G1C11_M M_G1C11H2_M": [
        [-0.365522, 0.013514, 0.00178997]
    ],
    "M_G1C12_M M_G1C12H1_M": [
        [-0.344992, 0.0173567, 0.00229896]
    ],
    "M_G1C12_M M_G1C12H2_M": [
        [-0.345221, 0.0172403, 0.00228353]
    ],
    "M_G1C13_M M_G1C13H1_M": [
        [-0.323566, 0.0188345, 0.0024947]
    ],
    "M_G1C13_M M_G1C13H2_M": [
        [-0.32519, 0.0200727, 0.0026587]
    ],
    "M_G1C14_M M_G1C14H1_M": [
        [-0.291392, 0.022027, 0.00291755]
    ],
    "M_G1C14_M M_G1C14H2_M": [
        [-0.2912, 0.023161, 0.00306775]
    ],
    "M_G1C15_M M_G1C15H1_M": [
        [-0.249831, 0.0214435, 0.00284026]
    ],
    "M_G1C15_M M_G1C15H2_M": [
        [-0.252982, 0.021664, 0.00286946]
    ],
    "M_G1C16_M M_G1C16H1_M": [
        [-0.187152, 0.0207483, 0.00274818]
    ],
    "M_G1C16_M M_G1C16H2_M": [
        [-0.189832, 0.0205256, 0.00271868]
    ],
    "M_G1C17_M M_G1C17H1_M": [
        [-0.0569056, 0.0113851, 0.00150799]
    ],
    "M_G1C17_M M_G1C17H2_M": [
        [-0.0593045, 0.012573, 0.00166534]
    ],
    "M_G1C17_M M_G1C17H3_M": [
        [-0.0561884, 0.0120058, 0.0015902]
    ],
    "M_G2C3_M M_G2C3H1_M": [
        [-0.106056, 0.0609995, 0.00807958]
    ],
    "M_G2C3_M M_G2C3H2_M": [
        [-0.168503, 0.0428211, 0.00567179]
    ],
    "M_G2C4_M M_G2C4H1_M": [
        [-0.298167, 0.0280445, 0.00371458]
    ],
    "M_G2C4_M M_G2C4H2_M": [
        [-0.295605, 0.0286262, 0.00379164]
    ],
    "M_G2C5_M M_G2C5H1_M": [
        [-0.313767, 0.0235824, 0.00312357]
    ],
    "M_G2C5_M M_G2C5H2_M": [
        [-0.312176, 0.022073, 0.00292364]
    ],
    "M_G2C6_M M_G2C6H1_M": [
        [-0.345991, 0.0205361, 0.00272008]
    ],
    "M_G2C6_M M_G2C6H2_M": [
        [-0.343499, 0.0195929, 0.00259515]
    ],
    "M_G2C7_M M_G2C7H1_M": [
        [-0.334947, 0.0183792, 0.00243438]
    ],
    "M_G2C7_M M_G2C7H2_M": [
        [-0.334489, 0.0203295, 0.0026927]
    ],
    "M_G2C8_M M_G2C8H1_M": [
        [-0.322694, 0.0172083, 0.0022793]
    ],
    "M_G2C8_M M_G2C8H2_M": [
        [-0.321376, 0.0183362, 0.00242869]
    ],
    "M_G2C9_M M_G2C9H1_M": [
        [-0.21984, 0.0217535, 0.00288132]
    ],
    "M_G2C9_M M_G2C9H2_M": [
        [-0.219804, 0.0169571, 0.00224603]
    ],
    "M_G2C10_M M_G2C10H1_M": [
        [-0.146038, 0.0201694, 0.0026715]
    ],
    "M_G2C11_M M_G2C11H1_M": [
        [-0.112896, 0.0209673, 0.00277719]
    ],
    "M_G2C12_M M_G2C12H1_M": [
        [-0.194578, 0.0301526, 0.00399381]
    ],
    "M_G2C12_M M_G2C12H2_M": [
        [-0.193866, 0.0270935, 0.00358862]
    ],
    "M_G2C13_M M_G2C13H1_M": [
        [-0.283327, 0.0207494, 0.00274832]
    ],
    "M_G2C13_M M_G2C13H2_M": [
        [-0.282032, 0.0236714, 0.00313536]
    ],
    "M_G2C14_M M_G2C14H1_M": [
        [-0.296827, 0.0196051, 0.00259676]
    ],
    "M_G2C14_M M_G2C14H2_M": [
        [-0.295589, 0.0208696, 0.00276425]
    ],
    "M_G2C15_M M_G2C15H1_M": [
        [-0.299919, 0.0209144, 0.00277018]
    ],
    "M_G2C15_M M_G2C15H2_M": [
        [-0.299686, 0.0207913, 0.00275387]
    ],
    "M_G2C16_M M_G2C16H1_M": [
        [-0.269062, 0.0255367, 0.00338242]
    ],
    "M_G2C16_M M_G2C16H2_M": [
        [-0.270657, 0.0250474, 0.00331761]
    ],
    "M_G2C17_M M_G2C17H1_M": [
        [-0.240177, 0.0256631, 0.00339916]
    ],
    "M_G2C17_M M_G2C17H2_M": [
        [-0.24225, 0.0253371, 0.00335598]
    ],
    "M_G2C18_M M_G2C18H1_M": [
        [-0.175641, 0.0238913, 0.00316448]
    ],
    "M_G2C18_M M_G2C18H2_M": [
        [-0.177404, 0.0244117, 0.00323341]
    ],
    "M_G2C19_M M_G2C19H1_M": [
        [-0.0673314, 0.0124797, 0.00165298]
    ],
    "M_G2C19_M M_G2C19H2_M": [
        [-0.0665226, 0.0145391, 0.00192575]
    ],
    "M_G2C19_M M_G2C19H3_M": [
        [-0.0676797, 0.0132469, 0.00175459]
    ]
}