{
    "M_G1_M M_G1H1_M": [
        [-0.0536932, 0.244301, 0.0168184]
    ],
    "M_G1_M M_G1H2_M": [
        [-0.18571, 0.177618, 0.0122277]
    ],
    "M_G1C3_M M_G1C3H1_M": [
        [-0.256788, 0.148338, 0.010212]
    ],
    "M_G1C3_M M_G1C3H2_M": [
        [-0.289509, 0.121983, 0.00839767]
    ],
    "M_G1C4_M M_G1C4H1_M": [
        [-0.275848, 0.133747, 0.0092075]
    ],
    "M_G1C4_M M_G1C4H2_M": [
        [-0.264426, 0.138536, 0.00953721]
    ],
    "M_G1C5_M M_G1C5H1_M": [
        [-0.310038, 0.13434, 0.00924833]
    ],
    "M_G1C5_M M_G1C5H2_M": [
        [-0.308352, 0.12898, 0.00887937]
    ],
    "M_G1C6_M M_G1C6H1_M": [
        [-0.320154, 0.133846, 0.00921434]
    ],
    "M_G1C6_M M_G1C6H2_M": [
        [-0.318778, 0.133668, 0.00920206]
    ],
    "M_G1C7_M M_G1C7H1_M": [
        [-0.333072, 0.13134, 0.00904183]
    ],
    "M_G1C7_M M_G1C7H2_M": [
        [-0.335679, 0.132611, 0.00912934]
    ],
    "M_G1C8_M M_G1C8H1_M": [
        [-0.335471, 0.135457, 0.00932527]
    ],
    "M_G1C8_M M_G1C8H2_M": [
        [-0.33429, 0.136361, 0.00938751]
    ],
    "M_G1C9_M M_G1C9H1_M": [
        [-0.338812, 0.137225, 0.00944695]
    ],
    "M_G1C9_M M_G1C9H2_M": [
        [-0.340977, 0.134615, 0.0092673]
    ],
    "M_G1C10_M M_G1C10H1_M": [
        [-0.338828, 0.133739, 0.00920695]
    ],
    "M_G1C10_M M_G1C10H2_M": [
        [-0.336967, 0.137338, 0.00945473]
    ],
    "M_G1C11_M M_G1C11H1_M": [
        [-0.337942, 0.133605, 0.00919777]
    ],
    "M_G1C11_M M_G1C11H2_M": [
        [-0.337991, 0.133691, 0.00920368]
    ],
    "M_G1C12_M M_G1C12H1_M": [
        [-0.332215, 0.132448, 0.00911808]
    ],
    "M_G1C12_M M_G1C12H2_M": [
        [-0.333179, 0.130736, 0.00900026]
    ],
    "M_G1C13_M M_G1C13H1_M": [
        [-0.3268, 0.127486, 0.00877652]
    ],
    "M_G1C13_M M_G1C13H2_M": [
        [-0.325811, 0.12982, 0.00893716]
    ],
    "M_G1C14_M M_G1C14H1_M": [
        [-0.309101, 0.128181, 0.00882433]
    ],
    "M_G1C14_M M_G1C14H2_M": [
        [-0.311039, 0.122866, 0.00845841]
    ],
    "M_G1C15_M M_G1C15H1_M": [
        [-0.283546, 0.117995, 0.00812312]
    ],
    "M_G1C15_M M_G1C15H2_M": [
        [-0.283791, 0.119803, 0.00824761]
    ],
    "M_G1C16_M M_G1C16H1_M": [
        [-0.232685, 0.107358, 0.00739081]
    ],
    "M_G1C16_M M_G1C16H2_M": [
        [-0.23103, 0.105745, 0.00727978]
    ],
    "M_G1C17_M M_G1C17H1_M": [
        [-0.0731094, 0.0383449, 0.00263977]
    ],
    "M_G1C17_M M_G1C17H2_M": [
        [-0.0737217, 0.0406994, 0.00280186]
    ],
    "M_G1C17_M M_G1C17H3_M": [
        [-0.072557, 0.0389588, 0.00268204]
    ],
    "M_G2_M M_G2H1_M": [
        [-0.188734, 0.1892, 0.0130251]
    ],
    "M_G2C3_M M_G2C3H1_M": [
        [-0.0869422, 0.189521, 0.0130472]
    ],
    "M_G2C3_M M_G2C3H2_M": [
        [-0.164933, 0.133893, 0.00921755]
    ],
    "M_G2C4_M M_G2C4H1_M": [
        [-0.278633, 0.119738, 0.00824314]
    ],
    "M_G2C4_M M_G2C4H2_M": [
        [-0.274998, 0.13119, 0.00903151]
    ],
    "M_G2C5_M M_G2C5H1_M": [
        [-0.297205, 0.12939, 0.00890759]
    ],
    "M_G2C5_M M_G2C5H2_M": [
        [-0.303338, 0.121938, 0.00839453]
    ],
    "M_G2C6_M M_G2C6H1_M": [
        [-0.323684, 0.131683, 0.0090654]
    ],
    "M_G2C6_M M_G2C6H2_M": [
        [-0.321824, 0.129112, 0.00888843]
    ],
    "M_G2C7_M M_G2C7H1_M": [
        [-0.329639, 0.131735, 0.00906903]
    ],
    "M_G2C7_M M_G2C7H2_M": [
        [-0.330438, 0.130558, 0.008988]
    ],
    "M_G2C8_M M_G2C8H1_M": [
        [-0.338983, 0.132643, 0.00913149]
    ],
    "M_G2C8_M M_G2C8H2_M": [
        [-0.33806, 0.132656, 0.00913242]
    ],
    "M_G2C9_M M_G2C9H1_M": [
        [-0.340277, 0.134431, 0.00925463]
    ],
    "M_G2C9_M M_G2C9H2_M": [
        [-0.339187, 0.137979, 0.00949886]
    ],
    "M_G2C10_M M_G2C10H1_M": [
        [-0.341038, 0.138381, 0.00952655]
    ],
    "M_G2C10_M M_G2C10H2_M": [
        [-0.343229, 0.133879, 0.00921658]
    ],
    "M_G2C11_M M_G2C11H1_M": [
        [-0.339997, 0.13474, 0.00927591]
    ],
    "M_G2C11_M M_G2C11H2_M": [
        [-0.339771, 0.135759, 0.00934602]
    ],
    "M_G2C12_M M_G2C12H1_M": [
        [-0.338978, 0.131048, 0.00902175]
    ],
    "M_G2C12_M M_G2C12H2_M": [
        [-0.338867, 0.133614, 0.00919833]
    ],
    "M_G2C13_M M_G2C13H1_M": [
        [-0.333306, 0.129227, 0.00889634]
    ],
    "M_G2C13_M M_G2C13H2_M": [
        [-0.333065, 0.129766, 0.00893348]
    ],
    "M_G2C14_M M_G2C14H1_M": [
        [-0.326017, 0.12732, 0.00876504]
    ],
    "M_G2C14_M M_G2C14H2_M": [
        [-0.325178, 0.127506, 0.00877788]
    ],
    "M_G2C15_M M_G2C15H1_M": [
        [-0.307021, 0.12311, 0.00847523]
    ],
    "M_G2C15_M M_G2C15H2_M": [
        [-0.307756, 0.124198, 0.00855017]
    ],
    "M_G2C16_M M_G2C16H1_M": [
        [-0.272433, 0.117565, 0.00809348]
    ],
    "M_G2C16_M M_G2C16H2_M": [
        [-0.271922, 0.115456, 0.00794835]
    ],
    "M_G2C17_M M_G2C17H1_M": [
        [-0.0833896, 0.0403128, 0.00277525]
    ],
    "M_G2C17_M M_G2C17H2_M": [
        [-0.0840179, 0.0414031, 0.00285031]
    ],
    "M_G2C17_M M_G2C17H3_M": [
        [-0.0842908, 0.0410616, 0.0028268]
    ],
    "M_G3_M M_G3H1_M": [
        [-0.185252, 0.172174, 0.011853]
    ],
    "M_G3_M M_G3H2_M": [
        [-0.232544, 0.148444, 0.0102193]
    ],
    "M_G3C4_M M_G3C4H1_M": [
        [0.0267977, 0.107204, 0.00738023]
    ],
    "M_G3C4_M M_G3C4H2_M": [
        [0.0236567, 0.103704, 0.00713928]
    ],
    "M_G3C5_M M_G3C5H1_M": [
        [-0.0710468, 0.108423, 0.00746413]
    ],
    "M_G3C5_M M_G3C5H2_M": [
        [-0.077827, 0.100609, 0.00692618]
    ],
    "M_G3N6C1_M M_G3N6C1H1_M": [
        [0.0110012, 0.0360083, 0.00247892]
    ],
    "M_G3N6C1_M M_G3N6C1H2_M": [
        [0.00664788, 0.0368911, 0.00253969]
    ],
    "M_G3N6C1_M M_G3N6C1H3_M": [
        [0.0107162, 0.0435847, 0.0030005]
    ],
    "M_G3N6C2_M M_G3N6C2H1_M": [
        [0.0143937, 0.0404005, 0.00278129]
    ],
    "M_G3N6C2_M M_G3N6C2H2_M": [
        [0.00908429, 0.0404056, 0.00278163]
    ],
    "M_G3N6C2_M M_G3N6C2H3_M": [
        [0.0117664, 0.0364859, 0.00251179]
    ],
    "M_G3N6C3_M M_G3N6C3H1_M": [
        [0.0151257, 0.0393398, 0.00270826]
    ],
    "M_G3N6C3_M M_G3N6C3H2_M": [
        [0.0135894, 0.0415662, 0.00286153]
    ],
    "M_G3N6C3_M M_G3N6C3H3_M": [
        [0.013512, 0.0398151, 0.00274099]
    ]
}