{
    "M_G1_M M_G1H1_M": [
        [-0.221696, 0.0465471, 0.00413038]
    ],
    "M_G1_M M_G1H2_M": [
        [-0.0152093, 0.0443426, 0.00393477]
    ],
    "M_G1C3_M M_G1C3H1_M": [
        [-0.222499, 0.0203609, 0.00180674]
    ],
    "M_G1C3_M M_G1C3H2_M": [
        [-0.229691, 0.0182032, 0.00161528]
    ],
    "M_G1C4_M M_G1C4H1_M": [
        [-0.158744, 0.0196449, 0.00174321]
    ],
    "M_G1C4_M M_G1C4H2_M": [
        [-0.160143, 0.0190769, 0.0016928]
    ],
    "M_G1C5_M M_G1C5H1_M": [
        [-0.199752, 0.018744, 0.00166326]
    ],
    "M_G1C5_M M_G1C5H2_M": [
        [-0.196966, 0.0187059, 0.00165988]
    ],
    "M_G1C6_M M_G1C6H1_M": [
        [-0.194681, 0.0193826, 0.00171993]
    ],
    "M_G1C6_M M_G1C6H2_M": [
        [-0.193275, 0.0184511, 0.00163727]
    ],
    "M_G1C7_M M_G1C7H1_M": [
        [-0.207025, 0.018594, 0.00164995]
    ],
    "M_G1C7_M M_G1C7H2_M": [
        [-0.207386, 0.0174733, 0.00155051]
    ],
    "M_G1C8_M M_G1C8H1_M": [
        [-0.194149, 0.0175077, 0.00155355]
    ],
    "M_G1C8_M M_G1C8H2_M": [
        [-0.193676, 0.018004, 0.0015976]
    ],
    "M_G1C9_M M_G1C9H1_M": [
        [-0.193872, 0.01754, 0.00155643]
    ],
    "M_G1C9_M M_G1C9H2_M": [
        [-0.193166, 0.0168464, 0.00149487]
    ],
    "M_G1C10_M M_G1C10H1_M": [
        [-0.17606, 0.0169316, 0.00150244]
    ],
    "M_G1C10_M M_G1C10H2_M": [
        [-0.174259, 0.0167957, 0.00149038]
    ],
    "M_G1C11_M M_G1C11H1_M": [
        [-0.167737, 0.0155806, 0.00138255]
    ],
    "M_G1C11_M M_G1C11H2_M": [
        [-0.167353, 0.0155533, 0.00138014]
    ],
    "M_G1C12_M M_G1C12H1_M": [
        [-0.147506, 0.0148874, 0.00132104]
    ],
    "M_G1C12_M M_G1C12H2_M": [
        [-0.14609, 0.0156095, 0.00138512]
    ],
    "M_G1C13_M M_G1C13H1_M": [
        [-0.134917, 0.0129418, 0.0011484]
    ],
    "M_G1C13_M M_G1C13H2_M": [
        [-0.135076, 0.0130404, 0.00115715]
    ],
    "M_G1C14_M M_G1C14H1_M": [
        [-0.112932, 0.0116751, 0.001036]
    ],
    "M_G1C14_M M_G1C14H2_M": [
        [-0.112884, 0.0118911, 0.00105516]
    ],
    "M_G1C15_M M_G1C15H1_M": [
        [-0.096938, 0.0099065, 0.000879059]
    ],
    "M_G1C15_M M_G1C15H2_M": [
        [-0.0972057, 0.010036, 0.000890555]
    ],
    "M_G1C16_M M_G1C16H1_M": [
        [-0.0685478, 0.00791374, 0.000702231]
    ],
    "M_G1C16_M M_G1C16H2_M": [
        [-0.0682093, 0.00828131, 0.000734847]
    ],
    "M_G1C17_M M_G1C17H1_M": [
        [-0.022146, 0.00464099, 0.000411822]
    ],
    "M_G1C17_M M_G1C17H2_M": [
        [-0.0220267, 0.0045911, 0.000407395]
    ],
    "M_G1C17_M M_G1C17H3_M": [
        [-0.0222522, 0.00476447, 0.000422778]
    ],
    "M_G2_M M_G2H1_M": [
        [-0.211716, 0.0517542, 0.00459244]
    ],
    "M_G2C3_M M_G2C3H1_M": [
        [-0.222499, 0.0203609, 0.00180674]
    ],
    "M_G2C3_M M_G2C3H2_M": [
        [-0.229691, 0.0182032, 0.00161528]
    ],
    "M_G2C4_M M_G2C4H1_M": [
        [-0.158744, 0.0196449, 0.00174321]
    ],
    "M_G2C4_M M_G2C4H2_M": [
        [-0.160143, 0.0190769, 0.0016928]
    ],
    "M_G2C5_M M_G2C5H1_M": [
        [-0.199752, 0.018744, 0.00166326]
    ],
    "M_G2C5_M M_G2C5H2_M": [
        [-0.196966, 0.0187059, 0.00165988]
    ],
    "M_G2C6_M M_G2C6H1_M": [
        [-0.194681, 0.0193826, 0.00171993]
    ],
    "M_G2C6_M M_G2C6H2_M": [
        [-0.193275, 0.0184511, 0.00163727]
    ],
    "M_G2C7_M M_G2C7H1_M": [
        [-0.207025, 0.018594, 0.00164995]
    ],
    "M_G2C7_M M_G2C7H2_M": [
        [-0.207386, 0.0174733, 0.00155051]
    ],
    "M_G2C8_M M_G2C8H1_M": [
        [-0.194149, 0.0175077, 0.00155355]
    ],
    "M_G2C8_M M_G2C8H2_M": [
        [-0.193676, 0.018004, 0.0015976]
    ],
    "M_G2C9_M M_G2C9H1_M": [
        [-0.193872, 0.01754, 0.00155643]
    ],
    "M_G2C9_M M_G2C9H2_M": [
        [-0.193166, 0.0168464, 0.00149487]
    ],
    "M_G2C10_M M_G2C10H1_M": [
        [-0.17606, 0.0169316, 0.00150244]
    ],
    "M_G2C11_M M_G2C11H1_M": [
        [-0.167737, 0.0155806, 0.00138255]
    ],
    "M_G2C12_M M_G2C12H1_M": [
        [-0.147506, 0.0148874, 0.00132104]
    ],
    "M_G2C12_M M_G2C12H2_M": [
        [-0.14609, 0.0156095, 0.00138512]
    ],
    "M_G2C13_M M_G2C13H1_M": [
        [-0.134917, 0.0129418, 0.0011484]
    ],
    "M_G2C13_M M_G2C13H2_M": [
        [-0.135076, 0.0130404, 0.00115715]
    ],
    "M_G2C14_M M_G2C14H1_M": [
        [-0.112932, 0.0116751, 0.001036]
    ],
    "M_G2C14_M M_G2C14H2_M": [
        [-0.112884, 0.0118911, 0.00105516]
    ],
    "M_G2C15_M M_G2C15H1_M": [
        [-0.096938, 0.0099065, 0.000879059]
    ],
    "M_G2C15_M M_G2C15H2_M": [
        [-0.0972057, 0.010036, 0.000890555]
    ],
    "M_G2C16_M M_G2C16H1_M": [
        [-0.0685478, 0.00791374, 0.000702231]
    ],
    "M_G2C16_M M_G2C16H2_M": [
        [-0.0682093, 0.00828131, 0.000734847]
    ],
    "M_G2C17_M M_G2C17H1_M": [
        [-0.022146, 0.00464099, 0.000411822]
    ],
    "M_G2C17_M M_G2C17H2_M": [
        [-0.0220267, 0.0045911, 0.000407395]
    ],
    "M_G2C18_M M_G2C18H1_M": [
        [-0.0655606, 0.00772802, 0.000685751]
    ],
    "M_G2C18_M M_G2C18H2_M": [
        [-0.0646376, 0.00741601, 0.000658065]
    ],
    "M_G2C19_M M_G2C19H1_M": [
        [-0.0210333, 0.00424824, 0.00037697]
    ],
    "M_G2C19_M M_G2C19H2_M": [
        [-0.0212533, 0.00439869, 0.000390321]
    ],
    "M_G2C19_M M_G2C19H3_M": [
        [-0.0213552, 0.00433372, 0.000384555]
    ],
    "M_G3_M M_G3H1_M": [
        [-0.149737, 0.0537057, 0.00476561]
    ],
    "M_G3_M M_G3H2_M": [
        [-0.170259, 0.0377141, 0.00334658]
    ],
    "M_G3C4_M M_G3C4H1_M": [
        [-0.0146117, 0.017171, 0.00152368]
    ],
    "M_G3C4_M M_G3C4H2_M": [
        [-0.013226, 0.0168233, 0.00149283]
    ],
    "M_G3C5_M M_G3C5H1_M": [
        [-0.0547934, 0.0125588, 0.00111442]
    ],
    "M_G3C5_M M_G3C5H2_M": [
        [-0.0570091, 0.0115943, 0.00102883]
    ],
    "M_G3N6C1_M M_G3N6C1H1_M": [
        [0.0111232, 0.00467285, 0.000414648]
    ],
    "M_G3N6C1_M M_G3N6C1H2_M": [
        [0.0109451, 0.0048584, 0.000431113]
    ],
    "M_G3N6C1_M M_G3N6C1H3_M": [
        [0.0114178, 0.00443935, 0.000393928]
    ],
    "M_G3N6C2_M M_G3N6C2H1_M": [
        [0.0112303, 0.00452756, 0.000401756]
    ],
    "M_G3N6C2_M M_G3N6C2H2_M": [
        [0.0115066, 0.00454593, 0.000403386]
    ],
    "M_G3N6C2_M M_G3N6C2H3_M": [
        [0.0108051, 0.00441829, 0.00039206]
    ],
    "M_G3N6C3_M M_G3N6C3H1_M": [
        [0.0108771, 0.00497138, 0.000441139]
    ],
    "M_G3N6C3_M M_G3N6C3H2_M": [
        [0.0112527, 0.00439094, 0.000389633]
    ],
    "M_G3N6C3_M M_G3N6C3H3_M": [
        [0.0114663, 0.00453921, 0.00040279]
    ]
}