{
    "M_G1_M M_G1H1_M": [
        [-0.109367, 0.0281799, 0.000902479]
    ],
    "M_G1_M M_G1H2_M": [
        [-0.166532, 0.0220211, 0.00070524]
    ],
    "M_G1C3_M M_G1C3H1_M": [
        [-0.271329, 0.0164317, 0.000526236]
    ],
    "M_G1C3_M M_G1C3H2_M": [
        [-0.271134, 0.015934, 0.000510297]
    ],
    "M_G1C4_M M_G1C4H1_M": [
        [-0.247859, 0.020657, 0.000661553]
    ],
    "M_G1C4_M M_G1C4H2_M": [
        [-0.252052, 0.0206826, 0.000662372]
    ],
    "M_G1C5_M M_G1C5H1_M": [
        [-0.283908, 0.0220451, 0.000706008]
    ],
    "M_G1C5_M M_G1C5H2_M": [
        [-0.287403, 0.0219098, 0.000701676]
    ],
    "M_G1C6_M M_G1C6H1_M": [
        [-0.278465, 0.0261852, 0.000838597]
    ],
    "M_G1C6_M M_G1C6H2_M": [
        [-0.279155, 0.0264432, 0.000846859]
    ],
    "M_G1C7_M M_G1C7H1_M": [
        [-0.291623, 0.0268758, 0.000860716]
    ],
    "M_G1C7_M M_G1C7H2_M": [
        [-0.291754, 0.0267344, 0.000856188]
    ],
    "M_G1C8_M M_G1C8H1_M": [
        [-0.284538, 0.029511, 0.000945107]
    ],
    "M_G1C8_M M_G1C8H2_M": [
        [-0.284756, 0.0295042, 0.00094489]
    ],
    "M_G1C9_M M_G1C9H1_M": [
        [-0.28546, 0.0301556, 0.000965753]
    ],
    "M_G1C9_M M_G1C9H2_M": [
        [-0.285597, 0.0299422, 0.000958917]
    ],
    "M_G1C10_M M_G1C10H1_M": [
        [-0.273433, 0.0316346, 0.00101312]
    ],
    "M_G1C10_M M_G1C10H2_M": [
        [-0.273225, 0.0317397, 0.00101649]
    ],
    "M_G1C11_M M_G1C11H1_M": [
        [-0.266855, 0.0316834, 0.00101468]
    ],
    "M_G1C11_M M_G1C11H2_M": [
        [-0.266574, 0.0316429, 0.00101338]
    ],
    "M_G1C12_M M_G1C12H1_M": [
        [-0.248723, 0.0320877, 0.00102763]
    ],
    "M_G1C12_M M_G1C12H2_M": [
        [-0.24861, 0.0319048, 0.00102177]
    ],
    "M_G1C13_M M_G1C13H1_M": [
        [-0.233524, 0.030757, 0.000985011]
    ],
    "M_G1C13_M M_G1C13H2_M": [
        [-0.233316, 0.0308893, 0.00098925]
    ],
    "M_G1C14_M M_G1C14H1_M": [
        [-0.203157, 0.0285607, 0.000914673]
    ],
    "M_G1C14_M M_G1C14H2_M": [
        [-0.203278, 0.0286877, 0.000918743]
    ],
    "M_G1C15_M M_G1C15H1_M": [
        [-0.172336, 0.0245593, 0.000786528]
    ],
    "M_G1C15_M M_G1C15H2_M": [
        [-0.172118, 0.0245592, 0.000786525]
    ],
    "M_G1C16_M M_G1C16H1_M": [
        [-0.119784, 0.0173706, 0.000556305]
    ],
    "M_G1C16_M M_G1C16H2_M": [
        [-0.119703, 0.0173984, 0.000557195]
    ],
    "M_G1C17_M M_G1C17H1_M": [
        [-0.0366597, 0.00646709, 0.000207113]
    ],
    "M_G1C17_M M_G1C17H2_M": [
        [-0.0367418, 0.00663477, 0.000212483]
    ],
    "M_G1C17_M M_G1C17H3_M": [
        [-0.0365525, 0.00653912, 0.000209419]
    ],
    "M_G2_M M_G2H1_M": [
        [-0.0495424, 0.0338378, 0.00108368]
    ],
    "M_G2C3_M M_G2C3H1_M": [
        [-0.168131, 0.018702, 0.000598944]
    ],
    "M_G2C3_M M_G2C3H2_M": [
        [-0.17193, 0.0200423, 0.000641867]
    ],
    "M_G2C4_M M_G2C4H1_M": [
        [-0.252942, 0.0182071, 0.000583095]
    ],
    "M_G2C4_M M_G2C4H2_M": [
        [-0.223735, 0.0196281, 0.000628602]
    ],
    "M_G2C5_M M_G2C5H1_M": [
        [-0.263543, 0.0202253, 0.000647727]
    ],
    "M_G2C5_M M_G2C5H2_M": [
        [-0.261746, 0.0210126, 0.000672942]
    ],
    "M_G2C6_M M_G2C6H1_M": [
        [-0.281837, 0.0232631, 0.000745016]
    ],
    "M_G2C6_M M_G2C6H2_M": [
        [-0.279757, 0.0234201, 0.000750042]
    ],
    "M_G2C7_M M_G2C7H1_M": [
        [-0.28572, 0.0252985, 0.000810199]
    ],
    "M_G2C7_M M_G2C7H2_M": [
        [-0.285587, 0.0251271, 0.000804713]
    ],
    "M_G2C8_M M_G2C8H1_M": [
        [-0.293773, 0.02696, 0.00086341]
    ],
    "M_G2C8_M M_G2C8H2_M": [
        [-0.29316, 0.0267467, 0.000856579]
    ],
    "M_G2C9_M M_G2C9H1_M": [
        [-0.290315, 0.0285994, 0.000915914]
    ],
    "M_G2C9_M M_G2C9H2_M": [
        [-0.289921, 0.0286267, 0.000916788]
    ],
    "M_G2C10_M M_G2C10H1_M": [
        [-0.289453, 0.0296748, 0.000950356]
    ],
    "M_G2C10_M M_G2C10H2_M": [
        [-0.289723, 0.0294692, 0.000943771]
    ],
    "M_G2C11_M M_G2C11H1_M": [
        [-0.279783, 0.0308688, 0.000988594]
    ],
    "M_G2C11_M M_G2C11H2_M": [
        [-0.279476, 0.0307532, 0.00098489]
    ],
    "M_G2C12_M M_G2C12H1_M": [
        [-0.272357, 0.0312864, 0.00100197]
    ],
    "M_G2C12_M M_G2C12H2_M": [
        [-0.27223, 0.031221, 0.000999873]
    ],
    "M_G2C13_M M_G2C13H1_M": [
        [-0.255394, 0.0316098, 0.00101232]
    ],
    "M_G2C13_M M_G2C13H2_M": [
        [-0.25521, 0.0317372, 0.0010164]
    ],
    "M_G2C14_M M_G2C14H1_M": [
        [-0.237787, 0.0307868, 0.000985966]
    ],
    "M_G2C14_M M_G2C14H2_M": [
        [-0.237711, 0.0308206, 0.000987049]
    ],
    "M_G2C15_M M_G2C15H1_M": [
        [-0.202936, 0.0285037, 0.000912848]
    ],
    "M_G2C15_M M_G2C15H2_M": [
        [-0.203099, 0.0282313, 0.000904125]
    ],
    "M_G2C16_M M_G2C16H1_M": [
        [-0.158158, 0.0230104, 0.000736924]
    ],
    "M_G2C16_M M_G2C16H2_M": [
        [-0.15805, 0.0231681, 0.000741974]
    ],
    "M_G2C17_M M_G2C17H1_M": [
        [-0.0393416, 0.00782759, 0.000250683]
    ],
    "M_G2C17_M M_G2C17H2_M": [
        [-0.0392801, 0.00769781, 0.000246527]
    ],
    "M_G2C17_M M_G2C17H3_M": [
        [-0.0394994, 0.00787304, 0.000252139]
    ],
    "M_G3_M M_G3H1_M": [
        [-0.0366229, 0.0321187, 0.00102862]
    ],
    "M_G3_M M_G3H2_M": [
        [-0.0345016, 0.0304117, 0.000973954]
    ],
    "M_G3C4_M M_G3C4H1_M": [
        [0.050301, 0.0124773, 0.000399593]
    ],
    "M_G3C4_M M_G3C4H2_M": [
        [0.0384796, 0.0129027, 0.000413219]
    ],
    "M_G3C5_M M_G3C5H1_M": [
        [-0.0521969, 0.0111008, 0.00035551]
    ],
    "M_G3C5_M M_G3C5H2_M": [
        [-0.0209368, 0.0128572, 0.000411761]
    ],
    "M_G3N6C1_M M_G3N6C1H1_M": [
        [0.0129822, 0.00643342, 0.000206034]
    ],
    "M_G3N6C1_M M_G3N6C1H2_M": [
        [0.0127251, 0.00664456, 0.000212796]
    ],
    "M_G3N6C1_M M_G3N6C1H3_M": [
        [0.0129666, 0.00639655, 0.000204854]
    ],
    "M_G3N6C2_M M_G3N6C2H1_M": [
        [0.0126517, 0.00646206, 0.000206952]
    ],
    "M_G3N6C2_M M_G3N6C2H2_M": [
        [0.0130439, 0.00620617, 0.000198757]
    ],
    "M_G3N6C2_M M_G3N6C2H3_M": [
        [0.0127629, 0.00676256, 0.000216575]
    ],
    "M_G3N6C3_M M_G3N6C3H1_M": [
        [0.0130528, 0.0062956, 0.000201621]
    ],
    "M_G3N6C3_M M_G3N6C3H2_M": [
        [0.0129329, 0.00660771, 0.000211616]
    ],
    "M_G3N6C3_M M_G3N6C3H3_M": [
        [0.0128424, 0.00638453, 0.000204469]
    ]
}