{
    "M_G1_M M_G1H1_M": [
        [-0.155395, 0.0135265, 0.000847065]
    ],
    "M_G1_M M_G1H2_M": [
        [-0.0316133, 0.012922, 0.000809206]
    ],
    "M_G1C3_M M_G1C3H1_M": [
        [-0.18926, 0.0123296, 0.000772107]
    ],
    "M_G1C3_M M_G1C3H2_M": [
        [-0.214218, 0.0118116, 0.000739674]
    ],
    "M_G1C4_M M_G1C4H1_M": [
        [-0.151987, 0.0121107, 0.0007584]
    ],
    "M_G1C4_M M_G1C4H2_M": [
        [-0.141002, 0.0117073, 0.000733137]
    ],
    "M_G1C5_M M_G1C5H1_M": [
        [-0.167477, 0.0123796, 0.000775242]
    ],
    "M_G1C5_M M_G1C5H2_M": [
        [-0.169671, 0.011883, 0.000744143]
    ],
    "M_G1C6_M M_G1C6H1_M": [
        [-0.165186, 0.0113392, 0.000710089]
    ],
    "M_G1C6_M M_G1C6H2_M": [
        [-0.163401, 0.0120375, 0.000753816]
    ],
    "M_G1C7_M M_G1C7H1_M": [
        [-0.159779, 0.0132229, 0.000828051]
    ],
    "M_G1C7_M M_G1C7H2_M": [
        [-0.160088, 0.0118025, 0.000739103]
    ],
    "M_G1C8_M M_G1C8H1_M": [
        [-0.141377, 0.0122195, 0.000765218]
    ],
    "M_G1C8_M M_G1C8H2_M": [
        [-0.138752, 0.0125888, 0.000788343]
    ],
    "M_G1C9_M M_G1C9H1_M": [
        [-0.102153, 0.0126465, 0.000791952]
    ],
    "M_G1C9_M M_G1C9H2_M": [
        [-0.103084, 0.0130509, 0.000817278]
    ],
    "M_G1C10_M M_G1C10H1_M": [
        [-0.0770822, 0.0136052, 0.000851993]
    ],
    "M_G1C11_M M_G1C11H1_M": [
        [-0.0577616, 0.0128713, 0.000806034]
    ],
    "M_G1C12_M M_G1C12H1_M": [
        [-0.0404304, 0.0132616, 0.000830472]
    ],
    "M_G1C12_M M_G1C12H2_M": [
        [-0.039824, 0.0144037, 0.000901995]
    ],
    "M_G1C13_M M_G1C13H1_M": [
        [-0.0661066, 0.0126811, 0.000794124]
    ],
    "M_G1C13_M M_G1C13H2_M": [
        [-0.0648229, 0.0130142, 0.00081498]
    ],
    "M_G1C14_M M_G1C14H1_M": [
        [-0.0606462, 0.0128148, 0.000802497]
    ],
    "M_G1C14_M M_G1C14H2_M": [
        [-0.0599432, 0.0130989, 0.000820284]
    ],
    "M_G1C15_M M_G1C15H1_M": [
        [-0.0589091, 0.0130391, 0.00081654]
    ],
    "M_G1C15_M M_G1C15H2_M": [
        [-0.0608038, 0.0133199, 0.000834124]
    ],
    "M_G1C16_M M_G1C16H1_M": [
        [-0.0424251, 0.0145783, 0.00091293]
    ],
    "M_G1C16_M M_G1C16H2_M": [
        [-0.0411075, 0.0141506, 0.000886144]
    ],
    "M_G1C17_M M_G1C17H1_M": [
        [-0.0172313, 0.0151169, 0.000946659]
    ],
    "M_G1C17_M M_G1C17H2_M": [
        [-0.0163727, 0.0134419, 0.000841761]
    ],
    "M_G1C17_M M_G1C17H3_M": [
        [-0.0172934, 0.0136055, 0.000852011]
    ],
    "M_G2_M M_G2H1_M": [
        [-0.174346, 0.0122655, 0.000768093]
    ],
    "M_G2C3_M M_G2C3H1_M": [
        [-0.0761447, 0.0126888, 0.000794601]
    ],
    "M_G2C3_M M_G2C3H2_M": [
        [-0.0908895, 0.0119256, 0.000746812]
    ],
    "M_G2C4_M M_G2C4H1_M": [
        [-0.177812, 0.0116383, 0.000728821]
    ],
    "M_G2C4_M M_G2C4H2_M": [
        [-0.183009, 0.0106766, 0.000668594]
    ],
    "M_G2C5_M M_G2C5H1_M": [
        [-0.176193, 0.0121025, 0.000757885]
    ],
    "M_G2C5_M M_G2C5H2_M": [
        [-0.177787, 0.0119973, 0.000751303]
    ],
    "M_G2C6_M M_G2C6H1_M": [
        [-0.18503, 0.0115374, 0.000722497]
    ],
    "M_G2C6_M M_G2C6H2_M": [
        [-0.184115, 0.010761, 0.000673883]
    ],
    "M_G2C7_M M_G2C7H1_M": [
        [-0.163185, 0.0117904, 0.000738346]
    ],
    "M_G2C7_M M_G2C7H2_M": [
        [-0.162818, 0.0121584, 0.000761387]
    ],
    "M_G2C8_M M_G2C8H1_M": [
        [-0.153675, 0.0122159, 0.000764987]
    ],
    "M_G2C8_M M_G2C8H2_M": [
        [-0.153847, 0.0121589, 0.00076142]
    ],
    "M_G2C9_M M_G2C9H1_M": [
        [-0.0914281, 0.0136177, 0.000852771]
    ],
    "M_G2C9_M M_G2C9H2_M": [
        [-0.0893099, 0.0125451, 0.000785605]
    ],
    "M_G2C10_M M_G2C10H1_M": [
        [-0.0606644, 0.0140654, 0.000880808]
    ],
    "M_G2C11_M M_G2C11H1_M": [
        [-0.03477, 0.0133299, 0.00083475]
    ],
    "M_G2C12_M M_G2C12H1_M": [
        [-0.0468546, 0.0129367, 0.000810128]
    ],
    "M_G2C12_M M_G2C12H2_M": [
        [-0.0470961, 0.0130123, 0.000814861]
    ],
    "M_G2C13_M M_G2C13H1_M": [
        [-0.0727264, 0.0120782, 0.000756366]
    ],
    "M_G2C13_M M_G2C13H2_M": [
        [-0.0741785, 0.013271, 0.00083106]
    ],
    "M_G2C14_M M_G2C14H1_M": [
        [-0.0702012, 0.0130517, 0.000817332]
    ],
    "M_G2C14_M M_G2C14H2_M": [
        [-0.0718324, 0.0140754, 0.000881438]
    ],
    "M_G2C15_M M_G2C15H1_M": [
        [-0.0687183, 0.0131481, 0.000823368]
    ],
    "M_G2C15_M M_G2C15H2_M": [
        [-0.0684459, 0.0142002, 0.000889252]
    ],
    "M_G2C16_M M_G2C16H1_M": [
        [-0.0507148, 0.0140314, 0.00087868]
    ],
    "M_G2C16_M M_G2C16H2_M": [
        [-0.0499779, 0.0139799, 0.000875457]
    ],
    "M_G2C17_M M_G2C17H1_M": [
        [-0.0182456, 0.0146707, 0.000918717]
    ],
    "M_G2C17_M M_G2C17H2_M": [
        [-0.0179189, 0.0142635, 0.000893217]
    ],
    "M_G2C17_M M_G2C17H3_M": [
        [-0.0189969, 0.0155101, 0.000971283]
    ],
    "M_G3_M M_G3H1_M": [
        [-0.218407, 0.0115738, 0.000724779]
    ],
    "M_G3_M M_G3H2_M": [
        [-0.240194, 0.0102358, 0.00064099]
    ],
    "M_G3C4_M M_G3C4H1_M": [
        [0.039018, 0.0131689, 0.000824666]
    ],
    "M_G3C4_M M_G3C4H2_M": [
        [0.0369426, 0.0148686, 0.000931109]
    ],
    "M_G3C5_M M_G3C5H1_M": [
        [-0.0617392, 0.0137913, 0.000863644]
    ],
    "M_G3C5_M M_G3C5H2_M": [
        [-0.0587403, 0.0146453, 0.000917123]
    ],
    "M_G3N6C1_M M_G3N6C1H1_M": [
        [0.00834879, 0.0136749, 0.000856357]
    ],
    "M_G3N6C1_M M_G3N6C1H2_M": [
        [0.00888084, 0.0141972, 0.000889064]
    ],
    "M_G3N6C1_M M_G3N6C1H3_M": [
        [0.00947557, 0.0126924, 0.00079483]
    ],
    "M_G3N6C2_M M_G3N6C2H1_M": [
        [0.0106826, 0.0138067, 0.00086461]
    ],
    "M_G3N6C2_M M_G3N6C2H2_M": [
        [0.00749648, 0.0133931, 0.000838711]
    ],
    "M_G3N6C2_M M_G3N6C2H3_M": [
        [0.00925644, 0.0133185, 0.000834039]
    ],
    "M_G3N6C3_M M_G3N6C3H1_M": [
        [0.0102324, 0.0136281, 0.000853425]
    ],
    "M_G3N6C3_M M_G3N6C3H2_M": [
        [0.00834218, 0.0145617, 0.000911892]
    ],
    "M_G3N6C3_M M_G3N6C3H3_M": [
        [0.00775598, 0.0141136, 0.000883827]
    ]
}