{
    "M_G1_M M_G1H1_M": [
        [-0.171894, 0.0375348, 0.00422299]
    ],
    "M_G1_M M_G1H2_M": [
        [-0.0285944, 0.0355287, 0.00399729]
    ],
    "M_G1C3_M M_G1C3H1_M": [
        [-0.238328, 0.021526, 0.00242186]
    ],
    "M_G1C3_M M_G1C3H2_M": [
        [-0.211298, 0.0222633, 0.00250482]
    ],
    "M_G1C4_M M_G1C4H1_M": [
        [-0.192127, 0.0137296, 0.0015447]
    ],
    "M_G1C4_M M_G1C4H2_M": [
        [-0.177145, 0.0146197, 0.00164485]
    ],
    "M_G1C5_M M_G1C5H1_M": [
        [-0.220563, 0.011102, 0.00124907]
    ],
    "M_G1C5_M M_G1C5H2_M": [
        [-0.216616, 0.0125516, 0.00141216]
    ],
    "M_G1C6_M M_G1C6H1_M": [
        [-0.222675, 0.0114965, 0.00129346]
    ],
    "M_G1C6_M M_G1C6H2_M": [
        [-0.218839, 0.0130914, 0.0014729]
    ],
    "M_G1C7_M M_G1C7H1_M": [
        [-0.233675, 0.0108917, 0.00122541]
    ],
    "M_G1C7_M M_G1C7H2_M": [
        [-0.232475, 0.0116024, 0.00130537]
    ],
    "M_G1C8_M M_G1C8H1_M": [
        [-0.225569, 0.0106589, 0.00119922]
    ],
    "M_G1C8_M M_G1C8H2_M": [
        [-0.22468, 0.0117198, 0.00131858]
    ],
    "M_G1C9_M M_G1C9H1_M": [
        [-0.225612, 0.0101809, 0.00114544]
    ],
    "M_G1C9_M M_G1C9H2_M": [
        [-0.224889, 0.0106687, 0.00120032]
    ],
    "M_G1C10_M M_G1C10H1_M": [
        [-0.210334, 0.0105331, 0.00118506]
    ],
    "M_G1C10_M M_G1C10H2_M": [
        [-0.209584, 0.0102942, 0.00115819]
    ],
    "M_G1C11_M M_G1C11H1_M": [
        [-0.2026, 0.010082, 0.00113432]
    ],
    "M_G1C11_M M_G1C11H2_M": [
        [-0.202218, 0.00968505, 0.00108965]
    ],
    "M_G1C12_M M_G1C12H1_M": [
        [-0.182089, 0.0104572, 0.00117653]
    ],
    "M_G1C12_M M_G1C12H2_M": [
        [-0.182735, 0.00968765, 0.00108995]
    ],
    "M_G1C13_M M_G1C13H1_M": [
        [-0.169198, 0.00975545, 0.00109757]
    ],
    "M_G1C13_M M_G1C13H2_M": [
        [-0.169846, 0.00941088, 0.00105881]
    ],
    "M_G1C14_M M_G1C14H1_M": [
        [-0.14594, 0.00942966, 0.00106092]
    ],
    "M_G1C14_M M_G1C14H2_M": [
        [-0.14664, 0.00867848, 0.000976405]
    ],
    "M_G1C15_M M_G1C15H1_M": [
        [-0.126907, 0.0079237, 0.000891486]
    ],
    "M_G1C15_M M_G1C15H2_M": [
        [-0.127051, 0.00813369, 0.000915111]
    ],
    "M_G1C16_M M_G1C16H1_M": [
        [-0.09485, 0.00650232, 0.000731568]
    ],
    "M_G1C16_M M_G1C16H2_M": [
        [-0.0948516, 0.00594, 0.000668302]
    ],
    "M_G1C17_M M_G1C17H1_M": [
        [-0.0314565, 0.00321618, 0.000361848]
    ],
    "M_G1C17_M M_G1C17H2_M": [
        [-0.0312409, 0.00308647, 0.000347255]
    ],
    "M_G1C17_M M_G1C17H3_M": [
        [-0.0315348, 0.00355861, 0.000400375]
    ],
    "M_G2_M M_G2H1_M": [
        [-0.200981, 0.0311877, 0.00350889]
    ],
    "M_G2C3_M M_G2C3H1_M": [
        [-0.0853965, 0.0235695, 0.00265178]
    ],
    "M_G2C3_M M_G2C3H2_M": [
        [-0.118339, 0.0180531, 0.00203113]
    ],
    "M_G2C4_M M_G2C4H1_M": [
        [-0.210517, 0.0157888, 0.00177638]
    ],
    "M_G2C4_M M_G2C4H2_M": [
        [-0.213337, 0.0157751, 0.00177484]
    ],
    "M_G2C5_M M_G2C5H1_M": [
        [-0.20935, 0.0154115, 0.00173393]
    ],
    "M_G2C5_M M_G2C5H2_M": [
        [-0.211191, 0.0143482, 0.0016143]
    ],
    "M_G2C6_M M_G2C6H1_M": [
        [-0.224123, 0.0151083, 0.00169982]
    ],
    "M_G2C6_M M_G2C6H2_M": [
        [-0.2212, 0.0133453, 0.00150146]
    ],
    "M_G2C7_M M_G2C7H1_M": [
        [-0.201273, 0.0138326, 0.00155629]
    ],
    "M_G2C7_M M_G2C7H2_M": [
        [-0.199868, 0.0132061, 0.0014858]
    ],
    "M_G2C8_M M_G2C8H1_M": [
        [-0.192969, 0.0135155, 0.00152062]
    ],
    "M_G2C8_M M_G2C8H2_M": [
        [-0.191249, 0.0125314, 0.0014099]
    ],
    "M_G2C9_M M_G2C9H1_M": [
        [-0.114587, 0.0125784, 0.00141518]
    ],
    "M_G2C9_M M_G2C9H2_M": [
        [-0.112184, 0.012782, 0.00143809]
    ],
    "M_G2C10_M M_G2C10H1_M": [
        [-0.066919, 0.0146219, 0.00164509]
    ],
    "M_G2C11_M M_G2C11H1_M": [
        [-0.0554799, 0.0138419, 0.00155733]
    ],
    "M_G2C12_M M_G2C12H1_M": [
        [-0.0881969, 0.0137481, 0.00154678]
    ],
    "M_G2C12_M M_G2C12H2_M": [
        [-0.0899546, 0.0122964, 0.00138345]
    ],
    "M_G2C13_M M_G2C13H1_M": [
        [-0.135665, 0.0116749, 0.00131353]
    ],
    "M_G2C13_M M_G2C13H2_M": [
        [-0.135676, 0.0114534, 0.00128861]
    ],
    "M_G2C14_M M_G2C14H1_M": [
        [-0.141713, 0.0114235, 0.00128525]
    ],
    "M_G2C14_M M_G2C14H2_M": [
        [-0.142133, 0.0112688, 0.00126784]
    ],
    "M_G2C15_M M_G2C15H1_M": [
        [-0.146504, 0.0108185, 0.00121718]
    ],
    "M_G2C15_M M_G2C15H2_M": [
        [-0.146351, 0.0110394, 0.00124203]
    ],
    "M_G2C16_M M_G2C16H1_M": [
        [-0.13187, 0.00960378, 0.00108051]
    ],
    "M_G2C16_M M_G2C16H2_M": [
        [-0.13175, 0.00969878, 0.0010912]
    ],
    "M_G2C17_M M_G2C17H1_M": [
        [-0.119222, 0.00799223, 0.000899196]
    ],
    "M_G2C17_M M_G2C17H2_M": [
        [-0.118585, 0.00843906, 0.000949468]
    ],
    "M_G2C18_M M_G2C18H1_M": [
        [-0.0914177, 0.00611177, 0.000687628]
    ],
    "M_G2C18_M M_G2C18H2_M": [
        [-0.0905397, 0.00729635, 0.000820904]
    ],
    "M_G2C19_M M_G2C19H1_M": [
        [-0.0300984, 0.00354059, 0.000398348]
    ],
    "M_G2C19_M M_G2C19H2_M": [
        [-0.0303828, 0.00364253, 0.000409817]
    ],
    "M_G2C19_M M_G2C19H3_M": [
        [-0.0300999, 0.00322157, 0.000362454]
    ],
    "M_G3_M M_G3H1_M": [
        [-0.220532, 0.0262575, 0.0029542]
    ],
    "M_G3_M M_G3H2_M": [
        [-0.233594, 0.0237023, 0.00266672]
    ],
    "M_G3C4_M M_G3C4H1_M": [
        [0.0370036, 0.0225325, 0.00253511]
    ],
    "M_G3C4_M M_G3C4H2_M": [
        [0.0298572, 0.0219975, 0.00247492]
    ],
    "M_G3C5_M M_G3C5H1_M": [
        [-0.0895154, 0.0178418, 0.00200736]
    ],
    "M_G3C5_M M_G3C5H2_M": [
        [-0.0903609, 0.0184421, 0.0020749]
    ],
    "M_G3N6C1_M M_G3N6C1H1_M": [
        [0.0122682, 0.00911477, 0.00102549]
    ],
    "M_G3N6C1_M M_G3N6C1H2_M": [
        [0.0139599, 0.00892903, 0.00100459]
    ],
    "M_G3N6C1_M M_G3N6C1H3_M": [
        [0.012991, 0.00919722, 0.00103477]
    ],
    "M_G3N6C2_M M_G3N6C2H1_M": [
        [0.0122659, 0.0102436, 0.0011525]
    ],
    "M_G3N6C2_M M_G3N6C2H2_M": [
        [0.0140992, 0.00872102, 0.000981191]
    ],
    "M_G3N6C2_M M_G3N6C2H3_M": [
        [0.0151967, 0.00895095, 0.00100706]
    ],
    "M_G3N6C3_M M_G3N6C3H1_M": [
        [0.0129622, 0.0100343, 0.00112895]
    ],
    "M_G3N6C3_M M_G3N6C3H2_M": [
        [0.0134528, 0.0102329, 0.00115129]
    ],
    "M_G3N6C3_M M_G3N6C3H3_M": [
        [0.0123768, 0.00933704, 0.0010505]
    ]
}