{
    "M_G1_M M_G1H1_M": [
        [-0.0417922, 0.0341975, 0.00313488]
    ],
    "M_G1_M M_G1H2_M": [
        [-0.184936, 0.0403207, 0.00369619]
    ],
    "M_G1C3_M M_G1C3H1_M": [
        [-0.249872, 0.0196018, 0.00179689]
    ],
    "M_G1C3_M M_G1C3H2_M": [
        [-0.22516, 0.0217656, 0.00199525]
    ],
    "M_G1C4_M M_G1C4H1_M": [
        [-0.196761, 0.0147124, 0.00134868]
    ],
    "M_G1C4_M M_G1C4H2_M": [
        [-0.183817, 0.0152691, 0.00139971]
    ],
    "M_G1C5_M M_G1C5H1_M": [
        [-0.223985, 0.0130676, 0.00119791]
    ],
    "M_G1C5_M M_G1C5H2_M": [
        [-0.22062, 0.0130755, 0.00119863]
    ],
    "M_G1C6_M M_G1C6H1_M": [
        [-0.226022, 0.0129623, 0.00118825]
    ],
    "M_G1C6_M M_G1C6H2_M": [
        [-0.222783, 0.0132387, 0.00121359]
    ],
    "M_G1C7_M M_G1C7H1_M": [
        [-0.237918, 0.0125232, 0.001148]
    ],
    "M_G1C7_M M_G1C7H2_M": [
        [-0.236203, 0.0128988, 0.00118243]
    ],
    "M_G1C8_M M_G1C8H1_M": [
        [-0.229114, 0.0120815, 0.00110751]
    ],
    "M_G1C8_M M_G1C8H2_M": [
        [-0.227088, 0.0126376, 0.00115848]
    ],
    "M_G1C9_M M_G1C9H1_M": [
        [-0.22756, 0.0119635, 0.0010967]
    ],
    "M_G1C9_M M_G1C9H2_M": [
        [-0.227633, 0.0115037, 0.00105455]
    ],
    "M_G1C10_M M_G1C10H1_M": [
        [-0.211789, 0.0117942, 0.00108117]
    ],
    "M_G1C10_M M_G1C10H2_M": [
        [-0.211447, 0.0113963, 0.0010447]
    ],
    "M_G1C11_M M_G1C11H1_M": [
        [-0.203829, 0.0109211, 0.00100113]
    ],
    "M_G1C11_M M_G1C11H2_M": [
        [-0.204195, 0.0111483, 0.00102196]
    ],
    "M_G1C12_M M_G1C12H1_M": [
        [-0.18355, 0.0103078, 0.000944916]
    ],
    "M_G1C12_M M_G1C12H2_M": [
        [-0.183, 0.0104635, 0.000959188]
    ],
    "M_G1C13_M M_G1C13H1_M": [
        [-0.171029, 0.00978607, 0.000897088]
    ],
    "M_G1C13_M M_G1C13H2_M": [
        [-0.170868, 0.00946306, 0.000867477]
    ],
    "M_G1C14_M M_G1C14H1_M": [
        [-0.147229, 0.00894296, 0.0008198]
    ],
    "M_G1C14_M M_G1C14H2_M": [
        [-0.146929, 0.00839847, 0.000769886]
    ],
    "M_G1C15_M M_G1C15H1_M": [
        [-0.127971, 0.00781609, 0.0007165]
    ],
    "M_G1C15_M M_G1C15H2_M": [
        [-0.127424, 0.00713561, 0.00065412]
    ],
    "M_G1C16_M M_G1C16H1_M": [
        [-0.0949554, 0.00615564, 0.000564286]
    ],
    "M_G1C16_M M_G1C16H2_M": [
        [-0.0946253, 0.00563071, 0.000516166]
    ],
    "M_G1C17_M M_G1C17H1_M": [
        [-0.0320189, 0.00317872, 0.000291393]
    ],
    "M_G1C17_M M_G1C17H2_M": [
        [-0.0317496, 0.00333229, 0.00030547]
    ],
    "M_G1C17_M M_G1C17H3_M": [
        [-0.032289, 0.00329368, 0.000301931]
    ],
    "M_G2_M M_G2H1_M": [
        [-0.211937, 0.0291286, 0.00267021]
    ],
    "M_G2C3_M M_G2C3H1_M": [
        [-0.0780161, 0.0280706, 0.00257323]
    ],
    "M_G2C3_M M_G2C3H2_M": [
        [-0.112304, 0.0210918, 0.00193348]
    ],
    "M_G2C4_M M_G2C4H1_M": [
        [-0.210585, 0.0172138, 0.00157799]
    ],
    "M_G2C4_M M_G2C4H2_M": [
        [-0.213371, 0.0160295, 0.00146942]
    ],
    "M_G2C5_M M_G2C5H1_M": [
        [-0.210212, 0.0148225, 0.00135877]
    ],
    "M_G2C5_M M_G2C5H2_M": [
        [-0.212557, 0.014742, 0.0013514]
    ],
    "M_G2C6_M M_G2C6H1_M": [
        [-0.223796, 0.0153246, 0.00140481]
    ],
    "M_G2C6_M M_G2C6H2_M": [
        [-0.222993, 0.0142311, 0.00130456]
    ],
    "M_G2C7_M M_G2C7H1_M": [
        [-0.201168, 0.0140138, 0.00128464]
    ],
    "M_G2C7_M M_G2C7H2_M": [
        [-0.200016, 0.0133206, 0.0012211]
    ],
    "M_G2C8_M M_G2C8H1_M": [
        [-0.192208, 0.0136966, 0.00125557]
    ],
    "M_G2C8_M M_G2C8H2_M": [
        [-0.191048, 0.0128455, 0.00117755]
    ],
    "M_G2C9_M M_G2C9H1_M": [
        [-0.110481, 0.0127872, 0.0011722]
    ],
    "M_G2C9_M M_G2C9H2_M": [
        [-0.109553, 0.0127185, 0.0011659]
    ],
    "M_G2C10_M M_G2C10H1_M": [
        [-0.0629325, 0.0147751, 0.00135443]
    ],
    "M_G2C11_M M_G2C11H1_M": [
        [-0.0563381, 0.0128069, 0.00117401]
    ],
    "M_G2C12_M M_G2C12H1_M": [
        [-0.0913138, 0.0116347, 0.00106655]
    ],
    "M_G2C12_M M_G2C12H2_M": [
        [-0.0918622, 0.0120477, 0.00110441]
    ],
    "M_G2C13_M M_G2C13H1_M": [
        [-0.138232, 0.0120415, 0.00110385]
    ],
    "M_G2C13_M M_G2C13H2_M": [
        [-0.139122, 0.0114387, 0.00104859]
    ],
    "M_G2C14_M M_G2C14H1_M": [
        [-0.144755, 0.0109273, 0.00100171]
    ],
    "M_G2C14_M M_G2C14H2_M": [
        [-0.145501, 0.0112044, 0.00102711]
    ],
    "M_G2C15_M M_G2C15H1_M": [
        [-0.149566, 0.0107226, 0.000982941]
    ],
    "M_G2C15_M M_G2C15H2_M": [
        [-0.14956, 0.0110613, 0.00101399]
    ],
    "M_G2C16_M M_G2C16H1_M": [
        [-0.135286, 0.00972908, 0.000891863]
    ],
    "M_G2C16_M M_G2C16H2_M": [
        [-0.135349, 0.00902128, 0.000826979]
    ],
    "M_G2C17_M M_G2C17H1_M": [
        [-0.121699, 0.00846116, 0.000775634]
    ],
    "M_G2C17_M M_G2C17H2_M": [
        [-0.122001, 0.00771866, 0.000707569]
    ],
    "M_G2C18_M M_G2C18H1_M": [
        [-0.0935757, 0.00635197, 0.000582284]
    ],
    "M_G2C18_M M_G2C18H2_M": [
        [-0.0935556, 0.00623604, 0.000571657]
    ],
    "M_G2C19_M M_G2C19H1_M": [
        [-0.0312016, 0.00318249, 0.000291738]
    ],
    "M_G2C19_M M_G2C19H2_M": [
        [-0.0308877, 0.00350434, 0.000321242]
    ],
    "M_G2C19_M M_G2C19H3_M": [
        [-0.0303122, 0.00340886, 0.00031249]
    ],
    "M_G3_M M_G3H1_M": [
        [-0.218043, 0.0304588, 0.00279215]
    ],
    "M_G3_M M_G3H2_M": [
        [-0.240293, 0.027934, 0.00256071]
    ],
    "M_G3C4_M M_G3C4H1_M": [
        [-0.0818776, 0.0315231, 0.00288972]
    ],
    "M_G3C5_M M_G3C5H1_M": [
        [0.0644243, 0.0728734, 0.0066803]
    ],
    "M_G3C6_M M_G3C6H1_M": [
        [-0.0598157, 0.0330065, 0.0030257]
    ],
    "M_G3C7_M M_G3C7H1_M": [
        [-0.0366614, 0.0392987, 0.00360251]
    ],
    "M_G3C8_M M_G3C8H1_M": [
        [-0.0714374, 0.0355341, 0.00325741]
    ],
    "M_G3C9_M M_G3C9H1_M": [
        [-0.106832, 0.0318358, 0.00291839]
    ]
}