{
    "M_C3_M M_C3H1_M": [
        [-0.395943, 0.0291362, 0.00407989]
    ],
    "M_C4_M M_C4H1_M": [
        [-0.344864, 0.0314645, 0.00440591]
    ],
    "M_C4_M M_C4H2_M": [
        [-0.20277, 0.0319702, 0.00447672]
    ],
    "M_C6_M M_C6H1_M": [
        [-0.0431973, 0.0346357, 0.00484996]
    ],
    "M_C7_M M_C7H1_M": [
        [-0.294889, 0.0256777, 0.0035956]
    ],
    "M_C7_M M_C7H2_M": [
        [-0.358608, 0.0312096, 0.00437022]
    ],
    "M_C8_M M_C8H1_M": [
        [-0.431421, 0.0291158, 0.00407702]
    ],
    "M_C14_M M_C14H1_M": [
        [-0.428694, 0.027279, 0.00381982]
    ],
    "M_C15_M M_C15H1_M": [
        [-0.392862, 0.032868, 0.00460244]
    ],
    "M_C15_M M_C15H2_M": [
        [-0.35573, 0.0284841, 0.00398857]
    ],
    "M_C16_M M_C16H1_M": [
        [-0.0925086, 0.0237351, 0.00332358]
    ],
    "M_C16_M M_C16H2_M": [
        [-0.170718, 0.0235287, 0.00329467]
    ],
    "M_C17_M M_C17H1_M": [
        [-0.419498, 0.0659293, 0.00923195]
    ],
    "M_C18_M M_C18H1_M": [
        [0.124144, 0.0179728, 0.00251669]
    ],
    "M_C18_M M_C18H2_M": [
        [0.124156, 0.0189289, 0.00265058]
    ],
    "M_C18_M M_C18H3_M": [
        [0.122084, 0.0163971, 0.00229606]
    ],
    "M_C12_M M_C12H1_M": [
        [-0.127327, 0.0526801, 0.00737669]
    ],
    "M_C12_M M_C12H2_M": [
        [-0.416826, 0.0510394, 0.00714695]
    ],
    "M_C11_M M_C11H1_M": [
        [-0.42795, 0.0294946, 0.00413007]
    ],
    "M_C11_M M_C11H2_M": [
        [-0.23524, 0.026752, 0.00374604]
    ],
    "M_C9_M M_C9H1_M": [
        [-0.426707, 0.0273443, 0.00382896]
    ],
    "M_C19_M M_C19H1_M": [
        [0.122557, 0.0152346, 0.00213327]
    ],
    "M_C19_M M_C19H2_M": [
        [0.125094, 0.0159909, 0.00223917]
    ],
    "M_C19_M M_C19H3_M": [
        [0.120982, 0.0162111, 0.00227]
    ],
    "M_C1_M M_C1H1_M": [
        [-0.218471, 0.0332647, 0.00465799]
    ],
    "M_C1_M M_C1H2_M": [
        [-0.392103, 0.0309909, 0.00433959]
    ],
    "M_C2_M M_C2H1_M": [
        [-0.239809, 0.0378688, 0.00530269]
    ],
    "M_C2_M M_C2H2_M": [
        [-0.368847, 0.0441685, 0.00618482]
    ],
    "M_C20_M M_C20H1_M": [
        [-0.407202, 0.0305203, 0.0042737]
    ],
    "M_C21_M M_C21H1_M": [
        [0.116164, 0.0164409, 0.00230219]
    ],
    "M_C21_M M_C21H2_M": [
        [0.115174, 0.0154533, 0.00216389]
    ],
    "M_C21_M M_C21H3_M": [
        [0.115606, 0.0166152, 0.0023266]
    ],
    "M_C22_M M_C22H1_M": [
        [-0.324552, 0.0610969, 0.00855528]
    ],
    "M_C22_M M_C22H2_M": [
        [-0.386678, 0.0434221, 0.00608031]
    ],
    "M_C23_M M_C23H1_M": [
        [-0.265904, 0.058056, 0.00812947]
    ],
    "M_C23_M M_C23H2_M": [
        [-0.373177, 0.0380534, 0.00532854]
    ],
    "M_C24_M M_C24H1_M": [
        [-0.259311, 0.047499, 0.00665118]
    ],
    "M_C24_M M_C24H2_M": [
        [-0.327352, 0.0363499, 0.00509]
    ],
    "M_C25_M M_C25H1_M": [
        [-0.203092, 0.0394559, 0.00552493]
    ],
    "M_C26_M M_C26H1_M": [
        [0.0189792, 0.0119737, 0.00167665]
    ],
    "M_C26_M M_C26H2_M": [
        [0.0196993, 0.0142197, 0.00199115]
    ],
    "M_C26_M M_C26H3_M": [
        [0.0191565, 0.0135536, 0.00189789]
    ],
    "M_C27_M M_C27H1_M": [
        [0.0226989, 0.0144864, 0.0020285]
    ],
    "M_C27_M M_C27H2_M": [
        [0.0179051, 0.0146214, 0.00204741]
    ],
    "M_C27_M M_C27H3_M": [
        [0.0201714, 0.0127893, 0.00179085]
    ]
}