{
    "M_G1_M M_G1H1_M": [
        [-0.118459, 0.174969, 0.0142388]
    ],
    "M_G1_M M_G1H2_M": [
        [-0.0187055, 0.14164, 0.0115265]
    ],
    "M_G1C3_M M_G1C3H1_M": [
        [-0.235668, 0.102589, 0.00834858]
    ],
    "M_G1C3_M M_G1C3H2_M": [
        [-0.23317, 0.0756567, 0.00615685]
    ],
    "M_G1C4_M M_G1C4H1_M": [
        [-0.234255, 0.0641456, 0.0052201]
    ],
    "M_G1C4_M M_G1C4H2_M": [
        [-0.236954, 0.0633873, 0.00515839]
    ],
    "M_G1C5_M M_G1C5H1_M": [
        [-0.268466, 0.0594963, 0.00484174]
    ],
    "M_G1C5_M M_G1C5H2_M": [
        [-0.267225, 0.0615978, 0.00501276]
    ],
    "M_G1C6_M M_G1C6H1_M": [
        [-0.286207, 0.0564319, 0.00459236]
    ],
    "M_G1C6_M M_G1C6H2_M": [
        [-0.282914, 0.0607534, 0.00494404]
    ],
    "M_G1C7_M M_G1C7H1_M": [
        [-0.300833, 0.0553372, 0.00450328]
    ],
    "M_G1C7_M M_G1C7H2_M": [
        [-0.295805, 0.0589029, 0.00479345]
    ],
    "M_G1C8_M M_G1C8H1_M": [
        [-0.299604, 0.0563565, 0.00458623]
    ],
    "M_G1C8_M M_G1C8H2_M": [
        [-0.298266, 0.0574874, 0.00467826]
    ],
    "M_G1C9_M M_G1C9H1_M": [
        [-0.299379, 0.0572014, 0.00465498]
    ],
    "M_G1C9_M M_G1C9H2_M": [
        [-0.298545, 0.053245, 0.00433302]
    ],
    "M_G1C10_M M_G1C10H1_M": [
        [-0.290433, 0.057283, 0.00466162]
    ],
    "M_G1C10_M M_G1C10H2_M": [
        [-0.28938, 0.0555515, 0.00452072]
    ],
    "M_G1C11_M M_G1C11H1_M": [
        [-0.283492, 0.0569065, 0.00463098]
    ],
    "M_G1C11_M M_G1C11H2_M": [
        [-0.280301, 0.0595678, 0.00484756]
    ],
    "M_G1C12_M M_G1C12H1_M": [
        [-0.265984, 0.0551403, 0.00448725]
    ],
    "M_G1C12_M M_G1C12H2_M": [
        [-0.263366, 0.0571673, 0.00465221]
    ],
    "M_G1C13_M M_G1C13H1_M": [
        [-0.245748, 0.054474, 0.00443303]
    ],
    "M_G1C13_M M_G1C13H2_M": [
        [-0.246277, 0.0572558, 0.00465941]
    ],
    "M_G1C14_M M_G1C14H1_M": [
        [-0.220496, 0.05661, 0.00460685]
    ],
    "M_G1C14_M M_G1C14H2_M": [
        [-0.219327, 0.0529829, 0.00431169]
    ],
    "M_G1C15_M M_G1C15H1_M": [
        [-0.187892, 0.0520774, 0.004238]
    ],
    "M_G1C15_M M_G1C15H2_M": [
        [-0.190166, 0.0507432, 0.00412942]
    ],
    "M_G1C16_M M_G1C16H1_M": [
        [-0.145916, 0.0472893, 0.00384835]
    ],
    "M_G1C16_M M_G1C16H2_M": [
        [-0.14041, 0.045349, 0.00369045]
    ],
    "M_G1C17_M M_G1C17H1_M": [
        [-0.0478837, 0.0328714, 0.00267504]
    ],
    "M_G1C17_M M_G1C17H2_M": [
        [-0.0357565, 0.0332453, 0.00270547]
    ],
    "M_G1C17_M M_G1C17H3_M": [
        [-0.0459456, 0.031144, 0.00253447]
    ],
    "M_G2_M M_G2H1_M": [
        [-0.174058, 0.12119, 0.00986233]
    ],
    "M_G2C3_M M_G2C3H1_M": [
        [-0.10535, 0.11452, 0.00931949]
    ],
    "M_G2C3_M M_G2C3H2_M": [
        [-0.156359, 0.093864, 0.00763854]
    ],
    "M_G2C4_M M_G2C4H1_M": [
        [-0.252449, 0.0757255, 0.00616245]
    ],
    "M_G2C4_M M_G2C4H2_M": [
        [-0.251903, 0.0590607, 0.00480629]
    ],
    "M_G2C5_M M_G2C5H1_M": [
        [-0.254587, 0.0708042, 0.00576197]
    ],
    "M_G2C5_M M_G2C5H2_M": [
        [-0.25733, 0.0565887, 0.00460512]
    ],
    "M_G2C6_M M_G2C6H1_M": [
        [-0.273693, 0.0655632, 0.00533546]
    ],
    "M_G2C6_M M_G2C6H2_M": [
        [-0.274954, 0.0590302, 0.00480381]
    ],
    "M_G2C7_M M_G2C7H1_M": [
        [-0.249073, 0.066735, 0.00543082]
    ],
    "M_G2C7_M M_G2C7H2_M": [
        [-0.257754, 0.0620813, 0.0050521]
    ],
    "M_G2C8_M M_G2C8H1_M": [
        [-0.242139, 0.0613188, 0.00499005]
    ],
    "M_G2C8_M M_G2C8H2_M": [
        [-0.2438, 0.0640281, 0.00521054]
    ],
    "M_G2C9_M M_G2C9H1_M": [
        [-0.129715, 0.0784179, 0.00638156]
    ],
    "M_G2C9_M M_G2C9H2_M": [
        [-0.129412, 0.0693037, 0.00563986]
    ],
    "M_G2C10_M M_G2C10H1_M": [
        [-0.0503436, 0.0816049, 0.00664091]
    ],
    "M_G2C11_M M_G2C11H1_M": [
        [-0.10586, 0.0677014, 0.00550946]
    ],
    "M_G2C12_M M_G2C12H1_M": [
        [-0.15008, 0.0597816, 0.00486496]
    ],
    "M_G2C12_M M_G2C12H2_M": [
        [-0.147652, 0.0688352, 0.00560173]
    ],
    "M_G2C13_M M_G2C13H1_M": [
        [-0.201233, 0.0647331, 0.0052679]
    ],
    "M_G2C13_M M_G2C13H2_M": [
        [-0.201747, 0.0628983, 0.00511859]
    ],
    "M_G2C14_M M_G2C14H1_M": [
        [-0.209839, 0.0629504, 0.00512283]
    ],
    "M_G2C14_M M_G2C14H2_M": [
        [-0.213319, 0.0631531, 0.00513933]
    ],
    "M_G2C15_M M_G2C15H1_M": [
        [-0.215348, 0.0587798, 0.00478343]
    ],
    "M_G2C15_M M_G2C15H2_M": [
        [-0.215637, 0.0633464, 0.00515506]
    ],
    "M_G2C16_M M_G2C16H1_M": [
        [-0.197124, 0.0570048, 0.00463899]
    ],
    "M_G2C16_M M_G2C16H2_M": [
        [-0.193297, 0.0624986, 0.00508606]
    ],
    "M_G2C17_M M_G2C17H1_M": [
        [-0.179671, 0.0527456, 0.00429238]
    ],
    "M_G2C17_M M_G2C17H2_M": [
        [-0.173114, 0.0594168, 0.00483527]
    ],
    "M_G2C18_M M_G2C18H1_M": [
        [-0.136955, 0.0467412, 0.00380375]
    ],
    "M_G2C18_M M_G2C18H2_M": [
        [-0.132462, 0.0493306, 0.00401447]
    ],
    "M_G2C19_M M_G2C19H1_M": [
        [-0.0514682, 0.0323551, 0.00263302]
    ],
    "M_G2C19_M M_G2C19H2_M": [
        [-0.0455446, 0.0314791, 0.00256173]
    ],
    "M_G2C19_M M_G2C19H3_M": [
        [-0.0416753, 0.0321992, 0.00262033]
    ],
    "M_G3_M M_G3H1_M": [
        [-0.175591, 0.119181, 0.00969883]
    ],
    "M_G3_M M_G3H2_M": [
        [-0.193032, 0.111857, 0.00910282]
    ],
    "M_G3C4_M M_G3C4H1_M": [
        [0.024078, 0.089777, 0.00730595]
    ],
    "M_G3C4_M M_G3C4H2_M": [
        [0.0393675, 0.0930137, 0.00756935]
    ],
    "M_G3C5_M M_G3C5H1_M": [
        [-0.0937901, 0.0719661, 0.00585652]
    ],
    "M_G3C5_M M_G3C5H2_M": [
        [-0.0841161, 0.0733751, 0.00597118]
    ],
    "M_G3N6C1_M M_G3N6C1H1_M": [
        [0.017143, 0.0436864, 0.00355515]
    ],
    "M_G3N6C1_M M_G3N6C1H2_M": [
        [0.0122719, 0.0435536, 0.00354434]
    ],
    "M_G3N6C1_M M_G3N6C1H3_M": [
        [0.0181914, 0.0438032, 0.00356465]
    ],
    "M_G3N6C2_M M_G3N6C2H1_M": [
        [0.00700356, 0.0408865, 0.0033273]
    ],
    "M_G3N6C2_M M_G3N6C2H2_M": [
        [0.0163232, 0.0476007, 0.00387369]
    ],
    "M_G3N6C2_M M_G3N6C2H3_M": [
        [0.013098, 0.0444139, 0.00361435]
    ],
    "M_G3N6C3_M M_G3N6C3H1_M": [
        [0.0121042, 0.0449024, 0.00365411]
    ],
    "M_G3N6C3_M M_G3N6C3H2_M": [
        [0.00565578, 0.0442591, 0.00360176]
    ],
    "M_G3N6C3_M M_G3N6C3H3_M": [
        [0.0237984, 0.0427871, 0.00348196]
    ]
}