{
    "M_G1_M M_G1H1_M": [
        [-0.0730505, 0.208476, 0.0213892]
    ],
    "M_G1_M M_G1H2_M": [
        [-0.055684, 0.155673, 0.0159717]
    ],
    "M_G2_M M_G2H1_M": [
        [-0.111815, 0.175297, 0.0179851]
    ],
    "M_G3_M M_G3H1_M": [
        [-0.151376, 0.153678, 0.015767]
    ],
    "M_G3_M M_G3H2_M": [
        [-0.180952, 0.13464, 0.0138138]
    ],
    "M_G3C4_M M_G3C4H1_M": [
        [0.0700053, 0.0783088, 0.00803432]
    ],
    "M_G3C4_M M_G3C4H2_M": [
        [0.0923012, 0.0777694, 0.00797898]
    ],
    "M_G3C5_M M_G3C5H1_M": [
        [-0.0111852, 0.0720529, 0.00739247]
    ],
    "M_G3C5_M M_G3C5H2_M": [
        [-0.0117021, 0.0609652, 0.0062549]
    ],
    "M_G1C3_M M_G1C3H1_M": [
        [-0.239898, 0.0993458, 0.0101927]
    ],
    "M_G1C3_M M_G1C3H2_M": [
        [-0.235446, 0.0855275, 0.00877493]
    ],
    "M_G1C4_M M_G1C4H1_M": [
        [-0.24848, 0.0648745, 0.00665598]
    ],
    "M_G1C4_M M_G1C4H2_M": [
        [-0.254641, 0.0583163, 0.00598313]
    ],
    "M_G1C5_M M_G1C5H1_M": [
        [-0.273013, 0.0561164, 0.00575742]
    ],
    "M_G1C5_M M_G1C5H2_M": [
        [-0.278083, 0.0602376, 0.00618025]
    ],
    "M_G1C6_M M_G1C6H1_M": [
        [-0.288201, 0.0510624, 0.00523889]
    ],
    "M_G1C6_M M_G1C6H2_M": [
        [-0.287832, 0.0592299, 0.00607686]
    ],
    "M_G1C7_M M_G1C7H1_M": [
        [-0.299936, 0.0549303, 0.00563573]
    ],
    "M_G1C7_M M_G1C7H2_M": [
        [-0.297624, 0.0591244, 0.00606603]
    ],
    "M_G1C8_M M_G1C8H1_M": [
        [-0.302337, 0.0565714, 0.00580411]
    ],
    "M_G1C8_M M_G1C8H2_M": [
        [-0.299944, 0.0632573, 0.00649006]
    ],
    "M_G1C9_M M_G1C9H1_M": [
        [-0.300058, 0.0619003, 0.00635083]
    ],
    "M_G1C9_M M_G1C9H2_M": [
        [-0.297737, 0.0599101, 0.00614665]
    ],
    "M_G1C10_M M_G1C10H1_M": [
        [-0.287249, 0.0645681, 0.00662455]
    ],
    "M_G1C10_M M_G1C10H2_M": [
        [-0.287617, 0.0633312, 0.00649764]
    ],
    "M_G1C11_M M_G1C11H1_M": [
        [-0.273285, 0.0628471, 0.00644798]
    ],
    "M_G1C11_M M_G1C11H2_M": [
        [-0.275492, 0.0662703, 0.00679919]
    ],
    "M_G1C12_M M_G1C12H1_M": [
        [-0.256087, 0.0635918, 0.00652438]
    ],
    "M_G1C12_M M_G1C12H2_M": [
        [-0.256392, 0.0643158, 0.00659866]
    ],
    "M_G1C13_M M_G1C13H1_M": [
        [-0.234366, 0.0623746, 0.0063995]
    ],
    "M_G1C13_M M_G1C13H2_M": [
        [-0.236049, 0.0631669, 0.00648079]
    ],
    "M_G1C14_M M_G1C14H1_M": [
        [-0.207007, 0.0612926, 0.00628849]
    ],
    "M_G1C14_M M_G1C14H2_M": [
        [-0.207893, 0.0575012, 0.0058995]
    ],
    "M_G1C15_M M_G1C15H1_M": [
        [-0.173981, 0.0555848, 0.00570288]
    ],
    "M_G1C15_M M_G1C15H2_M": [
        [-0.177784, 0.0490387, 0.00503126]
    ],
    "M_G1C16_M M_G1C16H1_M": [
        [-0.134142, 0.0457111, 0.00468986]
    ],
    "M_G1C16_M M_G1C16H2_M": [
        [-0.137037, 0.0464181, 0.00476239]
    ],
    "M_G1C17_M M_G1C17H1_M": [
        [-0.0426701, 0.0285309, 0.00292721]
    ],
    "M_G1C17_M M_G1C17H2_M": [
        [-0.039966, 0.0337792, 0.00346568]
    ],
    "M_G1C17_M M_G1C17H3_M": [
        [-0.0384783, 0.0360053, 0.00369407]
    ],
    "M_G2C3_M M_G2C3H1_M": [
        [-0.0932511, 0.137984, 0.0141569]
    ],
    "M_G2C3_M M_G2C3H2_M": [
        [-0.142957, 0.0931197, 0.00955388]
    ],
    "M_G2C4_M M_G2C4H1_M": [
        [-0.250361, 0.0758437, 0.0077814]
    ],
    "M_G2C4_M M_G2C4H2_M": [
        [-0.252209, 0.0749745, 0.00769222]
    ],
    "M_G2C5_M M_G2C5H1_M": [
        [-0.257567, 0.0760016, 0.0077976]
    ],
    "M_G2C5_M M_G2C5H2_M": [
        [-0.260683, 0.0674823, 0.00692353]
    ],
    "M_G2C6_M M_G2C6H1_M": [
        [-0.276755, 0.0718619, 0.00737287]
    ],
    "M_G2C6_M M_G2C6H2_M": [
        [-0.277154, 0.0656029, 0.00673071]
    ],
    "M_G2C7_M M_G2C7H1_M": [
        [-0.261877, 0.0694874, 0.00712926]
    ],
    "M_G2C7_M M_G2C7H2_M": [
        [-0.259914, 0.0679315, 0.00696962]
    ],
    "M_G2C8_M M_G2C8H1_M": [
        [-0.246603, 0.0665369, 0.00682654]
    ],
    "M_G2C8_M M_G2C8H2_M": [
        [-0.24876, 0.0638598, 0.00655188]
    ],
    "M_G2C9_M M_G2C9H1_M": [
        [-0.143396, 0.0664566, 0.0068183]
    ],
    "M_G2C9_M M_G2C9H2_M": [
        [-0.141322, 0.0758716, 0.00778426]
    ],
    "M_G2C10_M M_G2C10H1_M": [
        [-0.0673167, 0.0799548, 0.00820319]
    ],
    "M_G2C11_M M_G2C11H1_M": [
        [-0.103048, 0.0661601, 0.00678788]
    ],
    "M_G2C12_M M_G2C12H1_M": [
        [-0.150263, 0.0601388, 0.00617011]
    ],
    "M_G2C12_M M_G2C12H2_M": [
        [-0.139431, 0.0726798, 0.00745679]
    ],
    "M_G2C13_M M_G2C13H1_M": [
        [-0.202531, 0.0584159, 0.00599334]
    ],
    "M_G2C13_M M_G2C13H2_M": [
        [-0.19991, 0.0563167, 0.00577797]
    ],
    "M_G2C14_M M_G2C14H1_M": [
        [-0.209316, 0.0576461, 0.00591437]
    ],
    "M_G2C14_M M_G2C14H2_M": [
        [-0.211076, 0.0567614, 0.00582359]
    ],
    "M_G2C15_M M_G2C15H1_M": [
        [-0.210969, 0.0591276, 0.00606636]
    ],
    "M_G2C15_M M_G2C15H2_M": [
        [-0.213988, 0.0527535, 0.0054124]
    ],
    "M_G2C16_M M_G2C16H1_M": [
        [-0.191713, 0.0526814, 0.005405]
    ],
    "M_G2C16_M M_G2C16H2_M": [
        [-0.187593, 0.0512426, 0.00525738]
    ],
    "M_G2C17_M M_G2C17H1_M": [
        [-0.172357, 0.04328, 0.00444043]
    ],
    "M_G2C17_M M_G2C17H2_M": [
        [-0.16805, 0.0486725, 0.00499369]
    ],
    "M_G2C18_M M_G2C18H1_M": [
        [-0.130715, 0.03907, 0.00400849]
    ],
    "M_G2C18_M M_G2C18H2_M": [
        [-0.126881, 0.0413859, 0.0042461]
    ],
    "M_G2C19_M M_G2C19H1_M": [
        [-0.0461626, 0.0333378, 0.00342039]
    ],
    "M_G2C19_M M_G2C19H2_M": [
        [-0.0420212, 0.0338548, 0.00347343]
    ],
    "M_G2C19_M M_G2C19H3_M": [
        [-0.0440198, 0.0344651, 0.00353605]
    ]
}