{
    "M_G1_M M_G1H1_M": [
        [-0.100373, 0.183366, 0.0420671]
    ],
    "M_G1_M M_G1H2_M": [
        [-0.0825872, 0.135394, 0.0310615]
    ],
    "M_G1C3_M M_G1C3H1_M": [
        [-0.259013, 0.060823, 0.0139538]
    ],
    "M_G1C3_M M_G1C3H2_M": [
        [-0.250217, 0.0708345, 0.0162506]
    ],
    "M_G1C4_M M_G1C4H1_M": [
        [-0.253061, 0.0716512, 0.0164379]
    ],
    "M_G1C4_M M_G1C4H2_M": [
        [-0.270122, 0.0554419, 0.0127192]
    ],
    "M_G1C5_M M_G1C5H1_M": [
        [-0.269039, 0.0706367, 0.0162052]
    ],
    "M_G1C5_M M_G1C5H2_M": [
        [-0.285017, 0.053182, 0.0122008]
    ],
    "M_G1C6_M M_G1C6H1_M": [
        [-0.281579, 0.0696468, 0.0159781]
    ],
    "M_G1C6_M M_G1C6H2_M": [
        [-0.280993, 0.0909129, 0.0208568]
    ],
    "M_G1C7_M M_G1C7H1_M": [
        [-0.283396, 0.0873263, 0.020034]
    ],
    "M_G1C7_M M_G1C7H2_M": [
        [-0.286252, 0.0744504, 0.0170801]
    ],
    "M_G1C8_M M_G1C8H1_M": [
        [-0.290762, 0.0805381, 0.0184767]
    ],
    "M_G1C8_M M_G1C8H2_M": [
        [-0.273427, 0.0981732, 0.0225225]
    ],
    "M_G1C9_M M_G1C9H1_M": [
        [-0.282623, 0.0952962, 0.0218625]
    ],
    "M_G1C9_M M_G1C9H2_M": [
        [-0.278817, 0.0854813, 0.0196107]
    ],
    "M_G1C10_M M_G1C10H1_M": [
        [-0.273186, 0.0850518, 0.0195122]
    ],
    "M_G1C10_M M_G1C10H2_M": [
        [-0.269967, 0.0632109, 0.0145016]
    ],
    "M_G1C11_M M_G1C11H1_M": [
        [-0.260488, 0.0727233, 0.0166839]
    ],
    "M_G1C11_M M_G1C11H2_M": [
        [-0.262876, 0.0586258, 0.0134497]
    ],
    "M_G1C12_M M_G1C12H1_M": [
        [-0.251134, 0.0757978, 0.0173892]
    ],
    "M_G1C12_M M_G1C12H2_M": [
        [-0.251871, 0.0513532, 0.0117812]
    ],
    "M_G1C13_M M_G1C13H1_M": [
        [-0.234172, 0.062427, 0.0143217]
    ],
    "M_G1C13_M M_G1C13H2_M": [
        [-0.238981, 0.0469158, 0.0107632]
    ],
    "M_G1C14_M M_G1C14H1_M": [
        [-0.218316, 0.0550934, 0.0126393]
    ],
    "M_G1C14_M M_G1C14H2_M": [
        [-0.222552, 0.0434337, 0.00996438]
    ],
    "M_G1C15_M M_G1C15H1_M": [
        [-0.189774, 0.0527089, 0.0120923]
    ],
    "M_G1C15_M M_G1C15H2_M": [
        [-0.193402, 0.0461333, 0.0105837]
    ],
    "M_G1C16_M M_G1C16H1_M": [
        [-0.148562, 0.0390799, 0.00896555]
    ],
    "M_G1C16_M M_G1C16H2_M": [
        [-0.143689, 0.0398337, 0.00913848]
    ],
    "M_G1C17_M M_G1C17H1_M": [
        [-0.0443939, 0.0253817, 0.00582297]
    ],
    "M_G1C17_M M_G1C17H2_M": [
        [-0.0489481, 0.0260749, 0.00598199]
    ],
    "M_G1C17_M M_G1C17H3_M": [
        [-0.0467717, 0.0299661, 0.00687469]
    ],
    "M_G2_M M_G2H1_M": [
        [-0.118988, 0.169352, 0.038852]
    ],
    "M_G2C3_M M_G2C3H1_M": [
        [-0.0842865, 0.138753, 0.0318321]
    ],
    "M_G2C3_M M_G2C3H2_M": [
        [-0.163047, 0.0803105, 0.0184245]
    ],
    "M_G2C4_M M_G2C4H1_M": [
        [-0.266534, 0.0450691, 0.0103396]
    ],
    "M_G2C4_M M_G2C4H2_M": [
        [-0.254742, 0.0557467, 0.0127892]
    ],
    "M_G2C5_M M_G2C5H1_M": [
        [-0.268821, 0.0483371, 0.0110893]
    ],
    "M_G2C5_M M_G2C5H2_M": [
        [-0.273198, 0.0449526, 0.0103128]
    ],
    "M_G2C6_M M_G2C6H1_M": [
        [-0.299056, 0.0638002, 0.0146368]
    ],
    "M_G2C6_M M_G2C6H2_M": [
        [-0.297483, 0.0446772, 0.0102496]
    ],
    "M_G2C7_M M_G2C7H1_M": [
        [-0.277343, 0.0598619, 0.0137333]
    ],
    "M_G2C7_M M_G2C7H2_M": [
        [-0.282917, 0.0479898, 0.0110096]
    ],
    "M_G2C8_M M_G2C8H1_M": [
        [-0.261996, 0.0614185, 0.0140904]
    ],
    "M_G2C8_M M_G2C8H2_M": [
        [-0.271302, 0.0508648, 0.0116692]
    ],
    "M_G2C9_M M_G2C9H1_M": [
        [-0.139908, 0.0615991, 0.0141318]
    ],
    "M_G2C9_M M_G2C9H2_M": [
        [-0.16203, 0.0686187, 0.0157422]
    ],
    "M_G2C10_M M_G2C10H1_M": [
        [-0.0649048, 0.0689826, 0.0158257]
    ],
    "M_G2C11_M M_G2C11H1_M": [
        [-0.118621, 0.065404, 0.0150047]
    ],
    "M_G2C12_M M_G2C12H1_M": [
        [-0.167283, 0.047788, 0.0109633]
    ],
    "M_G2C12_M M_G2C12H2_M": [
        [-0.157883, 0.0498592, 0.0114385]
    ],
    "M_G2C13_M M_G2C13H1_M": [
        [-0.224154, 0.035243, 0.00808529]
    ],
    "M_G2C13_M M_G2C13H2_M": [
        [-0.218919, 0.0372796, 0.00855253]
    ],
    "M_G2C14_M M_G2C14H1_M": [
        [-0.229814, 0.0373964, 0.00857932]
    ],
    "M_G2C14_M M_G2C14H2_M": [
        [-0.227663, 0.0398976, 0.00915313]
    ],
    "M_G2C15_M M_G2C15H1_M": [
        [-0.236807, 0.0356941, 0.00818878]
    ],
    "M_G2C15_M M_G2C15H2_M": [
        [-0.23295, 0.0342831, 0.00786508]
    ],
    "M_G2C16_M M_G2C16H1_M": [
        [-0.222261, 0.0309199, 0.0070935]
    ],
    "M_G2C16_M M_G2C16H2_M": [
        [-0.205462, 0.0419872, 0.00963252]
    ],
    "M_G2C17_M M_G2C17H1_M": [
        [-0.198578, 0.0316185, 0.00725378]
    ],
    "M_G2C17_M M_G2C17H2_M": [
        [-0.187038, 0.0359152, 0.00823951]
    ],
    "M_G2C18_M M_G2C18H1_M": [
        [-0.142517, 0.0437469, 0.0100362]
    ],
    "M_G2C18_M M_G2C18H2_M": [
        [-0.151296, 0.0271993, 0.00623996]
    ],
    "M_G2C19_M M_G2C19H1_M": [
        [-0.0498125, 0.0333439, 0.00764962]
    ],
    "M_G2C19_M M_G2C19H2_M": [
        [-0.0478019, 0.0305491, 0.00700845]
    ],
    "M_G2C19_M M_G2C19H3_M": [
        [-0.048921, 0.035462, 0.00813554]
    ],
    "M_G3_M M_G3H1_M": [
        [-0.144242, 0.130046, 0.0298347]
    ],
    "M_G3_M M_G3H2_M": [
        [-0.178648, 0.12709, 0.0291565]
    ],
    "M_G3C4_M M_G3C4H1_M": [
        [0.0440669, 0.131315, 0.0301257]
    ],
    "M_G3C4_M M_G3C4H2_M": [
        [-0.0528883, 0.108062, 0.024791]
    ],
    "M_G3C5_M M_G3C5H1_M": [
        [-0.0664602, 0.0982737, 0.0225455]
    ]
}