{"POPI": 0.23704478507128326, "POPC": 0.25574369549832443}