{
    "M_G1_M M_G1H1_M": [
        [-0.183962, 0.0399458, 0.00283168]
    ],
    "M_G1_M M_G1H2_M": [
        [-0.0148929, 0.0568863, 0.00403256]
    ],
    "M_G1C3_M M_G1C3H1_M": [
        [-0.279467, 0.0177775, 0.00126022]
    ],
    "M_G1C3_M M_G1C3H2_M": [
        [-0.265356, 0.0178136, 0.00126277]
    ],
    "M_G1C4_M M_G1C4H1_M": [
        [-0.262577, 0.016898, 0.00119786]
    ],
    "M_G1C4_M M_G1C4H2_M": [
        [-0.252587, 0.0171913, 0.00121866]
    ],
    "M_G1C5_M M_G1C5H1_M": [
        [-0.298184, 0.0163865, 0.00116161]
    ],
    "M_G1C5_M M_G1C5H2_M": [
        [-0.295095, 0.0162108, 0.00114916]
    ],
    "M_G1C6_M M_G1C6H1_M": [
        [-0.311282, 0.0177543, 0.00125857]
    ],
    "M_G1C6_M M_G1C6H2_M": [
        [-0.308831, 0.0179918, 0.0012754]
    ],
    "M_G1C7_M M_G1C7H1_M": [
        [-0.325677, 0.017698, 0.00125458]
    ],
    "M_G1C7_M M_G1C7H2_M": [
        [-0.324663, 0.0176013, 0.00124773]
    ],
    "M_G1C8_M M_G1C8H1_M": [
        [-0.325116, 0.0184563, 0.00130833]
    ],
    "M_G1C8_M M_G1C8H2_M": [
        [-0.324532, 0.0186116, 0.00131934]
    ],
    "M_G1C9_M M_G1C9H1_M": [
        [-0.326309, 0.0179336, 0.00127128]
    ],
    "M_G1C9_M M_G1C9H2_M": [
        [-0.326144, 0.0180591, 0.00128018]
    ],
    "M_G1C10_M M_G1C10H1_M": [
        [-0.315661, 0.0182567, 0.00129418]
    ],
    "M_G1C10_M M_G1C10H2_M": [
        [-0.315748, 0.0186046, 0.00131885]
    ],
    "M_G1C11_M M_G1C11H1_M": [
        [-0.307518, 0.0178735, 0.00126702]
    ],
    "M_G1C11_M M_G1C11H2_M": [
        [-0.307693, 0.0181181, 0.00128436]
    ],
    "M_G1C12_M M_G1C12H1_M": [
        [-0.288188, 0.018301, 0.00129732]
    ],
    "M_G1C12_M M_G1C12H2_M": [
        [-0.288081, 0.0187585, 0.00132975]
    ],
    "M_G1C13_M M_G1C13H1_M": [
        [-0.271164, 0.0182803, 0.00129586]
    ],
    "M_G1C13_M M_G1C13H2_M": [
        [-0.271471, 0.0183858, 0.00130334]
    ],
    "M_G1C14_M M_G1C14H1_M": [
        [-0.241176, 0.0187205, 0.00132706]
    ],
    "M_G1C14_M M_G1C14H2_M": [
        [-0.241141, 0.0187004, 0.00132563]
    ],
    "M_G1C15_M M_G1C15H1_M": [
        [-0.209053, 0.0172229, 0.0012209]
    ],
    "M_G1C15_M M_G1C15H2_M": [
        [-0.209082, 0.0173768, 0.00123181]
    ],
    "M_G1C16_M M_G1C16H1_M": [
        [-0.156135, 0.0152308, 0.00107968]
    ],
    "M_G1C16_M M_G1C16H2_M": [
        [-0.15596, 0.014867, 0.00105389]
    ],
    "M_G1C17_M M_G1C17H1_M": [
        [-0.0496057, 0.005708, 0.00040463]
    ],
    "M_G1C17_M M_G1C17H2_M": [
        [-0.0494375, 0.00615305, 0.000436178]
    ],
    "M_G1C17_M M_G1C17H3_M": [
        [-0.0495966, 0.0059028, 0.000418438]
    ],
    "M_G2_M M_G2H1_M": [
        [-0.208171, 0.0491938, 0.00348726]
    ],
    "M_G2C3_M M_G2C3H1_M": [
        [-0.113359, 0.0416517, 0.00295261]
    ],
    "M_G2C3_M M_G2C3H2_M": [
        [-0.156373, 0.0253623, 0.00179789]
    ],
    "M_G2C4_M M_G2C4H1_M": [
        [-0.265599, 0.0155045, 0.00109909]
    ],
    "M_G2C4_M M_G2C4H2_M": [
        [-0.258856, 0.0157537, 0.00111675]
    ],
    "M_G2C5_M M_G2C5H1_M": [
        [-0.274902, 0.0149075, 0.00105676]
    ],
    "M_G2C5_M M_G2C5H2_M": [
        [-0.274011, 0.0149861, 0.00106234]
    ],
    "M_G2C6_M M_G2C6H1_M": [
        [-0.297835, 0.0157439, 0.00111605]
    ],
    "M_G2C6_M M_G2C6H2_M": [
        [-0.295127, 0.015836, 0.00112259]
    ],
    "M_G2C7_M M_G2C7H1_M": [
        [-0.281105, 0.0178781, 0.00126735]
    ],
    "M_G2C7_M M_G2C7H2_M": [
        [-0.279799, 0.0177004, 0.00125475]
    ],
    "M_G2C8_M M_G2C8H1_M": [
        [-0.269982, 0.017209, 0.00121991]
    ],
    "M_G2C8_M M_G2C8H2_M": [
        [-0.26932, 0.0173203, 0.0012278]
    ],
    "M_G2C9_M M_G2C9H1_M": [
        [-0.172547, 0.0257376, 0.00182449]
    ],
    "M_G2C9_M M_G2C9H2_M": [
        [-0.171928, 0.02547, 0.00180552]
    ],
    "M_G2C10_M M_G2C10H1_M": [
        [-0.109396, 0.0162507, 0.00115198]
    ],
    "M_G2C11_M M_G2C11H1_M": [
        [-0.0928745, 0.0155836, 0.00110469]
    ],
    "M_G2C12_M M_G2C12H1_M": [
        [-0.15786, 0.0245801, 0.00174244]
    ],
    "M_G2C12_M M_G2C12H2_M": [
        [-0.157203, 0.0249219, 0.00176666]
    ],
    "M_G2C13_M M_G2C13H1_M": [
        [-0.23194, 0.0180158, 0.00127711]
    ],
    "M_G2C13_M M_G2C13H2_M": [
        [-0.231629, 0.0180164, 0.00127715]
    ],
    "M_G2C14_M M_G2C14H1_M": [
        [-0.243514, 0.0185537, 0.00131523]
    ],
    "M_G2C14_M M_G2C14H2_M": [
        [-0.243304, 0.0185316, 0.00131367]
    ],
    "M_G2C15_M M_G2C15H1_M": [
        [-0.248624, 0.0181315, 0.00128531]
    ],
    "M_G2C15_M M_G2C15H2_M": [
        [-0.248229, 0.0182387, 0.00129291]
    ],
    "M_G2C16_M M_G2C16H1_M": [
        [-0.225103, 0.0182303, 0.00129231]
    ],
    "M_G2C16_M M_G2C16H2_M": [
        [-0.225012, 0.0183039, 0.00129753]
    ],
    "M_G2C17_M M_G2C17H1_M": [
        [-0.201291, 0.017223, 0.0012209]
    ],
    "M_G2C17_M M_G2C17H2_M": [
        [-0.201091, 0.0174848, 0.00123947]
    ],
    "M_G2C18_M M_G2C18H1_M": [
        [-0.150665, 0.0144914, 0.00102727]
    ],
    "M_G2C18_M M_G2C18H2_M": [
        [-0.150794, 0.0149175, 0.00105747]
    ],
    "M_G2C19_M M_G2C19H1_M": [
        [-0.0520807, 0.00831187, 0.000589213]
    ],
    "M_G2C19_M M_G2C19H2_M": [
        [-0.0520305, 0.00891255, 0.000631794]
    ],
    "M_G2C19_M M_G2C19H3_M": [
        [-0.0525582, 0.00887796, 0.000629342]
    ],
    "M_G3_M M_G3H1_M": [
        [-0.174468, 0.0518373, 0.00367465]
    ],
    "M_G3_M M_G3H2_M": [
        [-0.191876, 0.0438178, 0.00310616]
    ],
    "M_G3C4_M M_G3C4H1_M": [
        [-0.0207266, 0.0494324, 0.00350417]
    ],
    "M_G3C4_M M_G3C4H2_M": [
        [-0.0241776, 0.0539768, 0.00382632]
    ],
    "M_G3C5_M M_G3C5H1_M": [
        [-0.125676, 0.0538726, 0.00381893]
    ],
    "M_G3C5_M M_G3C5H2_M": [
        [-0.126733, 0.054738, 0.00388028]
    ],
    "M_G3N6C1_M M_G3N6C1H1_M": [
        [0.0148637, 0.00771266, 0.000546736]
    ],
    "M_G3N6C1_M M_G3N6C1H2_M": [
        [0.0151567, 0.00825288, 0.000585031]
    ],
    "M_G3N6C1_M M_G3N6C1H3_M": [
        [0.0148842, 0.00769235, 0.000545296]
    ],
    "M_G3N6C2_M M_G3N6C2H1_M": [
        [0.0147512, 0.00809987, 0.000574185]
    ],
    "M_G3N6C2_M M_G3N6C2H2_M": [
        [0.0151935, 0.00755202, 0.000535348]
    ],
    "M_G3N6C2_M M_G3N6C2H3_M": [
        [0.0146778, 0.0074426, 0.000527592]
    ],
    "M_G3N6C3_M M_G3N6C3H1_M": [
        [0.0149398, 0.00809586, 0.000573901]
    ],
    "M_G3N6C3_M M_G3N6C3H2_M": [
        [0.0148999, 0.00839606, 0.000595181]
    ],
    "M_G3N6C3_M M_G3N6C3H3_M": [
        [0.0155525, 0.00855671, 0.000606569]
    ]
}