{
    "M_G1_M M_G1H1_M": [
        [-0.27061, 0.0232746, 0.000727688]
    ],
    "M_G1_M M_G1H2_M": [
        [0.0122376, 0.027461, 0.000858576]
    ],
    "M_G1C3_M M_G1C3H1_M": [
        [-0.255751, 0.0136399, 0.000426456]
    ],
    "M_G1C3_M M_G1C3H2_M": [
        [-0.245958, 0.015041, 0.00047026]
    ],
    "M_G1C4_M M_G1C4H1_M": [
        [-0.175679, 0.0147424, 0.000460925]
    ],
    "M_G1C4_M M_G1C4H2_M": [
        [-0.166047, 0.014948, 0.000467354]
    ],
    "M_G1C5_M M_G1C5H1_M": [
        [-0.199659, 0.0145111, 0.000453693]
    ],
    "M_G1C5_M M_G1C5H2_M": [
        [-0.195518, 0.0144969, 0.000453248]
    ],
    "M_G1C6_M M_G1C6H1_M": [
        [-0.18035, 0.0155708, 0.000486825]
    ],
    "M_G1C6_M M_G1C6H2_M": [
        [-0.178676, 0.0153306, 0.000479316]
    ],
    "M_G1C7_M M_G1C7H1_M": [
        [-0.191955, 0.0154414, 0.000482778]
    ],
    "M_G1C7_M M_G1C7H2_M": [
        [-0.190549, 0.0153451, 0.00047977]
    ],
    "M_G1C8_M M_G1C8H1_M": [
        [-0.172965, 0.0160407, 0.000501516]
    ],
    "M_G1C8_M M_G1C8H2_M": [
        [-0.172612, 0.0159861, 0.00049981]
    ],
    "M_G1C9_M M_G1C9H1_M": [
        [-0.172627, 0.0161593, 0.000505226]
    ],
    "M_G1C9_M M_G1C9H2_M": [
        [-0.172454, 0.0161492, 0.000504909]
    ],
    "M_G1C10_M M_G1C10H1_M": [
        [-0.151851, 0.0165454, 0.000517296]
    ],
    "M_G1C10_M M_G1C10H2_M": [
        [-0.151417, 0.0162368, 0.000507647]
    ],
    "M_G1C11_M M_G1C11H1_M": [
        [-0.146214, 0.0157134, 0.000491285]
    ],
    "M_G1C11_M M_G1C11H2_M": [
        [-0.145746, 0.0159042, 0.00049725]
    ],
    "M_G1C12_M M_G1C12H1_M": [
        [-0.12628, 0.01586, 0.000495867]
    ],
    "M_G1C12_M M_G1C12H2_M": [
        [-0.12565, 0.0157933, 0.000493781]
    ],
    "M_G1C13_M M_G1C13H1_M": [
        [-0.117757, 0.0152185, 0.000475811]
    ],
    "M_G1C13_M M_G1C13H2_M": [
        [-0.117553, 0.0149313, 0.000466832]
    ],
    "M_G1C14_M M_G1C14H1_M": [
        [-0.0977074, 0.0150046, 0.000469123]
    ],
    "M_G1C14_M M_G1C14H2_M": [
        [-0.0977263, 0.0150951, 0.000471951]
    ],
    "M_G1C15_M M_G1C15H1_M": [
        [-0.0861479, 0.0144923, 0.000453104]
    ],
    "M_G1C15_M M_G1C15H2_M": [
        [-0.086529, 0.0144994, 0.000453327]
    ],
    "M_G1C16_M M_G1C16H1_M": [
        [-0.0630448, 0.0150266, 0.000469811]
    ],
    "M_G1C16_M M_G1C16H2_M": [
        [-0.062184, 0.0149941, 0.000468796]
    ],
    "M_G1C17_M M_G1C17H1_M": [
        [-0.0228589, 0.0146251, 0.000457257]
    ],
    "M_G1C17_M M_G1C17H2_M": [
        [-0.0225542, 0.0146175, 0.00045702]
    ],
    "M_G1C17_M M_G1C17H3_M": [
        [-0.0215823, 0.0151796, 0.000474595]
    ],
    "M_G2_M M_G2H1_M": [
        [-0.242105, 0.030596, 0.000956592]
    ],
    "M_G2C3_M M_G2C3H1_M": [
        [-0.119697, 0.0177307, 0.000554356]
    ],
    "M_G2C3_M M_G2C3H2_M": [
        [-0.10024, 0.0246481, 0.000770631]
    ],
    "M_G2C4_M M_G2C4H1_M": [
        [-0.174456, 0.0163728, 0.000511899]
    ],
    "M_G2C4_M M_G2C4H2_M": [
        [-0.158968, 0.0179964, 0.000562662]
    ],
    "M_G2C5_M M_G2C5H1_M": [
        [-0.166075, 0.0169838, 0.000531003]
    ],
    "M_G2C5_M M_G2C5H2_M": [
        [-0.160246, 0.0166401, 0.000520256]
    ],
    "M_G2C6_M M_G2C6H1_M": [
        [-0.171609, 0.0168146, 0.000525713]
    ],
    "M_G2C6_M M_G2C6H2_M": [
        [-0.170077, 0.0166297, 0.000519932]
    ],
    "M_G2C7_M M_G2C7H1_M": [
        [-0.144471, 0.0166356, 0.000520116]
    ],
    "M_G2C7_M M_G2C7H2_M": [
        [-0.144872, 0.0166109, 0.000519344]
    ],
    "M_G2C8_M M_G2C8H1_M": [
        [-0.14009, 0.016332, 0.000510624]
    ],
    "M_G2C8_M M_G2C8H2_M": [
        [-0.141784, 0.0163863, 0.000512321]
    ],
    "M_G2C9_M M_G2C9H1_M": [
        [-0.0993965, 0.0153004, 0.000478372]
    ],
    "M_G2C9_M M_G2C9H2_M": [
        [-0.0993773, 0.0159206, 0.000497763]
    ],
    "M_G2C10_M M_G2C10H1_M": [
        [-0.0752047, 0.0156506, 0.00048932]
    ],
    "M_G2C11_M M_G2C11H1_M": [
        [0.0283486, 0.0170993, 0.000534615]
    ],
    "M_G2C12_M M_G2C12H1_M": [
        [-0.0300986, 0.0162231, 0.00050722]
    ],
    "M_G2C12_M M_G2C12H2_M": [
        [-0.0319678, 0.0164649, 0.000514781]
    ],
    "M_G2C13_M M_G2C13H1_M": [
        [-0.0708189, 0.0158668, 0.000496079]
    ],
    "M_G2C13_M M_G2C13H2_M": [
        [-0.0703044, 0.0163371, 0.000510782]
    ],
    "M_G2C14_M M_G2C14H1_M": [
        [-0.0786401, 0.0153162, 0.000478866]
    ],
    "M_G2C14_M M_G2C14H2_M": [
        [-0.0774356, 0.0152388, 0.000476445]
    ],
    "M_G2C15_M M_G2C15H1_M": [
        [-0.0866808, 0.0149791, 0.000468326]
    ],
    "M_G2C15_M M_G2C15H2_M": [
        [-0.0852671, 0.0148414, 0.000464019]
    ],
    "M_G2C16_M M_G2C16H1_M": [
        [-0.0805718, 0.0147051, 0.000459759]
    ],
    "M_G2C16_M M_G2C16H2_M": [
        [-0.08066, 0.0151254, 0.000472899]
    ],
    "M_G2C17_M M_G2C17H1_M": [
        [-0.073747, 0.0144209, 0.000450873]
    ],
    "M_G2C17_M M_G2C17H2_M": [
        [-0.0739593, 0.0142517, 0.000445584]
    ],
    "M_G2C18_M M_G2C18H1_M": [
        [-0.0575568, 0.014596, 0.000456349]
    ],
    "M_G2C18_M M_G2C18H2_M": [
        [-0.0576585, 0.015138, 0.000473293]
    ],
    "M_G2C19_M M_G2C19H1_M": [
        [-0.0172906, 0.0149156, 0.000466341]
    ],
    "M_G2C19_M M_G2C19H2_M": [
        [-0.0170455, 0.0148043, 0.000462861]
    ],
    "M_G2C19_M M_G2C19H3_M": [
        [-0.0163509, 0.0156378, 0.00048892]
    ],
    "M_G3_M M_G3H1_M": [
        [-0.196478, 0.0328423, 0.00102682]
    ],
    "M_G3_M M_G3H2_M": [
        [-0.260643, 0.0289576, 0.000905367]
    ],
    "M_G3C4_M M_G3C4H1_M": [
        [0.159826, 0.027974, 0.000874615]
    ],
    "M_G3C4_M M_G3C4H2_M": [
        [0.169873, 0.0268018, 0.000837965]
    ],
    "M_G3C5_M M_G3C5H1_M": [
        [-0.00741725, 0.019653, 0.000614457]
    ],
    "M_G3C5_M M_G3C5H2_M": [
        [-0.00386, 0.0181076, 0.00056614]
    ],
    "M_G3N6C1_M M_G3N6C1H1_M": [
        [0.0137494, 0.0149469, 0.00046732]
    ],
    "M_G3N6C1_M M_G3N6C1H2_M": [
        [0.0146252, 0.0150792, 0.000471456]
    ],
    "M_G3N6C1_M M_G3N6C1H3_M": [
        [0.0133376, 0.0151516, 0.000473719]
    ],
    "M_G3N6C2_M M_G3N6C2H1_M": [
        [0.0142849, 0.0154387, 0.000482696]
    ],
    "M_G3N6C2_M M_G3N6C2H2_M": [
        [0.0137362, 0.0154826, 0.000484069]
    ],
    "M_G3N6C2_M M_G3N6C2H3_M": [
        [0.014226, 0.0149812, 0.000468392]
    ],
    "M_G3N6C3_M M_G3N6C3H1_M": [
        [0.0142217, 0.0152903, 0.000478057]
    ],
    "M_G3N6C3_M M_G3N6C3H2_M": [
        [0.0144457, 0.0155151, 0.000485083]
    ],
    "M_G3N6C3_M M_G3N6C3H3_M": [
        [0.0136148, 0.0150035, 0.000469087]
    ]
}