{
    "M_G1_M M_G1H1_M": [
        [-0.00527626, 0.165165, 0.00974939]
    ],
    "M_G1_M M_G1H2_M": [
        [-0.154073, 0.110823, 0.00654166]
    ],
    "M_G1C3_M M_G1C3H1_M": [
        [-0.232971, 0.0523565, 0.0030905]
    ],
    "M_G1C3_M M_G1C3H2_M": [
        [-0.214701, 0.0620633, 0.00366348]
    ],
    "M_G1C4_M M_G1C4H1_M": [
        [-0.183903, 0.0552134, 0.00325915]
    ],
    "M_G1C4_M M_G1C4H2_M": [
        [-0.204643, 0.0509483, 0.00300738]
    ],
    "M_G1C5_M M_G1C5H1_M": [
        [-0.218195, 0.0467929, 0.0027621]
    ],
    "M_G1C5_M M_G1C5H2_M": [
        [-0.210292, 0.0489178, 0.00288753]
    ],
    "M_G1C6_M M_G1C6H1_M": [
        [-0.199755, 0.0463464, 0.00273574]
    ],
    "M_G1C6_M M_G1C6H2_M": [
        [-0.201743, 0.0471852, 0.00278525]
    ],
    "M_G1C7_M M_G1C7H1_M": [
        [-0.193258, 0.0432347, 0.00255206]
    ],
    "M_G1C7_M M_G1C7H2_M": [
        [-0.194187, 0.0427845, 0.00252549]
    ],
    "M_G1C8_M M_G1C8H1_M": [
        [-0.174896, 0.0431646, 0.00254792]
    ],
    "M_G1C8_M M_G1C8H2_M": [
        [-0.176292, 0.0420698, 0.0024833]
    ],
    "M_G1C9_M M_G1C9H1_M": [
        [-0.14271, 0.0406333, 0.00239851]
    ],
    "M_G1C9_M M_G1C9H2_M": [
        [-0.142786, 0.0437285, 0.00258121]
    ],
    "M_G1C10_M M_G1C10H1_M": [
        [-0.124305, 0.0429635, 0.00253605]
    ],
    "M_G1C11_M M_G1C11H1_M": [
        [-0.0484464, 0.0426442, 0.00251721]
    ],
    "M_G1C12_M M_G1C12H1_M": [
        [-0.0571194, 0.0394277, 0.00232734]
    ],
    "M_G1C12_M M_G1C12H2_M": [
        [-0.056198, 0.0378674, 0.00223524]
    ],
    "M_G1C13_M M_G1C13H1_M": [
        [-0.0924533, 0.0333864, 0.00197074]
    ],
    "M_G1C13_M M_G1C13H2_M": [
        [-0.091662, 0.0338504, 0.00199813]
    ],
    "M_G1C14_M M_G1C14H1_M": [
        [-0.0839528, 0.030911, 0.00182462]
    ],
    "M_G1C14_M M_G1C14H2_M": [
        [-0.0834801, 0.0315715, 0.00186361]
    ],
    "M_G1C15_M M_G1C15H1_M": [
        [-0.0913372, 0.0294765, 0.00173994]
    ],
    "M_G1C15_M M_G1C15H2_M": [
        [-0.0922489, 0.0284625, 0.00168009]
    ],
    "M_G1C16_M M_G1C16H1_M": [
        [-0.076068, 0.0260011, 0.00153479]
    ],
    "M_G1C16_M M_G1C16H2_M": [
        [-0.0767361, 0.0260125, 0.00153547]
    ],
    "M_G1C17_M M_G1C17H1_M": [
        [-0.0705927, 0.0220067, 0.00129901]
    ],
    "M_G1C17_M M_G1C17H2_M": [
        [-0.0705104, 0.0223935, 0.00132185]
    ],
    "M_G1C18_M M_G1C18H1_M": [
        [-0.0496645, 0.0183236, 0.00108161]
    ],
    "M_G1C18_M M_G1C18H2_M": [
        [-0.0501865, 0.0182411, 0.00107674]
    ],
    "M_G1C19_M M_G1C19H1_M": [
        [-0.0188877, 0.00984518, 0.000581142]
    ],
    "M_G1C19_M M_G1C19H2_M": [
        [-0.0192985, 0.0104771, 0.000618441]
    ],
    "M_G1C19_M M_G1C19H3_M": [
        [-0.0191763, 0.0103315, 0.000609848]
    ],
    "M_G2_M M_G2H1_M": [
        [-0.001547, 0.157834, 0.00931664]
    ],
    "M_G2C3_M M_G2C3H1_M": [
        [-0.204407, 0.0679909, 0.00401338]
    ],
    "M_G2C3_M M_G2C3H2_M": [
        [-0.137409, 0.077409, 0.00456931]
    ],
    "M_G2C4_M M_G2C4H1_M": [
        [-0.225572, 0.0551691, 0.00325653]
    ],
    "M_G2C4_M M_G2C4H2_M": [
        [-0.161912, 0.065164, 0.00384651]
    ],
    "M_G2C5_M M_G2C5H1_M": [
        [-0.207462, 0.052694, 0.00311043]
    ],
    "M_G2C5_M M_G2C5H2_M": [
        [-0.189163, 0.0532306, 0.0031421]
    ],
    "M_G2C6_M M_G2C6H1_M": [
        [-0.201056, 0.0530923, 0.00313394]
    ],
    "M_G2C6_M M_G2C6H2_M": [
        [-0.193166, 0.0489718, 0.00289072]
    ],
    "M_G2C7_M M_G2C7H1_M": [
        [-0.179482, 0.04809, 0.00283866]
    ],
    "M_G2C7_M M_G2C7H2_M": [
        [-0.178182, 0.0457714, 0.0027018]
    ],
    "M_G2C8_M M_G2C8H1_M": [
        [-0.172383, 0.0444545, 0.00262407]
    ],
    "M_G2C8_M M_G2C8H2_M": [
        [-0.170542, 0.0470952, 0.00277994]
    ],
    "M_G2C9_M M_G2C9H1_M": [
        [-0.129093, 0.0426719, 0.00251884]
    ],
    "M_G2C9_M M_G2C9H2_M": [
        [-0.12577, 0.0437083, 0.00258002]
    ],
    "M_G2C10_M M_G2C10H1_M": [
        [-0.104622, 0.0487717, 0.0028789]
    ],
    "M_G2C11_M M_G2C11H1_M": [
        [-0.0167595, 0.0478507, 0.00282454]
    ],
    "M_G2C12_M M_G2C12H1_M": [
        [-0.0521298, 0.0428171, 0.00252741]
    ],
    "M_G2C12_M M_G2C12H2_M": [
        [-0.0527804, 0.0411013, 0.00242614]
    ],
    "M_G2C13_M M_G2C13H1_M": [
        [-0.0923773, 0.0360734, 0.00212935]
    ],
    "M_G2C13_M M_G2C13H2_M": [
        [-0.0934018, 0.0369877, 0.00218331]
    ],
    "M_G2C14_M M_G2C14H1_M": [
        [-0.0910524, 0.0311533, 0.00183892]
    ],
    "M_G2C14_M M_G2C14H2_M": [
        [-0.0922564, 0.0335694, 0.00198154]
    ],
    "M_G2C15_M M_G2C15H1_M": [
        [-0.0987709, 0.0279634, 0.00165063]
    ],
    "M_G2C15_M M_G2C15H2_M": [
        [-0.0994696, 0.0304138, 0.00179527]
    ],
    "M_G2C16_M M_G2C16H1_M": [
        [-0.0871137, 0.0250663, 0.00147962]
    ],
    "M_G2C16_M M_G2C16H2_M": [
        [-0.0866757, 0.0266489, 0.00157304]
    ],
    "M_G2C17_M M_G2C17H1_M": [
        [-0.0786028, 0.0217618, 0.00128456]
    ],
    "M_G2C17_M M_G2C17H2_M": [
        [-0.078341, 0.0231777, 0.00136814]
    ],
    "M_G2C18_M M_G2C18H1_M": [
        [-0.0579062, 0.0171874, 0.00101454]
    ],
    "M_G2C18_M M_G2C18H2_M": [
        [-0.0579733, 0.0175352, 0.00103507]
    ],
    "M_G2C19_M M_G2C19H1_M": [
        [-0.0189864, 0.0109094, 0.000643964]
    ],
    "M_G2C19_M M_G2C19H2_M": [
        [-0.0196567, 0.010441, 0.000616314]
    ],
    "M_G2C19_M M_G2C19H3_M": [
        [-0.0190614, 0.0106817, 0.000630521]
    ],
    "M_G3_M M_G3H1_M": [
        [-0.00439942, 0.147257, 0.00869233]
    ],
    "M_G3_M M_G3H2_M": [
        [0.0779873, 0.143344, 0.00846132]
    ],
    "M_G3C4_M M_G3C4H1_M": [
        [0.0317753, 0.0939883, 0.00554796]
    ],
    "M_G3C4_M M_G3C4H2_M": [
        [-0.0484755, 0.062802, 0.00370708]
    ],
    "M_G3C5_M M_G3C5H1_M": [
        [-0.0497848, 0.0656296, 0.00387399]
    ]
}