{
    "M_G1_M M_G1H1_M": [
        [-0.186204, 0.0612074, 0.00327636]
    ],
    "M_G1_M M_G1H2_M": [
        [-0.0296672, 0.0597733, 0.00319959]
    ],
    "M_G1C3_M M_G1C3H1_M": [
        [-0.240055, 0.03592, 0.00192275]
    ],
    "M_G1C3_M M_G1C3H2_M": [
        [-0.209459, 0.0399537, 0.00213867]
    ],
    "M_G1C4_M M_G1C4H1_M": [
        [-0.184136, 0.032288, 0.00172833]
    ],
    "M_G1C4_M M_G1C4H2_M": [
        [-0.171304, 0.030925, 0.00165538]
    ],
    "M_G1C5_M M_G1C5H1_M": [
        [-0.210647, 0.0303469, 0.00162443]
    ],
    "M_G1C5_M M_G1C5H2_M": [
        [-0.208455, 0.0297225, 0.00159101]
    ],
    "M_G1C6_M M_G1C6H1_M": [
        [-0.210155, 0.0316351, 0.00169339]
    ],
    "M_G1C6_M M_G1C6H2_M": [
        [-0.207424, 0.032494, 0.00173936]
    ],
    "M_G1C7_M M_G1C7H1_M": [
        [-0.221984, 0.0315757, 0.00169021]
    ],
    "M_G1C7_M M_G1C7H2_M": [
        [-0.220565, 0.0334397, 0.00178999]
    ],
    "M_G1C8_M M_G1C8H1_M": [
        [-0.212663, 0.0327624, 0.00175373]
    ],
    "M_G1C8_M M_G1C8H2_M": [
        [-0.21234, 0.0336002, 0.00179858]
    ],
    "M_G1C9_M M_G1C9H1_M": [
        [-0.212603, 0.0322596, 0.00172682]
    ],
    "M_G1C9_M M_G1C9H2_M": [
        [-0.21203, 0.0340599, 0.00182319]
    ],
    "M_G1C10_M M_G1C10H1_M": [
        [-0.198146, 0.0329846, 0.00176563]
    ],
    "M_G1C10_M M_G1C10H2_M": [
        [-0.197945, 0.0334539, 0.00179075]
    ],
    "M_G1C11_M M_G1C11H1_M": [
        [-0.191118, 0.0319129, 0.00170826]
    ],
    "M_G1C11_M M_G1C11H2_M": [
        [-0.190993, 0.031333, 0.00167722]
    ],
    "M_G1C12_M M_G1C12H1_M": [
        [-0.173299, 0.0295185, 0.00158009]
    ],
    "M_G1C12_M M_G1C12H2_M": [
        [-0.172812, 0.0289505, 0.00154969]
    ],
    "M_G1C13_M M_G1C13H1_M": [
        [-0.162212, 0.0263016, 0.00140789]
    ],
    "M_G1C13_M M_G1C13H2_M": [
        [-0.162881, 0.0261546, 0.00140002]
    ],
    "M_G1C14_M M_G1C14H1_M": [
        [-0.141955, 0.0232687, 0.00124554]
    ],
    "M_G1C14_M M_G1C14H2_M": [
        [-0.141449, 0.0229804, 0.00123011]
    ],
    "M_G1C15_M M_G1C15H1_M": [
        [-0.124183, 0.0192668, 0.00103133]
    ],
    "M_G1C15_M M_G1C15H2_M": [
        [-0.124052, 0.0194155, 0.00103929]
    ],
    "M_G1C16_M M_G1C16H1_M": [
        [-0.0947505, 0.0148012, 0.000792292]
    ],
    "M_G1C16_M M_G1C16H2_M": [
        [-0.094515, 0.015495, 0.000829427]
    ],
    "M_G1C17_M M_G1C17H1_M": [
        [-0.0321637, 0.00736748, 0.000394372]
    ],
    "M_G1C17_M M_G1C17H2_M": [
        [-0.0319137, 0.00727346, 0.000389339]
    ],
    "M_G1C17_M M_G1C17H3_M": [
        [-0.0319306, 0.00750523, 0.000401746]
    ],
    "M_G2_M M_G2H1_M": [
        [-0.197674, 0.0596455, 0.00319275]
    ],
    "M_G2C3_M M_G2C3H1_M": [
        [-0.0826393, 0.0468612, 0.00250842]
    ],
    "M_G2C3_M M_G2C3H2_M": [
        [-0.116218, 0.0381785, 0.00204365]
    ],
    "M_G2C4_M M_G2C4H1_M": [
        [-0.202712, 0.0353239, 0.00189085]
    ],
    "M_G2C4_M M_G2C4H2_M": [
        [-0.207541, 0.0339745, 0.00181862]
    ],
    "M_G2C5_M M_G2C5H1_M": [
        [-0.200366, 0.03282, 0.00175681]
    ],
    "M_G2C5_M M_G2C5H2_M": [
        [-0.203324, 0.0324881, 0.00173905]
    ],
    "M_G2C6_M M_G2C6H1_M": [
        [-0.211979, 0.0336215, 0.00179972]
    ],
    "M_G2C6_M M_G2C6H2_M": [
        [-0.21051, 0.0323134, 0.0017297]
    ],
    "M_G2C7_M M_G2C7H1_M": [
        [-0.188969, 0.031545, 0.00168856]
    ],
    "M_G2C7_M M_G2C7H2_M": [
        [-0.188085, 0.0315504, 0.00168885]
    ],
    "M_G2C8_M M_G2C8H1_M": [
        [-0.180344, 0.0304536, 0.00163015]
    ],
    "M_G2C8_M M_G2C8H2_M": [
        [-0.17949, 0.0303413, 0.00162413]
    ],
    "M_G2C9_M M_G2C9H1_M": [
        [-0.104132, 0.0296551, 0.0015874]
    ],
    "M_G2C9_M M_G2C9H2_M": [
        [-0.104787, 0.0276988, 0.00148268]
    ],
    "M_G2C10_M M_G2C10H1_M": [
        [-0.0586287, 0.0311132, 0.00166545]
    ],
    "M_G2C11_M M_G2C11H1_M": [
        [-0.04631, 0.027209, 0.00145646]
    ],
    "M_G2C12_M M_G2C12H1_M": [
        [-0.080795, 0.0269882, 0.00144465]
    ],
    "M_G2C12_M M_G2C12H2_M": [
        [-0.0822357, 0.0255457, 0.00136743]
    ],
    "M_G2C13_M M_G2C13H1_M": [
        [-0.124429, 0.0269628, 0.00144329]
    ],
    "M_G2C13_M M_G2C13H2_M": [
        [-0.12432, 0.0274773, 0.00147082]
    ],
    "M_G2C14_M M_G2C14H1_M": [
        [-0.131729, 0.0260704, 0.00139551]
    ],
    "M_G2C14_M M_G2C14H2_M": [
        [-0.131793, 0.0267281, 0.00143072]
    ],
    "M_G2C15_M M_G2C15H1_M": [
        [-0.137255, 0.025607, 0.00137071]
    ],
    "M_G2C15_M M_G2C15H2_M": [
        [-0.136899, 0.0254765, 0.00136373]
    ],
    "M_G2C16_M M_G2C16H1_M": [
        [-0.125891, 0.0225281, 0.0012059]
    ],
    "M_G2C16_M M_G2C16H2_M": [
        [-0.125623, 0.0220943, 0.00118268]
    ],
    "M_G2C17_M M_G2C17H1_M": [
        [-0.114255, 0.0192735, 0.00103169]
    ],
    "M_G2C17_M M_G2C17H2_M": [
        [-0.114024, 0.0194185, 0.00103945]
    ],
    "M_G2C18_M M_G2C18H1_M": [
        [-0.0897455, 0.0152013, 0.000813707]
    ],
    "M_G2C18_M M_G2C18H2_M": [
        [-0.0890804, 0.0150681, 0.000806576]
    ],
    "M_G2C19_M M_G2C19H1_M": [
        [-0.0301395, 0.00694482, 0.000371748]
    ],
    "M_G2C19_M M_G2C19H2_M": [
        [-0.0296242, 0.00715327, 0.000382906]
    ],
    "M_G2C19_M M_G2C19H3_M": [
        [-0.0299456, 0.00725457, 0.000388328]
    ],
    "M_G3_M M_G3H1_M": [
        [-0.2205, 0.0518971, 0.00277799]
    ],
    "M_G3_M M_G3H2_M": [
        [-0.236952, 0.0375706, 0.00201111]
    ],
    "M_G3C4_M M_G3C4H1_M": [
        [0.0451786, 0.0338148, 0.00181006]
    ],
    "M_G3C4_M M_G3C4H2_M": [
        [0.0361787, 0.0336086, 0.00179903]
    ],
    "M_G3C5_M M_G3C5H1_M": [
        [-0.0685099, 0.0289929, 0.00155196]
    ],
    "M_G3C5_M M_G3C5H2_M": [
        [-0.0690599, 0.0294751, 0.00157777]
    ],
    "M_G3N6C1_M M_G3N6C1H1_M": [
        [0.00958917, 0.0156157, 0.00083589]
    ],
    "M_G3N6C1_M M_G3N6C1H2_M": [
        [0.0100512, 0.015562, 0.000833012]
    ],
    "M_G3N6C1_M M_G3N6C1H3_M": [
        [0.0118123, 0.0155604, 0.000832931]
    ],
    "M_G3N6C2_M M_G3N6C2H1_M": [
        [0.01069, 0.0152632, 0.000817019]
    ],
    "M_G3N6C2_M M_G3N6C2H2_M": [
        [0.00968753, 0.0165747, 0.000887222]
    ],
    "M_G3N6C2_M M_G3N6C2H3_M": [
        [0.010787, 0.0155528, 0.000832521]
    ],
    "M_G3N6C3_M M_G3N6C3H1_M": [
        [0.0104745, 0.0154087, 0.00082481]
    ],
    "M_G3N6C3_M M_G3N6C3H2_M": [
        [0.010641, 0.0155909, 0.000834564]
    ],
    "M_G3N6C3_M M_G3N6C3H3_M": [
        [0.0101583, 0.0160718, 0.000860302]
    ]
}