{
    "M_G1_M M_G1H1_M": [
        [-0.176759, 0.0355952, 0.00357745]
    ],
    "M_G1_M M_G1H2_M": [
        [-0.024333, 0.0303372, 0.003049]
    ],
    "M_G1C3_M M_G1C3H1_M": [
        [-0.24782, 0.0187969, 0.00188916]
    ],
    "M_G1C3_M M_G1C3H2_M": [
        [-0.231391, 0.0227656, 0.00228803]
    ],
    "M_G1C4_M M_G1C4H1_M": [
        [-0.206837, 0.012344, 0.00124062]
    ],
    "M_G1C4_M M_G1C4H2_M": [
        [-0.198808, 0.0123468, 0.0012409]
    ],
    "M_G1C5_M M_G1C5H1_M": [
        [-0.232363, 0.011037, 0.00110926]
    ],
    "M_G1C5_M M_G1C5H2_M": [
        [-0.228787, 0.0107998, 0.00108542]
    ],
    "M_G1C6_M M_G1C6H1_M": [
        [-0.234785, 0.0107393, 0.00107934]
    ],
    "M_G1C6_M M_G1C6H2_M": [
        [-0.232324, 0.0107437, 0.00107978]
    ],
    "M_G1C7_M M_G1C7H1_M": [
        [-0.245826, 0.0116039, 0.00116623]
    ],
    "M_G1C7_M M_G1C7H2_M": [
        [-0.244332, 0.0109693, 0.00110245]
    ],
    "M_G1C8_M M_G1C8H1_M": [
        [-0.238066, 0.0114618, 0.00115195]
    ],
    "M_G1C8_M M_G1C8H2_M": [
        [-0.236526, 0.012496, 0.0012559]
    ],
    "M_G1C9_M M_G1C9H1_M": [
        [-0.23653, 0.0117125, 0.00117715]
    ],
    "M_G1C9_M M_G1C9H2_M": [
        [-0.235582, 0.0124225, 0.00124851]
    ],
    "M_G1C10_M M_G1C10H1_M": [
        [-0.219648, 0.0119895, 0.00120499]
    ],
    "M_G1C10_M M_G1C10H2_M": [
        [-0.218785, 0.0125443, 0.00126075]
    ],
    "M_G1C11_M M_G1C11H1_M": [
        [-0.210047, 0.0116869, 0.00117458]
    ],
    "M_G1C11_M M_G1C11H2_M": [
        [-0.209741, 0.0123998, 0.00124623]
    ],
    "M_G1C12_M M_G1C12H1_M": [
        [-0.186293, 0.0116549, 0.00117137]
    ],
    "M_G1C12_M M_G1C12H2_M": [
        [-0.18583, 0.0116394, 0.0011698]
    ],
    "M_G1C13_M M_G1C13H1_M": [
        [-0.170004, 0.0103712, 0.00104234]
    ],
    "M_G1C13_M M_G1C13H2_M": [
        [-0.169487, 0.0106856, 0.00107394]
    ],
    "M_G1C14_M M_G1C14H1_M": [
        [-0.142146, 0.0100014, 0.00100517]
    ],
    "M_G1C14_M M_G1C14H2_M": [
        [-0.141779, 0.0106529, 0.00107066]
    ],
    "M_G1C15_M M_G1C15H1_M": [
        [-0.120261, 0.0088189, 0.000886333]
    ],
    "M_G1C15_M M_G1C15H2_M": [
        [-0.120746, 0.00904937, 0.000909496]
    ],
    "M_G1C16_M M_G1C16H1_M": [
        [-0.0875177, 0.00714123, 0.00071772]
    ],
    "M_G1C16_M M_G1C16H2_M": [
        [-0.0878192, 0.0081745, 0.000821569]
    ],
    "M_G1C17_M M_G1C17H1_M": [
        [-0.0281518, 0.00468659, 0.00047102]
    ],
    "M_G1C17_M M_G1C17H2_M": [
        [-0.028047, 0.00452172, 0.00045445]
    ],
    "M_G1C17_M M_G1C17H3_M": [
        [-0.0288432, 0.00444431, 0.00044667]
    ],
    "M_G2_M M_G2H1_M": [
        [-0.207291, 0.0345768, 0.0034751]
    ],
    "M_G2C3_M M_G2C3H1_M": [
        [-0.0924716, 0.0253165, 0.0025444]
    ],
    "M_G2C3_M M_G2C3H2_M": [
        [-0.123414, 0.0187487, 0.00188432]
    ],
    "M_G2C4_M M_G2C4H1_M": [
        [-0.219864, 0.0160826, 0.00161637]
    ],
    "M_G2C4_M M_G2C4H2_M": [
        [-0.219269, 0.0149016, 0.00149767]
    ],
    "M_G2C5_M M_G2C5H1_M": [
        [-0.219552, 0.0146075, 0.00146811]
    ],
    "M_G2C5_M M_G2C5H2_M": [
        [-0.219612, 0.0132244, 0.0013291]
    ],
    "M_G2C6_M M_G2C6H1_M": [
        [-0.234509, 0.0140747, 0.00141456]
    ],
    "M_G2C6_M M_G2C6H2_M": [
        [-0.233649, 0.0132069, 0.00132735]
    ],
    "M_G2C7_M M_G2C7H1_M": [
        [-0.213164, 0.0121913, 0.00122528]
    ],
    "M_G2C7_M M_G2C7H2_M": [
        [-0.211804, 0.0129493, 0.00130145]
    ],
    "M_G2C8_M M_G2C8H1_M": [
        [-0.203484, 0.0119222, 0.00119822]
    ],
    "M_G2C8_M M_G2C8H2_M": [
        [-0.202555, 0.01223, 0.00122916]
    ],
    "M_G2C9_M M_G2C9H1_M": [
        [-0.121967, 0.0137598, 0.00138291]
    ],
    "M_G2C9_M M_G2C9H2_M": [
        [-0.121122, 0.012754, 0.00128182]
    ],
    "M_G2C10_M M_G2C10H1_M": [
        [-0.0759162, 0.01463, 0.00147037]
    ],
    "M_G2C11_M M_G2C11H1_M": [
        [-0.0601583, 0.0148908, 0.00149658]
    ],
    "M_G2C12_M M_G2C12H1_M": [
        [-0.093834, 0.0121674, 0.00122287]
    ],
    "M_G2C12_M M_G2C12H2_M": [
        [-0.0951685, 0.0139712, 0.00140415]
    ],
    "M_G2C13_M M_G2C13H1_M": [
        [-0.142108, 0.0114143, 0.00114718]
    ],
    "M_G2C13_M M_G2C13H2_M": [
        [-0.142799, 0.012416, 0.00124785]
    ],
    "M_G2C14_M M_G2C14H1_M": [
        [-0.146886, 0.0119608, 0.0012021]
    ],
    "M_G2C14_M M_G2C14H2_M": [
        [-0.146657, 0.0111854, 0.00112417]
    ],
    "M_G2C15_M M_G2C15H1_M": [
        [-0.14989, 0.0111248, 0.00111808]
    ],
    "M_G2C15_M M_G2C15H2_M": [
        [-0.148776, 0.0107799, 0.00108342]
    ],
    "M_G2C16_M M_G2C16H1_M": [
        [-0.13082, 0.00957371, 0.000962194]
    ],
    "M_G2C16_M M_G2C16H2_M": [
        [-0.12976, 0.00961956, 0.000966802]
    ],
    "M_G2C17_M M_G2C17H1_M": [
        [-0.115933, 0.00790275, 0.000794257]
    ],
    "M_G2C17_M M_G2C17H2_M": [
        [-0.115609, 0.00887082, 0.000891551]
    ],
    "M_G2C18_M M_G2C18H1_M": [
        [-0.0860773, 0.0068615, 0.000689607]
    ],
    "M_G2C18_M M_G2C18H2_M": [
        [-0.0865436, 0.00697284, 0.000700797]
    ],
    "M_G2C19_M M_G2C19H1_M": [
        [-0.0293245, 0.00397203, 0.000399205]
    ],
    "M_G2C19_M M_G2C19H2_M": [
        [-0.0285845, 0.004735, 0.000475885]
    ],
    "M_G2C19_M M_G2C19H3_M": [
        [-0.0285144, 0.00418101, 0.000420208]
    ],
    "M_G3_M M_G3H1_M": [
        [-0.174922, 0.0322016, 0.00323638]
    ],
    "M_G3_M M_G3H2_M": [
        [-0.204766, 0.0221891, 0.00223009]
    ],
    "M_G3C4_M M_G3C4H1_M": [
        [-0.0481588, 0.0180722, 0.00181633]
    ],
    "M_G3C4_M M_G3C4H2_M": [
        [-0.0413484, 0.0177402, 0.00178296]
    ],
    "M_G3C5_M M_G3C5H1_M": [
        [-0.132352, 0.012589, 0.00126524]
    ],
    "M_G3C5_M M_G3C5H2_M": [
        [-0.130433, 0.0145055, 0.00145786]
    ],
    "M_G3N6C1_M M_G3N6C1H1_M": [
        [0.014358, 0.00988818, 0.0009938]
    ],
    "M_G3N6C1_M M_G3N6C1H2_M": [
        [0.0127183, 0.0106992, 0.00107531]
    ],
    "M_G3N6C1_M M_G3N6C1H3_M": [
        [0.0162291, 0.0108641, 0.00109188]
    ],
    "M_G3N6C2_M M_G3N6C2H1_M": [
        [0.0141074, 0.0109672, 0.00110224]
    ],
    "M_G3N6C2_M M_G3N6C2H2_M": [
        [0.0124561, 0.010482, 0.00105348]
    ],
    "M_G3N6C2_M M_G3N6C2H3_M": [
        [0.0129873, 0.00995054, 0.00100007]
    ],
    "M_G3N6C3_M M_G3N6C3H1_M": [
        [0.0167214, 0.0105104, 0.00105634]
    ],
    "M_G3N6C3_M M_G3N6C3H2_M": [
        [0.014309, 0.0109293, 0.00109844]
    ],
    "M_G3N6C3_M M_G3N6C3H3_M": [
        [0.0148663, 0.0118478, 0.00119075]
    ]
}