{
    "M_G1_M M_G1H1_M": [
        [-0.157082, 0.01092, 0.00137579]
    ],
    "M_G1_M M_G1H2_M": [
        [-0.031309, 0.0146763, 0.00184904]
    ],
    "M_G1C3_M M_G1C3H1_M": [
        [-0.185832, 0.0129347, 0.00162962]
    ],
    "M_G1C3_M M_G1C3H2_M": [
        [-0.214956, 0.0102228, 0.00128795]
    ],
    "M_G1C4_M M_G1C4H1_M": [
        [-0.148323, 0.0125786, 0.00158475]
    ],
    "M_G1C4_M M_G1C4H2_M": [
        [-0.142995, 0.0127369, 0.0016047]
    ],
    "M_G1C5_M M_G1C5H1_M": [
        [-0.168131, 0.0126497, 0.00159371]
    ],
    "M_G1C5_M M_G1C5H2_M": [
        [-0.169539, 0.011033, 0.00139002]
    ],
    "M_G1C6_M M_G1C6H1_M": [
        [-0.164114, 0.0132415, 0.00166827]
    ],
    "M_G1C6_M M_G1C6H2_M": [
        [-0.164119, 0.0116001, 0.00146148]
    ],
    "M_G1C7_M M_G1C7H1_M": [
        [-0.162073, 0.0104614, 0.00131802]
    ],
    "M_G1C7_M M_G1C7H2_M": [
        [-0.160965, 0.0117026, 0.00147439]
    ],
    "M_G1C8_M M_G1C8H1_M": [
        [-0.144262, 0.012359, 0.00155709]
    ],
    "M_G1C8_M M_G1C8H2_M": [
        [-0.138794, 0.012291, 0.00154852]
    ],
    "M_G1C9_M M_G1C9H1_M": [
        [-0.103442, 0.0139087, 0.00175234]
    ],
    "M_G1C9_M M_G1C9H2_M": [
        [-0.108236, 0.0132399, 0.00166808]
    ],
    "M_G1C10_M M_G1C10H1_M": [
        [-0.0712675, 0.0124963, 0.00157439]
    ],
    "M_G1C11_M M_G1C11H1_M": [
        [-0.0538502, 0.0120775, 0.00152162]
    ],
    "M_G1C12_M M_G1C12H1_M": [
        [-0.0183728, 0.014411, 0.00181562]
    ],
    "M_G1C12_M M_G1C12H2_M": [
        [-0.0174183, 0.0114232, 0.00143919]
    ],
    "M_G1C13_M M_G1C13H1_M": [
        [-0.0297309, 0.0140216, 0.00176656]
    ],
    "M_G1C14_M M_G1C14H1_M": [
        [0.0210703, 0.0124795, 0.00157227]
    ],
    "M_G1C15_M M_G1C15H1_M": [
        [-0.0163302, 0.0125275, 0.00157832]
    ],
    "M_G1C15_M M_G1C15H2_M": [
        [-0.0183011, 0.0144634, 0.00182222]
    ],
    "M_G1C16_M M_G1C16H1_M": [
        [-0.0295526, 0.0139849, 0.00176193]
    ],
    "M_G1C16_M M_G1C16H2_M": [
        [-0.0324724, 0.0164491, 0.00207239]
    ],
    "M_G1C17_M M_G1C17H1_M": [
        [-0.0352198, 0.0134356, 0.00169273]
    ],
    "M_G1C17_M M_G1C17H2_M": [
        [-0.0322918, 0.0125734, 0.0015841]
    ],
    "M_G1C18_M M_G1C18H1_M": [
        [-0.0318982, 0.0133763, 0.00168526]
    ],
    "M_G1C18_M M_G1C18H2_M": [
        [-0.0332596, 0.0126554, 0.00159443]
    ],
    "M_G1C19_M M_G1C19H1_M": [
        [-0.0110678, 0.0154238, 0.00194321]
    ],
    "M_G1C19_M M_G1C19H2_M": [
        [-0.00634912, 0.0125981, 0.00158722]
    ],
    "M_G1C19_M M_G1C19H3_M": [
        [-0.00644844, 0.0126213, 0.00159014]
    ],
    "M_G2_M M_G2H1_M": [
        [-0.17469, 0.00944717, 0.00119023]
    ],
    "M_G2C3_M M_G2C3H1_M": [
        [-0.0765367, 0.0123661, 0.00155798]
    ],
    "M_G2C3_M M_G2C3H2_M": [
        [-0.0900941, 0.0117837, 0.0014846]
    ],
    "M_G2C4_M M_G2C4H1_M": [
        [-0.175409, 0.0127382, 0.00160486]
    ],
    "M_G2C4_M M_G2C4H2_M": [
        [-0.182519, 0.0108847, 0.00137135]
    ],
    "M_G2C5_M M_G2C5H1_M": [
        [-0.173704, 0.0127167, 0.00160215]
    ],
    "M_G2C5_M M_G2C5H2_M": [
        [-0.180447, 0.00966998, 0.0012183]
    ],
    "M_G2C6_M M_G2C6H1_M": [
        [-0.183227, 0.0125597, 0.00158237]
    ],
    "M_G2C6_M M_G2C6H2_M": [
        [-0.183153, 0.00944078, 0.00118943]
    ],
    "M_G2C7_M M_G2C7H1_M": [
        [-0.162791, 0.0115609, 0.00145654]
    ],
    "M_G2C7_M M_G2C7H2_M": [
        [-0.161663, 0.0114139, 0.00143801]
    ],
    "M_G2C8_M M_G2C8H1_M": [
        [-0.153003, 0.0125762, 0.00158445]
    ],
    "M_G2C8_M M_G2C8H2_M": [
        [-0.150814, 0.0109226, 0.00137612]
    ],
    "M_G2C9_M M_G2C9H1_M": [
        [-0.0904756, 0.0137841, 0.00173663]
    ],
    "M_G2C9_M M_G2C9H2_M": [
        [-0.0883013, 0.0125547, 0.00158175]
    ],
    "M_G2C10_M M_G2C10H1_M": [
        [-0.048727, 0.014346, 0.00180743]
    ],
    "M_G2C11_M M_G2C11H1_M": [
        [-0.029102, 0.0142671, 0.00179749]
    ],
    "M_G2C12_M M_G2C12H1_M": [
        [-0.0199212, 0.0159452, 0.00200891]
    ],
    "M_G2C12_M M_G2C12H2_M": [
        [-0.0215157, 0.0132362, 0.0016676]
    ],
    "M_G2C13_M M_G2C13H1_M": [
        [-0.0352972, 0.0141812, 0.00178666]
    ],
    "M_G2C14_M M_G2C14H1_M": [
        [0.000938313, 0.0121085, 0.00152553]
    ],
    "M_G2C15_M M_G2C15H1_M": [
        [-0.0287179, 0.0147592, 0.00185948]
    ],
    "M_G2C15_M M_G2C15H2_M": [
        [-0.0290962, 0.0128314, 0.0016166]
    ],
    "M_G2C16_M M_G2C16H1_M": [
        [-0.0471411, 0.0149647, 0.00188538]
    ],
    "M_G2C16_M M_G2C16H2_M": [
        [-0.0404101, 0.0137113, 0.00172747]
    ],
    "M_G2C17_M M_G2C17H1_M": [
        [-0.0443411, 0.0139026, 0.00175156]
    ],
    "M_G2C17_M M_G2C17H2_M": [
        [-0.0425351, 0.0145446, 0.00183245]
    ],
    "M_G2C18_M M_G2C18H1_M": [
        [-0.0387904, 0.0160936, 0.0020276]
    ],
    "M_G2C18_M M_G2C18H2_M": [
        [-0.0402859, 0.0124612, 0.00156996]
    ],
    "M_G2C19_M M_G2C19H1_M": [
        [-0.0114189, 0.0141525, 0.00178304]
    ],
    "M_G2C19_M M_G2C19H2_M": [
        [-0.0113121, 0.0153478, 0.00193364]
    ],
    "M_G2C19_M M_G2C19H3_M": [
        [-0.00551229, 0.0126132, 0.00158912]
    ],
    "M_G3_M M_G3H1_M": [
        [-0.217086, 0.0122699, 0.00154587]
    ],
    "M_G3_M M_G3H2_M": [
        [-0.241591, 0.00768592, 0.000968334]
    ],
    "M_G3C4_M M_G3C4H1_M": [
        [0.0393751, 0.0145237, 0.00182981]
    ],
    "M_G3C4_M M_G3C4H2_M": [
        [0.0362856, 0.014316, 0.00180365]
    ],
    "M_G3C5_M M_G3C5H1_M": [
        [-0.0559858, 0.0114797, 0.00144631]
    ],
    "M_G3C5_M M_G3C5H2_M": [
        [-0.0617554, 0.0137826, 0.00173644]
    ],
    "M_G3N6C1_M M_G3N6C1H1_M": [
        [0.00742324, 0.0157429, 0.00198342]
    ],
    "M_G3N6C1_M M_G3N6C1H2_M": [
        [0.00967792, 0.014992, 0.00188882]
    ],
    "M_G3N6C1_M M_G3N6C1H3_M": [
        [0.00978945, 0.0144389, 0.00181913]
    ],
    "M_G3N6C2_M M_G3N6C2H1_M": [
        [0.0097961, 0.0155733, 0.00196205]
    ],
    "M_G3N6C2_M M_G3N6C2H2_M": [
        [0.00877583, 0.0137886, 0.0017372]
    ],
    "M_G3N6C2_M M_G3N6C2H3_M": [
        [0.00661884, 0.0148459, 0.00187041]
    ],
    "M_G3N6C3_M M_G3N6C3H1_M": [
        [0.0111229, 0.0143688, 0.0018103]
    ],
    "M_G3N6C3_M M_G3N6C3H2_M": [
        [0.00519113, 0.0149741, 0.00188656]
    ],
    "M_G3N6C3_M M_G3N6C3H3_M": [
        [0.0097987, 0.0146098, 0.00184066]
    ]
}