{
    "M_G1_M M_G1H1_M": [
        [-0.180281, 0.056284, 0.00356685]
    ],
    "M_G1_M M_G1H2_M": [
        [-0.0356181, 0.0513554, 0.00325452]
    ],
    "M_G1C3_M M_G1C3H1_M": [
        [-0.240105, 0.0341829, 0.00216625]
    ],
    "M_G1C3_M M_G1C3H2_M": [
        [-0.210036, 0.0367243, 0.00232731]
    ],
    "M_G1C4_M M_G1C4H1_M": [
        [-0.187395, 0.0268206, 0.00169968]
    ],
    "M_G1C4_M M_G1C4H2_M": [
        [-0.17258, 0.0264237, 0.00167453]
    ],
    "M_G1C5_M M_G1C5H1_M": [
        [-0.214893, 0.0237997, 0.00150825]
    ],
    "M_G1C5_M M_G1C5H2_M": [
        [-0.213214, 0.0226544, 0.00143566]
    ],
    "M_G1C6_M M_G1C6H1_M": [
        [-0.217548, 0.0239252, 0.0015162]
    ],
    "M_G1C6_M M_G1C6H2_M": [
        [-0.215075, 0.0223326, 0.00141527]
    ],
    "M_G1C7_M M_G1C7H1_M": [
        [-0.230911, 0.0243506, 0.00154315]
    ],
    "M_G1C7_M M_G1C7H2_M": [
        [-0.229249, 0.0217943, 0.00138116]
    ],
    "M_G1C8_M M_G1C8H1_M": [
        [-0.223195, 0.023703, 0.00150212]
    ],
    "M_G1C8_M M_G1C8H2_M": [
        [-0.221277, 0.0222903, 0.00141259]
    ],
    "M_G1C9_M M_G1C9H1_M": [
        [-0.223608, 0.0232418, 0.00147289]
    ],
    "M_G1C9_M M_G1C9H2_M": [
        [-0.222742, 0.0234459, 0.00148583]
    ],
    "M_G1C10_M M_G1C10H1_M": [
        [-0.208766, 0.022604, 0.00143247]
    ],
    "M_G1C10_M M_G1C10H2_M": [
        [-0.207853, 0.0232501, 0.00147341]
    ],
    "M_G1C11_M M_G1C11H1_M": [
        [-0.201032, 0.0222669, 0.00141111]
    ],
    "M_G1C11_M M_G1C11H2_M": [
        [-0.201261, 0.0217477, 0.0013782]
    ],
    "M_G1C12_M M_G1C12H1_M": [
        [-0.182725, 0.0218671, 0.00138577]
    ],
    "M_G1C12_M M_G1C12H2_M": [
        [-0.18209, 0.020721, 0.00131314]
    ],
    "M_G1C13_M M_G1C13H1_M": [
        [-0.171357, 0.0203071, 0.00128691]
    ],
    "M_G1C13_M M_G1C13H2_M": [
        [-0.170056, 0.0191427, 0.00121312]
    ],
    "M_G1C14_M M_G1C14H1_M": [
        [-0.148182, 0.0184007, 0.0011661]
    ],
    "M_G1C14_M M_G1C14H2_M": [
        [-0.14732, 0.016785, 0.00106371]
    ],
    "M_G1C15_M M_G1C15H1_M": [
        [-0.130097, 0.015929, 0.00100946]
    ],
    "M_G1C15_M M_G1C15H2_M": [
        [-0.12857, 0.0153999, 0.000975928]
    ],
    "M_G1C16_M M_G1C16H1_M": [
        [-0.0989426, 0.014317, 0.000907304]
    ],
    "M_G1C16_M M_G1C16H2_M": [
        [-0.0965566, 0.013546, 0.00085844]
    ],
    "M_G1C17_M M_G1C17H1_M": [
        [-0.0330647, 0.0110934, 0.000703019]
    ],
    "M_G1C17_M M_G1C17H2_M": [
        [-0.0330221, 0.0114511, 0.000725687]
    ],
    "M_G1C17_M M_G1C17H3_M": [
        [-0.0329921, 0.00997696, 0.000632264]
    ],
    "M_G2_M M_G2H1_M": [
        [-0.199814, 0.0507433, 0.00321573]
    ],
    "M_G2C3_M M_G2C3H1_M": [
        [-0.0758196, 0.0387043, 0.00245278]
    ],
    "M_G2C3_M M_G2C3H2_M": [
        [-0.114164, 0.0334392, 0.00211912]
    ],
    "M_G2C4_M M_G2C4H1_M": [
        [-0.210082, 0.0261154, 0.00165499]
    ],
    "M_G2C4_M M_G2C4H2_M": [
        [-0.215703, 0.0245154, 0.0015536]
    ],
    "M_G2C5_M M_G2C5H1_M": [
        [-0.208966, 0.0237749, 0.00150667]
    ],
    "M_G2C5_M M_G2C5H2_M": [
        [-0.212071, 0.0231526, 0.00146724]
    ],
    "M_G2C6_M M_G2C6H1_M": [
        [-0.222881, 0.0238186, 0.00150944]
    ],
    "M_G2C6_M M_G2C6H2_M": [
        [-0.220318, 0.0236862, 0.00150105]
    ],
    "M_G2C7_M M_G2C7H1_M": [
        [-0.199492, 0.0227218, 0.00143994]
    ],
    "M_G2C7_M M_G2C7H2_M": [
        [-0.196339, 0.0239839, 0.00151992]
    ],
    "M_G2C8_M M_G2C8H1_M": [
        [-0.189394, 0.0226819, 0.00143741]
    ],
    "M_G2C8_M M_G2C8H2_M": [
        [-0.18815, 0.0234542, 0.00148635]
    ],
    "M_G2C9_M M_G2C9H1_M": [
        [-0.11029, 0.025493, 0.00161555]
    ],
    "M_G2C9_M M_G2C9H2_M": [
        [-0.109784, 0.0221299, 0.00140243]
    ],
    "M_G2C10_M M_G2C10H1_M": [
        [-0.06397, 0.026509, 0.00167994]
    ],
    "M_G2C11_M M_G2C11H1_M": [
        [-0.0517321, 0.0231948, 0.00146991]
    ],
    "M_G2C12_M M_G2C12H1_M": [
        [-0.0855283, 0.0243811, 0.00154509]
    ],
    "M_G2C12_M M_G2C12H2_M": [
        [-0.0855316, 0.0225757, 0.00143068]
    ],
    "M_G2C13_M M_G2C13H1_M": [
        [-0.132072, 0.0215289, 0.00136434]
    ],
    "M_G2C13_M M_G2C13H2_M": [
        [-0.133046, 0.022192, 0.00140636]
    ],
    "M_G2C14_M M_G2C14H1_M": [
        [-0.14015, 0.0214972, 0.00136233]
    ],
    "M_G2C14_M M_G2C14H2_M": [
        [-0.140784, 0.0225701, 0.00143032]
    ],
    "M_G2C15_M M_G2C15H1_M": [
        [-0.144421, 0.021246, 0.00134641]
    ],
    "M_G2C15_M M_G2C15H2_M": [
        [-0.145936, 0.0209842, 0.00132982]
    ],
    "M_G2C16_M M_G2C16H1_M": [
        [-0.132551, 0.0198259, 0.00125642]
    ],
    "M_G2C16_M M_G2C16H2_M": [
        [-0.13222, 0.0190379, 0.00120648]
    ],
    "M_G2C17_M M_G2C17H1_M": [
        [-0.120013, 0.0174401, 0.00110522]
    ],
    "M_G2C17_M M_G2C17H2_M": [
        [-0.120497, 0.0178309, 0.00112999]
    ],
    "M_G2C18_M M_G2C18H1_M": [
        [-0.0932199, 0.014079, 0.000892223]
    ],
    "M_G2C18_M M_G2C18H2_M": [
        [-0.0943963, 0.0146587, 0.000928958]
    ],
    "M_G2C19_M M_G2C19H1_M": [
        [-0.0306521, 0.0105761, 0.000670234]
    ],
    "M_G2C19_M M_G2C19H2_M": [
        [-0.0311067, 0.010047, 0.000636702]
    ],
    "M_G2C19_M M_G2C19H3_M": [
        [-0.0319946, 0.010235, 0.000648615]
    ],
    "M_G3_M M_G3H1_M": [
        [-0.227356, 0.042593, 0.00269922]
    ],
    "M_G3_M M_G3H2_M": [
        [-0.245308, 0.0335401, 0.00212552]
    ],
    "M_G3C4_M M_G3C4H1_M": [
        [0.0275642, 0.0318301, 0.00201715]
    ],
    "M_G3C4_M M_G3C4H2_M": [
        [0.0269439, 0.0349198, 0.00221296]
    ],
    "M_G3C5_M M_G3C5H1_M": [
        [-0.0912435, 0.0280207, 0.00177574]
    ],
    "M_G3C5_M M_G3C5H2_M": [
        [-0.0910604, 0.0280126, 0.00177523]
    ],
    "M_G3N6C1_M M_G3N6C1H1_M": [
        [0.0138286, 0.0150682, 0.000954911]
    ],
    "M_G3N6C1_M M_G3N6C1H2_M": [
        [0.0150685, 0.0156187, 0.000989795]
    ],
    "M_G3N6C1_M M_G3N6C1H3_M": [
        [0.0116366, 0.0148774, 0.000942818]
    ],
    "M_G3N6C2_M M_G3N6C2H1_M": [
        [0.0144674, 0.0150579, 0.000954254]
    ],
    "M_G3N6C2_M M_G3N6C2H2_M": [
        [0.0121317, 0.015915, 0.00100857]
    ],
    "M_G3N6C2_M M_G3N6C2H3_M": [
        [0.0130622, 0.0160021, 0.00101409]
    ],
    "M_G3N6C3_M M_G3N6C3H1_M": [
        [0.0120017, 0.0168992, 0.00107094]
    ],
    "M_G3N6C3_M M_G3N6C3H2_M": [
        [0.0129073, 0.0162226, 0.00102807]
    ],
    "M_G3N6C3_M M_G3N6C3H3_M": [
        [0.0127809, 0.0159627, 0.00101159]
    ]
}