{
    "M_G1_M M_G1H1_M": [
        [-0.188961, 0.0302899, 0.000947023]
    ],
    "M_G1_M M_G1H2_M": [
        [-0.0456808, 0.0305781, 0.000956031]
    ],
    "M_G1C3_M M_G1C3H1_M": [
        [-0.274262, 0.0178514, 0.000558129]
    ],
    "M_G1C3_M M_G1C3H2_M": [
        [-0.25016, 0.0202989, 0.00063465]
    ],
    "M_G1C4_M M_G1C4H1_M": [
        [-0.245637, 0.0210475, 0.000658055]
    ],
    "M_G1C4_M M_G1C4H2_M": [
        [-0.231183, 0.0213774, 0.000668371]
    ],
    "M_G1C5_M M_G1C5H1_M": [
        [-0.278312, 0.0212994, 0.00066593]
    ],
    "M_G1C5_M M_G1C5H2_M": [
        [-0.275367, 0.0212579, 0.000664633]
    ],
    "M_G1C6_M M_G1C6H1_M": [
        [-0.289078, 0.0235113, 0.000735087]
    ],
    "M_G1C6_M M_G1C6H2_M": [
        [-0.28648, 0.0230276, 0.000719963]
    ],
    "M_G1C7_M M_G1C7H1_M": [
        [-0.30404, 0.023118, 0.000722791]
    ],
    "M_G1C7_M M_G1C7H2_M": [
        [-0.302449, 0.0231304, 0.000723179]
    ],
    "M_G1C8_M M_G1C8H1_M": [
        [-0.302123, 0.0242349, 0.000757712]
    ],
    "M_G1C8_M M_G1C8H2_M": [
        [-0.300643, 0.0243016, 0.000759796]
    ],
    "M_G1C9_M M_G1C9H1_M": [
        [-0.302821, 0.0240147, 0.000750828]
    ],
    "M_G1C9_M M_G1C9H2_M": [
        [-0.302384, 0.0239859, 0.000749924]
    ],
    "M_G1C10_M M_G1C10H1_M": [
        [-0.290388, 0.0243573, 0.000761538]
    ],
    "M_G1C10_M M_G1C10H2_M": [
        [-0.290515, 0.0247376, 0.000773429]
    ],
    "M_G1C11_M M_G1C11H1_M": [
        [-0.281334, 0.0235437, 0.000736102]
    ],
    "M_G1C11_M M_G1C11H2_M": [
        [-0.28214, 0.0241719, 0.000755741]
    ],
    "M_G1C12_M M_G1C12H1_M": [
        [-0.261282, 0.023165, 0.00072426]
    ],
    "M_G1C12_M M_G1C12H2_M": [
        [-0.261373, 0.0240949, 0.000753332]
    ],
    "M_G1C13_M M_G1C13H1_M": [
        [-0.245082, 0.0225685, 0.000705609]
    ],
    "M_G1C13_M M_G1C13H2_M": [
        [-0.245794, 0.023288, 0.000728105]
    ],
    "M_G1C14_M M_G1C14H1_M": [
        [-0.21661, 0.0222481, 0.000695593]
    ],
    "M_G1C14_M M_G1C14H2_M": [
        [-0.216457, 0.0225329, 0.000704498]
    ],
    "M_G1C15_M M_G1C15H1_M": [
        [-0.188365, 0.0206308, 0.000645029]
    ],
    "M_G1C15_M M_G1C15H2_M": [
        [-0.188571, 0.0203242, 0.000635442]
    ],
    "M_G1C16_M M_G1C16H1_M": [
        [-0.141839, 0.0183236, 0.000572892]
    ],
    "M_G1C16_M M_G1C16H2_M": [
        [-0.140302, 0.0188618, 0.000589719]
    ],
    "M_G1C17_M M_G1C17H1_M": [
        [-0.0477065, 0.0156195, 0.000488347]
    ],
    "M_G1C17_M M_G1C17H2_M": [
        [-0.0458042, 0.0156024, 0.000487812]
    ],
    "M_G1C17_M M_G1C17H3_M": [
        [-0.0463952, 0.0155841, 0.000487242]
    ],
    "M_G2_M M_G2H1_M": [
        [-0.206413, 0.0267307, 0.000835742]
    ],
    "M_G2C3_M M_G2C3H1_M": [
        [-0.0794652, 0.0251993, 0.000787863]
    ],
    "M_G2C3_M M_G2C3H2_M": [
        [-0.138995, 0.020819, 0.000650911]
    ],
    "M_G2C4_M M_G2C4H1_M": [
        [-0.251653, 0.0190993, 0.000597143]
    ],
    "M_G2C4_M M_G2C4H2_M": [
        [-0.255105, 0.0178836, 0.000559136]
    ],
    "M_G2C5_M M_G2C5H1_M": [
        [-0.258068, 0.0203135, 0.000635108]
    ],
    "M_G2C5_M M_G2C5H2_M": [
        [-0.260592, 0.0191914, 0.000600026]
    ],
    "M_G2C6_M M_G2C6H1_M": [
        [-0.279139, 0.0219703, 0.000686909]
    ],
    "M_G2C6_M M_G2C6H2_M": [
        [-0.277315, 0.02123, 0.000663763]
    ],
    "M_G2C7_M M_G2C7H1_M": [
        [-0.259527, 0.0238427, 0.000745449]
    ],
    "M_G2C7_M M_G2C7H2_M": [
        [-0.258923, 0.0229782, 0.000718418]
    ],
    "M_G2C8_M M_G2C8H1_M": [
        [-0.2486, 0.023211, 0.000725698]
    ],
    "M_G2C8_M M_G2C8H2_M": [
        [-0.248203, 0.0228786, 0.000715306]
    ],
    "M_G2C9_M M_G2C9H1_M": [
        [-0.152527, 0.0217933, 0.000681373]
    ],
    "M_G2C9_M M_G2C9H2_M": [
        [-0.15102, 0.0221262, 0.000691781]
    ],
    "M_G2C10_M M_G2C10H1_M": [
        [-0.092701, 0.0209108, 0.000653783]
    ],
    "M_G2C11_M M_G2C11H1_M": [
        [-0.0798858, 0.01764, 0.000551521]
    ],
    "M_G2C12_M M_G2C12H1_M": [
        [-0.135915, 0.0214927, 0.000671977]
    ],
    "M_G2C12_M M_G2C12H2_M": [
        [-0.136111, 0.0208576, 0.00065212]
    ],
    "M_G2C13_M M_G2C13H1_M": [
        [-0.204715, 0.023914, 0.000747679]
    ],
    "M_G2C13_M M_G2C13H2_M": [
        [-0.204565, 0.0245485, 0.000767516]
    ],
    "M_G2C14_M M_G2C14H1_M": [
        [-0.215548, 0.0244486, 0.000764392]
    ],
    "M_G2C14_M M_G2C14H2_M": [
        [-0.216424, 0.0245913, 0.000768853]
    ],
    "M_G2C15_M M_G2C15H1_M": [
        [-0.221401, 0.0241035, 0.000753603]
    ],
    "M_G2C15_M M_G2C15H2_M": [
        [-0.22164, 0.0236275, 0.000738721]
    ],
    "M_G2C16_M M_G2C16H1_M": [
        [-0.202028, 0.0223671, 0.000699312]
    ],
    "M_G2C16_M M_G2C16H2_M": [
        [-0.201997, 0.0228909, 0.00071569]
    ],
    "M_G2C17_M M_G2C17H1_M": [
        [-0.18187, 0.0211443, 0.000661082]
    ],
    "M_G2C17_M M_G2C17H2_M": [
        [-0.182181, 0.0217315, 0.000679443]
    ],
    "M_G2C18_M M_G2C18H1_M": [
        [-0.138344, 0.0184334, 0.000576324]
    ],
    "M_G2C18_M M_G2C18H2_M": [
        [-0.138801, 0.0187799, 0.000587157]
    ],
    "M_G2C19_M M_G2C19H1_M": [
        [-0.04897, 0.0165653, 0.000517918]
    ],
    "M_G2C19_M M_G2C19H2_M": [
        [-0.0484398, 0.0162851, 0.000509159]
    ],
    "M_G2C19_M M_G2C19H3_M": [
        [-0.0483784, 0.0159316, 0.000498104]
    ],
    "M_G3_M M_G3H1_M": [
        [-0.219189, 0.0283232, 0.000885533]
    ],
    "M_G3_M M_G3H2_M": [
        [-0.237666, 0.0217129, 0.00067886]
    ],
    "M_G3C4_M M_G3C4H1_M": [
        [0.0336228, 0.0202616, 0.000633484]
    ],
    "M_G3C4_M M_G3C4H2_M": [
        [0.0333343, 0.0194483, 0.000608057]
    ],
    "M_G3C5_M M_G3C5H1_M": [
        [-0.074604, 0.017662, 0.000552206]
    ],
    "M_G3C5_M M_G3C5H2_M": [
        [-0.0757539, 0.0182997, 0.000572147]
    ],
    "M_G3N6C1_M M_G3N6C1H1_M": [
        [0.0121478, 0.0160267, 0.000501079]
    ],
    "M_G3N6C1_M M_G3N6C1H2_M": [
        [0.0116614, 0.0160463, 0.000501693]
    ],
    "M_G3N6C1_M M_G3N6C1H3_M": [
        [0.0115903, 0.0158023, 0.000494064]
    ],
    "M_G3N6C2_M M_G3N6C2H1_M": [
        [0.0116587, 0.0163523, 0.000511259]
    ],
    "M_G3N6C2_M M_G3N6C2H2_M": [
        [0.012075, 0.0160969, 0.000503275]
    ],
    "M_G3N6C2_M M_G3N6C2H3_M": [
        [0.0125992, 0.0162427, 0.000507832]
    ],
    "M_G3N6C3_M M_G3N6C3H1_M": [
        [0.0127899, 0.0156689, 0.000489894]
    ],
    "M_G3N6C3_M M_G3N6C3H2_M": [
        [0.0120977, 0.0162923, 0.000509383]
    ],
    "M_G3N6C3_M M_G3N6C3H3_M": [
        [0.0106944, 0.016485, 0.000515409]
    ]
}