{
    "M_G1_M M_G1H1_M": [
        [0.19062, 0.04284, 0.00268]
    ],
    "M_G1_M M_G1H2_M": [
        [0.08452, 0.03041, 0.0019]
    ],
    "M_G1C3_M M_G1C3H1_M": [
        [-0.18349, 0.01091, 0.00068]
    ],
    "M_G1C3_M M_G1C3H2_M": [
        [-0.17814, 0.01439, 0.0009]
    ],
    "M_G1C4_M M_G1C4H1_M": [
        [-0.20388, 0.00874, 0.00055]
    ],
    "M_G1C4_M M_G1C4H2_M": [
        [-0.19946, 0.01046, 0.00065]
    ],
    "M_G1C5_M M_G1C5H1_M": [
        [-0.20327, 0.009, 0.00056]
    ],
    "M_G1C5_M M_G1C5H2_M": [
        [-0.19439, 0.01018, 0.00064]
    ],
    "M_G1C6_M M_G1C6H1_M": [
        [-0.20659, 0.00808, 0.0005]
    ],
    "M_G1C6_M M_G1C6H2_M": [
        [-0.2028, 0.00842, 0.00053]
    ],
    "M_G1C7_M M_G1C7H1_M": [
        [-0.20425, 0.00804, 0.0005]
    ],
    "M_G1C7_M M_G1C7H2_M": [
        [-0.20055, 0.00836, 0.00052]
    ],
    "M_G1C8_M M_G1C8H1_M": [
        [-0.20169, 0.0075, 0.00047]
    ],
    "M_G1C8_M M_G1C8H2_M": [
        [-0.20059, 0.00764, 0.00048]
    ],
    "M_G1C9_M M_G1C9H1_M": [
        [-0.19202, 0.00722, 0.00045]
    ],
    "M_G1C9_M M_G1C9H2_M": [
        [-0.19141, 0.00752, 0.00047]
    ],
    "M_G1C10_M M_G1C10H1_M": [
        [-0.18469, 0.00682, 0.00043]
    ],
    "M_G1C10_M M_G1C10H2_M": [
        [-0.18476, 0.00715, 0.00045]
    ],
    "M_G1C11_M M_G1C11H1_M": [
        [-0.16899, 0.00664, 0.00042]
    ],
    "M_G1C11_M M_G1C11H2_M": [
        [-0.1689, 0.0069, 0.00043]
    ],
    "M_G1C12_M M_G1C12H1_M": [
        [-0.15742, 0.00628, 0.00039]
    ],
    "M_G1C12_M M_G1C12H2_M": [
        [-0.15718, 0.00633, 0.0004]
    ],
    "M_G1C13_M M_G1C13H1_M": [
        [-0.13788, 0.00585, 0.00037]
    ],
    "M_G1C13_M M_G1C13H2_M": [
        [-0.13785, 0.00584, 0.00036]
    ],
    "M_G1C14_M M_G1C14H1_M": [
        [-0.12322, 0.00543, 0.00034]
    ],
    "M_G1C14_M M_G1C14H2_M": [
        [-0.12337, 0.00524, 0.00033]
    ],
    "M_G1C15_M M_G1C15H1_M": [
        [-0.10132, 0.00481, 0.0003]
    ],
    "M_G1C15_M M_G1C15H2_M": [
        [-0.10106, 0.00466, 0.00029]
    ],
    "M_G1C16_M M_G1C16H1_M": [
        [-0.08221, 0.00418, 0.00026]
    ],
    "M_G1C16_M M_G1C16H2_M": [
        [-0.08199, 0.00395, 0.00025]
    ],
    "M_G2_M M_G2H1_M": [
        [-0.13756, 0.03003, 0.00188]
    ],
    "M_G2C3_M M_G2C3H1_M": [
        [-0.16493, 0.01229, 0.00077]
    ],
    "M_G2C3_M M_G2C3H2_M": [
        [-0.17698, 0.01067, 0.00067]
    ],
    "M_G2C4_M M_G2C4H1_M": [
        [-0.17243, 0.01026, 0.00064]
    ],
    "M_G2C4_M M_G2C4H2_M": [
        [-0.18382, 0.00881, 0.00055]
    ],
    "M_G2C5_M M_G2C5H1_M": [
        [-0.17742, 0.00935, 0.00058]
    ],
    "M_G2C5_M M_G2C5H2_M": [
        [-0.18656, 0.00863, 0.00054]
    ],
    "M_G2C6_M M_G2C6H1_M": [
        [-0.17929, 0.00864, 0.00054]
    ],
    "M_G2C6_M M_G2C6H2_M": [
        [-0.18432, 0.00821, 0.00051]
    ],
    "M_G2C7_M M_G2C7H1_M": [
        [-0.16845, 0.00817, 0.00051]
    ],
    "M_G2C7_M M_G2C7H2_M": [
        [-0.17043, 0.008, 0.0005]
    ],
    "M_G2C8_M M_G2C8H1_M": [
        [-0.16511, 0.00762, 0.00048]
    ],
    "M_G2C8_M M_G2C8H2_M": [
        [-0.1652, 0.00744, 0.00047]
    ],
    "M_G2C9_M M_G2C9H1_M": [
        [-0.10978, 0.00699, 0.00044]
    ],
    "M_G2C9_M M_G2C9H2_M": [
        [-0.10825, 0.007, 0.00044]
    ],
    "M_G2C10_M M_G2C10H1_M": [
        [-0.07407, 0.00717, 0.00045]
    ],
    "M_G2C11_M M_G2C11H1_M": [
        [-0.0082, 0.01101, 0.00069]
    ],
    "M_G2C12_M M_G2C12H1_M": [
        [-0.05704, 0.00579, 0.00036]
    ],
    "M_G2C12_M M_G2C12H2_M": [
        [-0.05734, 0.00576, 0.00036]
    ],
    "M_G2C13_M M_G2C13H1_M": [
        [-0.10357, 0.00582, 0.00036]
    ],
    "M_G2C13_M M_G2C13H2_M": [
        [-0.10342, 0.0058, 0.00036]
    ],
    "M_G2C14_M M_G2C14H1_M": [
        [-0.09794, 0.00538, 0.00034]
    ],
    "M_G2C14_M M_G2C14H2_M": [
        [-0.09821, 0.00533, 0.00033]
    ],
    "M_G2C15_M M_G2C15H1_M": [
        [-0.10252, 0.00517, 0.00032]
    ],
    "M_G2C15_M M_G2C15H2_M": [
        [-0.10251, 0.00527, 0.00033]
    ],
    "M_G2C16_M M_G2C16H1_M": [
        [-0.08752, 0.00471, 0.00029]
    ],
    "M_G2C16_M M_G2C16H2_M": [
        [-0.0878, 0.00492, 0.00031]
    ],
    "M_G2C17_M M_G2C17H1_M": [
        [-0.08125, 0.00438, 0.00027]
    ],
    "M_G2C17_M M_G2C17H2_M": [
        [-0.08155, 0.00448, 0.00028]
    ],
    "M_G2C18_M M_G2C18H1_M": [
        [-0.06052, 0.00371, 0.00023]
    ],
    "M_G2C18_M M_G2C18H2_M": [
        [-0.06076, 0.00352, 0.00022]
    ],
    "M_G3_M M_G3H1_M": [
        [-0.27528, 0.01516, 0.00095]
    ],
    "M_G3_M M_G3H2_M": [
        [-0.16019, 0.02846, 0.00178]
    ],
    "M_G3C4_M M_G3C4H1_M": [
        [0.10004, 0.02127, 0.00133]
    ],
    "M_G3C4_M M_G3C4H2_M": [
        [0.1524, 0.03548, 0.00222]
    ],
    "M_G3C5_M M_G3C5H1_M": [
        [0.04665, 0.01758, 0.0011]
    ],
    "M_G3C5_M M_G3C5H2_M": [
        [0.068, 0.01473, 0.00092]
    ]
}