{
    "M_G1_M M_G1H1_M": [
        [-0.151872, 0.0134677, 0.00084338]
    ],
    "M_G1_M M_G1H2_M": [
        [-0.032942, 0.0143679, 0.000899753]
    ],
    "M_G1C3_M M_G1C3H1_M": [
        [-0.185762, 0.0122357, 0.000766232]
    ],
    "M_G1C3_M M_G1C3H2_M": [
        [-0.211561, 0.0114373, 0.000716234]
    ],
    "M_G1C4_M M_G1C4H1_M": [
        [-0.149764, 0.0141838, 0.000888223]
    ],
    "M_G1C4_M M_G1C4H2_M": [
        [-0.14113, 0.0125922, 0.000788551]
    ],
    "M_G1C5_M M_G1C5H1_M": [
        [-0.16817, 0.0115738, 0.000724777]
    ],
    "M_G1C5_M M_G1C5H2_M": [
        [-0.166802, 0.0122478, 0.000766989]
    ],
    "M_G1C6_M M_G1C6H1_M": [
        [-0.162017, 0.0119997, 0.000751449]
    ],
    "M_G1C6_M M_G1C6H2_M": [
        [-0.161585, 0.0111481, 0.000698124]
    ],
    "M_G1C7_M M_G1C7H1_M": [
        [-0.158486, 0.0122885, 0.000769538]
    ],
    "M_G1C7_M M_G1C7H2_M": [
        [-0.158574, 0.0119178, 0.000746319]
    ],
    "M_G1C8_M M_G1C8H1_M": [
        [-0.138441, 0.0135155, 0.000846376]
    ],
    "M_G1C8_M M_G1C8H2_M": [
        [-0.138234, 0.0122911, 0.000769698]
    ],
    "M_G1C9_M M_G1C9H1_M": [
        [-0.1033, 0.012496, 0.00078253]
    ],
    "M_G1C9_M M_G1C9H2_M": [
        [-0.103711, 0.0131549, 0.000823792]
    ],
    "M_G1C10_M M_G1C10H1_M": [
        [-0.0704833, 0.0119654, 0.000749301]
    ],
    "M_G1C11_M M_G1C11H1_M": [
        [-0.0539768, 0.0134411, 0.000841716]
    ],
    "M_G1C12_M M_G1C12H1_M": [
        [-0.0189623, 0.0141104, 0.000883626]
    ],
    "M_G1C12_M M_G1C12H2_M": [
        [-0.0162212, 0.0148164, 0.000927838]
    ],
    "M_G1C13_M M_G1C13H1_M": [
        [-0.0268707, 0.013824, 0.000865694]
    ],
    "M_G1C14_M M_G1C14H1_M": [
        [0.0196099, 0.0149657, 0.000937191]
    ],
    "M_G1C15_M M_G1C15H1_M": [
        [-0.0189455, 0.0142317, 0.000891221]
    ],
    "M_G1C15_M M_G1C15H2_M": [
        [-0.0206272, 0.0134113, 0.00083985]
    ],
    "M_G1C16_M M_G1C16H1_M": [
        [-0.0328115, 0.014037, 0.000879031]
    ],
    "M_G1C16_M M_G1C16H2_M": [
        [-0.0317945, 0.0149327, 0.000935121]
    ],
    "M_G1C17_M M_G1C17H1_M": [
        [-0.0318991, 0.0141695, 0.00088733]
    ],
    "M_G1C17_M M_G1C17H2_M": [
        [-0.0337165, 0.0133197, 0.000834112]
    ],
    "M_G1C18_M M_G1C18H1_M": [
        [-0.0316104, 0.0140812, 0.000881797]
    ],
    "M_G1C18_M M_G1C18H2_M": [
        [-0.0313137, 0.0130628, 0.000818024]
    ],
    "M_G1C19_M M_G1C19H1_M": [
        [-0.0070215, 0.0152031, 0.000952058]
    ],
    "M_G1C19_M M_G1C19H2_M": [
        [-0.00851536, 0.014572, 0.000912532]
    ],
    "M_G1C19_M M_G1C19H3_M": [
        [-0.0105426, 0.0135767, 0.000850203]
    ],
    "M_G2_M M_G2H1_M": [
        [-0.169432, 0.0123315, 0.000772229]
    ],
    "M_G2C3_M M_G2C3H1_M": [
        [-0.0752072, 0.0142078, 0.000889725]
    ],
    "M_G2C3_M M_G2C3H2_M": [
        [-0.0875055, 0.0130123, 0.000814861]
    ],
    "M_G2C4_M M_G2C4H1_M": [
        [-0.172844, 0.0126733, 0.000793634]
    ],
    "M_G2C4_M M_G2C4H2_M": [
        [-0.178125, 0.0109425, 0.000685244]
    ],
    "M_G2C5_M M_G2C5H1_M": [
        [-0.172533, 0.0127962, 0.00080133]
    ],
    "M_G2C5_M M_G2C5H2_M": [
        [-0.17537, 0.011767, 0.000736877]
    ],
    "M_G2C6_M M_G2C6H1_M": [
        [-0.18046, 0.0122468, 0.000766923]
    ],
    "M_G2C6_M M_G2C6H2_M": [
        [-0.1796, 0.0114292, 0.000715725]
    ],
    "M_G2C7_M M_G2C7H1_M": [
        [-0.159773, 0.0120859, 0.00075685]
    ],
    "M_G2C7_M M_G2C7H2_M": [
        [-0.158904, 0.0115867, 0.000725586]
    ],
    "M_G2C8_M M_G2C8H1_M": [
        [-0.150501, 0.0117054, 0.000733019]
    ],
    "M_G2C8_M M_G2C8H2_M": [
        [-0.148861, 0.0120406, 0.000754009]
    ],
    "M_G2C9_M M_G2C9H1_M": [
        [-0.0900254, 0.0133088, 0.000833432]
    ],
    "M_G2C9_M M_G2C9H2_M": [
        [-0.0896165, 0.0128238, 0.000803059]
    ],
    "M_G2C10_M M_G2C10H1_M": [
        [-0.0497407, 0.0139945, 0.00087637]
    ],
    "M_G2C11_M M_G2C11H1_M": [
        [-0.0266217, 0.0138434, 0.000866907]
    ],
    "M_G2C12_M M_G2C12H1_M": [
        [-0.0182835, 0.0144337, 0.000903873]
    ],
    "M_G2C12_M M_G2C12H2_M": [
        [-0.021231, 0.0132735, 0.000831219]
    ],
    "M_G2C13_M M_G2C13H1_M": [
        [-0.0332608, 0.0134258, 0.000840758]
    ],
    "M_G2C14_M M_G2C14H1_M": [
        [-0.00160066, 0.0140582, 0.000880357]
    ],
    "M_G2C15_M M_G2C15H1_M": [
        [-0.0290431, 0.0129828, 0.000813012]
    ],
    "M_G2C15_M M_G2C15H2_M": [
        [-0.0300611, 0.0135446, 0.000848194]
    ],
    "M_G2C16_M M_G2C16H1_M": [
        [-0.0430138, 0.0135781, 0.000850297]
    ],
    "M_G2C16_M M_G2C16H2_M": [
        [-0.0458053, 0.0133699, 0.000837253]
    ],
    "M_G2C17_M M_G2C17H1_M": [
        [-0.0428658, 0.013324, 0.000834382]
    ],
    "M_G2C17_M M_G2C17H2_M": [
        [-0.0426112, 0.0148405, 0.000929349]
    ],
    "M_G2C18_M M_G2C18H1_M": [
        [-0.0395022, 0.0133977, 0.000838994]
    ],
    "M_G2C18_M M_G2C18H2_M": [
        [-0.0386099, 0.01341, 0.000839767]
    ],
    "M_G2C19_M M_G2C19H1_M": [
        [-0.0098458, 0.0140888, 0.000882277]
    ],
    "M_G2C19_M M_G2C19H2_M": [
        [-0.00892245, 0.0142248, 0.000890794]
    ],
    "M_G2C19_M M_G2C19H3_M": [
        [-0.00969953, 0.0133771, 0.000837709]
    ],
    "M_G3_M M_G3H1_M": [
        [-0.213191, 0.0119736, 0.000749814]
    ],
    "M_G3_M M_G3H2_M": [
        [-0.236927, 0.010383, 0.000650212]
    ],
    "M_G3C4_M M_G3C4H1_M": [
        [0.0360697, 0.0135946, 0.000851324]
    ],
    "M_G3C4_M M_G3C4H2_M": [
        [0.037947, 0.0153473, 0.000961087]
    ],
    "M_G3C5_M M_G3C5H1_M": [
        [-0.0583711, 0.0130079, 0.000814589]
    ],
    "M_G3C5_M M_G3C5H2_M": [
        [-0.0594694, 0.0136759, 0.000856416]
    ],
    "M_G3N6C1_M M_G3N6C1H1_M": [
        [0.00924247, 0.0153187, 0.000959297]
    ],
    "M_G3N6C1_M M_G3N6C1H2_M": [
        [0.0095361, 0.0138156, 0.000865168]
    ],
    "M_G3N6C1_M M_G3N6C1H3_M": [
        [0.0074302, 0.0139588, 0.000874133]
    ],
    "M_G3N6C2_M M_G3N6C2H1_M": [
        [0.00974469, 0.014006, 0.000877093]
    ],
    "M_G3N6C2_M M_G3N6C2H2_M": [
        [0.00912168, 0.0138711, 0.000868639]
    ],
    "M_G3N6C2_M M_G3N6C2H3_M": [
        [0.00762588, 0.0141506, 0.000886146]
    ],
    "M_G3N6C3_M M_G3N6C3H1_M": [
        [0.00917047, 0.0126844, 0.000794325]
    ],
    "M_G3N6C3_M M_G3N6C3H2_M": [
        [0.00811524, 0.0136247, 0.000853212]
    ],
    "M_G3N6C3_M M_G3N6C3H3_M": [
        [0.00885604, 0.0141635, 0.000886954]
    ]
}