{
    "M_G2_M M_G2H1_M": [
        [-0.345442, 0.0459069, 0.00325425]
    ],
    "M_G2C1_M M_G2C1H1_M": [
        [-0.325966, 0.0462195, 0.00327641]
    ],
    "M_G3_M M_G3H1_M": [
        [-0.339359, 0.0432525, 0.00306609]
    ],
    "M_G3_M M_G3H2_M": [
        [-0.312308, 0.0715808, 0.00507423]
    ],
    "M_N1C2_M M_N1C2H1_M": [
        [-0.132365, 0.106917, 0.00757913]
    ],
    "M_N1C2_M M_N1C2H2_M": [
        [-0.154062, 0.0637501, 0.00451912]
    ],
    "M_N1C3_M M_N1C3H1_M": [
        [-0.237979, 0.0476316, 0.00337651]
    ],
    "M_N1C3_M M_N1C3H2_M": [
        [-0.186162, 0.0432672, 0.00306713]
    ],
    "M_N1C4_M M_N1C4H1_M": [
        [-0.251213, 0.0345652, 0.00245026]
    ],
    "M_N1C4_M M_N1C4H2_M": [
        [-0.23174, 0.0335316, 0.00237699]
    ],
    "M_N1C5_M M_N1C5H1_M": [
        [-0.252372, 0.0331827, 0.00235226]
    ],
    "M_N1C5_M M_N1C5H2_M": [
        [-0.245527, 0.0327214, 0.00231956]
    ],
    "M_N1C6_M M_N1C6H1_M": [
        [-0.257681, 0.0326304, 0.00231311]
    ],
    "M_N1C6_M M_N1C6H2_M": [
        [-0.255042, 0.0330468, 0.00234263]
    ],
    "M_N1C7_M M_N1C7H1_M": [
        [-0.260062, 0.0323788, 0.00229527]
    ],
    "M_N1C7_M M_N1C7H2_M": [
        [-0.25822, 0.0326721, 0.00231606]
    ],
    "M_N1C8_M M_N1C8H1_M": [
        [-0.255739, 0.0319907, 0.00226776]
    ],
    "M_N1C8_M M_N1C8H2_M": [
        [-0.254013, 0.0326187, 0.00231228]
    ],
    "M_N1C9_M M_N1C9H1_M": [
        [-0.251382, 0.0324248, 0.00229854]
    ],
    "M_N1C9_M M_N1C9H2_M": [
        [-0.249264, 0.0331919, 0.00235291]
    ],
    "M_N1C10_M M_N1C10H1_M": [
        [-0.238816, 0.0327637, 0.00232256]
    ],
    "M_N1C10_M M_N1C10H2_M": [
        [-0.23788, 0.0332277, 0.00235545]
    ],
    "M_N1C11_M M_N1C11H1_M": [
        [-0.227855, 0.0333934, 0.0023672]
    ],
    "M_N1C11_M M_N1C11H2_M": [
        [-0.226349, 0.0337949, 0.00239565]
    ],
    "M_N1C12_M M_N1C12H1_M": [
        [-0.208475, 0.0324863, 0.00230289]
    ],
    "M_N1C12_M M_N1C12H2_M": [
        [-0.208686, 0.0329665, 0.00233693]
    ],
    "M_N1C13_M M_N1C13H1_M": [
        [-0.189603, 0.0318643, 0.0022588]
    ],
    "M_N1C13_M M_N1C13H2_M": [
        [-0.189074, 0.0317924, 0.0022537]
    ],
    "M_N1C14_M M_N1C14H1_M": [
        [-0.158595, 0.0280878, 0.00199109]
    ],
    "M_N1C14_M M_N1C14H2_M": [
        [-0.158369, 0.0280143, 0.00198588]
    ],
    "M_N1C15_M M_N1C15H1_M": [
        [-0.123773, 0.0235349, 0.00166834]
    ],
    "M_N1C15_M M_N1C15H2_M": [
        [-0.122896, 0.0243199, 0.00172399]
    ],
    "M_N1C16_M M_N1C16H1_M": [
        [-0.0309444, 0.00811959, 0.000575583]
    ],
    "M_N1C16_M M_N1C16H2_M": [
        [-0.0305318, 0.00857336, 0.000607749]
    ],
    "M_N1C16_M M_N1C16H3_M": [
        [-0.0308421, 0.00854395, 0.000605664]
    ],
    "M_G2C2_M M_G2C2H1_M": [
        [-0.196767, 0.0421483, 0.00298782]
    ],
    "M_G2C3_M M_G2C3H1_M": [
        [-0.194487, 0.0422973, 0.00299838]
    ],
    "M_G2C4_M M_G2C4H1_M": [
        [-0.283036, 0.0313785, 0.00222436]
    ],
    "M_G2C4_M M_G2C4H2_M": [
        [-0.279374, 0.0432217, 0.00306391]
    ],
    "M_G2C5_M M_G2C5H1_M": [
        [-0.259121, 0.0289879, 0.0020549]
    ],
    "M_G2C5_M M_G2C5H2_M": [
        [-0.260261, 0.0298601, 0.00211672]
    ],
    "M_G2C6_M M_G2C6H1_M": [
        [-0.27547, 0.0279129, 0.00197869]
    ],
    "M_G2C6_M M_G2C6H2_M": [
        [-0.277096, 0.0284663, 0.00201793]
    ],
    "M_G2C7_M M_G2C7H1_M": [
        [-0.26566, 0.030083, 0.00213252]
    ],
    "M_G2C7_M M_G2C7H2_M": [
        [-0.267323, 0.0304693, 0.00215991]
    ],
    "M_G2C8_M M_G2C8H1_M": [
        [-0.271899, 0.0285659, 0.00202498]
    ],
    "M_G2C8_M M_G2C8H2_M": [
        [-0.272261, 0.028887, 0.00204774]
    ],
    "M_G2C9_M M_G2C9H1_M": [
        [-0.256386, 0.0320617, 0.00227279]
    ],
    "M_G2C9_M M_G2C9H2_M": [
        [-0.257095, 0.0317783, 0.00225271]
    ],
    "M_G2C10_M M_G2C10H1_M": [
        [-0.254527, 0.0307093, 0.00217693]
    ],
    "M_G2C10_M M_G2C10H2_M": [
        [-0.255729, 0.0309386, 0.00219318]
    ],
    "M_G2C11_M M_G2C11H1_M": [
        [-0.235795, 0.0339755, 0.00240846]
    ],
    "M_G2C11_M M_G2C11H2_M": [
        [-0.236276, 0.0330953, 0.00234606]
    ],
    "M_G2C12_M M_G2C12H1_M": [
        [-0.227603, 0.0320244, 0.00227015]
    ],
    "M_G2C12_M M_G2C12H2_M": [
        [-0.22774, 0.031746, 0.00225041]
    ],
    "M_G2C13_M M_G2C13H1_M": [
        [-0.200436, 0.033918, 0.00240438]
    ],
    "M_G2C13_M M_G2C13H2_M": [
        [-0.200904, 0.0349625, 0.00247842]
    ],
    "M_G2C14_M M_G2C14H1_M": [
        [-0.179694, 0.0305405, 0.00216496]
    ],
    "M_G2C14_M M_G2C14H2_M": [
        [-0.180182, 0.031204, 0.00221199]
    ],
    "M_G2C15_M M_G2C15H1_M": [
        [-0.132349, 0.0298505, 0.00211604]
    ],
    "M_G2C15_M M_G2C15H2_M": [
        [-0.133179, 0.0307896, 0.00218262]
    ],
    "M_G2C16_M M_G2C16H1_M": [
        [-0.0473528, 0.0105647, 0.000748915]
    ],
    "M_G2C16_M M_G2C16H2_M": [
        [-0.0466054, 0.0108182, 0.000766878]
    ],
    "M_G2C16_M M_G2C16H3_M": [
        [-0.0466321, 0.010689, 0.000757725]
    ],
    "M_G3C4_M M_G3C4H1_M": [
        [0.0886202, 0.0478609, 0.00339277]
    ],
    "M_G3C4_M M_G3C4H2_M": [
        [0.0226692, 0.0416184, 0.00295025]
    ],
    "M_G3C5_M M_G3C5H1_M": [
        [-0.0988449, 0.0430198, 0.0030496]
    ],
    "M_G3C5_M M_G3C5H2_M": [
        [-0.0653412, 0.0540892, 0.00383428]
    ],
    "M_G3N6C1_M M_G3N6C1H1_M": [
        [0.0145632, 0.0139889, 0.000991649]
    ],
    "M_G3N6C1_M M_G3N6C1H2_M": [
        [0.0134309, 0.0133477, 0.000946194]
    ],
    "M_G3N6C1_M M_G3N6C1H3_M": [
        [0.0149141, 0.0146712, 0.00104002]
    ],
    "M_G3N6C2_M M_G3N6C2H1_M": [
        [0.0134501, 0.0133038, 0.00094308]
    ],
    "M_G3N6C2_M M_G3N6C2H2_M": [
        [0.0144363, 0.0129545, 0.000918318]
    ],
    "M_G3N6C2_M M_G3N6C2H3_M": [
        [0.0142261, 0.0137234, 0.000972826]
    ],
    "M_G3N6C3_M M_G3N6C3H1_M": [
        [0.0140878, 0.0123837, 0.000877859]
    ],
    "M_G3N6C3_M M_G3N6C3H2_M": [
        [0.0141872, 0.0138986, 0.000985248]
    ],
    "M_G3N6C3_M M_G3N6C3H3_M": [
        [0.0146811, 0.0136002, 0.00096409]
    ]
}