{"backbone": NaN, "sn-1": 0.3412193067575368, "sn-2": NaN, "headgroup": NaN, "total": 0.3412193067575368}