{"headgroup": 0, "tails": 0.1706096533787684, "total": 0.3412193067575368}