{
    "M_G1_M M_G1H1_M": [
        [-0.128169, 0.157581, 0.0252331]
    ],
    "M_G1_M M_G1H2_M": [
        [0.00117739, 0.135575, 0.0217094]
    ],
    "M_G1C3_M M_G1C3H1_M": [
        [-0.224199, 0.0523826, 0.0058935]
    ],
    "M_G1C3_M M_G1C3H2_M": [
        [-0.204692, 0.0556426, 0.00626028]
    ],
    "M_G1C4_M M_G1C4H1_M": [
        [-0.200266, 0.0545183, 0.00613378]
    ],
    "M_G1C4_M M_G1C4H2_M": [
        [-0.184128, 0.0417412, 0.00469625]
    ],
    "M_G1C5_M M_G1C5H1_M": [
        [-0.213531, 0.0379568, 0.00427047]
    ],
    "M_G1C5_M M_G1C5H2_M": [
        [-0.212866, 0.0355113, 0.00399533]
    ],
    "M_G1C6_M M_G1C6H1_M": [
        [-0.203247, 0.034217, 0.00384972]
    ],
    "M_G1C6_M M_G1C6H2_M": [
        [-0.205212, 0.0345176, 0.00388354]
    ],
    "M_G1C7_M M_G1C7H1_M": [
        [-0.201843, 0.0336371, 0.00378447]
    ],
    "M_G1C7_M M_G1C7H2_M": [
        [-0.203928, 0.0345867, 0.00389131]
    ],
    "M_G1C8_M M_G1C8H1_M": [
        [-0.194808, 0.0301307, 0.00338996]
    ],
    "M_G1C8_M M_G1C8H2_M": [
        [-0.195098, 0.0365915, 0.00411686]
    ],
    "M_G1C9_M M_G1C9H1_M": [
        [-0.187607, 0.0308604, 0.00347207]
    ],
    "M_G1C9_M M_G1C9H2_M": [
        [-0.185153, 0.0338456, 0.00380793]
    ],
    "M_G1C10_M M_G1C10H1_M": [
        [-0.173883, 0.0295001, 0.00331902]
    ],
    "M_G1C10_M M_G1C10H2_M": [
        [-0.172342, 0.0362748, 0.00408123]
    ],
    "M_G1C11_M M_G1C11H1_M": [
        [-0.159166, 0.0280303, 0.00315365]
    ],
    "M_G1C11_M M_G1C11H2_M": [
        [-0.161158, 0.0305853, 0.00344111]
    ],
    "M_G1C12_M M_G1C12H1_M": [
        [-0.141585, 0.0262539, 0.0029538]
    ],
    "M_G1C12_M M_G1C12H2_M": [
        [-0.141557, 0.0299258, 0.00336692]
    ],
    "M_G1C13_M M_G1C13H1_M": [
        [-0.115059, 0.0214078, 0.00240857]
    ],
    "M_G1C13_M M_G1C13H2_M": [
        [-0.115357, 0.0218059, 0.00245335]
    ],
    "M_G1C14_M M_G1C14H1_M": [
        [-0.0816376, 0.0175838, 0.00197833]
    ],
    "M_G1C14_M M_G1C14H2_M": [
        [-0.0833066, 0.0174841, 0.00196712]
    ],
    "M_G1C15_M M_G1C15H1_M": [
        [-0.021068, 0.00898967, 0.00101142]
    ],
    "M_G1C15_M M_G1C15H2_M": [
        [-0.0197548, 0.00861271, 0.000969005]
    ],
    "M_G1C15_M M_G1C15H3_M": [
        [-0.0196031, 0.00947852, 0.00106642]
    ],
    "M_G2_M M_G2H1_M": [
        [-0.174521, 0.145655, 0.0233234]
    ],
    "M_G2C3_M M_G2C3H1_M": [
        [-0.224199, 0.0523826, 0.0058935]
    ],
    "M_G2C3_M M_G2C3H2_M": [
        [-0.204692, 0.0556426, 0.00626028]
    ],
    "M_G2C4_M M_G2C4H1_M": [
        [-0.200266, 0.0545183, 0.00613378]
    ],
    "M_G2C4_M M_G2C4H2_M": [
        [-0.184128, 0.0417412, 0.00469625]
    ],
    "M_G2C5_M M_G2C5H1_M": [
        [-0.213531, 0.0379568, 0.00427047]
    ],
    "M_G2C5_M M_G2C5H2_M": [
        [-0.212866, 0.0355113, 0.00399533]
    ],
    "M_G2C6_M M_G2C6H1_M": [
        [-0.203247, 0.034217, 0.00384972]
    ],
    "M_G2C6_M M_G2C6H2_M": [
        [-0.205212, 0.0345176, 0.00388354]
    ],
    "M_G2C7_M M_G2C7H1_M": [
        [-0.201843, 0.0336371, 0.00378447]
    ],
    "M_G2C7_M M_G2C7H2_M": [
        [-0.203928, 0.0345867, 0.00389131]
    ],
    "M_G2C8_M M_G2C8H1_M": [
        [-0.194808, 0.0301307, 0.00338996]
    ],
    "M_G2C8_M M_G2C8H2_M": [
        [-0.195098, 0.0365915, 0.00411686]
    ],
    "M_G2C9_M M_G2C9H1_M": [
        [-0.187607, 0.0308604, 0.00347207]
    ],
    "M_G2C9_M M_G2C9H2_M": [
        [-0.185153, 0.0338456, 0.00380793]
    ],
    "M_G2C10_M M_G2C10H1_M": [
        [-0.173883, 0.0295001, 0.00331902]
    ],
    "M_G2C10_M M_G2C10H2_M": [
        [-0.172342, 0.0362748, 0.00408123]
    ],
    "M_G2C11_M M_G2C11H1_M": [
        [-0.159166, 0.0280303, 0.00315365]
    ],
    "M_G2C11_M M_G2C11H2_M": [
        [-0.161158, 0.0305853, 0.00344111]
    ],
    "M_G2C12_M M_G2C12H1_M": [
        [-0.141585, 0.0262539, 0.0029538]
    ],
    "M_G2C12_M M_G2C12H2_M": [
        [-0.141557, 0.0299258, 0.00336692]
    ],
    "M_G2C13_M M_G2C13H1_M": [
        [-0.115059, 0.0214078, 0.00240857]
    ],
    "M_G2C13_M M_G2C13H2_M": [
        [-0.115357, 0.0218059, 0.00245335]
    ],
    "M_G2C14_M M_G2C14H1_M": [
        [-0.0816376, 0.0175838, 0.00197833]
    ],
    "M_G2C14_M M_G2C14H2_M": [
        [-0.0833066, 0.0174841, 0.00196712]
    ],
    "M_G2C15_M M_G2C15H1_M": [
        [-0.021068, 0.00898967, 0.00101142]
    ],
    "M_G2C15_M M_G2C15H2_M": [
        [-0.0197548, 0.00861271, 0.000969005]
    ],
    "M_G2C15_M M_G2C15H3_M": [
        [-0.0196031, 0.00947852, 0.00106642]
    ],
    "M_G3_M M_G3H1_M": [
        [-0.231735, 0.1047, 0.0167654]
    ],
    "M_G3_M M_G3H2_M": [
        [-0.224061, 0.0810976, 0.012986]
    ],
    "M_G3C4_M M_G3C4H1_M": [
        [0.0539637, 0.0718674, 0.011508]
    ],
    "M_G3C4_M M_G3C4H2_M": [
        [0.0803201, 0.077187, 0.0123598]
    ],
    "M_G3C5_M M_G3C5H1_M": [
        [-0.0376589, 0.0742011, 0.0118817]
    ],
    "M_G3C5_M M_G3C5H2_M": [
        [-0.0419602, 0.0942748, 0.0150961]
    ],
    "M_G3N6C1_M M_G3N6C1H1_M": [
        [0.000971792, 0.0170532, 0.00273069]
    ],
    "M_G3N6C1_M M_G3N6C1H2_M": [
        [-0.00227624, 0.0155183, 0.00248492]
    ],
    "M_G3N6C1_M M_G3N6C1H3_M": [
        [-0.00151918, 0.0190924, 0.00305723]
    ],
    "M_G3N6C2_M M_G3N6C2H1_M": [
        [-0.00716011, 0.0182971, 0.00292988]
    ],
    "M_G3N6C2_M M_G3N6C2H2_M": [
        [-0.00139239, 0.0196107, 0.00314022]
    ],
    "M_G3N6C2_M M_G3N6C2H3_M": [
        [-0.00331477, 0.0208972, 0.00334624]
    ],
    "M_G3N6C3_M M_G3N6C3H1_M": [
        [0.00212319, 0.0209102, 0.00334831]
    ],
    "M_G3N6C3_M M_G3N6C3H2_M": [
        [-0.00058086, 0.0214265, 0.00343099]
    ],
    "M_G3N6C3_M M_G3N6C3H3_M": [
        [0.000461831, 0.0209698, 0.00335785]
    ]
}