{
    "M_G1_M M_G1H1_M": [
        [-0.169661, 0.0713634, 0.00505882]
    ],
    "M_G1_M M_G1H2_M": [
        [-0.0447916, 0.0585409, 0.00414986]
    ],
    "M_G1C3_M M_G1C3H1_M": [
        [-0.24065, 0.0362812, 0.0025719]
    ],
    "M_G1C3_M M_G1C3H2_M": [
        [-0.20811, 0.0457898, 0.00324595]
    ],
    "M_G1C4_M M_G1C4H1_M": [
        [-0.180619, 0.0313406, 0.00222168]
    ],
    "M_G1C4_M M_G1C4H2_M": [
        [-0.167821, 0.0328123, 0.002326]
    ],
    "M_G1C5_M M_G1C5H1_M": [
        [-0.20888, 0.0282834, 0.00200496]
    ],
    "M_G1C5_M M_G1C5H2_M": [
        [-0.205782, 0.0296211, 0.00209978]
    ],
    "M_G1C6_M M_G1C6H1_M": [
        [-0.208989, 0.0308298, 0.00218547]
    ],
    "M_G1C6_M M_G1C6H2_M": [
        [-0.205952, 0.03191, 0.00226204]
    ],
    "M_G1C7_M M_G1C7H1_M": [
        [-0.220808, 0.0308847, 0.00218936]
    ],
    "M_G1C7_M M_G1C7H2_M": [
        [-0.219021, 0.0313103, 0.00221953]
    ],
    "M_G1C8_M M_G1C8H1_M": [
        [-0.212147, 0.0327208, 0.00231952]
    ],
    "M_G1C8_M M_G1C8H2_M": [
        [-0.211982, 0.0316027, 0.00224026]
    ],
    "M_G1C9_M M_G1C9H1_M": [
        [-0.211496, 0.0324566, 0.00230079]
    ],
    "M_G1C9_M M_G1C9H2_M": [
        [-0.212687, 0.0320582, 0.00227254]
    ],
    "M_G1C10_M M_G1C10H1_M": [
        [-0.197036, 0.0328311, 0.00232734]
    ],
    "M_G1C10_M M_G1C10H2_M": [
        [-0.197794, 0.0329625, 0.00233665]
    ],
    "M_G1C11_M M_G1C11H1_M": [
        [-0.189928, 0.0316826, 0.00224592]
    ],
    "M_G1C11_M M_G1C11H2_M": [
        [-0.190619, 0.0320813, 0.00227418]
    ],
    "M_G1C12_M M_G1C12H1_M": [
        [-0.171976, 0.0303724, 0.00215304]
    ],
    "M_G1C12_M M_G1C12H2_M": [
        [-0.172073, 0.0302074, 0.00214135]
    ],
    "M_G1C13_M M_G1C13H1_M": [
        [-0.16095, 0.027032, 0.00191625]
    ],
    "M_G1C13_M M_G1C13H2_M": [
        [-0.160906, 0.0281079, 0.00199252]
    ],
    "M_G1C14_M M_G1C14H1_M": [
        [-0.139514, 0.0239132, 0.00169516]
    ],
    "M_G1C14_M M_G1C14H2_M": [
        [-0.139114, 0.0244327, 0.00173199]
    ],
    "M_G1C15_M M_G1C15H1_M": [
        [-0.12173, 0.0203853, 0.00144508]
    ],
    "M_G1C15_M M_G1C15H2_M": [
        [-0.122162, 0.020276, 0.00143733]
    ],
    "M_G1C16_M M_G1C16H1_M": [
        [-0.0918099, 0.0153392, 0.00108737]
    ],
    "M_G1C16_M M_G1C16H2_M": [
        [-0.0918963, 0.0151559, 0.00107437]
    ],
    "M_G1C17_M M_G1C17H1_M": [
        [-0.0315419, 0.00723024, 0.000512538]
    ],
    "M_G1C17_M M_G1C17H2_M": [
        [-0.031025, 0.0069403, 0.000491985]
    ],
    "M_G1C17_M M_G1C17H3_M": [
        [-0.0317071, 0.00793857, 0.00056275]
    ],
    "M_G2_M M_G2H1_M": [
        [-0.191244, 0.0610139, 0.00432516]
    ],
    "M_G2C3_M M_G2C3H1_M": [
        [-0.0703406, 0.0463115, 0.00328294]
    ],
    "M_G2C3_M M_G2C3H2_M": [
        [-0.107033, 0.0400228, 0.00283714]
    ],
    "M_G2C4_M M_G2C4H1_M": [
        [-0.198627, 0.0347223, 0.0024614]
    ],
    "M_G2C4_M M_G2C4H2_M": [
        [-0.207926, 0.0353483, 0.00250577]
    ],
    "M_G2C5_M M_G2C5H1_M": [
        [-0.196552, 0.0354758, 0.00251482]
    ],
    "M_G2C5_M M_G2C5H2_M": [
        [-0.201991, 0.034068, 0.00241502]
    ],
    "M_G2C6_M M_G2C6H1_M": [
        [-0.211504, 0.037202, 0.00263718]
    ],
    "M_G2C6_M M_G2C6H2_M": [
        [-0.209719, 0.035343, 0.0025054]
    ],
    "M_G2C7_M M_G2C7H1_M": [
        [-0.188865, 0.035591, 0.00252298]
    ],
    "M_G2C7_M M_G2C7H2_M": [
        [-0.187466, 0.035751, 0.00253432]
    ],
    "M_G2C8_M M_G2C8H1_M": [
        [-0.179829, 0.034026, 0.00241204]
    ],
    "M_G2C8_M M_G2C8H2_M": [
        [-0.177148, 0.0349315, 0.00247623]
    ],
    "M_G2C9_M M_G2C9H1_M": [
        [-0.0990946, 0.0316569, 0.0022441]
    ],
    "M_G2C9_M M_G2C9H2_M": [
        [-0.102077, 0.0309403, 0.0021933]
    ],
    "M_G2C10_M M_G2C10H1_M": [
        [-0.0542699, 0.0356051, 0.00252398]
    ],
    "M_G2C11_M M_G2C11H1_M": [
        [-0.0533774, 0.0265531, 0.0018823]
    ],
    "M_G2C12_M M_G2C12H1_M": [
        [-0.0833705, 0.0258405, 0.00183178]
    ],
    "M_G2C12_M M_G2C12H2_M": [
        [-0.0822389, 0.0265255, 0.00188034]
    ],
    "M_G2C13_M M_G2C13H1_M": [
        [-0.123932, 0.0264352, 0.00187394]
    ],
    "M_G2C13_M M_G2C13H2_M": [
        [-0.124348, 0.0272991, 0.00193518]
    ],
    "M_G2C14_M M_G2C14H1_M": [
        [-0.131184, 0.0259059, 0.00183642]
    ],
    "M_G2C14_M M_G2C14H2_M": [
        [-0.130674, 0.0261868, 0.00185633]
    ],
    "M_G2C15_M M_G2C15H1_M": [
        [-0.135152, 0.0264439, 0.00187456]
    ],
    "M_G2C15_M M_G2C15H2_M": [
        [-0.135043, 0.0255294, 0.00180973]
    ],
    "M_G2C16_M M_G2C16H1_M": [
        [-0.122949, 0.0228445, 0.0016194]
    ],
    "M_G2C16_M M_G2C16H2_M": [
        [-0.122732, 0.0224082, 0.00158847]
    ],
    "M_G2C17_M M_G2C17H1_M": [
        [-0.11219, 0.0197638, 0.00140102]
    ],
    "M_G2C17_M M_G2C17H2_M": [
        [-0.11117, 0.0188045, 0.00133302]
    ],
    "M_G2C18_M M_G2C18H1_M": [
        [-0.0868607, 0.0148942, 0.00105582]
    ],
    "M_G2C18_M M_G2C18H2_M": [
        [-0.0866939, 0.0145781, 0.00103341]
    ],
    "M_G2C19_M M_G2C19H1_M": [
        [-0.0291449, 0.00728532, 0.000516443]
    ],
    "M_G2C19_M M_G2C19H2_M": [
        [-0.0287955, 0.00756329, 0.000536148]
    ],
    "M_G2C19_M M_G2C19H3_M": [
        [-0.0285651, 0.00672608, 0.000476799]
    ],
    "M_G3_M M_G3H1_M": [
        [-0.228496, 0.0539842, 0.00382684]
    ],
    "M_G3_M M_G3H2_M": [
        [-0.245878, 0.0388883, 0.00275672]
    ],
    "M_G3C4_M M_G3C4H1_M": [
        [0.028452, 0.0394571, 0.00279704]
    ],
    "M_G3C4_M M_G3C4H2_M": [
        [0.0330774, 0.0374893, 0.00265755]
    ],
    "M_G3C5_M M_G3C5H1_M": [
        [-0.0826825, 0.0309572, 0.0021945]
    ],
    "M_G3C5_M M_G3C5H2_M": [
        [-0.0842114, 0.0327724, 0.00232317]
    ],
    "M_G3N6C1_M M_G3N6C1H1_M": [
        [0.0123608, 0.0184156, 0.00130545]
    ],
    "M_G3N6C1_M M_G3N6C1H2_M": [
        [0.0103241, 0.0196905, 0.00139583]
    ],
    "M_G3N6C1_M M_G3N6C1H3_M": [
        [0.0144986, 0.0175566, 0.00124455]
    ],
    "M_G3N6C2_M M_G3N6C2H1_M": [
        [0.0121986, 0.017151, 0.0012158]
    ],
    "M_G3N6C2_M M_G3N6C2H2_M": [
        [0.0115453, 0.0182346, 0.00129262]
    ],
    "M_G3N6C2_M M_G3N6C2H3_M": [
        [0.01278, 0.0175661, 0.00124523]
    ],
    "M_G3N6C3_M M_G3N6C3H1_M": [
        [0.0124336, 0.0181035, 0.00128332]
    ],
    "M_G3N6C3_M M_G3N6C3H2_M": [
        [0.0117182, 0.0181295, 0.00128517]
    ],
    "M_G3N6C3_M M_G3N6C3H3_M": [
        [0.0130898, 0.0179779, 0.00127442]
    ]
}