{
    "M_G1_M M_G1H1_M": [
        [-0.172965, 0.0265376, 0.0034549]
    ],
    "M_G1_M M_G1H2_M": [
        [-0.0404729, 0.0242039, 0.00315108]
    ],
    "M_G1C3_M M_G1C3H1_M": [
        [-0.241879, 0.0135836, 0.00176843]
    ],
    "M_G1C3_M M_G1C3H2_M": [
        [-0.215298, 0.0172659, 0.00224782]
    ],
    "M_G1C4_M M_G1C4H1_M": [
        [-0.196415, 0.0113027, 0.00147149]
    ],
    "M_G1C4_M M_G1C4H2_M": [
        [-0.184694, 0.0110614, 0.00144007]
    ],
    "M_G1C5_M M_G1C5H1_M": [
        [-0.225205, 0.0100631, 0.00131011]
    ],
    "M_G1C5_M M_G1C5H2_M": [
        [-0.223591, 0.0104764, 0.00136392]
    ],
    "M_G1C6_M M_G1C6H1_M": [
        [-0.228334, 0.0104912, 0.00136584]
    ],
    "M_G1C6_M M_G1C6H2_M": [
        [-0.226804, 0.00938982, 0.00122245]
    ],
    "M_G1C7_M M_G1C7H1_M": [
        [-0.240295, 0.0104246, 0.00135716]
    ],
    "M_G1C7_M M_G1C7H2_M": [
        [-0.24011, 0.00923083, 0.00120175]
    ],
    "M_G1C8_M M_G1C8H1_M": [
        [-0.233149, 0.011507, 0.00149808]
    ],
    "M_G1C8_M M_G1C8H2_M": [
        [-0.232853, 0.0098871, 0.00128719]
    ],
    "M_G1C9_M M_G1C9H1_M": [
        [-0.23267, 0.0110674, 0.00144086]
    ],
    "M_G1C9_M M_G1C9H2_M": [
        [-0.231848, 0.0108604, 0.0014139]
    ],
    "M_G1C10_M M_G1C10H1_M": [
        [-0.217626, 0.0110386, 0.00143711]
    ],
    "M_G1C10_M M_G1C10H2_M": [
        [-0.216426, 0.0115137, 0.00149896]
    ],
    "M_G1C11_M M_G1C11H1_M": [
        [-0.208491, 0.011278, 0.00146827]
    ],
    "M_G1C11_M M_G1C11H2_M": [
        [-0.208535, 0.0111363, 0.00144982]
    ],
    "M_G1C12_M M_G1C12H1_M": [
        [-0.18803, 0.0105008, 0.00136709]
    ],
    "M_G1C12_M M_G1C12H2_M": [
        [-0.188273, 0.0109155, 0.00142107]
    ],
    "M_G1C13_M M_G1C13H1_M": [
        [-0.173837, 0.00934697, 0.00121687]
    ],
    "M_G1C13_M M_G1C13H2_M": [
        [-0.173915, 0.0102179, 0.00133026]
    ],
    "M_G1C14_M M_G1C14H1_M": [
        [-0.150337, 0.0074513, 0.000970077]
    ],
    "M_G1C14_M M_G1C14H2_M": [
        [-0.149887, 0.00894403, 0.00116441]
    ],
    "M_G1C15_M M_G1C15H1_M": [
        [-0.12936, 0.00653416, 0.000850676]
    ],
    "M_G1C15_M M_G1C15H2_M": [
        [-0.130409, 0.00790007, 0.0010285]
    ],
    "M_G1C16_M M_G1C16H1_M": [
        [-0.0978203, 0.00539086, 0.00070183]
    ],
    "M_G1C16_M M_G1C16H2_M": [
        [-0.0979446, 0.00607639, 0.000791079]
    ],
    "M_G1C17_M M_G1C17H1_M": [
        [-0.0362073, 0.00415548, 0.000540998]
    ],
    "M_G1C17_M M_G1C17H2_M": [
        [-0.0356861, 0.00412656, 0.000537232]
    ],
    "M_G1C17_M M_G1C17H3_M": [
        [-0.0363349, 0.00419256, 0.000545825]
    ],
    "M_G2_M M_G2H1_M": [
        [-0.188327, 0.0283029, 0.00368473]
    ],
    "M_G2C3_M M_G2C3H1_M": [
        [-0.0892415, 0.0173771, 0.00226231]
    ],
    "M_G2C3_M M_G2C3H2_M": [
        [-0.117443, 0.0150821, 0.00196352]
    ],
    "M_G2C4_M M_G2C4H1_M": [
        [-0.214303, 0.0130517, 0.00169919]
    ],
    "M_G2C4_M M_G2C4H2_M": [
        [-0.216536, 0.013224, 0.00172162]
    ],
    "M_G2C5_M M_G2C5H1_M": [
        [-0.215286, 0.0129696, 0.0016885]
    ],
    "M_G2C5_M M_G2C5H2_M": [
        [-0.216423, 0.0120421, 0.00156775]
    ],
    "M_G2C6_M M_G2C6H1_M": [
        [-0.228395, 0.0131859, 0.00171666]
    ],
    "M_G2C6_M M_G2C6H2_M": [
        [-0.227114, 0.0119568, 0.00155664]
    ],
    "M_G2C7_M M_G2C7H1_M": [
        [-0.206682, 0.0127393, 0.00165851]
    ],
    "M_G2C7_M M_G2C7H2_M": [
        [-0.206071, 0.0119897, 0.00156093]
    ],
    "M_G2C8_M M_G2C8H1_M": [
        [-0.197856, 0.0121391, 0.00158038]
    ],
    "M_G2C8_M M_G2C8H2_M": [
        [-0.197394, 0.011891, 0.00154807]
    ],
    "M_G2C9_M M_G2C9H1_M": [
        [-0.119088, 0.0121583, 0.00158288]
    ],
    "M_G2C9_M M_G2C9H2_M": [
        [-0.11966, 0.0120617, 0.0015703]
    ],
    "M_G2C10_M M_G2C10H1_M": [
        [-0.0740206, 0.0139414, 0.00181501]
    ],
    "M_G2C11_M M_G2C11H1_M": [
        [-0.0661596, 0.0112836, 0.001469]
    ],
    "M_G2C12_M M_G2C12H1_M": [
        [-0.0983814, 0.0100458, 0.00130785]
    ],
    "M_G2C12_M M_G2C12H2_M": [
        [-0.0980541, 0.0101965, 0.00132748]
    ],
    "M_G2C13_M M_G2C13H1_M": [
        [-0.144126, 0.00987879, 0.00128611]
    ],
    "M_G2C13_M M_G2C13H2_M": [
        [-0.144785, 0.00985295, 0.00128275]
    ],
    "M_G2C14_M M_G2C14H1_M": [
        [-0.14935, 0.00884043, 0.00115093]
    ],
    "M_G2C14_M M_G2C14H2_M": [
        [-0.150068, 0.00962487, 0.00125305]
    ],
    "M_G2C15_M M_G2C15H1_M": [
        [-0.152743, 0.00918524, 0.00119582]
    ],
    "M_G2C15_M M_G2C15H2_M": [
        [-0.153332, 0.0088331, 0.00114997]
    ],
    "M_G2C16_M M_G2C16H1_M": [
        [-0.137053, 0.00840956, 0.00109483]
    ],
    "M_G2C16_M M_G2C16H2_M": [
        [-0.136452, 0.00758001, 0.000986833]
    ],
    "M_G2C17_M M_G2C17H1_M": [
        [-0.123393, 0.00768035, 0.000999897]
    ],
    "M_G2C17_M M_G2C17H2_M": [
        [-0.122927, 0.00691493, 0.000900247]
    ],
    "M_G2C18_M M_G2C18H1_M": [
        [-0.0947374, 0.00691547, 0.000900318]
    ],
    "M_G2C18_M M_G2C18H2_M": [
        [-0.095642, 0.00631472, 0.000822107]
    ],
    "M_G2C19_M M_G2C19H1_M": [
        [-0.0358199, 0.00428775, 0.000558217]
    ],
    "M_G2C19_M M_G2C19H2_M": [
        [-0.0359309, 0.00400709, 0.000521678]
    ],
    "M_G2C19_M M_G2C19H3_M": [
        [-0.0357293, 0.00535673, 0.000697387]
    ],
    "M_G3_M M_G3H1_M": [
        [-0.208863, 0.023561, 0.00306738]
    ],
    "M_G3_M M_G3H2_M": [
        [-0.235636, 0.0159671, 0.00207874]
    ],
    "M_G3C4_M M_G3C4H1_M": [
        [0.0434613, 0.0141352, 0.00184025]
    ],
    "M_G3C4_M M_G3C4H2_M": [
        [0.0446729, 0.015475, 0.00201468]
    ],
    "M_G3C5_M M_G3C5H1_M": [
        [-0.0745077, 0.013124, 0.00170859]
    ],
    "M_G3C5_M M_G3C5H2_M": [
        [-0.0743405, 0.0129572, 0.00168688]
    ],
    "M_G3N6C1_M M_G3N6C1H1_M": [
        [0.00530608, 0.00677572, 0.000882123]
    ],
    "M_G3N6C1_M M_G3N6C1H2_M": [
        [0.00562993, 0.0074717, 0.000972733]
    ],
    "M_G3N6C1_M M_G3N6C1H3_M": [
        [0.00730935, 0.00768183, 0.00100009]
    ],
    "M_G3N6C2_M M_G3N6C2H1_M": [
        [0.0063939, 0.00743975, 0.000968574]
    ],
    "M_G3N6C2_M M_G3N6C2H2_M": [
        [0.00690216, 0.00673381, 0.000876668]
    ],
    "M_G3N6C2_M M_G3N6C2H3_M": [
        [0.0055751, 0.00741186, 0.000964942]
    ],
    "M_G3N6C3_M M_G3N6C3H1_M": [
        [0.00550516, 0.00737046, 0.000959552]
    ],
    "M_G3N6C3_M M_G3N6C3H2_M": [
        [0.0049285, 0.0066414, 0.000864636]
    ],
    "M_G3N6C3_M M_G3N6C3H3_M": [
        [0.00560313, 0.00674685, 0.000878366]
    ]
}