{
    "M_G1_M M_G1H1_M": [
        [-0.173355, 0.0292334, 0.0020723]
    ],
    "M_G1_M M_G1H2_M": [
        [-0.0373896, 0.0243256, 0.0017244]
    ],
    "M_G1C3_M M_G1C3H1_M": [
        [-0.23392, 0.0153494, 0.00108809]
    ],
    "M_G1C3_M M_G1C3H2_M": [
        [-0.203503, 0.0175313, 0.00124276]
    ],
    "M_G1C4_M M_G1C4H1_M": [
        [-0.17542, 0.0127025, 0.000900454]
    ],
    "M_G1C4_M M_G1C4H2_M": [
        [-0.164209, 0.0128637, 0.000911886]
    ],
    "M_G1C5_M M_G1C5H1_M": [
        [-0.202977, 0.0120127, 0.000851556]
    ],
    "M_G1C5_M M_G1C5H2_M": [
        [-0.201121, 0.012382, 0.000877733]
    ],
    "M_G1C6_M M_G1C6H1_M": [
        [-0.203558, 0.0126558, 0.000897148]
    ],
    "M_G1C6_M M_G1C6H2_M": [
        [-0.201145, 0.0126995, 0.000900241]
    ],
    "M_G1C7_M M_G1C7H1_M": [
        [-0.214987, 0.0124255, 0.00088082]
    ],
    "M_G1C7_M M_G1C7H2_M": [
        [-0.21364, 0.0132072, 0.000936235]
    ],
    "M_G1C8_M M_G1C8H1_M": [
        [-0.205747, 0.0125499, 0.000889637]
    ],
    "M_G1C8_M M_G1C8H2_M": [
        [-0.204849, 0.012982, 0.00092027]
    ],
    "M_G1C9_M M_G1C9H1_M": [
        [-0.204508, 0.012529, 0.000888158]
    ],
    "M_G1C9_M M_G1C9H2_M": [
        [-0.204317, 0.0120821, 0.000856479]
    ],
    "M_G1C10_M M_G1C10H1_M": [
        [-0.189112, 0.0117843, 0.000835366]
    ],
    "M_G1C10_M M_G1C10H2_M": [
        [-0.188893, 0.0122215, 0.000866358]
    ],
    "M_G1C11_M M_G1C11H1_M": [
        [-0.181631, 0.0111734, 0.000792062]
    ],
    "M_G1C11_M M_G1C11H2_M": [
        [-0.181225, 0.0120814, 0.000856427]
    ],
    "M_G1C12_M M_G1C12H1_M": [
        [-0.162448, 0.010613, 0.000752337]
    ],
    "M_G1C12_M M_G1C12H2_M": [
        [-0.161992, 0.0111335, 0.000789232]
    ],
    "M_G1C13_M M_G1C13H1_M": [
        [-0.151037, 0.00995592, 0.000705757]
    ],
    "M_G1C13_M M_G1C13H2_M": [
        [-0.150035, 0.0103323, 0.00073244]
    ],
    "M_G1C14_M M_G1C14H1_M": [
        [-0.129238, 0.00932729, 0.000661194]
    ],
    "M_G1C14_M M_G1C14H2_M": [
        [-0.1296, 0.00891286, 0.000631816]
    ],
    "M_G1C15_M M_G1C15H1_M": [
        [-0.112082, 0.00896938, 0.000635823]
    ],
    "M_G1C15_M M_G1C15H2_M": [
        [-0.112735, 0.00814019, 0.000577043]
    ],
    "M_G1C16_M M_G1C16H1_M": [
        [-0.084612, 0.00774655, 0.000549138]
    ],
    "M_G1C16_M M_G1C16H2_M": [
        [-0.08462, 0.00744375, 0.000527674]
    ],
    "M_G1C17_M M_G1C17H1_M": [
        [-0.0281583, 0.00620954, 0.000440182]
    ],
    "M_G1C17_M M_G1C17H2_M": [
        [-0.0288603, 0.00630605, 0.000447024]
    ],
    "M_G1C17_M M_G1C17H3_M": [
        [-0.0276847, 0.00608142, 0.0004311]
    ],
    "M_G2_M M_G2H1_M": [
        [-0.193859, 0.0240951, 0.00170805]
    ],
    "M_G2C3_M M_G2C3H1_M": [
        [-0.0757, 0.0189957, 0.00134657]
    ],
    "M_G2C3_M M_G2C3H2_M": [
        [-0.10667, 0.0158169, 0.00112123]
    ],
    "M_G2C4_M M_G2C4H1_M": [
        [-0.199539, 0.0142696, 0.00101155]
    ],
    "M_G2C4_M M_G2C4H2_M": [
        [-0.204897, 0.0129559, 0.000918421]
    ],
    "M_G2C5_M M_G2C5H1_M": [
        [-0.196915, 0.0135402, 0.000959841]
    ],
    "M_G2C5_M M_G2C5H2_M": [
        [-0.199097, 0.0128021, 0.000907516]
    ],
    "M_G2C6_M M_G2C6H1_M": [
        [-0.207956, 0.0141321, 0.0010018]
    ],
    "M_G2C6_M M_G2C6H2_M": [
        [-0.206826, 0.0129255, 0.000916267]
    ],
    "M_G2C7_M M_G2C7H1_M": [
        [-0.184573, 0.0135775, 0.000962487]
    ],
    "M_G2C7_M M_G2C7H2_M": [
        [-0.184133, 0.0136651, 0.000968695]
    ],
    "M_G2C8_M M_G2C8H1_M": [
        [-0.175135, 0.0125692, 0.00089101]
    ],
    "M_G2C8_M M_G2C8H2_M": [
        [-0.1754, 0.0136306, 0.000966245]
    ],
    "M_G2C9_M M_G2C9H1_M": [
        [-0.100926, 0.0109891, 0.000778999]
    ],
    "M_G2C9_M M_G2C9H2_M": [
        [-0.101649, 0.0122859, 0.000870922]
    ],
    "M_G2C10_M M_G2C10H1_M": [
        [-0.0586746, 0.0138149, 0.000979309]
    ],
    "M_G2C11_M M_G2C11H1_M": [
        [-0.0488418, 0.0102361, 0.000725618]
    ],
    "M_G2C12_M M_G2C12H1_M": [
        [-0.076964, 0.0114356, 0.00081065]
    ],
    "M_G2C12_M M_G2C12H2_M": [
        [-0.0764702, 0.0110789, 0.000785361]
    ],
    "M_G2C13_M M_G2C13H1_M": [
        [-0.11767, 0.0109125, 0.000773565]
    ],
    "M_G2C13_M M_G2C13H2_M": [
        [-0.116758, 0.0111797, 0.000792507]
    ],
    "M_G2C14_M M_G2C14H1_M": [
        [-0.123251, 0.0101346, 0.000718426]
    ],
    "M_G2C14_M M_G2C14H2_M": [
        [-0.12288, 0.0102598, 0.000727301]
    ],
    "M_G2C15_M M_G2C15H1_M": [
        [-0.127209, 0.00965678, 0.000684551]
    ],
    "M_G2C15_M M_G2C15H2_M": [
        [-0.127831, 0.0103589, 0.000734322]
    ],
    "M_G2C16_M M_G2C16H1_M": [
        [-0.115292, 0.00869968, 0.000616704]
    ],
    "M_G2C16_M M_G2C16H2_M": [
        [-0.115119, 0.00933595, 0.000661808]
    ],
    "M_G2C17_M M_G2C17H1_M": [
        [-0.10453, 0.00836949, 0.000593298]
    ],
    "M_G2C17_M M_G2C17H2_M": [
        [-0.104451, 0.00794492, 0.0005632]
    ],
    "M_G2C18_M M_G2C18H1_M": [
        [-0.0809081, 0.00796953, 0.000564945]
    ],
    "M_G2C18_M M_G2C18H2_M": [
        [-0.0814464, 0.00843332, 0.000597822]
    ],
    "M_G2C19_M M_G2C19H1_M": [
        [-0.0267609, 0.00662503, 0.000469636]
    ],
    "M_G2C19_M M_G2C19H2_M": [
        [-0.0271341, 0.00674516, 0.000478152]
    ],
    "M_G2C19_M M_G2C19H3_M": [
        [-0.0269954, 0.00713894, 0.000506066]
    ],
    "M_G3_M M_G3H1_M": [
        [-0.224919, 0.0209709, 0.00148659]
    ],
    "M_G3_M M_G3H2_M": [
        [-0.24532, 0.0156197, 0.00110725]
    ],
    "M_G3C4_M M_G3C4H1_M": [
        [0.0322687, 0.0148122, 0.00105001]
    ],
    "M_G3C4_M M_G3C4H2_M": [
        [0.030305, 0.0134877, 0.000956119]
    ],
    "M_G3C5_M M_G3C5H1_M": [
        [-0.0781297, 0.0122863, 0.000870956]
    ],
    "M_G3C5_M M_G3C5H2_M": [
        [-0.0784822, 0.0131433, 0.000931705]
    ],
    "M_G3N6C1_M M_G3N6C1H1_M": [
        [0.0116339, 0.00845682, 0.000599488]
    ],
    "M_G3N6C1_M M_G3N6C1H2_M": [
        [0.0111768, 0.00912719, 0.000647009]
    ],
    "M_G3N6C1_M M_G3N6C1H3_M": [
        [0.0112254, 0.00878814, 0.000622975]
    ],
    "M_G3N6C2_M M_G3N6C2H1_M": [
        [0.0120975, 0.00856807, 0.000607374]
    ],
    "M_G3N6C2_M M_G3N6C2H2_M": [
        [0.0106407, 0.00878001, 0.000622398]
    ],
    "M_G3N6C2_M M_G3N6C2H3_M": [
        [0.0113436, 0.00860921, 0.000610291]
    ],
    "M_G3N6C3_M M_G3N6C3H1_M": [
        [0.0105057, 0.0083655, 0.000593015]
    ],
    "M_G3N6C3_M M_G3N6C3H2_M": [
        [0.0109351, 0.0081991, 0.000581219]
    ],
    "M_G3N6C3_M M_G3N6C3H3_M": [
        [0.0123408, 0.00930608, 0.00065969]
    ]
}