{
    "M_C3_M M_C3H3_M": [
        [-0.372995, 0.0131653, 0.00339926]
    ],
    "M_C4_M M_C4H41_M": [
        [-0.194253, 0.0297236, 0.0076746]
    ],
    "M_C4_M M_C4H42_M": [
        [-0.32913, 0.0159881, 0.00412811]
    ],
    "M_C6_M M_C6H6_M": [
        [-0.0172709, 0.0376579, 0.00972322]
    ],
    "M_C7_M M_C7H71_M": [
        [-0.358711, 0.0136787, 0.00353182]
    ],
    "M_C7_M M_C7H72_M": [
        [-0.305691, 0.0193331, 0.00499178]
    ],
    "M_C8_M M_C8H8_M": [
        [-0.40156, 0.0101523, 0.00262131]
    ],
    "M_C14_M M_C14H14_M": [
        [-0.387725, 0.00989192, 0.00255408]
    ],
    "M_C15_M M_C15H151_M": [
        [-0.310154, 0.0199063, 0.00513978]
    ],
    "M_C15_M M_C15H152_M": [
        [-0.373534, 0.0138928, 0.00358711]
    ],
    "M_C16_M M_C16H161_M": [
        [-0.181029, 0.0215656, 0.00556821]
    ],
    "M_C16_M M_C16H162_M": [
        [-0.0749845, 0.0241403, 0.00623299]
    ],
    "M_C17_M M_C17H17_M": [
        [-0.398042, 0.00903345, 0.00233243]
    ],
    "M_C18_M M_C18H181_M": [
        [0.0974858, 0.0200767, 0.00518377]
    ],
    "M_C18_M M_C18H182_M": [
        [0.0997535, 0.0185911, 0.0048002]
    ],
    "M_C18_M M_C18H183_M": [
        [0.101766, 0.0171162, 0.00441939]
    ],
    "M_C12_M M_C12H121_M": [
        [-0.394031, 0.0102539, 0.00264754]
    ],
    "M_C12_M M_C12H122_M": [
        [-0.07975, 0.035796, 0.00924248]
    ],
    "M_C11_M M_C11H111_M": [
        [-0.230708, 0.0246556, 0.00636606]
    ],
    "M_C11_M M_C11H112_M": [
        [-0.396053, 0.0111287, 0.00287343]
    ],
    "M_C9_M M_C9H9_M": [
        [-0.394724, 0.0108643, 0.00280514]
    ],
    "M_C19_M M_C19H191_M": [
        [0.112842, 0.0144676, 0.00373552]
    ],
    "M_C19_M M_C19H192_M": [
        [0.101761, 0.0159825, 0.00412666]
    ],
    "M_C19_M M_C19H193_M": [
        [0.102903, 0.015621, 0.00403333]
    ],
    "M_C1_M M_C1H11_M": [
        [-0.365148, 0.0140961, 0.0036396]
    ],
    "M_C1_M M_C1H12_M": [
        [-0.195266, 0.0296524, 0.00765622]
    ],
    "M_C2_M M_C2H21_M": [
        [-0.341429, 0.0139237, 0.00359507]
    ],
    "M_C2_M M_C2H22_M": [
        [-0.236174, 0.022245, 0.00574363]
    ],
    "M_C20_M M_C20H20_M": [
        [-0.386808, 0.00969223, 0.00250252]
    ],
    "M_C21_M M_C21H211_M": [
        [0.0922156, 0.0174251, 0.00449914]
    ],
    "M_C21_M M_C21H212_M": [
        [0.0898881, 0.0119824, 0.00309384]
    ],
    "M_C21_M M_C21H213_M": [
        [0.0895862, 0.0198241, 0.00511855]
    ],
    "M_C22_M M_C22H221_M": [
        [-0.347589, 0.0112978, 0.00291709]
    ],
    "M_C22_M M_C22H222_M": [
        [-0.265015, 0.0301175, 0.00777631]
    ],
    "M_C23_M M_C23H231_M": [
        [-0.336086, 0.0134487, 0.00347243]
    ],
    "M_C23_M M_C23H232_M": [
        [-0.227437, 0.0272556, 0.00703737]
    ],
    "M_C24_M M_C24H241_M": [
        [-0.311572, 0.0128528, 0.00331859]
    ],
    "M_C24_M M_C24H242_M": [
        [-0.231956, 0.0230552, 0.00595284]
    ],
    "M_C25_M M_C25H25_M": [
        [-0.238123, 0.0136516, 0.00352484]
    ],
    "M_C26_M M_C26H261_M": [
        [0.020712, 0.0193349, 0.00499224]
    ],
    "M_C26_M M_C26H262_M": [
        [0.0095234, 0.0138943, 0.0035875]
    ],
    "M_C26_M M_C26H263_M": [
        [0.0122562, 0.00930745, 0.00240317]
    ],
    "M_C27_M M_C27H271_M": [
        [-0.00516736, 0.0132616, 0.00342413]
    ],
    "M_C27_M M_C27H272_M": [
        [-0.00256321, 0.00748959, 0.0019338]
    ],
    "M_C27_M M_C27H273_M": [
        [0.0023955, 0.0120006, 0.00309854]
    ]
}