{
    "M_G1_M M_G1H1_M": [
        [0.0157872, 0.0709802, 0.00894266]
    ],
    "M_G1_M M_G1H2_M": [
        [-0.172387, 0.0691159, 0.00870779]
    ],
    "M_G1C3_M M_G1C3H1_M": [
        [-0.235121, 0.0241399, 0.00304134]
    ],
    "M_G1C3_M M_G1C3H2_M": [
        [-0.204905, 0.0306025, 0.00385556]
    ],
    "M_G1C4_M M_G1C4H1_M": [
        [-0.21159, 0.0291908, 0.00367769]
    ],
    "M_G1C4_M M_G1C4H2_M": [
        [-0.196042, 0.0216216, 0.00272407]
    ],
    "M_G1C5_M M_G1C5H1_M": [
        [-0.242205, 0.0187501, 0.00236229]
    ],
    "M_G1C5_M M_G1C5H2_M": [
        [-0.241247, 0.0236948, 0.00298527]
    ],
    "M_G1C6_M M_G1C6H1_M": [
        [-0.274914, 0.022397, 0.00282176]
    ],
    "M_G1C6_M M_G1C6H2_M": [
        [-0.271549, 0.0206312, 0.00259928]
    ],
    "M_G1C7_M M_G1C7H1_M": [
        [-0.293145, 0.0217489, 0.0027401]
    ],
    "M_G1C7_M M_G1C7H2_M": [
        [-0.292271, 0.0208023, 0.00262085]
    ],
    "M_G1C8_M M_G1C8H1_M": [
        [-0.297949, 0.0221154, 0.00278628]
    ],
    "M_G1C8_M M_G1C8H2_M": [
        [-0.29904, 0.0216728, 0.00273051]
    ],
    "M_G1C9_M M_G1C9H1_M": [
        [-0.298564, 0.0215116, 0.0027102]
    ],
    "M_G1C9_M M_G1C9H2_M": [
        [-0.296782, 0.0220863, 0.00278261]
    ],
    "M_G1C10_M M_G1C10H1_M": [
        [-0.291092, 0.0226459, 0.00285312]
    ],
    "M_G1C10_M M_G1C10H2_M": [
        [-0.289291, 0.0213561, 0.00269061]
    ],
    "M_G1C11_M M_G1C11H1_M": [
        [-0.280639, 0.0240729, 0.0030329]
    ],
    "M_G1C11_M M_G1C11H2_M": [
        [-0.28005, 0.0193763, 0.00244118]
    ],
    "M_G1C12_M M_G1C12H1_M": [
        [-0.265184, 0.0236272, 0.00297674]
    ],
    "M_G1C12_M M_G1C12H2_M": [
        [-0.262875, 0.0208468, 0.00262644]
    ],
    "M_G1C13_M M_G1C13H1_M": [
        [-0.244278, 0.0196482, 0.00247544]
    ],
    "M_G1C13_M M_G1C13H2_M": [
        [-0.245526, 0.0206344, 0.00259968]
    ],
    "M_G1C14_M M_G1C14H1_M": [
        [-0.218847, 0.0188192, 0.002371]
    ],
    "M_G1C14_M M_G1C14H2_M": [
        [-0.220282, 0.0191032, 0.00240677]
    ],
    "M_G1C15_M M_G1C15H1_M": [
        [-0.18581, 0.018645, 0.00234905]
    ],
    "M_G1C15_M M_G1C15H2_M": [
        [-0.186728, 0.0173846, 0.00219025]
    ],
    "M_G1C16_M M_G1C16H1_M": [
        [-0.136601, 0.0176829, 0.00222783]
    ],
    "M_G1C16_M M_G1C16H2_M": [
        [-0.139564, 0.0132307, 0.00166691]
    ],
    "M_G1C17_M M_G1C17H1_M": [
        [-0.0328494, 0.016033, 0.00201997]
    ],
    "M_G1C17_M M_G1C17H2_M": [
        [-0.0330007, 0.0160946, 0.00202773]
    ],
    "M_G1C17_M M_G1C17H3_M": [
        [-0.0348153, 0.0144601, 0.0018218]
    ],
    "M_G2_M M_G2H1_M": [
        [-0.206064, 0.0650483, 0.00819531]
    ],
    "M_G2C3_M M_G2C3H1_M": [
        [-0.198936, 0.0306235, 0.00385819]
    ],
    "M_G2C3_M M_G2C3H2_M": [
        [-0.168091, 0.0332505, 0.00418917]
    ],
    "M_G2C4_M M_G2C4H1_M": [
        [-0.234335, 0.026396, 0.00332559]
    ],
    "M_G2C4_M M_G2C4H2_M": [
        [-0.227415, 0.0235173, 0.00296291]
    ],
    "M_G2C5_M M_G2C5H1_M": [
        [-0.22793, 0.02261, 0.0028486]
    ],
    "M_G2C5_M M_G2C5H2_M": [
        [-0.221398, 0.0215716, 0.00271777]
    ],
    "M_G2C6_M M_G2C6H1_M": [
        [-0.252129, 0.0232894, 0.00293419]
    ],
    "M_G2C6_M M_G2C6H2_M": [
        [-0.246874, 0.0203025, 0.00255788]
    ],
    "M_G2C7_M M_G2C7H1_M": [
        [-0.242912, 0.0255216, 0.00321541]
    ],
    "M_G2C7_M M_G2C7H2_M": [
        [-0.2385, 0.0234147, 0.00294998]
    ],
    "M_G2C8_M M_G2C8H1_M": [
        [-0.230909, 0.0241676, 0.00304483]
    ],
    "M_G2C8_M M_G2C8H2_M": [
        [-0.229291, 0.0228041, 0.00287304]
    ],
    "M_G2C9_M M_G2C9H1_M": [
        [-0.144705, 0.0206887, 0.00260653]
    ],
    "M_G2C9_M M_G2C9H2_M": [
        [-0.149008, 0.0233097, 0.00293674]
    ],
    "M_G2C10_M M_G2C10H1_M": [
        [-0.10814, 0.0207515, 0.00261445]
    ],
    "M_G2C11_M M_G2C11H1_M": [
        [-0.0811722, 0.0192613, 0.0024267]
    ],
    "M_G2C12_M M_G2C12H1_M": [
        [-0.116146, 0.0203836, 0.00256809]
    ],
    "M_G2C12_M M_G2C12H2_M": [
        [-0.119291, 0.0202993, 0.00255747]
    ],
    "M_G2C13_M M_G2C13H1_M": [
        [-0.188935, 0.019596, 0.00246887]
    ],
    "M_G2C13_M M_G2C13H2_M": [
        [-0.190593, 0.0200916, 0.0025313]
    ],
    "M_G2C14_M M_G2C14H1_M": [
        [-0.201318, 0.019375, 0.00244103]
    ],
    "M_G2C14_M M_G2C14H2_M": [
        [-0.199286, 0.0184375, 0.00232291]
    ],
    "M_G2C15_M M_G2C15H1_M": [
        [-0.207561, 0.0192255, 0.00242218]
    ],
    "M_G2C15_M M_G2C15H2_M": [
        [-0.206999, 0.0193128, 0.00243319]
    ],
    "M_G2C16_M M_G2C16H1_M": [
        [-0.188884, 0.0191945, 0.00241828]
    ],
    "M_G2C16_M M_G2C16H2_M": [
        [-0.189813, 0.0180237, 0.00227077]
    ],
    "M_G2C17_M M_G2C17H1_M": [
        [-0.170982, 0.0171613, 0.00216212]
    ],
    "M_G2C17_M M_G2C17H2_M": [
        [-0.171868, 0.018778, 0.00236581]
    ],
    "M_G2C18_M M_G2C18H1_M": [
        [-0.122323, 0.0149079, 0.00187822]
    ],
    "M_G2C18_M M_G2C18H2_M": [
        [-0.124772, 0.0158838, 0.00200117]
    ],
    "M_G2C19_M M_G2C19H1_M": [
        [-0.0377987, 0.0149167, 0.00187933]
    ],
    "M_G2C19_M M_G2C19H2_M": [
        [-0.0387645, 0.0149296, 0.00188095]
    ],
    "M_G2C19_M M_G2C19H3_M": [
        [-0.0385045, 0.0160022, 0.00201609]
    ],
    "M_G3_M M_G3H1_M": [
        [-0.23502, 0.0552268, 0.00695792]
    ],
    "M_G3_M M_G3H2_M": [
        [-0.13427, 0.0596888, 0.00752008]
    ],
    "M_G3C4_M M_G3C4H1_M": [
        [0.0500189, 0.0561274, 0.00707139]
    ],
    "M_G3C4_M M_G3C4H2_M": [
        [0.0505388, 0.0435164, 0.00548256]
    ],
    "M_G3C5_M M_G3C5H1_M": [
        [0.0199677, 0.0459788, 0.00579278]
    ],
    "M_G3C5_M M_G3C5H2_M": [
        [0.032079, 0.0587505, 0.00740186]
    ],
    "M_G3N6C1_M M_G3N6C1H1_M": [
        [-0.0120336, 0.0177246, 0.00223309]
    ],
    "M_G3N6C1_M M_G3N6C1H2_M": [
        [-0.0132247, 0.0170665, 0.00215018]
    ],
    "M_G3N6C1_M M_G3N6C1H3_M": [
        [-0.0138196, 0.0156187, 0.00196777]
    ],
    "M_G3N6C2_M M_G3N6C2H1_M": [
        [-0.0110098, 0.0141971, 0.00178867]
    ],
    "M_G3N6C2_M M_G3N6C2H2_M": [
        [-0.0112627, 0.0137134, 0.00172773]
    ],
    "M_G3N6C2_M M_G3N6C2H3_M": [
        [-0.0175126, 0.016044, 0.00202136]
    ],
    "M_G3N6C3_M M_G3N6C3H1_M": [
        [-0.01483, 0.0160337, 0.00202005]
    ],
    "M_G3N6C3_M M_G3N6C3H2_M": [
        [-0.0109105, 0.0175441, 0.00221035]
    ],
    "M_G3N6C3_M M_G3N6C3H3_M": [
        [-0.0151516, 0.0129203, 0.00162781]
    ]
}