{
    "M_G1_M M_G1H1_M": [
        [-0.276754, 0.0273229, 0.00823816]
    ],
    "M_G1_M M_G1H2_M": [
        [0.00248571, 0.0435156, 0.0131205]
    ],
    "M_G1C3_M M_G1C3H1_M": [
        [-0.274624, 0.015786, 0.00475964]
    ],
    "M_G1C3_M M_G1C3H2_M": [
        [-0.259201, 0.02275, 0.00685938]
    ],
    "M_G1C4_M M_G1C4H1_M": [
        [-0.203407, 0.0125798, 0.00379296]
    ],
    "M_G1C4_M M_G1C4H2_M": [
        [-0.194026, 0.0167846, 0.00506076]
    ],
    "M_G1C5_M M_G1C5H1_M": [
        [-0.233098, 0.0158564, 0.00478088]
    ],
    "M_G1C5_M M_G1C5H2_M": [
        [-0.226444, 0.0148824, 0.0044872]
    ],
    "M_G1C6_M M_G1C6H1_M": [
        [-0.21886, 0.0125667, 0.00378899]
    ],
    "M_G1C6_M M_G1C6H2_M": [
        [-0.21227, 0.0103093, 0.00310836]
    ],
    "M_G1C7_M M_G1C7H1_M": [
        [-0.228532, 0.0120454, 0.00363183]
    ],
    "M_G1C7_M M_G1C7H2_M": [
        [-0.230922, 0.0134488, 0.00405496]
    ],
    "M_G1C8_M M_G1C8H1_M": [
        [-0.212994, 0.0128028, 0.00386019]
    ],
    "M_G1C8_M M_G1C8H2_M": [
        [-0.213514, 0.0119465, 0.003602]
    ],
    "M_G1C9_M M_G1C9H1_M": [
        [-0.214189, 0.0135853, 0.00409613]
    ],
    "M_G1C9_M M_G1C9H2_M": [
        [-0.215036, 0.011485, 0.00346285]
    ],
    "M_G1C10_M M_G1C10H1_M": [
        [-0.194577, 0.0136407, 0.00411282]
    ],
    "M_G1C10_M M_G1C10H2_M": [
        [-0.193994, 0.0125117, 0.00377243]
    ],
    "M_G1C11_M M_G1C11H1_M": [
        [-0.187464, 0.0127118, 0.00383276]
    ],
    "M_G1C11_M M_G1C11H2_M": [
        [-0.188776, 0.0116571, 0.00351475]
    ],
    "M_G1C12_M M_G1C12H1_M": [
        [-0.165618, 0.0107141, 0.00323044]
    ],
    "M_G1C12_M M_G1C12H2_M": [
        [-0.165554, 0.0104498, 0.00315073]
    ],
    "M_G1C13_M M_G1C13H1_M": [
        [-0.153679, 0.00976008, 0.00294277]
    ],
    "M_G1C13_M M_G1C13H2_M": [
        [-0.154105, 0.00937843, 0.0028277]
    ],
    "M_G1C14_M M_G1C14H1_M": [
        [-0.129162, 0.00867748, 0.00261636]
    ],
    "M_G1C14_M M_G1C14H2_M": [
        [-0.129123, 0.00867403, 0.00261532]
    ],
    "M_G1C15_M M_G1C15H1_M": [
        [-0.112687, 0.00780263, 0.00235258]
    ],
    "M_G1C15_M M_G1C15H2_M": [
        [-0.113091, 0.00745358, 0.00224734]
    ],
    "M_G1C16_M M_G1C16H1_M": [
        [-0.0810365, 0.00751183, 0.0022649]
    ],
    "M_G1C16_M M_G1C16H2_M": [
        [-0.0818124, 0.00602075, 0.00181532]
    ],
    "M_G1C17_M M_G1C17H1_M": [
        [-0.0286482, 0.00310742, 0.000936921]
    ],
    "M_G1C17_M M_G1C17H2_M": [
        [-0.0268763, 0.00279515, 0.000842768]
    ],
    "M_G1C17_M M_G1C17H3_M": [
        [-0.028927, 0.00223857, 0.000674955]
    ],
    "M_G2_M M_G2H1_M": [
        [-0.241481, 0.0814971, 0.0245723]
    ],
    "M_G2C3_M M_G2C3H1_M": [
        [-0.143622, 0.0248594, 0.00749539]
    ],
    "M_G2C3_M M_G2C3H2_M": [
        [-0.136018, 0.0374301, 0.0112856]
    ],
    "M_G2C4_M M_G2C4H1_M": [
        [-0.198676, 0.0216234, 0.0065197]
    ],
    "M_G2C4_M M_G2C4H2_M": [
        [-0.185688, 0.0192121, 0.00579266]
    ],
    "M_G2C5_M M_G2C5H1_M": [
        [-0.192887, 0.0198271, 0.00597808]
    ],
    "M_G2C5_M M_G2C5H2_M": [
        [-0.188337, 0.0182172, 0.00549269]
    ],
    "M_G2C6_M M_G2C6H1_M": [
        [-0.20134, 0.0218744, 0.00659539]
    ],
    "M_G2C6_M M_G2C6H2_M": [
        [-0.198879, 0.018351, 0.00553303]
    ],
    "M_G2C7_M M_G2C7H1_M": [
        [-0.173426, 0.0202747, 0.00611305]
    ],
    "M_G2C7_M M_G2C7H2_M": [
        [-0.173993, 0.0176548, 0.00532311]
    ],
    "M_G2C8_M M_G2C8H1_M": [
        [-0.168474, 0.0205833, 0.0062061]
    ],
    "M_G2C8_M M_G2C8H2_M": [
        [-0.168794, 0.0190378, 0.0057401]
    ],
    "M_G2C9_M M_G2C9H1_M": [
        [-0.115955, 0.0169817, 0.00512017]
    ],
    "M_G2C9_M M_G2C9H2_M": [
        [-0.115451, 0.0155552, 0.00469008]
    ],
    "M_G2C10_M M_G2C10H1_M": [
        [-0.0894179, 0.018643, 0.00562108]
    ],
    "M_G2C11_M M_G2C11H1_M": [
        [0.0109383, 0.0149921, 0.00452029]
    ],
    "M_G2C12_M M_G2C12H1_M": [
        [-0.0522288, 0.0076115, 0.00229495]
    ],
    "M_G2C12_M M_G2C12H2_M": [
        [-0.0510887, 0.00853058, 0.00257207]
    ],
    "M_G2C13_M M_G2C13H1_M": [
        [-0.100299, 0.00611532, 0.00184384]
    ],
    "M_G2C13_M M_G2C13H2_M": [
        [-0.102014, 0.00650588, 0.0019616]
    ],
    "M_G2C14_M M_G2C14H1_M": [
        [-0.108712, 0.00607152, 0.00183063]
    ],
    "M_G2C14_M M_G2C14H2_M": [
        [-0.108791, 0.0060679, 0.00182954]
    ],
    "M_G2C15_M M_G2C15H1_M": [
        [-0.116547, 0.00666221, 0.00200873]
    ],
    "M_G2C15_M M_G2C15H2_M": [
        [-0.117921, 0.00509989, 0.00153767]
    ],
    "M_G2C16_M M_G2C16H1_M": [
        [-0.10793, 0.00764851, 0.00230611]
    ],
    "M_G2C16_M M_G2C16H2_M": [
        [-0.107848, 0.00614696, 0.00185338]
    ],
    "M_G2C17_M M_G2C17H1_M": [
        [-0.0975228, 0.00657815, 0.00198339]
    ],
    "M_G2C17_M M_G2C17H2_M": [
        [-0.0984156, 0.00626227, 0.00188814]
    ],
    "M_G2C18_M M_G2C18H1_M": [
        [-0.0759415, 0.00503435, 0.00151792]
    ],
    "M_G2C18_M M_G2C18H2_M": [
        [-0.0759369, 0.00575557, 0.00173537]
    ],
    "M_G2C19_M M_G2C19H1_M": [
        [-0.0228983, 0.0029906, 0.0009017]
    ],
    "M_G2C19_M M_G2C19H2_M": [
        [-0.0230692, 0.00189033, 0.000569956]
    ],
    "M_G2C19_M M_G2C19H3_M": [
        [-0.0227354, 0.00184378, 0.000555921]
    ],
    "M_G3_M M_G3H1_M": [
        [-0.211239, 0.0692425, 0.0208774]
    ],
    "M_G3_M M_G3H2_M": [
        [-0.250971, 0.047732, 0.0143917]
    ],
    "M_G3C4_M M_G3C4H1_M": [
        [0.126653, 0.0440431, 0.0132795]
    ],
    "M_G3C4_M M_G3C4H2_M": [
        [0.142266, 0.0431866, 0.0130213]
    ],
    "M_G3C5_M M_G3C5H1_M": [
        [0.112788, 0.0548504, 0.016538]
    ]
}