{
    "M_C3_M M_C3H1_M": [
        [-0.390133, 0.0310599, 0.00434926]
    ],
    "M_C4_M M_C4H1_M": [
        [-0.340885, 0.030369, 0.00425252]
    ],
    "M_C4_M M_C4H2_M": [
        [-0.194291, 0.0383009, 0.00536319]
    ],
    "M_C6_M M_C6H1_M": [
        [-0.0370265, 0.0375467, 0.00525758]
    ],
    "M_C7_M M_C7H1_M": [
        [-0.291067, 0.0286731, 0.00401503]
    ],
    "M_C7_M M_C7H2_M": [
        [-0.354341, 0.0307486, 0.00430566]
    ],
    "M_C8_M M_C8H1_M": [
        [-0.424499, 0.032349, 0.00452977]
    ],
    "M_C14_M M_C14H1_M": [
        [-0.420999, 0.0313878, 0.00439518]
    ],
    "M_C15_M M_C15H1_M": [
        [-0.388035, 0.0330464, 0.00462742]
    ],
    "M_C15_M M_C15H2_M": [
        [-0.344293, 0.0380791, 0.00533213]
    ],
    "M_C16_M M_C16H1_M": [
        [-0.0872714, 0.0233701, 0.00327246]
    ],
    "M_C16_M M_C16H2_M": [
        [-0.172896, 0.0216948, 0.00303789]
    ],
    "M_C17_M M_C17H1_M": [
        [-0.410677, 0.0682374, 0.00955515]
    ],
    "M_C18_M M_C18H1_M": [
        [0.120264, 0.0156626, 0.0021932]
    ],
    "M_C18_M M_C18H2_M": [
        [0.121996, 0.0217159, 0.00304084]
    ],
    "M_C18_M M_C18H3_M": [
        [0.121127, 0.0180741, 0.00253088]
    ],
    "M_C12_M M_C12H1_M": [
        [-0.118855, 0.0592547, 0.00829732]
    ],
    "M_C12_M M_C12H2_M": [
        [-0.409381, 0.053301, 0.00746363]
    ],
    "M_C11_M M_C11H1_M": [
        [-0.420608, 0.0333799, 0.00467413]
    ],
    "M_C11_M M_C11H2_M": [
        [-0.232531, 0.0294009, 0.00411695]
    ],
    "M_C9_M M_C9H1_M": [
        [-0.419506, 0.0319296, 0.00447104]
    ],
    "M_C19_M M_C19H1_M": [
        [0.120542, 0.0150185, 0.00210301]
    ],
    "M_C19_M M_C19H2_M": [
        [0.120181, 0.0160508, 0.00224756]
    ],
    "M_C19_M M_C19H3_M": [
        [0.121871, 0.0159732, 0.00223669]
    ],
    "M_C1_M M_C1H1_M": [
        [-0.209773, 0.0393682, 0.00551265]
    ],
    "M_C1_M M_C1H2_M": [
        [-0.386367, 0.0321785, 0.00450589]
    ],
    "M_C2_M M_C2H1_M": [
        [-0.236348, 0.0406126, 0.00568691]
    ],
    "M_C2_M M_C2H2_M": [
        [-0.36462, 0.0386627, 0.00541386]
    ],
    "M_C20_M M_C20H1_M": [
        [-0.400793, 0.0310292, 0.00434496]
    ],
    "M_C21_M M_C21H1_M": [
        [0.113063, 0.0192747, 0.002699]
    ],
    "M_C21_M M_C21H2_M": [
        [0.112125, 0.0185948, 0.00260379]
    ],
    "M_C21_M M_C21H3_M": [
        [0.11516, 0.0152668, 0.00213778]
    ],
    "M_C22_M M_C22H1_M": [
        [-0.29257, 0.0736575, 0.0103141]
    ],
    "M_C22_M M_C22H2_M": [
        [-0.378876, 0.0464096, 0.00649864]
    ],
    "M_C23_M M_C23H1_M": [
        [-0.239414, 0.0664232, 0.0093011]
    ],
    "M_C23_M M_C23H2_M": [
        [-0.362674, 0.0398866, 0.00558524]
    ],
    "M_C24_M M_C24H1_M": [
        [-0.2363, 0.0554366, 0.00776267]
    ],
    "M_C24_M M_C24H2_M": [
        [-0.314803, 0.040051, 0.00560826]
    ],
    "M_C25_M M_C25H1_M": [
        [-0.192238, 0.040219, 0.00563179]
    ],
    "M_C26_M M_C26H1_M": [
        [0.0168203, 0.013934, 0.00195115]
    ],
    "M_C26_M M_C26H2_M": [
        [0.017347, 0.0162346, 0.00227329]
    ],
    "M_C26_M M_C26H3_M": [
        [0.0164149, 0.0146244, 0.00204783]
    ],
    "M_C27_M M_C27H1_M": [
        [0.0149106, 0.014349, 0.00200926]
    ],
    "M_C27_M M_C27H2_M": [
        [0.0183612, 0.0146691, 0.00205409]
    ],
    "M_C27_M M_C27H3_M": [
        [0.0154863, 0.0135679, 0.00189989]
    ]
}