{
    "M_G1_M M_G1H1_M": [
        [-0.0793037, 0.0843989, 0.00657044]
    ],
    "M_G1_M M_G1H2_M": [
        [-0.14594, 0.0620949, 0.00483408]
    ],
    "M_G1C3_M M_G1C3H1_M": [
        [-0.237352, 0.0375502, 0.00292328]
    ],
    "M_G1C3_M M_G1C3H2_M": [
        [-0.232425, 0.0383299, 0.00298398]
    ],
    "M_G1C4_M M_G1C4H1_M": [
        [-0.20138, 0.0386912, 0.00301211]
    ],
    "M_G1C4_M M_G1C4H2_M": [
        [-0.209098, 0.0382647, 0.0029789]
    ],
    "M_G1C5_M M_G1C5H1_M": [
        [-0.226892, 0.0383101, 0.00298244]
    ],
    "M_G1C5_M M_G1C5H2_M": [
        [-0.233457, 0.038511, 0.00299807]
    ],
    "M_G1C6_M M_G1C6H1_M": [
        [-0.214693, 0.0423828, 0.0032995]
    ],
    "M_G1C6_M M_G1C6H2_M": [
        [-0.216056, 0.0423898, 0.00330004]
    ],
    "M_G1C7_M M_G1C7H1_M": [
        [-0.21235, 0.0419021, 0.00326208]
    ],
    "M_G1C7_M M_G1C7H2_M": [
        [-0.211719, 0.042605, 0.00331679]
    ],
    "M_G1C8_M M_G1C8H1_M": [
        [-0.192513, 0.0434477, 0.0033824]
    ],
    "M_G1C8_M M_G1C8H2_M": [
        [-0.190895, 0.0432815, 0.00336946]
    ],
    "M_G1C9_M M_G1C9H1_M": [
        [-0.154829, 0.0342832, 0.00266894]
    ],
    "M_G1C9_M M_G1C9H2_M": [
        [-0.15679, 0.0345593, 0.00269044]
    ],
    "M_G1C10_M M_G1C10H1_M": [
        [-0.110525, 0.0213416, 0.00166144]
    ],
    "M_G1C11_M M_G1C11H1_M": [
        [-0.060898, 0.0278543, 0.00216845]
    ],
    "M_G1C12_M M_G1C12H1_M": [
        [-0.0868588, 0.0414176, 0.00322436]
    ],
    "M_G1C12_M M_G1C12H2_M": [
        [-0.0879921, 0.0406847, 0.0031673]
    ],
    "M_G1C13_M M_G1C13H1_M": [
        [-0.127433, 0.0499997, 0.00389247]
    ],
    "M_G1C13_M M_G1C13H2_M": [
        [-0.128424, 0.0485174, 0.00377707]
    ],
    "M_G1C14_M M_G1C14H1_M": [
        [-0.121039, 0.0495553, 0.00385788]
    ],
    "M_G1C14_M M_G1C14H2_M": [
        [-0.120863, 0.0505919, 0.00393858]
    ],
    "M_G1C15_M M_G1C15H1_M": [
        [-0.127254, 0.0487422, 0.00379458]
    ],
    "M_G1C15_M M_G1C15H2_M": [
        [-0.127217, 0.048376, 0.00376607]
    ],
    "M_G1C16_M M_G1C16H1_M": [
        [-0.107645, 0.0428655, 0.00333707]
    ],
    "M_G1C16_M M_G1C16H2_M": [
        [-0.106927, 0.0442418, 0.00344422]
    ],
    "M_G1C17_M M_G1C17H1_M": [
        [-0.0966001, 0.0374081, 0.00291222]
    ],
    "M_G1C17_M M_G1C17H2_M": [
        [-0.096926, 0.0365749, 0.00284735]
    ],
    "M_G1C18_M M_G1C18H1_M": [
        [-0.067008, 0.0242683, 0.00188928]
    ],
    "M_G1C18_M M_G1C18H2_M": [
        [-0.067162, 0.0243569, 0.00189618]
    ],
    "M_G1C19_M M_G1C19H1_M": [
        [-0.0244484, 0.0127625, 0.000993562]
    ],
    "M_G1C19_M M_G1C19H2_M": [
        [-0.0246748, 0.0122951, 0.000957172]
    ],
    "M_G1C19_M M_G1C19H3_M": [
        [-0.0245765, 0.0126021, 0.000981071]
    ],
    "M_G2_M M_G2H1_M": [
        [-0.0382716, 0.0977455, 0.00760948]
    ],
    "M_G2C3_M M_G2C3H1_M": [
        [-0.166252, 0.044636, 0.0034749]
    ],
    "M_G2C3_M M_G2C3H2_M": [
        [-0.133726, 0.0459845, 0.00357989]
    ],
    "M_G2C4_M M_G2C4H1_M": [
        [-0.217154, 0.0369684, 0.00287798]
    ],
    "M_G2C4_M M_G2C4H2_M": [
        [-0.176975, 0.0413193, 0.0032167]
    ],
    "M_G2C5_M M_G2C5H1_M": [
        [-0.211024, 0.037252, 0.00290007]
    ],
    "M_G2C5_M M_G2C5H2_M": [
        [-0.203063, 0.0379235, 0.00295234]
    ],
    "M_G2C6_M M_G2C6H1_M": [
        [-0.216601, 0.0396583, 0.0030874]
    ],
    "M_G2C6_M M_G2C6H2_M": [
        [-0.213167, 0.0394013, 0.00306739]
    ],
    "M_G2C7_M M_G2C7H1_M": [
        [-0.197112, 0.0406742, 0.00316648]
    ],
    "M_G2C7_M M_G2C7H2_M": [
        [-0.19827, 0.0396208, 0.00308448]
    ],
    "M_G2C8_M M_G2C8H1_M": [
        [-0.19452, 0.0404263, 0.00314718]
    ],
    "M_G2C8_M M_G2C8H2_M": [
        [-0.193396, 0.0392897, 0.0030587]
    ],
    "M_G2C9_M M_G2C9H1_M": [
        [-0.13938, 0.0321985, 0.00250665]
    ],
    "M_G2C9_M M_G2C9H2_M": [
        [-0.141352, 0.0307998, 0.00239776]
    ],
    "M_G2C10_M M_G2C10H1_M": [
        [-0.101779, 0.0237783, 0.00185114]
    ],
    "M_G2C11_M M_G2C11H1_M": [
        [-0.0221259, 0.0296939, 0.00231167]
    ],
    "M_G2C12_M M_G2C12H1_M": [
        [-0.089761, 0.0401795, 0.00312797]
    ],
    "M_G2C12_M M_G2C12H2_M": [
        [-0.0893906, 0.0405119, 0.00315385]
    ],
    "M_G2C13_M M_G2C13H1_M": [
        [-0.136972, 0.0491762, 0.00382837]
    ],
    "M_G2C13_M M_G2C13H2_M": [
        [-0.136487, 0.0496025, 0.00386155]
    ],
    "M_G2C14_M M_G2C14H1_M": [
        [-0.135616, 0.0506654, 0.0039443]
    ],
    "M_G2C14_M M_G2C14H2_M": [
        [-0.134391, 0.0517846, 0.00403143]
    ],
    "M_G2C15_M M_G2C15H1_M": [
        [-0.144838, 0.0508916, 0.0039619]
    ],
    "M_G2C15_M M_G2C15H2_M": [
        [-0.142548, 0.0506514, 0.00394321]
    ],
    "M_G2C16_M M_G2C16H1_M": [
        [-0.126149, 0.0465673, 0.00362526]
    ],
    "M_G2C16_M M_G2C16H2_M": [
        [-0.12526, 0.0467147, 0.00363673]
    ],
    "M_G2C17_M M_G2C17H1_M": [
        [-0.112952, 0.0408382, 0.00317925]
    ],
    "M_G2C17_M M_G2C17H2_M": [
        [-0.113429, 0.0410028, 0.00319207]
    ],
    "M_G2C18_M M_G2C18H1_M": [
        [-0.080073, 0.029568, 0.00230187]
    ],
    "M_G2C18_M M_G2C18H2_M": [
        [-0.0815108, 0.0280131, 0.00218082]
    ],
    "M_G2C19_M M_G2C19H1_M": [
        [-0.0269256, 0.0133557, 0.00103974]
    ],
    "M_G2C19_M M_G2C19H2_M": [
        [-0.0270094, 0.0131812, 0.00102616]
    ],
    "M_G2C19_M M_G2C19H3_M": [
        [-0.0288309, 0.0143255, 0.00111524]
    ],
    "M_G3_M M_G3H1_M": [
        [-0.0246836, 0.0959044, 0.00746615]
    ],
    "M_G3_M M_G3H2_M": [
        [0.0242181, 0.0749389, 0.00583399]
    ],
    "M_G3C4_M M_G3C4H1_M": [
        [0.0162415, 0.0375099, 0.00292014]
    ],
    "M_G3C4_M M_G3C4H2_M": [
        [0.00743317, 0.0368055, 0.00286531]
    ],
    "M_G3C5_M M_G3C5H1_M": [
        [-0.056131, 0.0285034, 0.00221898]
    ],
    "M_G3C5_M M_G3C5H2_M": [
        [-0.0890947, 0.0264834, 0.00206173]
    ],
    "M_G3N6C1_M M_G3N6C1H1_M": [
        [0.0131064, 0.0156795, 0.00122065]
    ],
    "M_G3N6C1_M M_G3N6C1H2_M": [
        [0.0145436, 0.015462, 0.00120371]
    ],
    "M_G3N6C1_M M_G3N6C1H3_M": [
        [0.0165316, 0.0157512, 0.00122623]
    ],
    "M_G3N6C2_M M_G3N6C2H1_M": [
        [0.0149558, 0.0163184, 0.00127038]
    ],
    "M_G3N6C2_M M_G3N6C2H2_M": [
        [0.0141186, 0.0156478, 0.00121818]
    ],
    "M_G3N6C2_M M_G3N6C2H3_M": [
        [0.0155507, 0.0163289, 0.0012712]
    ],
    "M_G3N6C3_M M_G3N6C3H1_M": [
        [0.0156252, 0.0152572, 0.00118777]
    ],
    "M_G3N6C3_M M_G3N6C3H2_M": [
        [0.0138483, 0.0144145, 0.00112217]
    ],
    "M_G3N6C3_M M_G3N6C3H3_M": [
        [0.0151203, 0.0145469, 0.00113248]
    ]
}