{
    "M_G1_M M_G1H1_M": [
        [-0.217451, 0.0487882, 0.00432925]
    ],
    "M_G1_M M_G1H2_M": [
        [-0.000481996, 0.0622011, 0.00551945]
    ],
    "M_G1C3_M M_G1C3H1_M": [
        [-0.223765, 0.0265273, 0.00235391]
    ],
    "M_G1C3_M M_G1C3H2_M": [
        [-0.232168, 0.0225871, 0.00200428]
    ],
    "M_G1C4_M M_G1C4H1_M": [
        [-0.163535, 0.0244499, 0.00216958]
    ],
    "M_G1C4_M M_G1C4H2_M": [
        [-0.165685, 0.0212057, 0.0018817]
    ],
    "M_G1C5_M M_G1C5H1_M": [
        [-0.206166, 0.0214506, 0.00190343]
    ],
    "M_G1C5_M M_G1C5H2_M": [
        [-0.202761, 0.0206751, 0.00183462]
    ],
    "M_G1C6_M M_G1C6H1_M": [
        [-0.20356, 0.0207284, 0.00183935]
    ],
    "M_G1C6_M M_G1C6H2_M": [
        [-0.202292, 0.0195139, 0.00173157]
    ],
    "M_G1C7_M M_G1C7H1_M": [
        [-0.217213, 0.0194491, 0.00172583]
    ],
    "M_G1C7_M M_G1C7H2_M": [
        [-0.215229, 0.0188799, 0.00167532]
    ],
    "M_G1C8_M M_G1C8H1_M": [
        [-0.205187, 0.0182571, 0.00162006]
    ],
    "M_G1C8_M M_G1C8H2_M": [
        [-0.205152, 0.0184028, 0.00163298]
    ],
    "M_G1C9_M M_G1C9H1_M": [
        [-0.205539, 0.0177213, 0.00157251]
    ],
    "M_G1C9_M M_G1C9H2_M": [
        [-0.204565, 0.0176952, 0.0015702]
    ],
    "M_G1C10_M M_G1C10H1_M": [
        [-0.188917, 0.016911, 0.00150061]
    ],
    "M_G1C10_M M_G1C10H2_M": [
        [-0.188157, 0.0173679, 0.00154115]
    ],
    "M_G1C11_M M_G1C11H1_M": [
        [-0.181456, 0.0157435, 0.00139701]
    ],
    "M_G1C11_M M_G1C11H2_M": [
        [-0.181566, 0.0147979, 0.0013131]
    ],
    "M_G1C12_M M_G1C12H1_M": [
        [-0.159385, 0.0148829, 0.00132064]
    ],
    "M_G1C12_M M_G1C12H2_M": [
        [-0.159921, 0.0144104, 0.00127872]
    ],
    "M_G1C13_M M_G1C13H1_M": [
        [-0.146769, 0.0129218, 0.00114663]
    ],
    "M_G1C13_M M_G1C13H2_M": [
        [-0.145977, 0.013746, 0.00121976]
    ],
    "M_G1C14_M M_G1C14H1_M": [
        [-0.122632, 0.0113128, 0.00100385]
    ],
    "M_G1C14_M M_G1C14H2_M": [
        [-0.12222, 0.0118602, 0.00105242]
    ],
    "M_G1C15_M M_G1C15H1_M": [
        [-0.105395, 0.00998873, 0.000886356]
    ],
    "M_G1C15_M M_G1C15H2_M": [
        [-0.104963, 0.00994231, 0.000882237]
    ],
    "M_G1C16_M M_G1C16H1_M": [
        [-0.0746852, 0.00785672, 0.000697171]
    ],
    "M_G1C16_M M_G1C16H2_M": [
        [-0.0741088, 0.00779595, 0.000691779]
    ],
    "M_G1C17_M M_G1C17H1_M": [
        [-0.023638, 0.00450596, 0.000399839]
    ],
    "M_G1C17_M M_G1C17H2_M": [
        [-0.0236493, 0.00506914, 0.000449814]
    ],
    "M_G1C17_M M_G1C17H3_M": [
        [-0.0231944, 0.00484129, 0.000429595]
    ],
    "M_G2_M M_G2H1_M": [
        [-0.208379, 0.0635885, 0.00564257]
    ],
    "M_G2C3_M M_G2C3H1_M": [
        [-0.223765, 0.0265273, 0.00235391]
    ],
    "M_G2C3_M M_G2C3H2_M": [
        [-0.232168, 0.0225871, 0.00200428]
    ],
    "M_G2C4_M M_G2C4H1_M": [
        [-0.163535, 0.0244499, 0.00216958]
    ],
    "M_G2C4_M M_G2C4H2_M": [
        [-0.165685, 0.0212057, 0.0018817]
    ],
    "M_G2C5_M M_G2C5H1_M": [
        [-0.206166, 0.0214506, 0.00190343]
    ],
    "M_G2C5_M M_G2C5H2_M": [
        [-0.202761, 0.0206751, 0.00183462]
    ],
    "M_G2C6_M M_G2C6H1_M": [
        [-0.20356, 0.0207284, 0.00183935]
    ],
    "M_G2C6_M M_G2C6H2_M": [
        [-0.202292, 0.0195139, 0.00173157]
    ],
    "M_G2C7_M M_G2C7H1_M": [
        [-0.217213, 0.0194491, 0.00172583]
    ],
    "M_G2C7_M M_G2C7H2_M": [
        [-0.215229, 0.0188799, 0.00167532]
    ],
    "M_G2C8_M M_G2C8H1_M": [
        [-0.205187, 0.0182571, 0.00162006]
    ],
    "M_G2C8_M M_G2C8H2_M": [
        [-0.205152, 0.0184028, 0.00163298]
    ],
    "M_G2C9_M M_G2C9H1_M": [
        [-0.205539, 0.0177213, 0.00157251]
    ],
    "M_G2C9_M M_G2C9H2_M": [
        [-0.204565, 0.0176952, 0.0015702]
    ],
    "M_G2C10_M M_G2C10H1_M": [
        [-0.188917, 0.016911, 0.00150061]
    ],
    "M_G2C11_M M_G2C11H1_M": [
        [-0.181456, 0.0157435, 0.00139701]
    ],
    "M_G2C12_M M_G2C12H1_M": [
        [-0.159385, 0.0148829, 0.00132064]
    ],
    "M_G2C12_M M_G2C12H2_M": [
        [-0.159921, 0.0144104, 0.00127872]
    ],
    "M_G2C13_M M_G2C13H1_M": [
        [-0.146769, 0.0129218, 0.00114663]
    ],
    "M_G2C13_M M_G2C13H2_M": [
        [-0.145977, 0.013746, 0.00121976]
    ],
    "M_G2C14_M M_G2C14H1_M": [
        [-0.122632, 0.0113128, 0.00100385]
    ],
    "M_G2C14_M M_G2C14H2_M": [
        [-0.12222, 0.0118602, 0.00105242]
    ],
    "M_G2C15_M M_G2C15H1_M": [
        [-0.105395, 0.00998873, 0.000886356]
    ],
    "M_G2C15_M M_G2C15H2_M": [
        [-0.104963, 0.00994231, 0.000882237]
    ],
    "M_G2C16_M M_G2C16H1_M": [
        [-0.0746852, 0.00785672, 0.000697171]
    ],
    "M_G2C16_M M_G2C16H2_M": [
        [-0.0741088, 0.00779595, 0.000691779]
    ],
    "M_G2C17_M M_G2C17H1_M": [
        [-0.023638, 0.00450596, 0.000399839]
    ],
    "M_G2C17_M M_G2C17H2_M": [
        [-0.0236493, 0.00506914, 0.000449814]
    ],
    "M_G2C18_M M_G2C18H1_M": [
        [-0.0691063, 0.00871244, 0.000773104]
    ],
    "M_G2C18_M M_G2C18H2_M": [
        [-0.0691012, 0.00750606, 0.000666055]
    ],
    "M_G2C19_M M_G2C19H1_M": [
        [-0.0226578, 0.00429896, 0.000381471]
    ],
    "M_G2C19_M M_G2C19H2_M": [
        [-0.0230202, 0.00501976, 0.000445432]
    ],
    "M_G2C19_M M_G2C19H3_M": [
        [-0.0228005, 0.00461761, 0.000409747]
    ],
    "M_G3_M M_G3H1_M": [
        [-0.138745, 0.0670863, 0.00595294]
    ],
    "M_G3_M M_G3H2_M": [
        [-0.147641, 0.0513313, 0.00455492]
    ],
    "M_G3C4_M M_G3C4H1_M": [
        [-0.0296886, 0.0253368, 0.00224828]
    ],
    "M_G3C4_M M_G3C4H2_M": [
        [-0.0320387, 0.0224623, 0.00199321]
    ],
    "M_G3C5_M M_G3C5H1_M": [
        [-0.0615778, 0.0145636, 0.00129231]
    ],
    "M_G3C5_M M_G3C5H2_M": [
        [-0.0647471, 0.0143268, 0.0012713]
    ],
    "M_G3N6C1_M M_G3N6C1H1_M": [
        [0.0113237, 0.00532204, 0.000472255]
    ],
    "M_G3N6C1_M M_G3N6C1H2_M": [
        [0.0106917, 0.00489196, 0.000434091]
    ],
    "M_G3N6C1_M M_G3N6C1H3_M": [
        [0.0111655, 0.00507855, 0.000450648]
    ],
    "M_G3N6C2_M M_G3N6C2H1_M": [
        [0.0110693, 0.00469886, 0.000416957]
    ],
    "M_G3N6C2_M M_G3N6C2H2_M": [
        [0.0107317, 0.00508999, 0.000451663]
    ],
    "M_G3N6C2_M M_G3N6C2H3_M": [
        [0.0107781, 0.00458586, 0.00040693]
    ],
    "M_G3N6C3_M M_G3N6C3H1_M": [
        [0.0105716, 0.005276, 0.000468169]
    ],
    "M_G3N6C3_M M_G3N6C3H2_M": [
        [0.0103906, 0.00570419, 0.000506165]
    ],
    "M_G3N6C3_M M_G3N6C3H3_M": [
        [0.0107605, 0.00510656, 0.000453134]
    ]
}