{
    "M_G1_M M_G1H1_M": [
        [-0.206636, 0.232644, 0.0145687]
    ],
    "M_G1_M M_G1H2_M": [
        [0.00741089, 0.233509, 0.0146229]
    ],
    "M_G1C3_M M_G1C3H1_M": [
        [-0.266483, 0.135981, 0.00851544]
    ],
    "M_G1C3_M M_G1C3H2_M": [
        [-0.213796, 0.158319, 0.00991431]
    ],
    "M_G1C4_M M_G1C4H1_M": [
        [-0.193156, 0.123151, 0.00771199]
    ],
    "M_G1C4_M M_G1C4H2_M": [
        [-0.146434, 0.132677, 0.00830854]
    ],
    "M_G1C5_M M_G1C5H1_M": [
        [-0.192576, 0.107232, 0.0067151]
    ],
    "M_G1C5_M M_G1C5H2_M": [
        [-0.152446, 0.12218, 0.00765122]
    ],
    "M_G1C6_M M_G1C6H1_M": [
        [-0.184358, 0.100228, 0.00627652]
    ],
    "M_G1C6_M M_G1C6H2_M": [
        [-0.145231, 0.11643, 0.0072911]
    ],
    "M_G1C7_M M_G1C7H1_M": [
        [-0.181253, 0.100922, 0.00631999]
    ],
    "M_G1C7_M M_G1C7H2_M": [
        [-0.14508, 0.11211, 0.00702059]
    ],
    "M_G1C8_M M_G1C8H1_M": [
        [-0.175867, 0.0977933, 0.00612406]
    ],
    "M_G1C8_M M_G1C8H2_M": [
        [-0.140089, 0.108801, 0.0068134]
    ],
    "M_G1C9_M M_G1C9H1_M": [
        [-0.176347, 0.0963432, 0.00603324]
    ],
    "M_G1C9_M M_G1C9H2_M": [
        [-0.142347, 0.104668, 0.00655456]
    ],
    "M_G1C10_M M_G1C10H1_M": [
        [-0.174835, 0.0927423, 0.00580775]
    ],
    "M_G1C10_M M_G1C10H2_M": [
        [-0.142267, 0.101966, 0.00638534]
    ],
    "M_G1C11_M M_G1C11H1_M": [
        [-0.179303, 0.0901466, 0.0056452]
    ],
    "M_G1C11_M M_G1C11H2_M": [
        [-0.147921, 0.097315, 0.0060941]
    ],
    "M_G1C12_M M_G1C12H1_M": [
        [-0.180096, 0.0852997, 0.00534167]
    ],
    "M_G1C12_M M_G1C12H2_M": [
        [-0.151274, 0.0938957, 0.00587998]
    ],
    "M_G1C13_M M_G1C13H1_M": [
        [-0.188518, 0.0814634, 0.00510143]
    ],
    "M_G1C13_M M_G1C13H2_M": [
        [-0.161044, 0.0871557, 0.0054579]
    ],
    "M_G1C14_M M_G1C14H1_M": [
        [-0.1864, 0.0751161, 0.00470395]
    ],
    "M_G1C14_M M_G1C14H2_M": [
        [-0.16079, 0.0827975, 0.00518498]
    ],
    "M_G1C15_M M_G1C15H1_M": [
        [-0.186523, 0.071726, 0.00449166]
    ],
    "M_G1C15_M M_G1C15H2_M": [
        [-0.164403, 0.0742442, 0.00464935]
    ],
    "M_G1C16_M M_G1C16H1_M": [
        [-0.143279, 0.0621318, 0.00389084]
    ],
    "M_G1C16_M M_G1C16H2_M": [
        [-0.128858, 0.0718052, 0.00449662]
    ],
    "M_G1C17_M M_G1C17H1_M": [
        [-0.0607916, 0.0581921, 0.00364413]
    ],
    "M_G1C17_M M_G1C17H2_M": [
        [-0.0590377, 0.057182, 0.00358087]
    ],
    "M_G1C17_M M_G1C17H3_M": [
        [-0.0603501, 0.056188, 0.00351863]
    ],
    "M_G2_M M_G2H1_M": [
        [-0.249139, 0.164927, 0.0103281]
    ],
    "M_G2C3_M M_G2C3H1_M": [
        [-0.135358, 0.191274, 0.011978]
    ],
    "M_G2C3_M M_G2C3H2_M": [
        [-0.172213, 0.167098, 0.0104641]
    ],
    "M_G2C4_M M_G2C4H1_M": [
        [-0.195408, 0.139944, 0.00876364]
    ],
    "M_G2C4_M M_G2C4H2_M": [
        [-0.221481, 0.123134, 0.00771093]
    ],
    "M_G2C5_M M_G2C5H1_M": [
        [-0.17892, 0.119323, 0.00747228]
    ],
    "M_G2C5_M M_G2C5H2_M": [
        [-0.205317, 0.11424, 0.00715396]
    ],
    "M_G2C6_M M_G2C6H1_M": [
        [-0.166037, 0.114339, 0.00716018]
    ],
    "M_G2C6_M M_G2C6H2_M": [
        [-0.193122, 0.105527, 0.00660837]
    ],
    "M_G2C7_M M_G2C7H1_M": [
        [-0.154218, 0.1102, 0.006901]
    ],
    "M_G2C7_M M_G2C7H2_M": [
        [-0.179886, 0.102584, 0.00642408]
    ],
    "M_G2C8_M M_G2C8H1_M": [
        [-0.14676, 0.108659, 0.00680451]
    ],
    "M_G2C8_M M_G2C8H2_M": [
        [-0.176796, 0.101639, 0.00636486]
    ],
    "M_G2C9_M M_G2C9H1_M": [
        [-0.141554, 0.106991, 0.00670006]
    ],
    "M_G2C9_M M_G2C9H2_M": [
        [-0.172506, 0.100247, 0.00627772]
    ],
    "M_G2C10_M M_G2C10H1_M": [
        [-0.17253, 0.0979202, 0.006132]
    ],
    "M_G2C10_M M_G2C10H2_M": [
        [-0.140142, 0.104616, 0.0065513]
    ],
    "M_G2C11_M M_G2C11H1_M": [
        [-0.140547, 0.101567, 0.00636036]
    ],
    "M_G2C11_M M_G2C11H2_M": [
        [-0.172528, 0.0946945, 0.00593]
    ],
    "M_G2C12_M M_G2C12H1_M": [
        [-0.144105, 0.0975157, 0.00610667]
    ],
    "M_G2C12_M M_G2C12H2_M": [
        [-0.175998, 0.0913183, 0.00571858]
    ],
    "M_G2C13_M M_G2C13H1_M": [
        [-0.149396, 0.0926424, 0.00580149]
    ],
    "M_G2C13_M M_G2C13H2_M": [
        [-0.180324, 0.0868573, 0.00543921]
    ],
    "M_G2C14_M M_G2C14H1_M": [
        [-0.156866, 0.0878715, 0.00550273]
    ],
    "M_G2C14_M M_G2C14H2_M": [
        [-0.187081, 0.0817594, 0.00511997]
    ],
    "M_G2C15_M M_G2C15H1_M": [
        [-0.158067, 0.079421, 0.00497354]
    ],
    "M_G2C15_M M_G2C15H2_M": [
        [-0.184467, 0.0754832, 0.00472694]
    ],
    "M_G2C16_M M_G2C16H1_M": [
        [-0.155599, 0.0698176, 0.00437215]
    ],
    "M_G2C16_M M_G2C16H2_M": [
        [-0.179053, 0.067705, 0.00423985]
    ],
    "M_G2C17_M M_G2C17H1_M": [
        [-0.0316973, 0.0530976, 0.0033251]
    ],
    "M_G2C17_M M_G2C17H2_M": [
        [-0.0313273, 0.0535291, 0.00335212]
    ],
    "M_G2C17_M M_G2C17H3_M": [
        [-0.0317185, 0.0540532, 0.00338494]
    ],
    "M_G3_M M_G3H1_M": [
        [-0.27963, 0.137109, 0.00858609]
    ],
    "M_G3_M M_G3H2_M": [
        [-0.29282, 0.159988, 0.0100188]
    ],
    "M_G3C4_M M_G3C4H1_M": [
        [0.0476774, 0.210103, 0.0131571]
    ],
    "M_G3C4_M M_G3C4H2_M": [
        [0.0297269, 0.212339, 0.0132972]
    ],
    "M_G3C5_M M_G3C5H1_M": [
        [-0.120728, 0.195302, 0.0122303]
    ],
    "M_G3C5_M M_G3C5H2_M": [
        [-0.0910255, 0.195952, 0.012271]
    ],
    "M_G3N6C1_M M_G3N6C1H1_M": [
        [0.0131649, 0.0679683, 0.00425634]
    ],
    "M_G3N6C1_M M_G3N6C1H2_M": [
        [0.0145083, 0.0737815, 0.00462038]
    ],
    "M_G3N6C1_M M_G3N6C1H3_M": [
        [0.0104353, 0.0774287, 0.00484877]
    ],
    "M_G3N6C2_M M_G3N6C2H1_M": [
        [0.0155979, 0.0682245, 0.00427238]
    ],
    "M_G3N6C2_M M_G3N6C2H2_M": [
        [0.0153281, 0.0731552, 0.00458116]
    ],
    "M_G3N6C2_M M_G3N6C2H3_M": [
        [0.0106412, 0.07137, 0.00446936]
    ],
    "M_G3N6C3_M M_G3N6C3H1_M": [
        [0.020918, 0.0717919, 0.00449578]
    ],
    "M_G3N6C3_M M_G3N6C3H2_M": [
        [0.0181254, 0.0700287, 0.00438537]
    ],
    "M_G3N6C3_M M_G3N6C3H3_M": [
        [0.0194037, 0.0664904, 0.00416379]
    ]
}