{
    "M_G1_M M_G1H1_M": [
        [-0.183326, 0.0243864, 0.0030724]
    ],
    "M_G1_M M_G1H2_M": [
        [-0.0450511, 0.0193516, 0.00243808]
    ],
    "M_G1C3_M M_G1C3H1_M": [
        [-0.248829, 0.0125488, 0.001581]
    ],
    "M_G1C3_M M_G1C3H2_M": [
        [-0.219435, 0.01393, 0.00175502]
    ],
    "M_G1C4_M M_G1C4H1_M": [
        [-0.189393, 0.0100248, 0.00126301]
    ],
    "M_G1C4_M M_G1C4H2_M": [
        [-0.175976, 0.0109634, 0.00138126]
    ],
    "M_G1C5_M M_G1C5H1_M": [
        [-0.211777, 0.00978226, 0.00123245]
    ],
    "M_G1C5_M M_G1C5H2_M": [
        [-0.208814, 0.0093377, 0.00117644]
    ],
    "M_G1C6_M M_G1C6H1_M": [
        [-0.207411, 0.00978335, 0.00123259]
    ],
    "M_G1C6_M M_G1C6H2_M": [
        [-0.205536, 0.00929503, 0.00117106]
    ],
    "M_G1C7_M M_G1C7H1_M": [
        [-0.215298, 0.00937484, 0.00118112]
    ],
    "M_G1C7_M M_G1C7H2_M": [
        [-0.213004, 0.00893022, 0.0011251]
    ],
    "M_G1C8_M M_G1C8H1_M": [
        [-0.201732, 0.00969898, 0.00122196]
    ],
    "M_G1C8_M M_G1C8H2_M": [
        [-0.200232, 0.00981215, 0.00123621]
    ],
    "M_G1C9_M M_G1C9H1_M": [
        [-0.198774, 0.00983613, 0.00123924]
    ],
    "M_G1C9_M M_G1C9H2_M": [
        [-0.19727, 0.00978794, 0.00123316]
    ],
    "M_G1C10_M M_G1C10H1_M": [
        [-0.18161, 0.00855052, 0.00107726]
    ],
    "M_G1C10_M M_G1C10H2_M": [
        [-0.180078, 0.00938341, 0.0011822]
    ],
    "M_G1C11_M M_G1C11H1_M": [
        [-0.172816, 0.00788846, 0.000993852]
    ],
    "M_G1C11_M M_G1C11H2_M": [
        [-0.171741, 0.00806526, 0.00101613]
    ],
    "M_G1C12_M M_G1C12H1_M": [
        [-0.149546, 0.00723932, 0.000912069]
    ],
    "M_G1C12_M M_G1C12H2_M": [
        [-0.149429, 0.00693774, 0.000874073]
    ],
    "M_G1C13_M M_G1C13H1_M": [
        [-0.131583, 0.00678911, 0.000855348]
    ],
    "M_G1C13_M M_G1C13H2_M": [
        [-0.131866, 0.00640818, 0.000807355]
    ],
    "M_G1C14_M M_G1C14H1_M": [
        [-0.0970228, 0.00509615, 0.000642054]
    ],
    "M_G1C14_M M_G1C14H2_M": [
        [-0.0966305, 0.00483625, 0.00060931]
    ],
    "M_G1C15_M M_G1C15H1_M": [
        [-0.0334563, 0.00284849, 0.000358876]
    ],
    "M_G1C15_M M_G1C15H2_M": [
        [-0.0333633, 0.00316609, 0.00039889]
    ],
    "M_G1C15_M M_G1C15H3_M": [
        [-0.033547, 0.00319185, 0.000402135]
    ],
    "M_G2_M M_G2H1_M": [
        [-0.204369, 0.0197612, 0.00248968]
    ],
    "M_G2C3_M M_G2C3H1_M": [
        [-0.0876717, 0.0143664, 0.00181]
    ],
    "M_G2C3_M M_G2C3H2_M": [
        [-0.127688, 0.0116963, 0.0014736]
    ],
    "M_G2C4_M M_G2C4H1_M": [
        [-0.217062, 0.00965616, 0.00121656]
    ],
    "M_G2C4_M M_G2C4H2_M": [
        [-0.221676, 0.00877921, 0.00110608]
    ],
    "M_G2C5_M M_G2C5H1_M": [
        [-0.222694, 0.00824147, 0.00103833]
    ],
    "M_G2C5_M M_G2C5H2_M": [
        [-0.225976, 0.00857163, 0.00107992]
    ],
    "M_G2C6_M M_G2C6H1_M": [
        [-0.23404, 0.00796787, 0.00100386]
    ],
    "M_G2C6_M M_G2C6H2_M": [
        [-0.232395, 0.00806455, 0.00101604]
    ],
    "M_G2C7_M M_G2C7H1_M": [
        [-0.226543, 0.00820344, 0.00103354]
    ],
    "M_G2C7_M M_G2C7H2_M": [
        [-0.225235, 0.00884959, 0.00111494]
    ],
    "M_G2C8_M M_G2C8H1_M": [
        [-0.224925, 0.0083252, 0.00104888]
    ],
    "M_G2C8_M M_G2C8H2_M": [
        [-0.223666, 0.00931265, 0.00117328]
    ],
    "M_G2C9_M M_G2C9H1_M": [
        [-0.211198, 0.00845558, 0.0010653]
    ],
    "M_G2C9_M M_G2C9H2_M": [
        [-0.211254, 0.00986117, 0.00124239]
    ],
    "M_G2C10_M M_G2C10H1_M": [
        [-0.203407, 0.00978898, 0.0012333]
    ],
    "M_G2C10_M M_G2C10H2_M": [
        [-0.20307, 0.00903237, 0.00113797]
    ],
    "M_G2C11_M M_G2C11H1_M": [
        [-0.185753, 0.00877988, 0.00110616]
    ],
    "M_G2C11_M M_G2C11H2_M": [
        [-0.186093, 0.00885088, 0.00111511]
    ],
    "M_G2C12_M M_G2C12H1_M": [
        [-0.172423, 0.00810127, 0.00102066]
    ],
    "M_G2C12_M M_G2C12H2_M": [
        [-0.172684, 0.0078509, 0.000989121]
    ],
    "M_G2C13_M M_G2C13H1_M": [
        [-0.145797, 0.00681662, 0.000858813]
    ],
    "M_G2C13_M M_G2C13H2_M": [
        [-0.146251, 0.00637704, 0.000803432]
    ],
    "M_G2C14_M M_G2C14H1_M": [
        [-0.118692, 0.00574095, 0.000723292]
    ],
    "M_G2C14_M M_G2C14H2_M": [
        [-0.118592, 0.00519367, 0.000654341]
    ],
    "M_G2C15_M M_G2C15H1_M": [
        [-0.0295434, 0.00342107, 0.000431015]
    ],
    "M_G2C15_M M_G2C15H2_M": [
        [-0.029586, 0.00337487, 0.000425194]
    ],
    "M_G2C15_M M_G2C15H3_M": [
        [-0.0295651, 0.00236571, 0.000298051]
    ],
    "M_G3_M M_G3H1_M": [
        [-0.233448, 0.016702, 0.00210426]
    ],
    "M_G3_M M_G3H2_M": [
        [-0.25418, 0.0128524, 0.00161925]
    ],
    "M_G3C4_M M_G3C4H1_M": [
        [0.0378963, 0.0142455, 0.00179476]
    ],
    "M_G3C4_M M_G3C4H2_M": [
        [0.0342476, 0.0135913, 0.00171234]
    ],
    "M_G3C5_M M_G3C5H1_M": [
        [-0.0704471, 0.0136996, 0.00172599]
    ],
    "M_G3C5_M M_G3C5H2_M": [
        [-0.0736072, 0.0131871, 0.00166142]
    ],
    "M_G3N6C1_M M_G3N6C1H1_M": [
        [0.0121463, 0.00829341, 0.00104487]
    ],
    "M_G3N6C1_M M_G3N6C1H2_M": [
        [0.0105324, 0.00767444, 0.000966889]
    ],
    "M_G3N6C1_M M_G3N6C1H3_M": [
        [0.010571, 0.00766627, 0.000965859]
    ],
    "M_G3N6C2_M M_G3N6C2H1_M": [
        [0.0111329, 0.00653006, 0.00082271]
    ],
    "M_G3N6C2_M M_G3N6C2H2_M": [
        [0.0120295, 0.00647309, 0.000815533]
    ],
    "M_G3N6C2_M M_G3N6C2H3_M": [
        [0.0109198, 0.00628574, 0.000791929]
    ],
    "M_G3N6C3_M M_G3N6C3H1_M": [
        [0.0102271, 0.00722501, 0.000910266]
    ],
    "M_G3N6C3_M M_G3N6C3H2_M": [
        [0.0108194, 0.00716972, 0.0009033]
    ],
    "M_G3N6C3_M M_G3N6C3H3_M": [
        [0.0108852, 0.00607853, 0.000765822]
    ]
}