{
    "M_G1_M M_G1H1_M": [
        [-0.156497, 0.0170495, 0.00180724]
    ],
    "M_G1_M M_G1H2_M": [
        [-0.0326931, 0.0137282, 0.00145519]
    ],
    "M_G2_M M_G2H1_M": [
        [-0.165727, 0.0165077, 0.00174981]
    ],
    "M_G3_M M_G3H1_M": [
        [-0.223817, 0.010098, 0.00107039]
    ],
    "M_G3_M M_G3H2_M": [
        [-0.18793, 0.0123462, 0.0013087]
    ],
    "M_G3C4_M M_G3C4H1_M": [
        [0.0442184, 0.00967231, 0.00102526]
    ],
    "M_G3C4_M M_G3C4H2_M": [
        [0.0472848, 0.0087894, 0.000931675]
    ],
    "M_G3C5_M M_G3C5H1_M": [
        [-0.0691856, 0.00715196, 0.000758106]
    ],
    "M_G3C5_M M_G3C5H2_M": [
        [-0.0719455, 0.00647977, 0.000686854]
    ],
    "M_G3N6C1_M M_G3N6C1H1_M": [
        [0.0117101, 0.00419484, 0.000444652]
    ],
    "M_G3N6C1_M M_G3N6C1H2_M": [
        [0.0123035, 0.00519287, 0.000550444]
    ],
    "M_G3N6C1_M M_G3N6C1H3_M": [
        [0.0118305, 0.00415388, 0.000440311]
    ],
    "M_G3N6C2_M M_G3N6C2H1_M": [
        [0.0118788, 0.00469862, 0.000498052]
    ],
    "M_G3N6C2_M M_G3N6C2H2_M": [
        [0.0121783, 0.00440865, 0.000467316]
    ],
    "M_G3N6C2_M M_G3N6C2H3_M": [
        [0.0119266, 0.00475503, 0.000504032]
    ],
    "M_G3N6C3_M M_G3N6C3H1_M": [
        [0.0126725, 0.00413849, 0.000438679]
    ],
    "M_G3N6C3_M M_G3N6C3H2_M": [
        [0.0117356, 0.00389613, 0.000412989]
    ],
    "M_G3N6C3_M M_G3N6C3H3_M": [
        [0.0122451, 0.00434905, 0.000460998]
    ],
    "M_G1C3_M M_G1C3H1_M": [
        [-0.222448, 0.00911362, 0.000966041]
    ],
    "M_G1C3_M M_G1C3H2_M": [
        [-0.197976, 0.0115122, 0.00122029]
    ],
    "M_G1C4_M M_G1C4H1_M": [
        [-0.172742, 0.00699029, 0.000740969]
    ],
    "M_G1C4_M M_G1C4H2_M": [
        [-0.164016, 0.00728348, 0.000772047]
    ],
    "M_G1C5_M M_G1C5H1_M": [
        [-0.205958, 0.0065142, 0.000690504]
    ],
    "M_G1C5_M M_G1C5H2_M": [
        [-0.203992, 0.00638603, 0.000676918]
    ],
    "M_G1C6_M M_G1C6H1_M": [
        [-0.207924, 0.00694818, 0.000736506]
    ],
    "M_G1C6_M M_G1C6H2_M": [
        [-0.206142, 0.00682695, 0.000723656]
    ],
    "M_G1C7_M M_G1C7H1_M": [
        [-0.220117, 0.006577, 0.000697161]
    ],
    "M_G1C7_M M_G1C7H2_M": [
        [-0.219022, 0.00674697, 0.000715177]
    ],
    "M_G1C8_M M_G1C8H1_M": [
        [-0.21136, 0.00653024, 0.000692204]
    ],
    "M_G1C8_M M_G1C8H2_M": [
        [-0.210236, 0.00713572, 0.000756385]
    ],
    "M_G1C9_M M_G1C9H1_M": [
        [-0.209596, 0.00646436, 0.000685221]
    ],
    "M_G1C9_M M_G1C9H2_M": [
        [-0.209333, 0.00706344, 0.000748723]
    ],
    "M_G1C10_M M_G1C10H1_M": [
        [-0.193053, 0.00633718, 0.00067174]
    ],
    "M_G1C10_M M_G1C10H2_M": [
        [-0.192433, 0.00745034, 0.000789734]
    ],
    "M_G1C11_M M_G1C11H1_M": [
        [-0.182599, 0.00655236, 0.000694549]
    ],
    "M_G1C11_M M_G1C11H2_M": [
        [-0.183297, 0.00719353, 0.000762512]
    ],
    "M_G1C12_M M_G1C12H1_M": [
        [-0.16204, 0.00639818, 0.000678206]
    ],
    "M_G1C12_M M_G1C12H2_M": [
        [-0.162117, 0.00722962, 0.000766338]
    ],
    "M_G1C13_M M_G1C13H1_M": [
        [-0.148417, 0.00628562, 0.000666274]
    ],
    "M_G1C13_M M_G1C13H2_M": [
        [-0.148666, 0.00607142, 0.000643569]
    ],
    "M_G1C14_M M_G1C14H1_M": [
        [-0.127314, 0.00596912, 0.000632726]
    ],
    "M_G1C14_M M_G1C14H2_M": [
        [-0.12759, 0.00574316, 0.000608773]
    ],
    "M_G1C15_M M_G1C15H1_M": [
        [-0.112339, 0.00539319, 0.000571677]
    ],
    "M_G1C15_M M_G1C15H2_M": [
        [-0.112893, 0.00498546, 0.000528458]
    ],
    "M_G1C16_M M_G1C16H1_M": [
        [-0.0931048, 0.0047137, 0.000499651]
    ],
    "M_G1C16_M M_G1C16H2_M": [
        [-0.0931128, 0.00447798, 0.000474665]
    ],
    "M_G1C17_M M_G1C17H1_M": [
        [-0.0788706, 0.00389189, 0.000412539]
    ],
    "M_G1C17_M M_G1C17H2_M": [
        [-0.0785496, 0.00383184, 0.000406174]
    ],
    "M_G1C18_M M_G1C18H1_M": [
        [-0.0588307, 0.00291226, 0.000308699]
    ],
    "M_G1C18_M M_G1C18H2_M": [
        [-0.0589012, 0.00333687, 0.000353707]
    ],
    "M_G1C19_M M_G1C19H1_M": [
        [-0.0189947, 0.00229775, 0.000243561]
    ],
    "M_G1C19_M M_G1C19H2_M": [
        [-0.0189377, 0.00206259, 0.000218634]
    ],
    "M_G1C19_M M_G1C19H3_M": [
        [-0.0189201, 0.00241712, 0.000256214]
    ],
    "M_G2C3_M M_G2C3H1_M": [
        [-0.0413099, 0.00785347, 0.000832466]
    ],
    "M_G2C3_M M_G2C3H2_M": [
        [-0.0653081, 0.00978319, 0.00103702]
    ],
    "M_G2C4_M M_G2C4H1_M": [
        [-0.13682, 0.00642916, 0.000681489]
    ],
    "M_G2C4_M M_G2C4H2_M": [
        [-0.127804, 0.00708486, 0.000750994]
    ],
    "M_G2C5_M M_G2C5H1_M": [
        [-0.0622647, 0.00695471, 0.000737198]
    ],
    "M_G2C5_M M_G2C5H2_M": [
        [-0.050292, 0.00808344, 0.000856843]
    ],
    "M_G2C6_M M_G2C6H1_M": [
        [0.00272614, 0.00839028, 0.000889368]
    ],
    "M_G2C7_M M_G2C7H1_M": [
        [-0.0901746, 0.00730458, 0.000774283]
    ],
    "M_G2C8_M M_G2C8H1_M": [
        [-0.0450752, 0.00551648, 0.000584746]
    ],
    "M_G2C8_M M_G2C8H2_M": [
        [-0.0439646, 0.00593001, 0.00062858]
    ],
    "M_G2C9_M M_G2C9H1_M": [
        [-0.018835, 0.00562638, 0.000596395]
    ],
    "M_G2C10_M M_G2C10H1_M": [
        [-0.0538088, 0.00523645, 0.000555062]
    ],
    "M_G2C11_M M_G2C11H1_M": [
        [-0.0484768, 0.00427947, 0.000453623]
    ],
    "M_G2C11_M M_G2C11H2_M": [
        [-0.048716, 0.00387343, 0.000410583]
    ],
    "M_G2C12_M M_G2C12H1_M": [
        [-0.0363716, 0.00550773, 0.000583818]
    ],
    "M_G2C13_M M_G2C13H1_M": [
        [-0.0145793, 0.00526158, 0.000557727]
    ],
    "M_G2C14_M M_G2C14H1_M": [
        [-0.0243977, 0.00360849, 0.0003825]
    ],
    "M_G2C14_M M_G2C14H2_M": [
        [-0.0251411, 0.00421966, 0.000447283]
    ],
    "M_G2C15_M M_G2C15H1_M": [
        [-0.031639, 0.0061614, 0.000653107]
    ],
    "M_G2C16_M M_G2C16H1_M": [
        [-0.0215972, 0.00361927, 0.000383642]
    ],
    "M_G2C17_M M_G2C17H1_M": [
        [-0.0504862, 0.00354107, 0.000375353]
    ],
    "M_G2C17_M M_G2C17H2_M": [
        [-0.0506473, 0.00373053, 0.000395435]
    ],
    "M_G2C18_M M_G2C18H1_M": [
        [-0.0724627, 0.00367934, 0.000390009]
    ],
    "M_G2C18_M M_G2C18H2_M": [
        [-0.0722364, 0.00379615, 0.000402391]
    ],
    "M_G2C19_M M_G2C19H1_M": [
        [-0.0717415, 0.00357998, 0.000379477]
    ],
    "M_G2C19_M M_G2C19H2_M": [
        [-0.071417, 0.00372887, 0.00039526]
    ],
    "M_G2C20_M M_G2C20H1_M": [
        [-0.0636232, 0.00337035, 0.000357256]
    ],
    "M_G2C20_M M_G2C20H2_M": [
        [-0.0634245, 0.0034329, 0.000363887]
    ],
    "M_G2C21_M M_G2C21H1_M": [
        [-0.0162651, 0.00215893, 0.000228846]
    ],
    "M_G2C21_M M_G2C21H2_M": [
        [-0.0157206, 0.00210793, 0.000223441]
    ],
    "M_G2C21_M M_G2C21H3_M": [
        [-0.0157362, 0.00221924, 0.000235238]
    ]
}