{
    "M_C3_M M_C3H3_M": [
        [-0.344563, 0.0137816, 0.00122292]
    ],
    "M_C4_M M_C4H41_M": [
        [-0.294617, 0.015469, 0.00137265]
    ],
    "M_C4_M M_C4H42_M": [
        [-0.174664, 0.0196249, 0.00174142]
    ],
    "M_C6_M M_C6H6_M": [
        [-0.0351158, 0.0216718, 0.00192306]
    ],
    "M_C7_M M_C7H71_M": [
        [-0.258908, 0.0149586, 0.00132736]
    ],
    "M_C7_M M_C7H72_M": [
        [-0.30439, 0.015433, 0.00136946]
    ],
    "M_C8_M M_C8H8_M": [
        [-0.375731, 0.0129624, 0.00115022]
    ],
    "M_C14_M M_C14H14_M": [
        [-0.372207, 0.012505, 0.00110964]
    ],
    "M_C15_M M_C15H151_M": [
        [-0.344003, 0.0131693, 0.00116859]
    ],
    "M_C15_M M_C15H152_M": [
        [-0.29969, 0.0168976, 0.00149942]
    ],
    "M_C16_M M_C16H161_M": [
        [-0.0712943, 0.0175975, 0.00156153]
    ],
    "M_C16_M M_C16H162_M": [
        [-0.160077, 0.0194948, 0.00172988]
    ],
    "M_C17_M M_C17H17_M": [
        [-0.369606, 0.0122788, 0.00108956]
    ],
    "M_C18_M M_C18H181_M": [
        [0.106786, 0.0175998, 0.00156173]
    ],
    "M_C18_M M_C18H182_M": [
        [0.104115, 0.0164669, 0.0014612]
    ],
    "M_C18_M M_C18H183_M": [
        [0.106214, 0.0151252, 0.00134214]
    ],
    "M_C12_M M_C12H121_M": [
        [-0.109645, 0.0210064, 0.00186401]
    ],
    "M_C12_M M_C12H122_M": [
        [-0.366795, 0.0130398, 0.00115709]
    ],
    "M_C11_M M_C11H111_M": [
        [-0.370124, 0.0132232, 0.00117337]
    ],
    "M_C11_M M_C11H112_M": [
        [-0.199131, 0.0167301, 0.00148456]
    ],
    "M_C9_M M_C9H9_M": [
        [-0.372321, 0.013089, 0.00116146]
    ],
    "M_C19_M M_C19H191_M": [
        [0.108, 0.0173778, 0.00154203]
    ],
    "M_C19_M M_C19H192_M": [
        [0.106153, 0.0161073, 0.00142929]
    ],
    "M_C19_M M_C19H193_M": [
        [0.107713, 0.0152282, 0.00135128]
    ],
    "M_C1_M M_C1H11_M": [
        [-0.187779, 0.0198661, 0.00176284]
    ],
    "M_C1_M M_C1H12_M": [
        [-0.337278, 0.0140683, 0.00124836]
    ],
    "M_C2_M M_C2H21_M": [
        [-0.206611, 0.0154038, 0.00136687]
    ],
    "M_C2_M M_C2H22_M": [
        [-0.321648, 0.0151128, 0.00134105]
    ],
    "M_C20_M M_C20H20_M": [
        [-0.354181, 0.0131494, 0.00116682]
    ],
    "M_C21_M M_C21H211_M": [
        [0.0939834, 0.0162282, 0.00144002]
    ],
    "M_C21_M M_C21H212_M": [
        [0.0890887, 0.0146813, 0.00130276]
    ],
    "M_C21_M M_C21H213_M": [
        [0.0934971, 0.0142321, 0.0012629]
    ],
    "M_C22_M M_C22H221_M": [
        [-0.185855, 0.0212287, 0.00188374]
    ],
    "M_C22_M M_C22H222_M": [
        [-0.321096, 0.0126021, 0.00111825]
    ],
    "M_C23_M M_C23H231_M": [
        [-0.146685, 0.0196371, 0.00174251]
    ],
    "M_C23_M M_C23H232_M": [
        [-0.303322, 0.0126672, 0.00112403]
    ],
    "M_C24_M M_C24H241_M": [
        [-0.157825, 0.0177383, 0.00157402]
    ],
    "M_C24_M M_C24H242_M": [
        [-0.258682, 0.013996, 0.00124195]
    ],
    "M_C25_M M_C25H25_M": [
        [-0.137216, 0.0136985, 0.00121555]
    ],
    "M_C26_M M_C26H261_M": [
        [0.00769668, 0.0178254, 0.00158174]
    ],
    "M_C26_M M_C26H262_M": [
        [0.0107084, 0.0161399, 0.00143218]
    ],
    "M_C26_M M_C26H263_M": [
        [0.0104209, 0.0159254, 0.00141315]
    ],
    "M_C27_M M_C27H271_M": [
        [0.00594614, 0.0132642, 0.00117701]
    ],
    "M_C27_M M_C27H272_M": [
        [0.0021787, 0.0156326, 0.00138717]
    ],
    "M_C27_M M_C27H273_M": [
        [0.00383903, 0.0162971, 0.00144614]
    ]
}