{
    "M_G1_M M_G1H1_M": [
        [0.0214903, 0.101324, 0.0127656]
    ],
    "M_G1_M M_G1H2_M": [
        [-0.13624, 0.137618, 0.0173382]
    ],
    "M_G1C3_M M_G1C3H1_M": [
        [-0.226712, 0.0537029, 0.00676593]
    ],
    "M_G1C3_M M_G1C3H2_M": [
        [-0.220026, 0.0517251, 0.00651675]
    ],
    "M_G1C4_M M_G1C4H1_M": [
        [-0.27302, 0.0321936, 0.00405602]
    ],
    "M_G1C4_M M_G1C4H2_M": [
        [-0.25589, 0.0305816, 0.00385291]
    ],
    "M_G1C5_M M_G1C5H1_M": [
        [-0.320057, 0.025015, 0.00315159]
    ],
    "M_G1C5_M M_G1C5H2_M": [
        [-0.321744, 0.0243825, 0.00307191]
    ],
    "M_G1C6_M M_G1C6H1_M": [
        [-0.363101, 0.0214096, 0.00269735]
    ],
    "M_G1C6_M M_G1C6H2_M": [
        [-0.363523, 0.0213381, 0.00268835]
    ],
    "M_G1C7_M M_G1C7H1_M": [
        [-0.388219, 0.019427, 0.00244757]
    ],
    "M_G1C7_M M_G1C7H2_M": [
        [-0.389202, 0.0189058, 0.0023819]
    ],
    "M_G1C8_M M_G1C8H1_M": [
        [-0.399097, 0.0165952, 0.0020908]
    ],
    "M_G1C8_M M_G1C8H2_M": [
        [-0.398628, 0.0162894, 0.00205227]
    ],
    "M_G1C9_M M_G1C9H1_M": [
        [-0.400633, 0.0145484, 0.00183293]
    ],
    "M_G1C9_M M_G1C9H2_M": [
        [-0.400401, 0.0138101, 0.00173991]
    ],
    "M_G1C10_M M_G1C10H1_M": [
        [-0.395375, 0.0134674, 0.00169673]
    ],
    "M_G1C10_M M_G1C10H2_M": [
        [-0.395187, 0.0132074, 0.00166398]
    ],
    "M_G1C11_M M_G1C11H1_M": [
        [-0.382518, 0.0155657, 0.00196109]
    ],
    "M_G1C11_M M_G1C11H2_M": [
        [-0.383034, 0.0162179, 0.00204326]
    ],
    "M_G1C12_M M_G1C12H1_M": [
        [-0.362661, 0.0192564, 0.00242608]
    ],
    "M_G1C12_M M_G1C12H2_M": [
        [-0.36319, 0.0205794, 0.00259277]
    ],
    "M_G1C13_M M_G1C13H1_M": [
        [-0.337414, 0.0250486, 0.00315583]
    ],
    "M_G1C13_M M_G1C13H2_M": [
        [-0.336308, 0.0241925, 0.00304797]
    ],
    "M_G1C14_M M_G1C14H1_M": [
        [-0.302953, 0.0292362, 0.00368341]
    ],
    "M_G1C14_M M_G1C14H2_M": [
        [-0.302754, 0.0276619, 0.00348507]
    ],
    "M_G1C15_M M_G1C15H1_M": [
        [-0.257103, 0.0298171, 0.0037566]
    ],
    "M_G1C15_M M_G1C15H2_M": [
        [-0.257222, 0.0294246, 0.00370716]
    ],
    "M_G1C16_M M_G1C16H1_M": [
        [-0.187797, 0.0259686, 0.00327174]
    ],
    "M_G1C16_M M_G1C16H2_M": [
        [-0.187298, 0.0264556, 0.0033331]
    ],
    "M_G1C17_M M_G1C17H1_M": [
        [-0.0431765, 0.0112732, 0.00142029]
    ],
    "M_G1C17_M M_G1C17H2_M": [
        [-0.0462641, 0.0106063, 0.00133627]
    ],
    "M_G1C17_M M_G1C17H3_M": [
        [-0.0447131, 0.011591, 0.00146033]
    ],
    "M_G2_M M_G2H1_M": [
        [-0.178617, 0.104741, 0.0131961]
    ],
    "M_G2C3_M M_G2C3H1_M": [
        [-0.130274, 0.0733203, 0.00923749]
    ],
    "M_G2C3_M M_G2C3H2_M": [
        [-0.193164, 0.0562291, 0.0070842]
    ],
    "M_G2C4_M M_G2C4H1_M": [
        [-0.258308, 0.0398916, 0.00502587]
    ],
    "M_G2C4_M M_G2C4H2_M": [
        [-0.24793, 0.0485905, 0.00612182]
    ],
    "M_G2C5_M M_G2C5H1_M": [
        [-0.283103, 0.0278777, 0.00351227]
    ],
    "M_G2C5_M M_G2C5H2_M": [
        [-0.274881, 0.0252147, 0.00317676]
    ],
    "M_G2C6_M M_G2C6H1_M": [
        [-0.324312, 0.0290708, 0.00366258]
    ],
    "M_G2C6_M M_G2C6H2_M": [
        [-0.318069, 0.0258063, 0.00325128]
    ],
    "M_G2C7_M M_G2C7H1_M": [
        [-0.325293, 0.0263493, 0.0033197]
    ],
    "M_G2C7_M M_G2C7H2_M": [
        [-0.327377, 0.0275533, 0.00347139]
    ],
    "M_G2C8_M M_G2C8H1_M": [
        [-0.318598, 0.0254075, 0.00320104]
    ],
    "M_G2C8_M M_G2C8H2_M": [
        [-0.317311, 0.024054, 0.00303052]
    ],
    "M_G2C9_M M_G2C9H1_M": [
        [-0.21978, 0.0319375, 0.00402375]
    ],
    "M_G2C9_M M_G2C9H2_M": [
        [-0.221164, 0.0297789, 0.00375179]
    ],
    "M_G2C10_M M_G2C10H1_M": [
        [-0.163117, 0.0313999, 0.00395601]
    ],
    "M_G2C11_M M_G2C11H1_M": [
        [-0.122608, 0.0333971, 0.00420764]
    ],
    "M_G2C12_M M_G2C12H1_M": [
        [-0.187967, 0.0382499, 0.00481904]
    ],
    "M_G2C12_M M_G2C12H2_M": [
        [-0.187329, 0.044213, 0.00557031]
    ],
    "M_G2C13_M M_G2C13H1_M": [
        [-0.283077, 0.0333416, 0.00420065]
    ],
    "M_G2C13_M M_G2C13H2_M": [
        [-0.283982, 0.0301014, 0.00379242]
    ],
    "M_G2C14_M M_G2C14H1_M": [
        [-0.296208, 0.0291627, 0.00367416]
    ],
    "M_G2C14_M M_G2C14H2_M": [
        [-0.296652, 0.0285828, 0.0036011]
    ],
    "M_G2C15_M M_G2C15H1_M": [
        [-0.300858, 0.0300643, 0.00378775]
    ],
    "M_G2C15_M M_G2C15H2_M": [
        [-0.300716, 0.0293581, 0.00369878]
    ],
    "M_G2C16_M M_G2C16H1_M": [
        [-0.269441, 0.0356041, 0.00448569]
    ],
    "M_G2C16_M M_G2C16H2_M": [
        [-0.271351, 0.0341768, 0.00430588]
    ],
    "M_G2C17_M M_G2C17H1_M": [
        [-0.242563, 0.0348441, 0.00438995]
    ],
    "M_G2C17_M M_G2C17H2_M": [
        [-0.242012, 0.0332114, 0.00418425]
    ],
    "M_G2C18_M M_G2C18H1_M": [
        [0.702057, 0.0936086, 0.0117936]
    ],
    "M_G2C18_M M_G2C18H2_M": [
        [0.71978, 0.0994203, 0.0125258]
    ],
    "M_G2C19_M M_G2C19H1_M": [
        [-0.0553207, 0.0124048, 0.00156285]
    ],
    "M_G2C19_M M_G2C19H2_M": [
        [-0.0557934, 0.0119093, 0.00150043]
    ],
    "M_G2C19_M M_G2C19H3_M": [
        [-0.0566894, 0.0121614, 0.00153219]
    ],
    "M_G3_M M_G3H1_M": [
        [-0.0797476, 0.100799, 0.0126995]
    ],
    "M_G3_M M_G3H2_M": [
        [-0.203141, 0.0903769, 0.0113864]
    ],
    "M_G3C4_M M_G3C4H1_M": [
        [0.042282, 0.0414398, 0.00522092]
    ],
    "M_G3C4_M M_G3C4H2_M": [
        [0.0635738, 0.0552411, 0.00695972]
    ],
    "M_G3C5_M M_G3C5H1_M": [
        [0.0158662, 0.0431118, 0.00543158]
    ],
    "M_G3C5_M M_G3C5H2_M": [
        [0.0478173, 0.0545885, 0.00687751]
    ],
    "M_G3N6C1_M M_G3N6C1H1_M": [
        [-0.0138708, 0.0128352, 0.00161709]
    ],
    "M_G3N6C1_M M_G3N6C1H2_M": [
        [-0.0118332, 0.0126024, 0.00158775]
    ],
    "M_G3N6C1_M M_G3N6C1H3_M": [
        [-0.0138637, 0.0110124, 0.00138743]
    ],
    "M_G3N6C2_M M_G3N6C2H1_M": [
        [-0.0131742, 0.0124699, 0.00157106]
    ],
    "M_G3N6C2_M M_G3N6C2H2_M": [
        [-0.0127958, 0.013891, 0.0017501]
    ],
    "M_G3N6C2_M M_G3N6C2H3_M": [
        [-0.0126608, 0.0142786, 0.00179894]
    ],
    "M_G3N6C3_M M_G3N6C3H1_M": [
        [-0.0163007, 0.0113387, 0.00142854]
    ],
    "M_G3N6C3_M M_G3N6C3H2_M": [
        [-0.0126074, 0.0136111, 0.00171484]
    ],
    "M_G3N6C3_M M_G3N6C3H3_M": [
        [-0.0119425, 0.0120836, 0.00152239]
    ]
}