{
    "M_G1_M M_G1H1_M": [
        [-0.176196, 0.0325228, 0.00230548]
    ],
    "M_G1_M M_G1H2_M": [
        [-0.0410842, 0.0263815, 0.00187013]
    ],
    "M_G1C3_M M_G1C3H1_M": [
        [-0.224052, 0.0210319, 0.00149091]
    ],
    "M_G1C3_M M_G1C3H2_M": [
        [-0.189217, 0.0221708, 0.00157165]
    ],
    "M_G1C4_M M_G1C4H1_M": [
        [-0.153778, 0.015446, 0.00109494]
    ],
    "M_G1C4_M M_G1C4H2_M": [
        [-0.14216, 0.0146146, 0.001036]
    ],
    "M_G1C5_M M_G1C5H1_M": [
        [-0.183145, 0.0129372, 0.000917095]
    ],
    "M_G1C5_M M_G1C5H2_M": [
        [-0.182087, 0.0139546, 0.000989219]
    ],
    "M_G1C6_M M_G1C6H1_M": [
        [-0.181203, 0.0136959, 0.00097088]
    ],
    "M_G1C6_M M_G1C6H2_M": [
        [-0.179027, 0.0140361, 0.000994994]
    ],
    "M_G1C7_M M_G1C7H1_M": [
        [-0.191857, 0.0136071, 0.00096458]
    ],
    "M_G1C7_M M_G1C7H2_M": [
        [-0.191656, 0.0138121, 0.000979117]
    ],
    "M_G1C8_M M_G1C8H1_M": [
        [-0.179678, 0.0144873, 0.00102697]
    ],
    "M_G1C8_M M_G1C8H2_M": [
        [-0.179324, 0.0140378, 0.000995111]
    ],
    "M_G1C9_M M_G1C9H1_M": [
        [-0.177949, 0.0145183, 0.00102917]
    ],
    "M_G1C9_M M_G1C9H2_M": [
        [-0.177352, 0.0141916, 0.00100602]
    ],
    "M_G1C10_M M_G1C10H1_M": [
        [-0.16078, 0.0141675, 0.00100431]
    ],
    "M_G1C10_M M_G1C10H2_M": [
        [-0.160322, 0.0143486, 0.00101715]
    ],
    "M_G1C11_M M_G1C11H1_M": [
        [-0.152958, 0.0134779, 0.000955425]
    ],
    "M_G1C11_M M_G1C11H2_M": [
        [-0.153062, 0.0133946, 0.000949521]
    ],
    "M_G1C12_M M_G1C12H1_M": [
        [-0.134173, 0.0126765, 0.000898616]
    ],
    "M_G1C12_M M_G1C12H2_M": [
        [-0.134416, 0.0124704, 0.000884001]
    ],
    "M_G1C13_M M_G1C13H1_M": [
        [-0.123753, 0.0115544, 0.00081907]
    ],
    "M_G1C13_M M_G1C13H2_M": [
        [-0.124346, 0.0115816, 0.000820995]
    ],
    "M_G1C14_M M_G1C14H1_M": [
        [-0.105737, 0.00988449, 0.000700693]
    ],
    "M_G1C14_M M_G1C14H2_M": [
        [-0.106197, 0.0100622, 0.000713291]
    ],
    "M_G1C15_M M_G1C15H1_M": [
        [-0.092749, 0.00844354, 0.000598546]
    ],
    "M_G1C15_M M_G1C15H2_M": [
        [-0.0924502, 0.00818984, 0.000580562]
    ],
    "M_G1C16_M M_G1C16H1_M": [
        [-0.0682369, 0.00627498, 0.000444822]
    ],
    "M_G1C16_M M_G1C16H2_M": [
        [-0.068184, 0.00594421, 0.000421374]
    ],
    "M_G1C17_M M_G1C17H1_M": [
        [-0.0229932, 0.00354444, 0.000251259]
    ],
    "M_G1C17_M M_G1C17H2_M": [
        [-0.0224202, 0.00306528, 0.000217292]
    ],
    "M_G1C17_M M_G1C17H3_M": [
        [-0.022604, 0.00316076, 0.00022406]
    ],
    "M_G2_M M_G2H1_M": [
        [-0.19605, 0.0294829, 0.00208999]
    ],
    "M_G2C3_M M_G2C3H1_M": [
        [-0.0613066, 0.0221435, 0.00156971]
    ],
    "M_G2C3_M M_G2C3H2_M": [
        [-0.0953782, 0.0204577, 0.00145021]
    ],
    "M_G2C4_M M_G2C4H1_M": [
        [-0.184525, 0.0173914, 0.00123284]
    ],
    "M_G2C4_M M_G2C4H2_M": [
        [-0.191144, 0.0153909, 0.00109103]
    ],
    "M_G2C5_M M_G2C5H1_M": [
        [-0.181543, 0.0166462, 0.00118002]
    ],
    "M_G2C5_M M_G2C5H2_M": [
        [-0.182724, 0.0163416, 0.00115842]
    ],
    "M_G2C6_M M_G2C6H1_M": [
        [-0.189962, 0.0177703, 0.0012597]
    ],
    "M_G2C6_M M_G2C6H2_M": [
        [-0.188129, 0.0170664, 0.0012098]
    ],
    "M_G2C7_M M_G2C7H1_M": [
        [-0.167685, 0.0165545, 0.00117352]
    ],
    "M_G2C7_M M_G2C7H2_M": [
        [-0.166507, 0.0162182, 0.00114968]
    ],
    "M_G2C8_M M_G2C8H1_M": [
        [-0.159199, 0.01596, 0.00113138]
    ],
    "M_G2C8_M M_G2C8H2_M": [
        [-0.158479, 0.0156589, 0.00111003]
    ],
    "M_G2C9_M M_G2C9H1_M": [
        [-0.0911489, 0.0148449, 0.00105233]
    ],
    "M_G2C9_M M_G2C9H2_M": [
        [-0.0915275, 0.0147852, 0.0010481]
    ],
    "M_G2C10_M M_G2C10H1_M": [
        [-0.0468095, 0.01761, 0.00124834]
    ],
    "M_G2C11_M M_G2C11H1_M": [
        [-0.0356623, 0.0139547, 0.000989225]
    ],
    "M_G2C12_M M_G2C12H1_M": [
        [-0.0637709, 0.0119883, 0.00084983]
    ],
    "M_G2C12_M M_G2C12H2_M": [
        [-0.0631411, 0.0116962, 0.000829122]
    ],
    "M_G2C13_M M_G2C13H1_M": [
        [-0.0985525, 0.0120396, 0.000853467]
    ],
    "M_G2C13_M M_G2C13H2_M": [
        [-0.0976989, 0.0119072, 0.000844081]
    ],
    "M_G2C14_M M_G2C14H1_M": [
        [-0.102902, 0.0108356, 0.000768119]
    ],
    "M_G2C14_M M_G2C14H2_M": [
        [-0.103114, 0.0102922, 0.000729597]
    ],
    "M_G2C15_M M_G2C15H1_M": [
        [-0.106315, 0.00987674, 0.000700144]
    ],
    "M_G2C15_M M_G2C15H2_M": [
        [-0.106613, 0.0104693, 0.000742148]
    ],
    "M_G2C16_M M_G2C16H1_M": [
        [-0.0965049, 0.00842126, 0.000596967]
    ],
    "M_G2C16_M M_G2C16H2_M": [
        [-0.09655, 0.00903569, 0.000640523]
    ],
    "M_G2C17_M M_G2C17H1_M": [
        [-0.0870051, 0.00713819, 0.000506013]
    ],
    "M_G2C17_M M_G2C17H2_M": [
        [-0.0871566, 0.0076627, 0.000543195]
    ],
    "M_G2C18_M M_G2C18H1_M": [
        [-0.0671628, 0.00572285, 0.000405682]
    ],
    "M_G2C18_M M_G2C18H2_M": [
        [-0.0668665, 0.00574888, 0.000407527]
    ],
    "M_G2C19_M M_G2C19H1_M": [
        [-0.0210564, 0.00298555, 0.00021164]
    ],
    "M_G2C19_M M_G2C19H2_M": [
        [-0.021122, 0.00284573, 0.000201729]
    ],
    "M_G2C19_M M_G2C19H3_M": [
        [-0.0207847, 0.00300846, 0.000213264]
    ],
    "M_G3_M M_G3H1_M": [
        [-0.225887, 0.0243584, 0.00172672]
    ],
    "M_G3_M M_G3H2_M": [
        [-0.246974, 0.0190577, 0.00135097]
    ],
    "M_G3C4_M M_G3C4H1_M": [
        [0.041047, 0.0172339, 0.00122168]
    ],
    "M_G3C4_M M_G3C4H2_M": [
        [0.0378137, 0.0169373, 0.00120065]
    ],
    "M_G3C5_M M_G3C5H1_M": [
        [-0.0645785, 0.0161097, 0.00114198]
    ],
    "M_G3C5_M M_G3C5H2_M": [
        [-0.0661711, 0.0168539, 0.00119474]
    ],
    "M_G3N6C1_M M_G3N6C1H1_M": [
        [0.0101782, 0.00787376, 0.000558156]
    ],
    "M_G3N6C1_M M_G3N6C1H2_M": [
        [0.0103173, 0.00921154, 0.000652989]
    ],
    "M_G3N6C1_M M_G3N6C1H3_M": [
        [0.0112526, 0.00794727, 0.000563367]
    ],
    "M_G3N6C2_M M_G3N6C2H1_M": [
        [0.0102207, 0.00882837, 0.000625827]
    ],
    "M_G3N6C2_M M_G3N6C2H2_M": [
        [0.0110432, 0.00872596, 0.000618567]
    ],
    "M_G3N6C2_M M_G3N6C2H3_M": [
        [0.011513, 0.00857857, 0.000608119]
    ],
    "M_G3N6C3_M M_G3N6C3H1_M": [
        [0.0111548, 0.0095849, 0.000679455]
    ],
    "M_G3N6C3_M M_G3N6C3H2_M": [
        [0.0107026, 0.00815644, 0.000578195]
    ],
    "M_G3N6C3_M M_G3N6C3H3_M": [
        [0.011313, 0.00875398, 0.000620553]
    ]
}