{
    "M_C3_M M_C3H1_M": [
        [-0.420139, 0.0109258, 0.000684203]
    ],
    "M_C4_M M_C4H1_M": [
        [-0.365131, 0.0179467, 0.00112386]
    ],
    "M_C4_M M_C4H2_M": [
        [-0.23537, 0.0325027, 0.0020354]
    ],
    "M_C6_M M_C6H1_M": [
        [-0.068707, 0.0411209, 0.00257509]
    ],
    "M_C7_M M_C7H1_M": [
        [-0.305163, 0.0257912, 0.00161511]
    ],
    "M_C7_M M_C7H2_M": [
        [-0.380401, 0.0161947, 0.00101415]
    ],
    "M_C8_M M_C8H1_M": [
        [-0.459947, 0.00675048, 0.000422732]
    ],
    "M_C14_M M_C14H1_M": [
        [-0.45602, 0.00678892, 0.000425139]
    ],
    "M_C15_M M_C15H1_M": [
        [-0.423051, 0.0132155, 0.000827584]
    ],
    "M_C15_M M_C15H2_M": [
        [-0.386684, 0.0178045, 0.00111496]
    ],
    "M_C16_M M_C16H1_M": [
        [-0.0869614, 0.0295363, 0.00184964]
    ],
    "M_C16_M M_C16H2_M": [
        [-0.177459, 0.0274644, 0.00171989]
    ],
    "M_C17_M M_C17H1_M": [
        [-0.453526, 0.00665547, 0.000416782]
    ],
    "M_C18_M M_C18H1_M": [
        [0.13004, 0.0257923, 0.00161518]
    ],
    "M_C18_M M_C18H2_M": [
        [0.130542, 0.0263846, 0.00165227]
    ],
    "M_C18_M M_C18H3_M": [
        [0.13395, 0.0252079, 0.00157858]
    ],
    "M_C12_M M_C12H1_M": [
        [-0.148166, 0.0362552, 0.00227039]
    ],
    "M_C12_M M_C12H2_M": [
        [-0.451043, 0.00754552, 0.000472519]
    ],
    "M_C11_M M_C11H1_M": [
        [-0.456413, 0.00666545, 0.000417407]
    ],
    "M_C11_M M_C11H2_M": [
        [-0.237483, 0.0307138, 0.00192337]
    ],
    "M_C9_M M_C9H1_M": [
        [-0.455101, 0.00705985, 0.000442105]
    ],
    "M_C19_M M_C19H1_M": [
        [0.130897, 0.0205985, 0.00128993]
    ],
    "M_C19_M M_C19H2_M": [
        [0.131112, 0.019494, 0.00122076]
    ],
    "M_C19_M M_C19H3_M": [
        [0.131032, 0.0204574, 0.00128109]
    ],
    "M_C1_M M_C1H1_M": [
        [-0.251581, 0.0320468, 0.00200685]
    ],
    "M_C1_M M_C1H2_M": [
        [-0.416211, 0.0125262, 0.000784422]
    ],
    "M_C2_M M_C2H1_M": [
        [-0.237646, 0.0296236, 0.0018551]
    ],
    "M_C2_M M_C2H2_M": [
        [-0.397454, 0.0146173, 0.000915371]
    ],
    "M_C20_M M_C20H1_M": [
        [-0.431103, 0.018713, 0.00117186]
    ],
    "M_C21_M M_C21H1_M": [
        [0.124613, 0.0173522, 0.00108664]
    ],
    "M_C21_M M_C21H2_M": [
        [0.125126, 0.0168762, 0.00105683]
    ],
    "M_C21_M M_C21H3_M": [
        [0.124479, 0.0171533, 0.00107418]
    ],
    "M_C22_M M_C22H1_M": [
        [-0.335624, 0.0408173, 0.00255608]
    ],
    "M_C22_M M_C22H2_M": [
        [-0.411233, 0.0141262, 0.000884615]
    ],
    "M_C23_M M_C23H1_M": [
        [-0.272582, 0.035218, 0.00220544]
    ],
    "M_C23_M M_C23H2_M": [
        [-0.393865, 0.0136023, 0.000851811]
    ],
    "M_C24_M M_C24H1_M": [
        [-0.272119, 0.0272216, 0.00170468]
    ],
    "M_C24_M M_C24H2_M": [
        [-0.34259, 0.0179929, 0.00112676]
    ],
    "M_C25_M M_C25H1_M": [
        [-0.218644, 0.0261804, 0.00163948]
    ],
    "M_C26_M M_C26H1_M": [
        [0.0174685, 0.0184954, 0.00115823]
    ],
    "M_C26_M M_C26H2_M": [
        [0.0214671, 0.0177575, 0.00111202]
    ],
    "M_C26_M M_C26H3_M": [
        [0.0192125, 0.0178863, 0.00112008]
    ],
    "M_C27_M M_C27H1_M": [
        [0.0188761, 0.0188023, 0.00117745]
    ],
    "M_C27_M M_C27H2_M": [
        [0.020304, 0.0189015, 0.00118366]
    ],
    "M_C27_M M_C27H3_M": [
        [0.0195065, 0.0185494, 0.00116161]
    ]
}