{
    "M_G1_M M_G1H1_M": [
        [-0.037097, 0.125163, 0.00783801]
    ],
    "M_G1_M M_G1H2_M": [
        [-0.15507, 0.0973827, 0.00609834]
    ],
    "M_G1C3_M M_G1C3H1_M": [
        [-0.297313, 0.0463044, 0.0028997]
    ],
    "M_G1C3_M M_G1C3H2_M": [
        [-0.29444, 0.0476596, 0.00298456]
    ],
    "M_G1C4_M M_G1C4H1_M": [
        [-0.300894, 0.039009, 0.00244284]
    ],
    "M_G1C4_M M_G1C4H2_M": [
        [-0.304937, 0.0391562, 0.00245206]
    ],
    "M_G1C5_M M_G1C5H1_M": [
        [-0.357734, 0.0253494, 0.00158744]
    ],
    "M_G1C5_M M_G1C5H2_M": [
        [-0.356587, 0.0273894, 0.00171519]
    ],
    "M_G1C6_M M_G1C6H1_M": [
        [-0.37512, 0.0224456, 0.0014056]
    ],
    "M_G1C6_M M_G1C6H2_M": [
        [-0.37554, 0.0213734, 0.00133846]
    ],
    "M_G1C7_M M_G1C7H1_M": [
        [-0.392549, 0.0174599, 0.00109338]
    ],
    "M_G1C7_M M_G1C7H2_M": [
        [-0.392178, 0.0169096, 0.00105892]
    ],
    "M_G1C8_M M_G1C8H1_M": [
        [-0.394412, 0.0162123, 0.00101525]
    ],
    "M_G1C8_M M_G1C8H2_M": [
        [-0.395329, 0.0159333, 0.000997782]
    ],
    "M_G1C9_M M_G1C9H1_M": [
        [-0.392669, 0.0148565, 0.000930351]
    ],
    "M_G1C9_M M_G1C9H2_M": [
        [-0.391897, 0.0150494, 0.000942428]
    ],
    "M_G1C10_M M_G1C10H1_M": [
        [-0.378735, 0.0166784, 0.00104444]
    ],
    "M_G1C10_M M_G1C10H2_M": [
        [-0.379097, 0.0163943, 0.00102665]
    ],
    "M_G1C11_M M_G1C11H1_M": [
        [-0.363165, 0.018082, 0.00113234]
    ],
    "M_G1C11_M M_G1C11H2_M": [
        [-0.364135, 0.0180142, 0.00112809]
    ],
    "M_G1C12_M M_G1C12H1_M": [
        [-0.337854, 0.0225229, 0.00141044]
    ],
    "M_G1C12_M M_G1C12H2_M": [
        [-0.3386, 0.0224652, 0.00140683]
    ],
    "M_G1C13_M M_G1C13H1_M": [
        [-0.313143, 0.0244273, 0.0015297]
    ],
    "M_G1C13_M M_G1C13H2_M": [
        [-0.312889, 0.0253596, 0.00158808]
    ],
    "M_G1C14_M M_G1C14H1_M": [
        [-0.274452, 0.0290618, 0.00181992]
    ],
    "M_G1C14_M M_G1C14H2_M": [
        [-0.275188, 0.0288982, 0.00180968]
    ],
    "M_G1C15_M M_G1C15H1_M": [
        [-0.231107, 0.0277583, 0.00173829]
    ],
    "M_G1C15_M M_G1C15H2_M": [
        [-0.230417, 0.0291075, 0.00182278]
    ],
    "M_G1C16_M M_G1C16H1_M": [
        [-0.163349, 0.0264068, 0.00165366]
    ],
    "M_G1C16_M M_G1C16H2_M": [
        [-0.163686, 0.0272644, 0.00170736]
    ],
    "M_G1C17_M M_G1C17H1_M": [
        [-0.0487168, 0.0148968, 0.000932873]
    ],
    "M_G1C17_M M_G1C17H2_M": [
        [-0.0479672, 0.0153198, 0.000959365]
    ],
    "M_G1C17_M M_G1C17H3_M": [
        [-0.0479464, 0.0150636, 0.000943322]
    ],
    "M_G2_M M_G2H1_M": [
        [-0.00468162, 0.131553, 0.00823814]
    ],
    "M_G2C3_M M_G2C3H1_M": [
        [-0.181089, 0.0853552, 0.00534515]
    ],
    "M_G2C3_M M_G2C3H2_M": [
        [-0.184672, 0.0710439, 0.00444894]
    ],
    "M_G2C4_M M_G2C4H1_M": [
        [-0.28071, 0.0517308, 0.00323951]
    ],
    "M_G2C4_M M_G2C4H2_M": [
        [-0.247538, 0.0580146, 0.00363302]
    ],
    "M_G2C5_M M_G2C5H1_M": [
        [-0.297144, 0.0463151, 0.00290036]
    ],
    "M_G2C5_M M_G2C5H2_M": [
        [-0.297145, 0.0466622, 0.0029221]
    ],
    "M_G2C6_M M_G2C6H1_M": [
        [-0.335342, 0.0373765, 0.00234061]
    ],
    "M_G2C6_M M_G2C6H2_M": [
        [-0.334339, 0.0385065, 0.00241137]
    ],
    "M_G2C7_M M_G2C7H1_M": [
        [-0.335567, 0.0360444, 0.00225719]
    ],
    "M_G2C7_M M_G2C7H2_M": [
        [-0.336545, 0.0352868, 0.00220975]
    ],
    "M_G2C8_M M_G2C8H1_M": [
        [-0.337398, 0.0317837, 0.00199037]
    ],
    "M_G2C8_M M_G2C8H2_M": [
        [-0.337931, 0.0312235, 0.00195529]
    ],
    "M_G2C9_M M_G2C9H1_M": [
        [-0.261891, 0.0383795, 0.00240342]
    ],
    "M_G2C9_M M_G2C9H2_M": [
        [-0.264072, 0.0366607, 0.00229578]
    ],
    "M_G2C10_M M_G2C10H1_M": [
        [-0.175113, 0.0455179, 0.00285044]
    ],
    "M_G2C11_M M_G2C11H1_M": [
        [-0.0888361, 0.053575, 0.003355]
    ],
    "M_G2C12_M M_G2C12H1_M": [
        [-0.215229, 0.0345125, 0.00216125]
    ],
    "M_G2C12_M M_G2C12H2_M": [
        [-0.215978, 0.0345379, 0.00216284]
    ],
    "M_G2C13_M M_G2C13H1_M": [
        [-0.29303, 0.0268634, 0.00168225]
    ],
    "M_G2C13_M M_G2C13H2_M": [
        [-0.292688, 0.0282067, 0.00176637]
    ],
    "M_G2C14_M M_G2C14H1_M": [
        [-0.289906, 0.030889, 0.00193434]
    ],
    "M_G2C14_M M_G2C14H2_M": [
        [-0.289977, 0.031009, 0.00194186]
    ],
    "M_G2C15_M M_G2C15H1_M": [
        [-0.290037, 0.0304365, 0.001906]
    ],
    "M_G2C15_M M_G2C15H2_M": [
        [-0.290037, 0.0302945, 0.00189712]
    ],
    "M_G2C16_M M_G2C16H1_M": [
        [-0.252511, 0.0340388, 0.00213159]
    ],
    "M_G2C16_M M_G2C16H2_M": [
        [-0.254117, 0.0347003, 0.00217302]
    ],
    "M_G2C17_M M_G2C17H1_M": [
        [-0.2242, 0.032864, 0.00205803]
    ],
    "M_G2C17_M M_G2C17H2_M": [
        [-0.225082, 0.0332951, 0.00208502]
    ],
    "M_G2C18_M M_G2C18H1_M": [
        [-0.150589, 0.0320554, 0.00200739]
    ],
    "M_G2C18_M M_G2C18H2_M": [
        [-0.15039, 0.032462, 0.00203285]
    ],
    "M_G2C19_M M_G2C19H1_M": [
        [-0.0571968, 0.0183438, 0.00114873]
    ],
    "M_G2C19_M M_G2C19H2_M": [
        [-0.0611635, 0.0184315, 0.00115423]
    ],
    "M_G2C19_M M_G2C19H3_M": [
        [-0.0611463, 0.0176431, 0.00110485]
    ],
    "M_G3_M M_G3H1_M": [
        [0.0174256, 0.126553, 0.00792505]
    ],
    "M_G3_M M_G3H2_M": [
        [0.0703629, 0.122382, 0.00766389]
    ],
    "M_G3C4_M M_G3C4H1_M": [
        [0.059002, 0.0391465, 0.00245145]
    ],
    "M_G3C4_M M_G3C4H2_M": [
        [0.048375, 0.0440596, 0.00275912]
    ],
    "M_G3C5_M M_G3C5H1_M": [
        [-0.0207448, 0.0360246, 0.00225595]
    ],
    "M_G3C5_M M_G3C5H2_M": [
        [-0.0374819, 0.0347422, 0.00217564]
    ],
    "M_G3N6C1_M M_G3N6C1H1_M": [
        [0.0152872, 0.0213253, 0.00133544]
    ],
    "M_G3N6C1_M M_G3N6C1H2_M": [
        [0.0126483, 0.0205317, 0.00128575]
    ],
    "M_G3N6C1_M M_G3N6C1H3_M": [
        [0.0119411, 0.0196308, 0.00122933]
    ],
    "M_G3N6C2_M M_G3N6C2H1_M": [
        [0.0155903, 0.0202024, 0.00126512]
    ],
    "M_G3N6C2_M M_G3N6C2H2_M": [
        [0.0138854, 0.0212874, 0.00133307]
    ],
    "M_G3N6C2_M M_G3N6C2H3_M": [
        [0.0119871, 0.0205842, 0.00128904]
    ],
    "M_G3N6C3_M M_G3N6C3H1_M": [
        [0.0135198, 0.0191973, 0.00120218]
    ],
    "M_G3N6C3_M M_G3N6C3H2_M": [
        [0.0152855, 0.0200129, 0.00125326]
    ],
    "M_G3N6C3_M M_G3N6C3H3_M": [
        [0.0156372, 0.0196239, 0.0012289]
    ]
}