{
    "M_C3_M M_C3H1_M": [
        [-0.406919, 0.00807033, 0.000640019]
    ],
    "M_C4_M M_C4H1_M": [
        [-0.347763, 0.010119, 0.000802492]
    ],
    "M_C4_M M_C4H2_M": [
        [-0.227939, 0.0151428, 0.00120091]
    ],
    "M_C6_M M_C6H1_M": [
        [-0.062193, 0.0173648, 0.00137712]
    ],
    "M_C7_M M_C7H1_M": [
        [-0.307708, 0.00994058, 0.000788339]
    ],
    "M_C7_M M_C7H2_M": [
        [-0.3602, 0.00962854, 0.000763593]
    ],
    "M_C8_M M_C8H1_M": [
        [-0.446909, 0.0073446, 0.000582465]
    ],
    "M_C14_M M_C14H1_M": [
        [-0.442405, 0.00688314, 0.000545868]
    ],
    "M_C15_M M_C15H1_M": [
        [-0.410023, 0.00862037, 0.00068364]
    ],
    "M_C15_M M_C15H2_M": [
        [-0.371459, 0.0108088, 0.00085719]
    ],
    "M_C16_M M_C16H1_M": [
        [-0.0775633, 0.0128926, 0.00102245]
    ],
    "M_C16_M M_C16H2_M": [
        [-0.188456, 0.0124877, 0.000990337]
    ],
    "M_C17_M M_C17H1_M": [
        [-0.440123, 0.0068629, 0.000544263]
    ],
    "M_C18_M M_C18H1_M": [
        [0.123414, 0.0154991, 0.00122916]
    ],
    "M_C18_M M_C18H2_M": [
        [0.126655, 0.0144929, 0.00114936]
    ],
    "M_C18_M M_C18H3_M": [
        [0.127595, 0.015315, 0.00121456]
    ],
    "M_C12_M M_C12H1_M": [
        [-0.150919, 0.0157966, 0.00125275]
    ],
    "M_C12_M M_C12H2_M": [
        [-0.436448, 0.00773446, 0.000613383]
    ],
    "M_C11_M M_C11H1_M": [
        [-0.442293, 0.00761226, 0.000603691]
    ],
    "M_C11_M M_C11H2_M": [
        [-0.235774, 0.0121987, 0.000967423]
    ],
    "M_C9_M M_C9H1_M": [
        [-0.442026, 0.00740592, 0.000587328]
    ],
    "M_C19_M M_C19H1_M": [
        [0.126633, 0.0155546, 0.00123356]
    ],
    "M_C19_M M_C19H2_M": [
        [0.12793, 0.0173083, 0.00137264]
    ],
    "M_C19_M M_C19H3_M": [
        [0.128043, 0.0154228, 0.0012231]
    ],
    "M_C1_M M_C1H1_M": [
        [-0.243966, 0.01493, 0.00118402]
    ],
    "M_C1_M M_C1H2_M": [
        [-0.399588, 0.00896121, 0.00071067]
    ],
    "M_C2_M M_C2H1_M": [
        [-0.239577, 0.0112695, 0.00089373]
    ],
    "M_C2_M M_C2H2_M": [
        [-0.381574, 0.00923613, 0.000732473]
    ],
    "M_C20_M M_C20H1_M": [
        [-0.424207, 0.00676435, 0.000536448]
    ],
    "M_C21_M M_C21H1_M": [
        [0.116548, 0.013255, 0.00105119]
    ],
    "M_C21_M M_C21H2_M": [
        [0.11653, 0.0140028, 0.00111049]
    ],
    "M_C21_M M_C21H3_M": [
        [0.114871, 0.0136008, 0.00107861]
    ],
    "M_C22_M M_C22H1_M": [
        [-0.30928, 0.0211146, 0.0016745]
    ],
    "M_C22_M M_C22H2_M": [
        [-0.396177, 0.0085669, 0.000679399]
    ],
    "M_C23_M M_C23H1_M": [
        [-0.249565, 0.020324, 0.0016118]
    ],
    "M_C23_M M_C23H2_M": [
        [-0.382262, 0.00965989, 0.000766079]
    ],
    "M_C24_M M_C24H1_M": [
        [-0.249153, 0.0178536, 0.00141588]
    ],
    "M_C24_M M_C24H2_M": [
        [-0.331396, 0.0127821, 0.00101368]
    ],
    "M_C25_M M_C25H1_M": [
        [-0.192653, 0.0187197, 0.00148457]
    ],
    "M_C26_M M_C26H1_M": [
        [0.0201679, 0.0162553, 0.00128913]
    ],
    "M_C26_M M_C26H2_M": [
        [0.017801, 0.0151026, 0.00119772]
    ],
    "M_C26_M M_C26H3_M": [
        [0.0171434, 0.0162338, 0.00128742]
    ],
    "M_C27_M M_C27H1_M": [
        [0.0135856, 0.0153477, 0.00121716]
    ],
    "M_C27_M M_C27H2_M": [
        [0.0158904, 0.0167739, 0.00133025]
    ],
    "M_C27_M M_C27H3_M": [
        [0.0154738, 0.0139609, 0.00110717]
    ]
}