{
    "M_G1_M M_G1H1_M": [
        [-0.180632, 0.0600592, 0.00268862]
    ],
    "M_G1_M M_G1H2_M": [
        [-0.0325831, 0.0549114, 0.00245817]
    ],
    "M_G1C3_M M_G1C3H1_M": [
        [-0.238561, 0.0375073, 0.00167906]
    ],
    "M_G1C3_M M_G1C3H2_M": [
        [-0.208742, 0.0431376, 0.0019311]
    ],
    "M_G1C4_M M_G1C4H1_M": [
        [-0.184722, 0.0302901, 0.00135597]
    ],
    "M_G1C4_M M_G1C4H2_M": [
        [-0.170126, 0.0305034, 0.00136552]
    ],
    "M_G1C5_M M_G1C5H1_M": [
        [-0.209939, 0.0282784, 0.00126591]
    ],
    "M_G1C5_M M_G1C5H2_M": [
        [-0.205456, 0.0295355, 0.00132219]
    ],
    "M_G1C6_M M_G1C6H1_M": [
        [-0.209505, 0.0293665, 0.00131463]
    ],
    "M_G1C6_M M_G1C6H2_M": [
        [-0.205964, 0.0299906, 0.00134256]
    ],
    "M_G1C7_M M_G1C7H1_M": [
        [-0.220845, 0.0295342, 0.00132213]
    ],
    "M_G1C7_M M_G1C7H2_M": [
        [-0.218783, 0.0293007, 0.00131168]
    ],
    "M_G1C8_M M_G1C8H1_M": [
        [-0.212105, 0.0296772, 0.00132854]
    ],
    "M_G1C8_M M_G1C8H2_M": [
        [-0.210761, 0.0299079, 0.00133886]
    ],
    "M_G1C9_M M_G1C9H1_M": [
        [-0.212133, 0.0288509, 0.00129154]
    ],
    "M_G1C9_M M_G1C9H2_M": [
        [-0.211378, 0.0294982, 0.00132052]
    ],
    "M_G1C10_M M_G1C10H1_M": [
        [-0.197854, 0.0290131, 0.0012988]
    ],
    "M_G1C10_M M_G1C10H2_M": [
        [-0.197135, 0.0288614, 0.00129201]
    ],
    "M_G1C11_M M_G1C11H1_M": [
        [-0.190893, 0.0278174, 0.00124528]
    ],
    "M_G1C11_M M_G1C11H2_M": [
        [-0.191025, 0.028181, 0.00126156]
    ],
    "M_G1C12_M M_G1C12H1_M": [
        [-0.172883, 0.0263441, 0.00117932]
    ],
    "M_G1C12_M M_G1C12H2_M": [
        [-0.172623, 0.0268595, 0.0012024]
    ],
    "M_G1C13_M M_G1C13H1_M": [
        [-0.162223, 0.0248881, 0.00111414]
    ],
    "M_G1C13_M M_G1C13H2_M": [
        [-0.162338, 0.0244125, 0.00109285]
    ],
    "M_G1C14_M M_G1C14H1_M": [
        [-0.141797, 0.0223388, 0.00100002]
    ],
    "M_G1C14_M M_G1C14H2_M": [
        [-0.141895, 0.0215188, 0.000963314]
    ],
    "M_G1C15_M M_G1C15H1_M": [
        [-0.124492, 0.0188674, 0.00084462]
    ],
    "M_G1C15_M M_G1C15H2_M": [
        [-0.124572, 0.0184127, 0.000824264]
    ],
    "M_G1C16_M M_G1C16H1_M": [
        [-0.0944339, 0.0143253, 0.000641289]
    ],
    "M_G1C16_M M_G1C16H2_M": [
        [-0.0945658, 0.0141579, 0.000633795]
    ],
    "M_G1C17_M M_G1C17H1_M": [
        [-0.0320989, 0.00718703, 0.000321736]
    ],
    "M_G1C17_M M_G1C17H2_M": [
        [-0.0321719, 0.0070102, 0.00031382]
    ],
    "M_G1C17_M M_G1C17H3_M": [
        [-0.031929, 0.00714272, 0.000319752]
    ],
    "M_G2_M M_G2H1_M": [
        [-0.197953, 0.0533768, 0.00238948]
    ],
    "M_G2C3_M M_G2C3H1_M": [
        [-0.0753911, 0.042172, 0.00188788]
    ],
    "M_G2C3_M M_G2C3H2_M": [
        [-0.11189, 0.0385361, 0.00172511]
    ],
    "M_G2C4_M M_G2C4H1_M": [
        [-0.202277, 0.0342867, 0.00153488]
    ],
    "M_G2C4_M M_G2C4H2_M": [
        [-0.208369, 0.0322756, 0.00144486]
    ],
    "M_G2C5_M M_G2C5H1_M": [
        [-0.199771, 0.0328088, 0.00146872]
    ],
    "M_G2C5_M M_G2C5H2_M": [
        [-0.202241, 0.0318752, 0.00142693]
    ],
    "M_G2C6_M M_G2C6H1_M": [
        [-0.210974, 0.0335326, 0.00150112]
    ],
    "M_G2C6_M M_G2C6H2_M": [
        [-0.210103, 0.032163, 0.00143982]
    ],
    "M_G2C7_M M_G2C7H1_M": [
        [-0.187531, 0.031371, 0.00140436]
    ],
    "M_G2C7_M M_G2C7H2_M": [
        [-0.186762, 0.0304897, 0.0013649]
    ],
    "M_G2C8_M M_G2C8H1_M": [
        [-0.178703, 0.0304826, 0.00136459]
    ],
    "M_G2C8_M M_G2C8H2_M": [
        [-0.177961, 0.0290838, 0.00130197]
    ],
    "M_G2C9_M M_G2C9H1_M": [
        [-0.103062, 0.0282159, 0.00126312]
    ],
    "M_G2C9_M M_G2C9H2_M": [
        [-0.102903, 0.0284876, 0.00127528]
    ],
    "M_G2C10_M M_G2C10H1_M": [
        [-0.0572541, 0.0310506, 0.00139001]
    ],
    "M_G2C11_M M_G2C11H1_M": [
        [-0.0493615, 0.0288249, 0.00129038]
    ],
    "M_G2C12_M M_G2C12H1_M": [
        [-0.0810584, 0.0286946, 0.00128455]
    ],
    "M_G2C12_M M_G2C12H2_M": [
        [-0.0824852, 0.0276514, 0.00123785]
    ],
    "M_G2C13_M M_G2C13H1_M": [
        [-0.123452, 0.0277095, 0.00124045]
    ],
    "M_G2C13_M M_G2C13H2_M": [
        [-0.123873, 0.0286301, 0.00128166]
    ],
    "M_G2C14_M M_G2C14H1_M": [
        [-0.130619, 0.0271533, 0.00121555]
    ],
    "M_G2C14_M M_G2C14H2_M": [
        [-0.130819, 0.027473, 0.00122986]
    ],
    "M_G2C15_M M_G2C15H1_M": [
        [-0.134957, 0.0272949, 0.00122189]
    ],
    "M_G2C15_M M_G2C15H2_M": [
        [-0.135391, 0.0258629, 0.00115778]
    ],
    "M_G2C16_M M_G2C16H1_M": [
        [-0.124093, 0.0236308, 0.00105786]
    ],
    "M_G2C16_M M_G2C16H2_M": [
        [-0.12442, 0.0231414, 0.00103595]
    ],
    "M_G2C17_M M_G2C17H1_M": [
        [-0.1134, 0.020628, 0.000923438]
    ],
    "M_G2C17_M M_G2C17H2_M": [
        [-0.113535, 0.020759, 0.0009293]
    ],
    "M_G2C18_M M_G2C18H1_M": [
        [-0.0888601, 0.0159139, 0.000712403]
    ],
    "M_G2C18_M M_G2C18H2_M": [
        [-0.0890534, 0.0161368, 0.000722382]
    ],
    "M_G2C19_M M_G2C19H1_M": [
        [-0.029759, 0.00746166, 0.00033403]
    ],
    "M_G2C19_M M_G2C19H2_M": [
        [-0.0299338, 0.007617, 0.000340984]
    ],
    "M_G2C19_M M_G2C19H3_M": [
        [-0.0301869, 0.00725504, 0.00032478]
    ],
    "M_G3_M M_G3H1_M": [
        [-0.228758, 0.0489086, 0.00218945]
    ],
    "M_G3_M M_G3H2_M": [
        [-0.242737, 0.037414, 0.00167488]
    ],
    "M_G3C4_M M_G3C4H1_M": [
        [0.0304782, 0.0330575, 0.00147986]
    ],
    "M_G3C4_M M_G3C4H2_M": [
        [0.0301372, 0.0340576, 0.00152463]
    ],
    "M_G3C5_M M_G3C5H1_M": [
        [-0.0754095, 0.0286567, 0.00128285]
    ],
    "M_G3C5_M M_G3C5H2_M": [
        [-0.0768293, 0.0283135, 0.00126749]
    ],
    "M_G3N6C1_M M_G3N6C1H1_M": [
        [0.0105667, 0.0157852, 0.000706644]
    ],
    "M_G3N6C1_M M_G3N6C1H2_M": [
        [0.0106228, 0.0151412, 0.000677812]
    ],
    "M_G3N6C1_M M_G3N6C1H3_M": [
        [0.0108611, 0.0154586, 0.000692021]
    ],
    "M_G3N6C2_M M_G3N6C2H1_M": [
        [0.0110889, 0.0152171, 0.000681211]
    ],
    "M_G3N6C2_M M_G3N6C2H2_M": [
        [0.0107827, 0.0159168, 0.000712533]
    ],
    "M_G3N6C2_M M_G3N6C2H3_M": [
        [0.0110214, 0.016279, 0.000728746]
    ],
    "M_G3N6C3_M M_G3N6C3H1_M": [
        [0.0117527, 0.0158597, 0.000709976]
    ],
    "M_G3N6C3_M M_G3N6C3H2_M": [
        [0.0113019, 0.0157409, 0.000704659]
    ],
    "M_G3N6C3_M M_G3N6C3H3_M": [
        [0.0096367, 0.0157436, 0.000704781]
    ]
}