{
    "M_G1_M M_G1H1_M": [
        [-0.0425217, 0.106498, 0.00754943]
    ],
    "M_G1_M M_G1H2_M": [
        [-0.128064, 0.075953, 0.00538416]
    ],
    "M_G1C3_M M_G1C3H1_M": [
        [-0.228639, 0.0356411, 0.00252653]
    ],
    "M_G1C3_M M_G1C3H2_M": [
        [-0.237952, 0.0280632, 0.00198935]
    ],
    "M_G1C4_M M_G1C4H1_M": [
        [-0.195848, 0.026734, 0.00189512]
    ],
    "M_G1C4_M M_G1C4H2_M": [
        [-0.208503, 0.022954, 0.00162717]
    ],
    "M_G1C5_M M_G1C5H1_M": [
        [-0.237316, 0.0164891, 0.00116888]
    ],
    "M_G1C5_M M_G1C5H2_M": [
        [-0.239874, 0.0164116, 0.00116339]
    ],
    "M_G1C6_M M_G1C6H1_M": [
        [-0.225183, 0.0147147, 0.0010431]
    ],
    "M_G1C6_M M_G1C6H2_M": [
        [-0.224225, 0.0150002, 0.00106333]
    ],
    "M_G1C7_M M_G1C7H1_M": [
        [-0.237725, 0.0142469, 0.00100993]
    ],
    "M_G1C7_M M_G1C7H2_M": [
        [-0.236965, 0.0142839, 0.00101256]
    ],
    "M_G1C8_M M_G1C8H1_M": [
        [-0.22343, 0.0147567, 0.00104607]
    ],
    "M_G1C8_M M_G1C8H2_M": [
        [-0.224106, 0.0145675, 0.00103267]
    ],
    "M_G1C9_M M_G1C9H1_M": [
        [-0.222357, 0.0145408, 0.00103077]
    ],
    "M_G1C9_M M_G1C9H2_M": [
        [-0.222973, 0.0141889, 0.00100583]
    ],
    "M_G1C10_M M_G1C10H1_M": [
        [-0.20529, 0.0146302, 0.00103711]
    ],
    "M_G1C10_M M_G1C10H2_M": [
        [-0.205085, 0.0148494, 0.00105264]
    ],
    "M_G1C11_M M_G1C11H1_M": [
        [-0.196544, 0.0148502, 0.0010527]
    ],
    "M_G1C11_M M_G1C11H2_M": [
        [-0.196227, 0.0143446, 0.00101686]
    ],
    "M_G1C12_M M_G1C12H1_M": [
        [-0.175199, 0.0154695, 0.0010966]
    ],
    "M_G1C12_M M_G1C12H2_M": [
        [-0.175746, 0.015032, 0.00106559]
    ],
    "M_G1C13_M M_G1C13H1_M": [
        [-0.161382, 0.0149738, 0.00106146]
    ],
    "M_G1C13_M M_G1C13H2_M": [
        [-0.161509, 0.014421, 0.00102228]
    ],
    "M_G1C14_M M_G1C14H1_M": [
        [-0.137164, 0.0142604, 0.00101089]
    ],
    "M_G1C14_M M_G1C14H2_M": [
        [-0.137325, 0.0140538, 0.000996248]
    ],
    "M_G1C15_M M_G1C15H1_M": [
        [-0.116295, 0.0124982, 0.000885976]
    ],
    "M_G1C15_M M_G1C15H2_M": [
        [-0.117217, 0.0127517, 0.000903944]
    ],
    "M_G1C16_M M_G1C16H1_M": [
        [-0.0830581, 0.0106139, 0.000752398]
    ],
    "M_G1C16_M M_G1C16H2_M": [
        [-0.0836099, 0.0100128, 0.000709791]
    ],
    "M_G1C17_M M_G1C17H1_M": [
        [-0.0270659, 0.00650186, 0.000460905]
    ],
    "M_G1C17_M M_G1C17H2_M": [
        [-0.0261672, 0.00639342, 0.000453218]
    ],
    "M_G1C17_M M_G1C17H3_M": [
        [-0.0265293, 0.00630072, 0.000446646]
    ],
    "M_G2_M M_G2H1_M": [
        [-0.0415685, 0.154239, 0.0109337]
    ],
    "M_G2C3_M M_G2C3H1_M": [
        [-0.194937, 0.0548615, 0.00388903]
    ],
    "M_G2C3_M M_G2C3H2_M": [
        [-0.144958, 0.0561611, 0.00398115]
    ],
    "M_G2C4_M M_G2C4H1_M": [
        [-0.224732, 0.0352684, 0.00250011]
    ],
    "M_G2C4_M M_G2C4H2_M": [
        [-0.171701, 0.0436583, 0.00309485]
    ],
    "M_G2C5_M M_G2C5H1_M": [
        [-0.215095, 0.02609, 0.00184947]
    ],
    "M_G2C5_M M_G2C5H2_M": [
        [-0.205199, 0.0253399, 0.0017963]
    ],
    "M_G2C6_M M_G2C6H1_M": [
        [-0.215491, 0.022162, 0.00157102]
    ],
    "M_G2C6_M M_G2C6H2_M": [
        [-0.211281, 0.0224249, 0.00158966]
    ],
    "M_G2C7_M M_G2C7H1_M": [
        [-0.197774, 0.0208399, 0.0014773]
    ],
    "M_G2C7_M M_G2C7H2_M": [
        [-0.198133, 0.0205705, 0.00145821]
    ],
    "M_G2C8_M M_G2C8H1_M": [
        [-0.192822, 0.0184772, 0.00130981]
    ],
    "M_G2C8_M M_G2C8H2_M": [
        [-0.192163, 0.0186444, 0.00132167]
    ],
    "M_G2C9_M M_G2C9H1_M": [
        [-0.143471, 0.0188502, 0.00133625]
    ],
    "M_G2C9_M M_G2C9H2_M": [
        [-0.142372, 0.0188529, 0.00133645]
    ],
    "M_G2C10_M M_G2C10H1_M": [
        [-0.105077, 0.0202067, 0.00143242]
    ],
    "M_G2C11_M M_G2C11H1_M": [
        [-0.024858, 0.0278074, 0.00197121]
    ],
    "M_G2C12_M M_G2C12H1_M": [
        [-0.0852995, 0.0194914, 0.00138171]
    ],
    "M_G2C12_M M_G2C12H2_M": [
        [-0.0850171, 0.0183517, 0.00130092]
    ],
    "M_G2C13_M M_G2C13H1_M": [
        [-0.129712, 0.0149274, 0.00105818]
    ],
    "M_G2C13_M M_G2C13H2_M": [
        [-0.129888, 0.0145861, 0.00103398]
    ],
    "M_G2C14_M M_G2C14H1_M": [
        [-0.126817, 0.0144822, 0.00102662]
    ],
    "M_G2C14_M M_G2C14H2_M": [
        [-0.127231, 0.0142261, 0.00100846]
    ],
    "M_G2C15_M M_G2C15H1_M": [
        [-0.134934, 0.0130015, 0.000921651]
    ],
    "M_G2C15_M M_G2C15H2_M": [
        [-0.135666, 0.0129483, 0.00091788]
    ],
    "M_G2C16_M M_G2C16H1_M": [
        [-0.118072, 0.0120602, 0.000854922]
    ],
    "M_G2C16_M M_G2C16H2_M": [
        [-0.11813, 0.0123761, 0.000877316]
    ],
    "M_G2C17_M M_G2C17H1_M": [
        [-0.1068, 0.011083, 0.000785656]
    ],
    "M_G2C17_M M_G2C17H2_M": [
        [-0.106198, 0.0107654, 0.000763136]
    ],
    "M_G2C18_M M_G2C18H1_M": [
        [-0.0768552, 0.00883828, 0.000626529]
    ],
    "M_G2C18_M M_G2C18H2_M": [
        [-0.0766343, 0.00873141, 0.000618953]
    ],
    "M_G2C19_M M_G2C19H1_M": [
        [-0.0266817, 0.00668611, 0.000473966]
    ],
    "M_G2C19_M M_G2C19H2_M": [
        [-0.0265682, 0.0061987, 0.000439414]
    ],
    "M_G2C19_M M_G2C19H3_M": [
        [-0.0265801, 0.00600007, 0.000425334]
    ],
    "M_G3_M M_G3H1_M": [
        [-0.0248801, 0.153999, 0.0109167]
    ],
    "M_G3_M M_G3H2_M": [
        [0.0816374, 0.121578, 0.00861841]
    ],
    "M_G3C4_M M_G3C4H1_M": [
        [-0.0157609, 0.0909357, 0.00644626]
    ],
    "M_G3C4_M M_G3C4H2_M": [
        [-0.0238898, 0.0787803, 0.00558459]
    ],
    "M_G3C5_M M_G3C5H1_M": [
        [-0.0793843, 0.0567752, 0.00402468]
    ],
    "M_G3C5_M M_G3C5H2_M": [
        [-0.112559, 0.0419453, 0.00297342]
    ],
    "M_G3N6C1_M M_G3N6C1H1_M": [
        [0.0142159, 0.0126802, 0.000898874]
    ],
    "M_G3N6C1_M M_G3N6C1H2_M": [
        [0.0138284, 0.0135051, 0.000957352]
    ],
    "M_G3N6C1_M M_G3N6C1H3_M": [
        [0.0149527, 0.0135028, 0.000957188]
    ],
    "M_G3N6C2_M M_G3N6C2H1_M": [
        [0.0133427, 0.0129936, 0.000921091]
    ],
    "M_G3N6C2_M M_G3N6C2H2_M": [
        [0.0144339, 0.0131317, 0.000930884]
    ],
    "M_G3N6C2_M M_G3N6C2H3_M": [
        [0.0132092, 0.0133804, 0.00094851]
    ],
    "M_G3N6C3_M M_G3N6C3H1_M": [
        [0.0128763, 0.0128725, 0.000912509]
    ],
    "M_G3N6C3_M M_G3N6C3H2_M": [
        [0.0137257, 0.0122284, 0.00086685]
    ],
    "M_G3N6C3_M M_G3N6C3H3_M": [
        [0.0136524, 0.01296, 0.000918713]
    ]
}