{
    "M_C3_M M_C3H3_M": [
        [-0.314477, 0.0919428, 0.0176944]
    ],
    "M_C4_M M_C4H41_M": [
        [-0.280458, 0.0812042, 0.0156278]
    ],
    "M_C4_M M_C4H42_M": [
        [-0.112819, 0.0597977, 0.0115081]
    ],
    "M_C6_M M_C6H6_M": [
        [-0.0118217, 0.0289917, 0.00557945]
    ],
    "M_C7_M M_C7H71_M": [
        [-0.229936, 0.0772726, 0.0148711]
    ],
    "M_C7_M M_C7H72_M": [
        [-0.282961, 0.0815435, 0.015693]
    ],
    "M_C8_M M_C8H8_M": [
        [-0.338947, 0.0971501, 0.0186965]
    ],
    "M_C14_M M_C14H14_M": [
        [-0.335846, 0.095357, 0.0183515]
    ],
    "M_C15_M M_C15H151_M": [
        [-0.309076, 0.0927994, 0.0178593]
    ],
    "M_C15_M M_C15H152_M": [
        [-0.244119, 0.0889083, 0.0171104]
    ],
    "M_C16_M M_C16H161_M": [
        [-0.0665284, 0.00969786, 0.00186635]
    ],
    "M_C16_M M_C16H162_M": [
        [-0.159929, 0.0466339, 0.0089747]
    ],
    "M_C17_M M_C17H17_M": [
        [-0.328485, 0.0930373, 0.017905]
    ],
    "M_C18_M M_C18H181_M": [
        [0.0969507, 0.028086, 0.00540515]
    ],
    "M_C18_M M_C18H182_M": [
        [0.0979796, 0.0297428, 0.00572401]
    ],
    "M_C18_M M_C18H183_M": [
        [0.0938834, 0.026024, 0.00500831]
    ],
    "M_C12_M M_C12H121_M": [
        [-0.0512386, 0.0374693, 0.00721097]
    ],
    "M_C12_M M_C12H122_M": [
        [-0.332808, 0.0954348, 0.0183664]
    ],
    "M_C11_M M_C11H111_M": [
        [-0.335722, 0.0978184, 0.0188252]
    ],
    "M_C11_M M_C11H112_M": [
        [-0.178686, 0.0588944, 0.0113342]
    ],
    "M_C9_M M_C9H9_M": [
        [-0.338223, 0.0968227, 0.0186335]
    ],
    "M_C19_M M_C19H191_M": [
        [0.0964576, 0.0305822, 0.00588555]
    ],
    "M_C19_M M_C19H192_M": [
        [0.0971732, 0.0285427, 0.00549304]
    ],
    "M_C19_M M_C19H193_M": [
        [0.097542, 0.0300991, 0.00579257]
    ],
    "M_C1_M M_C1H11_M": [
        [-0.150773, 0.0724378, 0.0139407]
    ],
    "M_C1_M M_C1H12_M": [
        [-0.300733, 0.0873123, 0.0168033]
    ],
    "M_C2_M M_C2H21_M": [
        [-0.188742, 0.0556162, 0.0107034]
    ],
    "M_C2_M M_C2H22_M": [
        [-0.289319, 0.0852468, 0.0164058]
    ],
    "M_C20_M M_C20H20_M": [
        [-0.316729, 0.0882686, 0.0169873]
    ],
    "M_C21_M M_C21H211_M": [
        [0.0789005, 0.0294505, 0.00566776]
    ],
    "M_C21_M M_C21H212_M": [
        [0.0778516, 0.0292221, 0.0056238]
    ],
    "M_C21_M M_C21H213_M": [
        [0.0770051, 0.0298184, 0.00573856]
    ],
    "M_C22_M M_C22H221_M": [
        [-0.0848867, 0.0409794, 0.00788649]
    ],
    "M_C22_M M_C22H222_M": [
        [-0.27953, 0.0865825, 0.0166628]
    ],
    "M_C23_M M_C23H231_M": [
        [-0.0541754, 0.0281578, 0.00541896]
    ],
    "M_C23_M M_C23H232_M": [
        [-0.258722, 0.0828815, 0.0159505]
    ],
    "M_C24_M M_C24H241_M": [
        [-0.078697, 0.030696, 0.00590745]
    ],
    "M_C24_M M_C24H242_M": [
        [-0.218696, 0.0693437, 0.0133452]
    ],
    "M_C25_M M_C25H25_M": [
        [-0.113713, 0.0333864, 0.00642521]
    ],
    "M_C26_M M_C26H261_M": [
        [0.00769053, 0.00504589, 0.000971082]
    ],
    "M_C26_M M_C26H262_M": [
        [0.00753399, 0.00615938, 0.00118537]
    ],
    "M_C26_M M_C26H263_M": [
        [0.00574662, 0.00495541, 0.000953669]
    ],
    "M_C27_M M_C27H271_M": [
        [-0.00818916, 0.00384891, 0.000740724]
    ],
    "M_C27_M M_C27H272_M": [
        [-0.00825886, 0.0050266, 0.000967369]
    ],
    "M_C27_M M_C27H273_M": [
        [-0.00638871, 0.00414452, 0.000797613]
    ]
}