{
    "M_G1_M M_G1H1_M": [
        [-0.183724, 0.0829466, 0.0181004]
    ],
    "M_G1_M M_G1H2_M": [
        [-0.0452186, 0.0700087, 0.0152771]
    ],
    "M_G1C3_M M_G1C3H1_M": [
        [-0.256854, 0.0303657, 0.00662634]
    ],
    "M_G1C3_M M_G1C3H2_M": [
        [-0.22603, 0.0395548, 0.00863156]
    ],
    "M_G1C4_M M_G1C4H1_M": [
        [-0.194529, 0.035669, 0.00778362]
    ],
    "M_G1C4_M M_G1C4H2_M": [
        [-0.174206, 0.0238367, 0.00520159]
    ],
    "M_G1C5_M M_G1C5H1_M": [
        [-0.214238, 0.0322447, 0.00703636]
    ],
    "M_G1C5_M M_G1C5H2_M": [
        [-0.212919, 0.0242436, 0.00529038]
    ],
    "M_G1C6_M M_G1C6H1_M": [
        [-0.214796, 0.0304014, 0.00663414]
    ],
    "M_G1C6_M M_G1C6H2_M": [
        [-0.215336, 0.0263009, 0.00573933]
    ],
    "M_G1C7_M M_G1C7H1_M": [
        [-0.229087, 0.0292468, 0.00638217]
    ],
    "M_G1C7_M M_G1C7H2_M": [
        [-0.23045, 0.0328748, 0.00717388]
    ],
    "M_G1C8_M M_G1C8H1_M": [
        [-0.224889, 0.0343048, 0.00748591]
    ],
    "M_G1C8_M M_G1C8H2_M": [
        [-0.223574, 0.0294349, 0.00642323]
    ],
    "M_G1C9_M M_G1C9H1_M": [
        [-0.225266, 0.0350829, 0.00765571]
    ],
    "M_G1C9_M M_G1C9H2_M": [
        [-0.227582, 0.0320091, 0.00698496]
    ],
    "M_G1C10_M M_G1C10H1_M": [
        [-0.215491, 0.0332024, 0.00724536]
    ],
    "M_G1C10_M M_G1C10H2_M": [
        [-0.211493, 0.0329503, 0.00719035]
    ],
    "M_G1C11_M M_G1C11H1_M": [
        [-0.211022, 0.0310761, 0.00678137]
    ],
    "M_G1C11_M M_G1C11H2_M": [
        [-0.205337, 0.0332996, 0.00726656]
    ],
    "M_G1C12_M M_G1C12H1_M": [
        [-0.190225, 0.0273567, 0.00596972]
    ],
    "M_G1C12_M M_G1C12H2_M": [
        [-0.191599, 0.0275031, 0.00600167]
    ],
    "M_G1C13_M M_G1C13H1_M": [
        [-0.17909, 0.0294023, 0.0064161]
    ],
    "M_G1C13_M M_G1C13H2_M": [
        [-0.180571, 0.0248214, 0.00541648]
    ],
    "M_G1C14_M M_G1C14H1_M": [
        [-0.156838, 0.0249471, 0.0054439]
    ],
    "M_G1C14_M M_G1C14H2_M": [
        [-0.156224, 0.022904, 0.00499806]
    ],
    "M_G1C15_M M_G1C15H1_M": [
        [-0.134989, 0.0196869, 0.00429603]
    ],
    "M_G1C15_M M_G1C15H2_M": [
        [-0.138053, 0.0215689, 0.00470671]
    ],
    "M_G1C16_M M_G1C16H1_M": [
        [-0.10162, 0.0132793, 0.00289778]
    ],
    "M_G1C16_M M_G1C16H2_M": [
        [-0.101502, 0.0164507, 0.00358984]
    ],
    "M_G1C17_M M_G1C17H1_M": [
        [-0.0338607, 0.00991219, 0.00216302]
    ],
    "M_G1C17_M M_G1C17H2_M": [
        [-0.0346737, 0.0109129, 0.00238138]
    ],
    "M_G1C17_M M_G1C17H3_M": [
        [-0.036526, 0.00935761, 0.002042]
    ],
    "M_G2_M M_G2H1_M": [
        [-0.206322, 0.0799241, 0.0174409]
    ],
    "M_G2C3_M M_G2C3H1_M": [
        [-0.0830181, 0.0492352, 0.010744]
    ],
    "M_G2C3_M M_G2C3H2_M": [
        [-0.113395, 0.0459933, 0.0100366]
    ],
    "M_G2C4_M M_G2C4H1_M": [
        [-0.211579, 0.0427411, 0.00932687]
    ],
    "M_G2C4_M M_G2C4H2_M": [
        [-0.219274, 0.0410207, 0.00895144]
    ],
    "M_G2C5_M M_G2C5H1_M": [
        [-0.210953, 0.0384592, 0.00839249]
    ],
    "M_G2C5_M M_G2C5H2_M": [
        [-0.213659, 0.0329324, 0.00718644]
    ],
    "M_G2C6_M M_G2C6H1_M": [
        [-0.219921, 0.0389138, 0.00849169]
    ],
    "M_G2C6_M M_G2C6H2_M": [
        [-0.223835, 0.0316026, 0.00689625]
    ],
    "M_G2C7_M M_G2C7H1_M": [
        [-0.198354, 0.0374469, 0.00817158]
    ],
    "M_G2C7_M M_G2C7H2_M": [
        [-0.200241, 0.0306453, 0.00668736]
    ],
    "M_G2C8_M M_G2C8H1_M": [
        [-0.190641, 0.0367506, 0.00801964]
    ],
    "M_G2C8_M M_G2C8H2_M": [
        [-0.190338, 0.0288329, 0.00629185]
    ],
    "M_G2C9_M M_G2C9H1_M": [
        [-0.0996688, 0.0332017, 0.0072452]
    ],
    "M_G2C9_M M_G2C9H2_M": [
        [-0.103906, 0.0349432, 0.00762524]
    ],
    "M_G2C10_M M_G2C10H1_M": [
        [-0.0550287, 0.0415855, 0.00907469]
    ],
    "M_G2C11_M M_G2C11H1_M": [
        [-0.0574088, 0.0368377, 0.00803865]
    ],
    "M_G2C12_M M_G2C12H1_M": [
        [-0.093212, 0.0376672, 0.00821966]
    ],
    "M_G2C12_M M_G2C12H2_M": [
        [-0.0884905, 0.0343832, 0.00750303]
    ],
    "M_G2C13_M M_G2C13H1_M": [
        [-0.140154, 0.0275497, 0.00601184]
    ],
    "M_G2C13_M M_G2C13H2_M": [
        [-0.140088, 0.032957, 0.00719181]
    ],
    "M_G2C14_M M_G2C14H1_M": [
        [-0.14775, 0.0270511, 0.00590303]
    ],
    "M_G2C14_M M_G2C14H2_M": [
        [-0.147225, 0.0303228, 0.00661699]
    ],
    "M_G2C15_M M_G2C15H1_M": [
        [-0.153475, 0.0246932, 0.0053885]
    ],
    "M_G2C15_M M_G2C15H2_M": [
        [-0.154969, 0.0268876, 0.00586735]
    ],
    "M_G2C16_M M_G2C16H1_M": [
        [-0.14452, 0.0240538, 0.00524896]
    ],
    "M_G2C16_M M_G2C16H2_M": [
        [-0.143842, 0.0243731, 0.00531864]
    ],
    "M_G2C17_M M_G2C17H1_M": [
        [-0.131039, 0.021265, 0.00464041]
    ],
    "M_G2C17_M M_G2C17H2_M": [
        [-0.129118, 0.0246429, 0.00537752]
    ],
    "M_G2C18_M M_G2C18H1_M": [
        [-0.100721, 0.0176122, 0.0038433]
    ],
    "M_G2C18_M M_G2C18H2_M": [
        [-0.104277, 0.0185838, 0.00405532]
    ],
    "M_G2C19_M M_G2C19H1_M": [
        [-0.034649, 0.00890759, 0.00194379]
    ],
    "M_G2C19_M M_G2C19H2_M": [
        [-0.0302656, 0.0119446, 0.00260654]
    ],
    "M_G2C19_M M_G2C19H3_M": [
        [-0.034964, 0.00941413, 0.00205433]
    ],
    "M_G3_M M_G3H1_M": [
        [-0.236276, 0.0658614, 0.0143721]
    ],
    "M_G3_M M_G3H2_M": [
        [-0.250334, 0.0406248, 0.00886506]
    ],
    "M_G3C4_M M_G3C4H1_M": [
        [0.118158, 0.100922, 0.022023]
    ],
    "M_G3C4_M M_G3C4H2_M": [
        [-0.104957, 0.0519725, 0.0113413]
    ],
    "M_G3C5_M M_G3C5H1_M": [
        [-0.148435, 0.0438071, 0.00955949]
    ]
}