{"headgroup": 0.262116276747413, "tails": 0.12415813512236065, "total": 0.17014418233071146}