{
    "M_G1_M M_G1H1_M": [
        [-0.217214, 0.0379885, 0.00337093]
    ],
    "M_G1_M M_G1H2_M": [
        [-0.0190678, 0.0423107, 0.00375447]
    ],
    "M_G1C3_M M_G1C3H1_M": [
        [-0.221367, 0.0240063, 0.00213022]
    ],
    "M_G1C3_M M_G1C3H2_M": [
        [-0.224054, 0.0220968, 0.00196077]
    ],
    "M_G1C4_M M_G1C4H1_M": [
        [-0.153907, 0.0246355, 0.00218604]
    ],
    "M_G1C4_M M_G1C4H2_M": [
        [-0.15134, 0.0227807, 0.00202146]
    ],
    "M_G1C5_M M_G1C5H1_M": [
        [-0.191622, 0.0229147, 0.00203335]
    ],
    "M_G1C5_M M_G1C5H2_M": [
        [-0.188116, 0.0228741, 0.00202974]
    ],
    "M_G1C6_M M_G1C6H1_M": [
        [-0.184923, 0.0233371, 0.00207083]
    ],
    "M_G1C6_M M_G1C6H2_M": [
        [-0.185319, 0.0221403, 0.00196463]
    ],
    "M_G1C7_M M_G1C7H1_M": [
        [-0.199422, 0.0219046, 0.00194372]
    ],
    "M_G1C7_M M_G1C7H2_M": [
        [-0.198804, 0.0212032, 0.00188148]
    ],
    "M_G1C8_M M_G1C8H1_M": [
        [-0.187109, 0.0222465, 0.00197406]
    ],
    "M_G1C8_M M_G1C8H2_M": [
        [-0.186489, 0.0215505, 0.0019123]
    ],
    "M_G1C9_M M_G1C9H1_M": [
        [-0.187117, 0.0221875, 0.00196883]
    ],
    "M_G1C9_M M_G1C9H2_M": [
        [-0.186179, 0.0204351, 0.00181332]
    ],
    "M_G1C10_M M_G1C10H1_M": [
        [-0.169963, 0.0225173, 0.00199808]
    ],
    "M_G1C10_M M_G1C10H2_M": [
        [-0.167283, 0.0210706, 0.00186972]
    ],
    "M_G1C11_M M_G1C11H1_M": [
        [-0.161407, 0.0208726, 0.00185214]
    ],
    "M_G1C11_M M_G1C11H2_M": [
        [-0.162965, 0.0202807, 0.00179962]
    ],
    "M_G1C12_M M_G1C12H1_M": [
        [-0.14013, 0.0193388, 0.00171604]
    ],
    "M_G1C12_M M_G1C12H2_M": [
        [-0.142221, 0.0194616, 0.00172694]
    ],
    "M_G1C13_M M_G1C13H1_M": [
        [-0.129163, 0.0176106, 0.00156268]
    ],
    "M_G1C13_M M_G1C13H2_M": [
        [-0.130099, 0.0172466, 0.00153038]
    ],
    "M_G1C14_M M_G1C14H1_M": [
        [-0.108068, 0.0147617, 0.00130989]
    ],
    "M_G1C14_M M_G1C14H2_M": [
        [-0.109427, 0.0147032, 0.0013047]
    ],
    "M_G1C15_M M_G1C15H1_M": [
        [-0.0929954, 0.0123838, 0.00109888]
    ],
    "M_G1C15_M M_G1C15H2_M": [
        [-0.0945764, 0.0124357, 0.00110349]
    ],
    "M_G1C16_M M_G1C16H1_M": [
        [-0.0661742, 0.00986011, 0.000874943]
    ],
    "M_G1C16_M M_G1C16H2_M": [
        [-0.0668336, 0.00978705, 0.000868461]
    ],
    "M_G1C17_M M_G1C17H1_M": [
        [-0.0210586, 0.00552985, 0.000490695]
    ],
    "M_G1C17_M M_G1C17H2_M": [
        [-0.0219969, 0.00524774, 0.000465662]
    ],
    "M_G1C17_M M_G1C17H3_M": [
        [-0.0213354, 0.00548539, 0.000486749]
    ],
    "M_G2_M M_G2H1_M": [
        [-0.205943, 0.0494176, 0.0043851]
    ],
    "M_G2C3_M M_G2C3H1_M": [
        [-0.221367, 0.0240063, 0.00213022]
    ],
    "M_G2C3_M M_G2C3H2_M": [
        [-0.224054, 0.0220968, 0.00196077]
    ],
    "M_G2C4_M M_G2C4H1_M": [
        [-0.153907, 0.0246355, 0.00218604]
    ],
    "M_G2C4_M M_G2C4H2_M": [
        [-0.15134, 0.0227807, 0.00202146]
    ],
    "M_G2C5_M M_G2C5H1_M": [
        [-0.191622, 0.0229147, 0.00203335]
    ],
    "M_G2C5_M M_G2C5H2_M": [
        [-0.188116, 0.0228741, 0.00202974]
    ],
    "M_G2C6_M M_G2C6H1_M": [
        [-0.184923, 0.0233371, 0.00207083]
    ],
    "M_G2C6_M M_G2C6H2_M": [
        [-0.185319, 0.0221403, 0.00196463]
    ],
    "M_G2C7_M M_G2C7H1_M": [
        [-0.199422, 0.0219046, 0.00194372]
    ],
    "M_G2C7_M M_G2C7H2_M": [
        [-0.198804, 0.0212032, 0.00188148]
    ],
    "M_G2C8_M M_G2C8H1_M": [
        [-0.187109, 0.0222465, 0.00197406]
    ],
    "M_G2C8_M M_G2C8H2_M": [
        [-0.186489, 0.0215505, 0.0019123]
    ],
    "M_G2C9_M M_G2C9H1_M": [
        [-0.187117, 0.0221875, 0.00196883]
    ],
    "M_G2C9_M M_G2C9H2_M": [
        [-0.186179, 0.0204351, 0.00181332]
    ],
    "M_G2C10_M M_G2C10H1_M": [
        [-0.169963, 0.0225173, 0.00199808]
    ],
    "M_G2C11_M M_G2C11H1_M": [
        [-0.161407, 0.0208726, 0.00185214]
    ],
    "M_G2C12_M M_G2C12H1_M": [
        [-0.14013, 0.0193388, 0.00171604]
    ],
    "M_G2C12_M M_G2C12H2_M": [
        [-0.142221, 0.0194616, 0.00172694]
    ],
    "M_G2C13_M M_G2C13H1_M": [
        [-0.129163, 0.0176106, 0.00156268]
    ],
    "M_G2C13_M M_G2C13H2_M": [
        [-0.130099, 0.0172466, 0.00153038]
    ],
    "M_G2C14_M M_G2C14H1_M": [
        [-0.108068, 0.0147617, 0.00130989]
    ],
    "M_G2C14_M M_G2C14H2_M": [
        [-0.109427, 0.0147032, 0.0013047]
    ],
    "M_G2C15_M M_G2C15H1_M": [
        [-0.0929954, 0.0123838, 0.00109888]
    ],
    "M_G2C15_M M_G2C15H2_M": [
        [-0.0945764, 0.0124357, 0.00110349]
    ],
    "M_G2C16_M M_G2C16H1_M": [
        [-0.0661742, 0.00986011, 0.000874943]
    ],
    "M_G2C16_M M_G2C16H2_M": [
        [-0.0668336, 0.00978705, 0.000868461]
    ],
    "M_G2C17_M M_G2C17H1_M": [
        [-0.0210586, 0.00552985, 0.000490695]
    ],
    "M_G2C17_M M_G2C17H2_M": [
        [-0.0219969, 0.00524774, 0.000465662]
    ],
    "M_G2C18_M M_G2C18H1_M": [
        [-0.0615035, 0.00915735, 0.000812583]
    ],
    "M_G2C18_M M_G2C18H2_M": [
        [-0.0633275, 0.00940087, 0.000834193]
    ],
    "M_G2C19_M M_G2C19H1_M": [
        [-0.0202183, 0.00592446, 0.000525711]
    ],
    "M_G2C19_M M_G2C19H2_M": [
        [-0.0203438, 0.00544483, 0.000483151]
    ],
    "M_G2C19_M M_G2C19H3_M": [
        [-0.0200516, 0.00562173, 0.000498848]
    ],
    "M_G3_M M_G3H1_M": [
        [-0.150838, 0.0462491, 0.00410394]
    ],
    "M_G3_M M_G3H2_M": [
        [-0.178563, 0.0352621, 0.00312901]
    ],
    "M_G3C4_M M_G3C4H1_M": [
        [0.0161957, 0.0122299, 0.00108523]
    ],
    "M_G3C4_M M_G3C4H2_M": [
        [0.0159895, 0.0135623, 0.00120346]
    ],
    "M_G3C5_M M_G3C5H1_M": [
        [-0.0372498, 0.0119157, 0.00105735]
    ],
    "M_G3C5_M M_G3C5H2_M": [
        [-0.0392952, 0.0105928, 0.000939958]
    ],
    "M_G3N6C1_M M_G3N6C1H1_M": [
        [0.0099436, 0.00547235, 0.000485593]
    ],
    "M_G3N6C1_M M_G3N6C1H2_M": [
        [0.00938582, 0.00542269, 0.000481186]
    ],
    "M_G3N6C1_M M_G3N6C1H3_M": [
        [0.00998526, 0.00585866, 0.000519872]
    ],
    "M_G3N6C2_M M_G3N6C2H1_M": [
        [0.0083956, 0.00559187, 0.000496198]
    ],
    "M_G3N6C2_M M_G3N6C2H2_M": [
        [0.00940905, 0.00544284, 0.000482974]
    ],
    "M_G3N6C2_M M_G3N6C2H3_M": [
        [0.00992325, 0.00602077, 0.000534257]
    ],
    "M_G3N6C3_M M_G3N6C3H1_M": [
        [0.0103027, 0.00535963, 0.000475591]
    ],
    "M_G3N6C3_M M_G3N6C3H2_M": [
        [0.00986665, 0.0054953, 0.000487629]
    ],
    "M_G3N6C3_M M_G3N6C3H3_M": [
        [0.010049, 0.00538441, 0.000477789]
    ]
}