{
    "M_C3_M M_C3H1_M": [
        [-0.410563, 0.012405, 0.00139567]
    ],
    "M_C4_M M_C4H1_M": [
        [-0.36835, 0.0178015, 0.00200282]
    ],
    "M_C4_M M_C4H2_M": [
        [-0.174211, 0.033452, 0.00376365]
    ],
    "M_C6_M M_C6H1_M": [
        [-0.039869, 0.0373801, 0.00420559]
    ],
    "M_C7_M M_C7H1_M": [
        [-0.309427, 0.0207905, 0.00233911]
    ],
    "M_C7_M M_C7H2_M": [
        [-0.372628, 0.0175713, 0.00197692]
    ],
    "M_C8_M M_C8H1_M": [
        [-0.445985, 0.00896661, 0.00100882]
    ],
    "M_C14_M M_C14H1_M": [
        [-0.441523, 0.00928724, 0.0010449]
    ],
    "M_C15_M M_C15H1_M": [
        [-0.410233, 0.0146587, 0.00164923]
    ],
    "M_C15_M M_C15H2_M": [
        [-0.340236, 0.0224049, 0.00252075]
    ],
    "M_C16_M M_C16H1_M": [
        [-0.0774397, 0.0306333, 0.00344652]
    ],
    "M_C16_M M_C16H2_M": [
        [-0.209098, 0.0260734, 0.00293348]
    ],
    "M_C17_M M_C17H1_M": [
        [-0.435982, 0.00991744, 0.0011158]
    ],
    "M_C18_M M_C18H1_M": [
        [0.129823, 0.0152779, 0.0017189]
    ],
    "M_C18_M M_C18H2_M": [
        [0.127003, 0.0160589, 0.00180677]
    ],
    "M_C18_M M_C18H3_M": [
        [0.124106, 0.0150203, 0.00168992]
    ],
    "M_C12_M M_C12H1_M": [
        [-0.0941552, 0.0352811, 0.00396944]
    ],
    "M_C12_M M_C12H2_M": [
        [-0.438351, 0.00929022, 0.00104523]
    ],
    "M_C11_M M_C11H1_M": [
        [-0.442532, 0.00918559, 0.00103346]
    ],
    "M_C11_M M_C11H2_M": [
        [-0.239118, 0.0250224, 0.00281524]
    ],
    "M_C9_M M_C9H1_M": [
        [-0.442845, 0.00910667, 0.00102458]
    ],
    "M_C19_M M_C19H1_M": [
        [0.127361, 0.0255234, 0.0028716]
    ],
    "M_C19_M M_C19H2_M": [
        [0.129471, 0.0273978, 0.00308249]
    ],
    "M_C19_M M_C19H3_M": [
        [0.12733, 0.0236176, 0.00265719]
    ],
    "M_C1_M M_C1H1_M": [
        [-0.226156, 0.0316589, 0.0035619]
    ],
    "M_C1_M M_C1H2_M": [
        [-0.396187, 0.0150289, 0.00169089]
    ],
    "M_C2_M M_C2H1_M": [
        [-0.239635, 0.0240952, 0.00271093]
    ],
    "M_C2_M M_C2H2_M": [
        [-0.381595, 0.016474, 0.00185347]
    ],
    "M_C20_M M_C20H1_M": [
        [-0.423991, 0.0109426, 0.00123114]
    ],
    "M_C21_M M_C21H1_M": [
        [0.115403, 0.0108717, 0.00122317]
    ],
    "M_C21_M M_C21H2_M": [
        [0.11543, 0.0118627, 0.00133466]
    ],
    "M_C21_M M_C21H3_M": [
        [0.115176, 0.0108619, 0.00122206]
    ],
    "M_C22_M M_C22H1_M": [
        [-0.312752, 0.0495636, 0.00557634]
    ],
    "M_C22_M M_C22H2_M": [
        [-0.400378, 0.0130209, 0.00146497]
    ],
    "M_C23_M M_C23H1_M": [
        [-0.260571, 0.0440038, 0.00495081]
    ],
    "M_C23_M M_C23H2_M": [
        [-0.388233, 0.0146279, 0.00164576]
    ],
    "M_C24_M M_C24H1_M": [
        [-0.265998, 0.0318391, 0.00358218]
    ],
    "M_C24_M M_C24H2_M": [
        [-0.348506, 0.0175194, 0.00197109]
    ],
    "M_C25_M M_C25H1_M": [
        [-0.259444, 0.0244103, 0.00274637]
    ],
    "M_C26_M M_C26H1_M": [
        [0.0181605, 0.0103712, 0.00116685]
    ],
    "M_C26_M M_C26H2_M": [
        [0.0178087, 0.00989265, 0.00111301]
    ],
    "M_C26_M M_C26H3_M": [
        [0.0185138, 0.0109196, 0.00122855]
    ],
    "M_C27_M M_C27H1_M": [
        [0.0125601, 0.0117529, 0.0013223]
    ],
    "M_C27_M M_C27H2_M": [
        [0.0133697, 0.0124078, 0.00139599]
    ],
    "M_C27_M M_C27H3_M": [
        [0.0110135, 0.0114375, 0.00128681]
    ]
}