{
    "M_G1_M M_G1H1_M": [
        [-0.189722, 0.069413, 0.00712162]
    ],
    "M_G1_M M_G1H2_M": [
        [-0.0430283, 0.0940074, 0.00964495]
    ],
    "M_G2_M M_G2H1_M": [
        [-0.207007, 0.0757352, 0.00777027]
    ],
    "M_G3_M M_G3H1_M": [
        [-0.22005, 0.07208, 0.00739525]
    ],
    "M_G3_M M_G3H2_M": [
        [-0.220674, 0.0532508, 0.00546342]
    ],
    "M_G3C4_M M_G3C4H1_M": [
        [0.0927942, 0.0340751, 0.00349603]
    ],
    "M_G3C4_M M_G3C4H2_M": [
        [0.0600055, 0.0366883, 0.00376414]
    ],
    "M_G3C5_M M_G3C5H1_M": [
        [-0.0149596, 0.0250993, 0.00257513]
    ],
    "M_G3C5_M M_G3C5H2_M": [
        [0.00529567, 0.0317676, 0.00325929]
    ],
    "M_G1C3_M M_G1C3H1_M": [
        [-0.299206, 0.0325872, 0.00334338]
    ],
    "M_G1C3_M M_G1C3H2_M": [
        [-0.279451, 0.0344217, 0.00353159]
    ],
    "M_G1C4_M M_G1C4H1_M": [
        [-0.287454, 0.0261432, 0.00268223]
    ],
    "M_G1C4_M M_G1C4H2_M": [
        [-0.276325, 0.0302009, 0.00309854]
    ],
    "M_G1C5_M M_G1C5H1_M": [
        [-0.324019, 0.0227806, 0.00233724]
    ],
    "M_G1C5_M M_G1C5H2_M": [
        [-0.321576, 0.0247583, 0.00254014]
    ],
    "M_G1C6_M M_G1C6H1_M": [
        [-0.338269, 0.024103, 0.00247292]
    ],
    "M_G1C6_M M_G1C6H2_M": [
        [-0.336713, 0.0261185, 0.0026797]
    ],
    "M_G1C7_M M_G1C7H1_M": [
        [-0.352779, 0.0239199, 0.00245413]
    ],
    "M_G1C7_M M_G1C7H2_M": [
        [-0.352014, 0.0229522, 0.00235484]
    ],
    "M_G1C8_M M_G1C8H1_M": [
        [-0.353289, 0.0243142, 0.00249458]
    ],
    "M_G1C8_M M_G1C8H2_M": [
        [-0.352479, 0.0240885, 0.00247143]
    ],
    "M_G1C9_M M_G1C9H1_M": [
        [-0.354729, 0.023487, 0.00240972]
    ],
    "M_G1C9_M M_G1C9H2_M": [
        [-0.354047, 0.0220573, 0.00226303]
    ],
    "M_G1C10_M M_G1C10H1_M": [
        [-0.344668, 0.0237839, 0.00244017]
    ],
    "M_G1C10_M M_G1C10H2_M": [
        [-0.345048, 0.0232535, 0.00238576]
    ],
    "M_G1C11_M M_G1C11H1_M": [
        [-0.337238, 0.0229619, 0.00235584]
    ],
    "M_G1C11_M M_G1C11H2_M": [
        [-0.336748, 0.0228851, 0.00234796]
    ],
    "M_G1C12_M M_G1C12H1_M": [
        [-0.319301, 0.0235385, 0.002415]
    ],
    "M_G1C12_M M_G1C12H2_M": [
        [-0.318131, 0.0234739, 0.00240837]
    ],
    "M_G1C13_M M_G1C13H1_M": [
        [-0.30223, 0.0238011, 0.00244195]
    ],
    "M_G1C13_M M_G1C13H2_M": [
        [-0.302136, 0.0232053, 0.00238082]
    ],
    "M_G1C14_M M_G1C14H1_M": [
        [-0.270036, 0.024147, 0.00247743]
    ],
    "M_G1C14_M M_G1C14H2_M": [
        [-0.269816, 0.0242593, 0.00248895]
    ],
    "M_G1C15_M M_G1C15H1_M": [
        [-0.233972, 0.0228478, 0.00234414]
    ],
    "M_G1C15_M M_G1C15H2_M": [
        [-0.234825, 0.0223199, 0.00228997]
    ],
    "M_G1C16_M M_G1C16H1_M": [
        [-0.175049, 0.0204974, 0.00210299]
    ],
    "M_G1C16_M M_G1C16H2_M": [
        [-0.174268, 0.0211652, 0.0021715]
    ],
    "M_G1C17_M M_G1C17H1_M": [
        [-0.0552568, 0.0104614, 0.00107332]
    ],
    "M_G1C17_M M_G1C17H2_M": [
        [-0.0562371, 0.00958891, 0.000983801]
    ],
    "M_G1C17_M M_G1C17H3_M": [
        [-0.0554585, 0.00955277, 0.000980094]
    ],
    "M_G2C3_M M_G2C3H1_M": [
        [-0.0810957, 0.0661812, 0.00679005]
    ],
    "M_G2C3_M M_G2C3H2_M": [
        [-0.15696, 0.0417583, 0.00428431]
    ],
    "M_G2C4_M M_G2C4H1_M": [
        [-0.280906, 0.0339516, 0.00348336]
    ],
    "M_G2C4_M M_G2C4H2_M": [
        [-0.281026, 0.0308826, 0.00316848]
    ],
    "M_G2C5_M M_G2C5H1_M": [
        [-0.291447, 0.0304958, 0.0031288]
    ],
    "M_G2C5_M M_G2C5H2_M": [
        [-0.293828, 0.0276002, 0.00283172]
    ],
    "M_G2C6_M M_G2C6H1_M": [
        [-0.318987, 0.0290441, 0.00297987]
    ],
    "M_G2C6_M M_G2C6H2_M": [
        [-0.316591, 0.0268778, 0.0027576]
    ],
    "M_G2C7_M M_G2C7H1_M": [
        [-0.303017, 0.0275137, 0.00282285]
    ],
    "M_G2C7_M M_G2C7H2_M": [
        [-0.301749, 0.0273681, 0.00280791]
    ],
    "M_G2C8_M M_G2C8H1_M": [
        [-0.291066, 0.0261536, 0.0026833]
    ],
    "M_G2C8_M M_G2C8H2_M": [
        [-0.289717, 0.0253188, 0.00259766]
    ],
    "M_G2C9_M M_G2C9H1_M": [
        [-0.186108, 0.0263847, 0.00270702]
    ],
    "M_G2C9_M M_G2C9H2_M": [
        [-0.185829, 0.0220735, 0.0022647]
    ],
    "M_G2C10_M M_G2C10H1_M": [
        [-0.117598, 0.0230804, 0.00236799]
    ],
    "M_G2C11_M M_G2C11H1_M": [
        [-0.0996103, 0.0206409, 0.00211771]
    ],
    "M_G2C12_M M_G2C12H1_M": [
        [-0.175556, 0.0210954, 0.00216434]
    ],
    "M_G2C12_M M_G2C12H2_M": [
        [-0.173715, 0.0224624, 0.0023046]
    ],
    "M_G2C13_M M_G2C13H1_M": [
        [-0.259345, 0.0211336, 0.00216827]
    ],
    "M_G2C13_M M_G2C13H2_M": [
        [-0.259776, 0.0217837, 0.00223496]
    ],
    "M_G2C14_M M_G2C14H1_M": [
        [-0.273709, 0.0224052, 0.00229873]
    ],
    "M_G2C14_M M_G2C14H2_M": [
        [-0.2732, 0.0223448, 0.00229253]
    ],
    "M_G2C15_M M_G2C15H1_M": [
        [-0.279546, 0.0221567, 0.00227323]
    ],
    "M_G2C15_M M_G2C15H2_M": [
        [-0.279726, 0.0234241, 0.00240326]
    ],
    "M_G2C16_M M_G2C16H1_M": [
        [-0.254959, 0.023599, 0.0024212]
    ],
    "M_G2C16_M M_G2C16H2_M": [
        [-0.254293, 0.0255077, 0.00261704]
    ],
    "M_G2C17_M M_G2C17H1_M": [
        [-0.22866, 0.0224318, 0.00230146]
    ],
    "M_G2C17_M M_G2C17H2_M": [
        [-0.229877, 0.0233899, 0.00239975]
    ],
    "M_G2C18_M M_G2C18H1_M": [
        [-0.173071, 0.020217, 0.00207422]
    ],
    "M_G2C18_M M_G2C18H2_M": [
        [-0.173488, 0.020562, 0.00210962]
    ],
    "M_G2C19_M M_G2C19H1_M": [
        [-0.0617546, 0.010192, 0.00104568]
    ],
    "M_G2C19_M M_G2C19H2_M": [
        [-0.0634214, 0.0111466, 0.00114361]
    ],
    "M_G2C19_M M_G2C19H3_M": [
        [-0.0626171, 0.0115347, 0.00118343]
    ]
}