{
    "M_G2_M M_G2H1_M": [
        [-0.365145, 0.0523005, 0.00884039]
    ],
    "M_G2C1_M M_G2C1H1_M": [
        [-0.358526, 0.0507852, 0.00858427]
    ],
    "M_G3_M M_G3H1_M": [
        [-0.35918, 0.05188, 0.00876932]
    ],
    "M_G3_M M_G3H2_M": [
        [-0.362204, 0.0455608, 0.00770118]
    ],
    "M_N1C2_M M_N1C2H1_M": [
        [-0.142006, 0.109407, 0.0184932]
    ],
    "M_N1C2_M M_N1C2H2_M": [
        [-0.123966, 0.102845, 0.017384]
    ],
    "M_N1C3_M M_N1C3H1_M": [
        [-0.279388, 0.0529591, 0.00895173]
    ],
    "M_N1C3_M M_N1C3H2_M": [
        [-0.174407, 0.113238, 0.0191407]
    ],
    "M_N1C4_M M_N1C4H1_M": [
        [-0.324665, 0.0361639, 0.00611281]
    ],
    "M_N1C4_M M_N1C4H2_M": [
        [-0.315814, 0.0356989, 0.00603421]
    ],
    "M_N1C5_M M_N1C5H1_M": [
        [-0.351655, 0.0348898, 0.00589746]
    ],
    "M_N1C5_M M_N1C5H2_M": [
        [-0.344763, 0.0349866, 0.00591382]
    ],
    "M_N1C6_M M_N1C6H1_M": [
        [-0.368229, 0.0318903, 0.00539045]
    ],
    "M_N1C6_M M_N1C6H2_M": [
        [-0.371371, 0.0307043, 0.00518998]
    ],
    "M_N1C7_M M_N1C7H1_M": [
        [-0.381232, 0.0308256, 0.00521047]
    ],
    "M_N1C7_M M_N1C7H2_M": [
        [-0.381613, 0.0301296, 0.00509284]
    ],
    "M_N1C8_M M_N1C8H1_M": [
        [-0.382909, 0.0306341, 0.00517811]
    ],
    "M_N1C8_M M_N1C8H2_M": [
        [-0.385146, 0.0296896, 0.00501847]
    ],
    "M_N1C9_M M_N1C9H1_M": [
        [-0.384972, 0.0285831, 0.00483143]
    ],
    "M_N1C9_M M_N1C9H2_M": [
        [-0.385167, 0.0300626, 0.00508151]
    ],
    "M_N1C10_M M_N1C10H1_M": [
        [-0.37877, 0.0296219, 0.00500701]
    ],
    "M_N1C10_M M_N1C10H2_M": [
        [-0.379123, 0.0299382, 0.00506048]
    ],
    "M_N1C11_M M_N1C11H1_M": [
        [-0.370038, 0.0307551, 0.00519857]
    ],
    "M_N1C11_M M_N1C11H2_M": [
        [-0.370605, 0.0304471, 0.0051465]
    ],
    "M_N1C12_M M_N1C12H1_M": [
        [-0.353685, 0.0329083, 0.00556251]
    ],
    "M_N1C12_M M_N1C12H2_M": [
        [-0.354831, 0.0317104, 0.00536003]
    ],
    "M_N1C13_M M_N1C13H1_M": [
        [-0.33403, 0.0328637, 0.00555498]
    ],
    "M_N1C13_M M_N1C13H2_M": [
        [-0.332215, 0.0311821, 0.00527074]
    ],
    "M_N1C14_M M_N1C14H1_M": [
        [-0.295886, 0.0332477, 0.00561989]
    ],
    "M_N1C14_M M_N1C14H2_M": [
        [-0.294033, 0.0324801, 0.00549013]
    ],
    "M_N1C15_M M_N1C15H1_M": [
        [-0.244256, 0.0310821, 0.00525384]
    ],
    "M_N1C15_M M_N1C15H2_M": [
        [-0.240368, 0.028588, 0.00483225]
    ],
    "M_N1C16_M M_N1C16H1_M": [
        [-0.0646719, 0.0136363, 0.00230496]
    ],
    "M_N1C16_M M_N1C16H2_M": [
        [-0.0653268, 0.0109183, 0.00184553]
    ],
    "M_N1C16_M M_N1C16H3_M": [
        [-0.0638483, 0.0149804, 0.00253215]
    ],
    "M_G2C2_M M_G2C2H1_M": [
        [-0.0966388, 0.151784, 0.0256562]
    ],
    "M_G2C3_M M_G2C3H1_M": [
        [-0.0905482, 0.15347, 0.0259412]
    ],
    "M_G2C4_M M_G2C4H1_M": [
        [-0.347598, 0.0285127, 0.00481953]
    ],
    "M_G2C4_M M_G2C4H2_M": [
        [-0.351398, 0.0274071, 0.00463264]
    ],
    "M_G2C5_M M_G2C5H1_M": [
        [-0.34116, 0.0362149, 0.00612143]
    ],
    "M_G2C5_M M_G2C5H2_M": [
        [-0.344918, 0.0331576, 0.00560465]
    ],
    "M_G2C6_M M_G2C6H1_M": [
        [-0.366076, 0.0337943, 0.00571228]
    ],
    "M_G2C6_M M_G2C6H2_M": [
        [-0.372347, 0.0316243, 0.00534548]
    ],
    "M_G2C7_M M_G2C7H1_M": [
        [-0.373229, 0.0323378, 0.00546608]
    ],
    "M_G2C7_M M_G2C7H2_M": [
        [-0.374975, 0.0317219, 0.00536198]
    ],
    "M_G2C8_M M_G2C8H1_M": [
        [-0.382277, 0.0300243, 0.00507503]
    ],
    "M_G2C8_M M_G2C8H2_M": [
        [-0.383618, 0.0296921, 0.00501889]
    ],
    "M_G2C9_M M_G2C9H1_M": [
        [-0.380812, 0.0295966, 0.00500274]
    ],
    "M_G2C9_M M_G2C9H2_M": [
        [-0.379, 0.0291032, 0.00491933]
    ],
    "M_G2C10_M M_G2C10H1_M": [
        [-0.380877, 0.0281472, 0.00475774]
    ],
    "M_G2C10_M M_G2C10H2_M": [
        [-0.379372, 0.0271937, 0.00459657]
    ],
    "M_G2C11_M M_G2C11H1_M": [
        [-0.371289, 0.0293303, 0.00495773]
    ],
    "M_G2C11_M M_G2C11H2_M": [
        [-0.371041, 0.0294975, 0.00498599]
    ],
    "M_G2C12_M M_G2C12H1_M": [
        [-0.362386, 0.0284038, 0.00480112]
    ],
    "M_G2C12_M M_G2C12H2_M": [
        [-0.36205, 0.0303588, 0.00513158]
    ],
    "M_G2C13_M M_G2C13H1_M": [
        [-0.34126, 0.0309302, 0.00522816]
    ],
    "M_G2C13_M M_G2C13H2_M": [
        [-0.340013, 0.032687, 0.0055251]
    ],
    "M_G2C14_M M_G2C14H1_M": [
        [-0.313253, 0.0304994, 0.00515535]
    ],
    "M_G2C14_M M_G2C14H2_M": [
        [-0.312417, 0.0320482, 0.00541713]
    ],
    "M_G2C15_M M_G2C15H1_M": [
        [-0.251476, 0.0328906, 0.00555952]
    ],
    "M_G2C15_M M_G2C15H2_M": [
        [-0.250558, 0.0319745, 0.00540468]
    ],
    "M_G2C16_M M_G2C16H1_M": [
        [-0.0922942, 0.0167253, 0.0028271]
    ],
    "M_G2C16_M M_G2C16H2_M": [
        [-0.0896539, 0.0147718, 0.00249689]
    ],
    "M_G2C16_M M_G2C16H3_M": [
        [-0.0915029, 0.015039, 0.00254205]
    ],
    "M_G3C4_M M_G3C4H1_M": [
        [0.0537936, 0.0482365, 0.00815345]
    ],
    "M_G3C4_M M_G3C4H2_M": [
        [0.0398616, 0.053644, 0.00906749]
    ],
    "M_G3C5_M M_G3C5H1_M": [
        [-0.107476, 0.0473456, 0.00800287]
    ],
    "M_G3C5_M M_G3C5H2_M": [
        [-0.093478, 0.0538057, 0.00909482]
    ],
    "M_G3N6C1_M M_G3N6C1H1_M": [
        [0.0140685, 0.0103666, 0.00175228]
    ],
    "M_G3N6C1_M M_G3N6C1H2_M": [
        [0.0166781, 0.0137742, 0.00232827]
    ],
    "M_G3N6C1_M M_G3N6C1H3_M": [
        [0.0190625, 0.0129148, 0.002183]
    ],
    "M_G3N6C2_M M_G3N6C2H1_M": [
        [0.0159939, 0.0141775, 0.00239644]
    ],
    "M_G3N6C2_M M_G3N6C2H2_M": [
        [0.0170565, 0.014058, 0.00237624]
    ],
    "M_G3N6C2_M M_G3N6C2H3_M": [
        [0.0132315, 0.0153773, 0.00259924]
    ],
    "M_G3N6C3_M M_G3N6C3H1_M": [
        [0.0151002, 0.0154825, 0.00261702]
    ],
    "M_G3N6C3_M M_G3N6C3H2_M": [
        [0.0189599, 0.0163678, 0.00276666]
    ],
    "M_G3N6C3_M M_G3N6C3H3_M": [
        [0.0117947, 0.0156703, 0.00264877]
    ]
}