{
    "M_G1_M M_G1H1_M": [
        [0.0323752, 0.0991877, 0.00444025]
    ],
    "M_G1_M M_G1H2_M": [
        [-0.125674, 0.068727, 0.00307664]
    ],
    "M_G1C3_M M_G1C3H1_M": [
        [-0.19645, 0.0349332, 0.00156382]
    ],
    "M_G1C3_M M_G1C3H2_M": [
        [-0.210914, 0.0314807, 0.00140927]
    ],
    "M_G1C4_M M_G1C4H1_M": [
        [-0.163154, 0.0292616, 0.00130993]
    ],
    "M_G1C4_M M_G1C4H2_M": [
        [-0.182321, 0.0281217, 0.0012589]
    ],
    "M_G1C5_M M_G1C5H1_M": [
        [-0.191851, 0.0262791, 0.00117641]
    ],
    "M_G1C5_M M_G1C5H2_M": [
        [-0.199504, 0.0262465, 0.00117496]
    ],
    "M_G1C6_M M_G1C6H1_M": [
        [-0.175773, 0.0271242, 0.00121425]
    ],
    "M_G1C6_M M_G1C6H2_M": [
        [-0.177647, 0.0273581, 0.00122472]
    ],
    "M_G1C7_M M_G1C7H1_M": [
        [-0.183205, 0.0268747, 0.00120308]
    ],
    "M_G1C7_M M_G1C7H2_M": [
        [-0.183738, 0.0262695, 0.00117598]
    ],
    "M_G1C8_M M_G1C8H1_M": [
        [-0.168027, 0.0275854, 0.00123489]
    ],
    "M_G1C8_M M_G1C8H2_M": [
        [-0.168899, 0.0267875, 0.00119917]
    ],
    "M_G1C9_M M_G1C9H1_M": [
        [-0.163357, 0.0261078, 0.00116875]
    ],
    "M_G1C9_M M_G1C9H2_M": [
        [-0.163984, 0.0266092, 0.00119119]
    ],
    "M_G1C10_M M_G1C10H1_M": [
        [-0.147105, 0.0261698, 0.00117152]
    ],
    "M_G1C10_M M_G1C10H2_M": [
        [-0.147702, 0.0255891, 0.00114553]
    ],
    "M_G1C11_M M_G1C11H1_M": [
        [-0.137212, 0.0248414, 0.00111205]
    ],
    "M_G1C11_M M_G1C11H2_M": [
        [-0.137662, 0.0243965, 0.00109214]
    ],
    "M_G1C12_M M_G1C12H1_M": [
        [-0.121576, 0.0229642, 0.00102802]
    ],
    "M_G1C12_M M_G1C12H2_M": [
        [-0.121133, 0.0227215, 0.00101716]
    ],
    "M_G1C13_M M_G1C13H1_M": [
        [-0.109324, 0.0205242, 0.000918788]
    ],
    "M_G1C13_M M_G1C13H2_M": [
        [-0.109473, 0.0200943, 0.000899544]
    ],
    "M_G1C14_M M_G1C14H1_M": [
        [-0.0929085, 0.0174178, 0.000779727]
    ],
    "M_G1C14_M M_G1C14H2_M": [
        [-0.09301, 0.0171871, 0.000769402]
    ],
    "M_G1C15_M M_G1C15H1_M": [
        [-0.0788699, 0.0143725, 0.000643399]
    ],
    "M_G1C15_M M_G1C15H2_M": [
        [-0.0789806, 0.0136468, 0.000610916]
    ],
    "M_G1C16_M M_G1C16H1_M": [
        [-0.0584981, 0.0106726, 0.000477772]
    ],
    "M_G1C16_M M_G1C16H2_M": [
        [-0.0576796, 0.0105096, 0.000470472]
    ],
    "M_G1C17_M M_G1C17H1_M": [
        [-0.0180203, 0.00583185, 0.00026107]
    ],
    "M_G1C17_M M_G1C17H2_M": [
        [-0.0178065, 0.00585306, 0.000262019]
    ],
    "M_G1C17_M M_G1C17H3_M": [
        [-0.0180069, 0.00604021, 0.000270397]
    ],
    "M_G2_M M_G2H1_M": [
        [0.00551436, 0.0938852, 0.00420288]
    ],
    "M_G2C3_M M_G2C3H1_M": [
        [-0.208053, 0.0377065, 0.00168797]
    ],
    "M_G2C3_M M_G2C3H2_M": [
        [-0.128417, 0.0464545, 0.00207959]
    ],
    "M_G2C4_M M_G2C4H1_M": [
        [-0.205771, 0.030634, 0.00137137]
    ],
    "M_G2C4_M M_G2C4H2_M": [
        [-0.138007, 0.0359545, 0.00160954]
    ],
    "M_G2C5_M M_G2C5H1_M": [
        [-0.190661, 0.0290148, 0.00129888]
    ],
    "M_G2C5_M M_G2C5H2_M": [
        [-0.174774, 0.030345, 0.00135843]
    ],
    "M_G2C6_M M_G2C6H1_M": [
        [-0.173739, 0.0300219, 0.00134397]
    ],
    "M_G2C6_M M_G2C6H2_M": [
        [-0.168889, 0.0290421, 0.0013001]
    ],
    "M_G2C7_M M_G2C7H1_M": [
        [-0.156956, 0.0275466, 0.00123316]
    ],
    "M_G2C7_M M_G2C7H2_M": [
        [-0.155802, 0.0275282, 0.00123233]
    ],
    "M_G2C8_M M_G2C8H1_M": [
        [-0.144797, 0.0275633, 0.0012339]
    ],
    "M_G2C8_M M_G2C8H2_M": [
        [-0.14413, 0.0272602, 0.00122034]
    ],
    "M_G2C9_M M_G2C9H1_M": [
        [-0.111024, 0.0247541, 0.00110814]
    ],
    "M_G2C9_M M_G2C9H2_M": [
        [-0.111055, 0.0256602, 0.00114871]
    ],
    "M_G2C10_M M_G2C10H1_M": [
        [-0.0918605, 0.026627, 0.00119199]
    ],
    "M_G2C11_M M_G2C11H1_M": [
        [-0.0152621, 0.0280165, 0.00125419]
    ],
    "M_G2C12_M M_G2C12H1_M": [
        [-0.0401791, 0.0238773, 0.00106889]
    ],
    "M_G2C12_M M_G2C12H2_M": [
        [-0.0390991, 0.0253788, 0.00113611]
    ],
    "M_G2C13_M M_G2C13H1_M": [
        [-0.072615, 0.0223341, 0.00099981]
    ],
    "M_G2C13_M M_G2C13H2_M": [
        [-0.073951, 0.0225787, 0.00101076]
    ],
    "M_G2C14_M M_G2C14H1_M": [
        [-0.0720378, 0.0202656, 0.000907213]
    ],
    "M_G2C14_M M_G2C14H2_M": [
        [-0.0725099, 0.0200447, 0.000897322]
    ],
    "M_G2C15_M M_G2C15H1_M": [
        [-0.0800148, 0.0197139, 0.000882513]
    ],
    "M_G2C15_M M_G2C15H2_M": [
        [-0.0798505, 0.0188757, 0.000844992]
    ],
    "M_G2C16_M M_G2C16H1_M": [
        [-0.0721463, 0.0169175, 0.00075733]
    ],
    "M_G2C16_M M_G2C16H2_M": [
        [-0.0713725, 0.0163632, 0.000732519]
    ],
    "M_G2C17_M M_G2C17H1_M": [
        [-0.0665582, 0.0140339, 0.000628244]
    ],
    "M_G2C17_M M_G2C17H2_M": [
        [-0.0661061, 0.0136857, 0.000612654]
    ],
    "M_G2C18_M M_G2C18H1_M": [
        [-0.0498243, 0.010766, 0.000481952]
    ],
    "M_G2C18_M M_G2C18H2_M": [
        [-0.0493435, 0.0106302, 0.000475873]
    ],
    "M_G2C19_M M_G2C19H1_M": [
        [-0.0168806, 0.00600347, 0.000268752]
    ],
    "M_G2C19_M M_G2C19H2_M": [
        [-0.0171706, 0.00617786, 0.000276559]
    ],
    "M_G2C19_M M_G2C19H3_M": [
        [-0.0163363, 0.0057973, 0.000259523]
    ],
    "M_G3_M M_G3H1_M": [
        [0.0270747, 0.0856031, 0.00383212]
    ],
    "M_G3_M M_G3H2_M": [
        [0.10883, 0.092816, 0.00415501]
    ],
    "M_G3C4_M M_G3C4H1_M": [
        [0.0210145, 0.0321443, 0.00143898]
    ],
    "M_G3C4_M M_G3C4H2_M": [
        [-0.0124015, 0.0365157, 0.00163467]
    ],
    "M_G3C5_M M_G3C5H1_M": [
        [0.026918, 0.0312067, 0.00139701]
    ],
    "M_G3C6_M M_G3C6H1_M": [
        [-0.00745519, 0.0226688, 0.00101479]
    ],
    "M_G3C6_M M_G3C6H2_M": [
        [0.009476, 0.0231646, 0.00103699]
    ]
}