{
    "M_G1_M M_G1H1_M": [
        [-0.171524, 0.0255795, 0.000799751]
    ],
    "M_G1_M M_G1H2_M": [
        [-0.0436137, 0.0230607, 0.000721]
    ],
    "M_G1C3_M M_G1C3H1_M": [
        [-0.235668, 0.0175532, 0.000548807]
    ],
    "M_G1C3_M M_G1C3H2_M": [
        [-0.20321, 0.019152, 0.000598793]
    ],
    "M_G1C4_M M_G1C4H1_M": [
        [-0.178527, 0.0165124, 0.000516265]
    ],
    "M_G1C4_M M_G1C4H2_M": [
        [-0.164591, 0.0160103, 0.000500568]
    ],
    "M_G1C5_M M_G1C5H1_M": [
        [-0.205958, 0.0153017, 0.000478411]
    ],
    "M_G1C5_M M_G1C5H2_M": [
        [-0.203074, 0.0151538, 0.000473787]
    ],
    "M_G1C6_M M_G1C6H1_M": [
        [-0.207176, 0.0152496, 0.000476782]
    ],
    "M_G1C6_M M_G1C6H2_M": [
        [-0.204425, 0.0156522, 0.000489371]
    ],
    "M_G1C7_M M_G1C7H1_M": [
        [-0.218645, 0.0153538, 0.00048004]
    ],
    "M_G1C7_M M_G1C7H2_M": [
        [-0.217474, 0.0155977, 0.000487666]
    ],
    "M_G1C8_M M_G1C8H1_M": [
        [-0.210028, 0.0155466, 0.000486068]
    ],
    "M_G1C8_M M_G1C8H2_M": [
        [-0.209417, 0.0154421, 0.000482801]
    ],
    "M_G1C9_M M_G1C9H1_M": [
        [-0.20958, 0.0155981, 0.000487677]
    ],
    "M_G1C9_M M_G1C9H2_M": [
        [-0.209395, 0.0148463, 0.000464172]
    ],
    "M_G1C10_M M_G1C10H1_M": [
        [-0.195278, 0.0156914, 0.000490596]
    ],
    "M_G1C10_M M_G1C10H2_M": [
        [-0.194199, 0.0157703, 0.000493063]
    ],
    "M_G1C11_M M_G1C11H1_M": [
        [-0.188223, 0.0154842, 0.000484118]
    ],
    "M_G1C11_M M_G1C11H2_M": [
        [-0.187343, 0.015302, 0.000478422]
    ],
    "M_G1C12_M M_G1C12H1_M": [
        [-0.169903, 0.0151103, 0.000472428]
    ],
    "M_G1C12_M M_G1C12H2_M": [
        [-0.169194, 0.0156535, 0.000489411]
    ],
    "M_G1C13_M M_G1C13H1_M": [
        [-0.159149, 0.0150602, 0.000470862]
    ],
    "M_G1C13_M M_G1C13H2_M": [
        [-0.157929, 0.0152279, 0.000476105]
    ],
    "M_G1C14_M M_G1C14H1_M": [
        [-0.138078, 0.0150148, 0.00046944]
    ],
    "M_G1C14_M M_G1C14H2_M": [
        [-0.138058, 0.015206, 0.00047542]
    ],
    "M_G1C15_M M_G1C15H1_M": [
        [-0.120783, 0.0148693, 0.000464893]
    ],
    "M_G1C15_M M_G1C15H2_M": [
        [-0.120971, 0.0147698, 0.000461783]
    ],
    "M_G1C16_M M_G1C16H1_M": [
        [-0.0910671, 0.0144814, 0.000452763]
    ],
    "M_G1C16_M M_G1C16H2_M": [
        [-0.0912231, 0.0148257, 0.000463529]
    ],
    "M_G1C17_M M_G1C17H1_M": [
        [-0.0308192, 0.0148779, 0.000465162]
    ],
    "M_G1C17_M M_G1C17H2_M": [
        [-0.0310202, 0.0158805, 0.000496508]
    ],
    "M_G1C17_M M_G1C17H3_M": [
        [-0.0319448, 0.0155828, 0.0004872]
    ],
    "M_G2_M M_G2H1_M": [
        [-0.192483, 0.023098, 0.000722166]
    ],
    "M_G2C3_M M_G2C3H1_M": [
        [-0.0715267, 0.0207267, 0.000648026]
    ],
    "M_G2C3_M M_G2C3H2_M": [
        [-0.106821, 0.0195535, 0.000611346]
    ],
    "M_G2C4_M M_G2C4H1_M": [
        [-0.200459, 0.0152883, 0.000477994]
    ],
    "M_G2C4_M M_G2C4H2_M": [
        [-0.206445, 0.0154077, 0.000481726]
    ],
    "M_G2C5_M M_G2C5H1_M": [
        [-0.199071, 0.0152095, 0.00047553]
    ],
    "M_G2C5_M M_G2C5H2_M": [
        [-0.20177, 0.0151274, 0.000472963]
    ],
    "M_G2C6_M M_G2C6H1_M": [
        [-0.210607, 0.0155201, 0.00048524]
    ],
    "M_G2C6_M M_G2C6H2_M": [
        [-0.208775, 0.0154648, 0.000483511]
    ],
    "M_G2C7_M M_G2C7H1_M": [
        [-0.186862, 0.0160313, 0.000501222]
    ],
    "M_G2C7_M M_G2C7H2_M": [
        [-0.186685, 0.0153872, 0.000481085]
    ],
    "M_G2C8_M M_G2C8H1_M": [
        [-0.177855, 0.0164774, 0.00051517]
    ],
    "M_G2C8_M M_G2C8H2_M": [
        [-0.178614, 0.0156052, 0.000487901]
    ],
    "M_G2C9_M M_G2C9H1_M": [
        [-0.101229, 0.0171957, 0.000537627]
    ],
    "M_G2C9_M M_G2C9H2_M": [
        [-0.103037, 0.0165422, 0.000517196]
    ],
    "M_G2C10_M M_G2C10H1_M": [
        [-0.0560182, 0.0176293, 0.000551184]
    ],
    "M_G2C11_M M_G2C11H1_M": [
        [-0.0482998, 0.0168085, 0.000525523]
    ],
    "M_G2C12_M M_G2C12H1_M": [
        [-0.0800057, 0.0168054, 0.000525427]
    ],
    "M_G2C12_M M_G2C12H2_M": [
        [-0.0785709, 0.0172539, 0.000539448]
    ],
    "M_G2C13_M M_G2C13H1_M": [
        [-0.12273, 0.0157286, 0.000491759]
    ],
    "M_G2C13_M M_G2C13H2_M": [
        [-0.121502, 0.0161227, 0.000504081]
    ],
    "M_G2C14_M M_G2C14H1_M": [
        [-0.13008, 0.0158931, 0.000496901]
    ],
    "M_G2C14_M M_G2C14H2_M": [
        [-0.128644, 0.0160898, 0.000503052]
    ],
    "M_G2C15_M M_G2C15H1_M": [
        [-0.134704, 0.0158009, 0.00049402]
    ],
    "M_G2C15_M M_G2C15H2_M": [
        [-0.133525, 0.0155779, 0.000487046]
    ],
    "M_G2C16_M M_G2C16H1_M": [
        [-0.123366, 0.0155316, 0.0004856]
    ],
    "M_G2C16_M M_G2C16H2_M": [
        [-0.123117, 0.0155161, 0.000485116]
    ],
    "M_G2C17_M M_G2C17H1_M": [
        [-0.111553, 0.0152348, 0.000476319]
    ],
    "M_G2C17_M M_G2C17H2_M": [
        [-0.111517, 0.014893, 0.000465635]
    ],
    "M_G2C18_M M_G2C18H1_M": [
        [-0.0874861, 0.0153921, 0.00048124]
    ],
    "M_G2C18_M M_G2C18H2_M": [
        [-0.0877668, 0.0153364, 0.000479497]
    ],
    "M_G2C19_M M_G2C19H1_M": [
        [-0.0295174, 0.0155123, 0.000484997]
    ],
    "M_G2C19_M M_G2C19H2_M": [
        [-0.0291321, 0.0156341, 0.000488805]
    ],
    "M_G2C19_M M_G2C19H3_M": [
        [-0.0294497, 0.0154313, 0.000482464]
    ],
    "M_G3_M M_G3H1_M": [
        [-0.221894, 0.020327, 0.00063553]
    ],
    "M_G3_M M_G3H2_M": [
        [-0.243834, 0.016668, 0.000521128]
    ],
    "M_G3C4_M M_G3C4H1_M": [
        [0.0336653, 0.0190186, 0.000594622]
    ],
    "M_G3C4_M M_G3C4H2_M": [
        [0.0327764, 0.0192205, 0.000600933]
    ],
    "M_G3C5_M M_G3C5H1_M": [
        [-0.0773891, 0.0165192, 0.000516477]
    ],
    "M_G3C5_M M_G3C5H2_M": [
        [-0.0781568, 0.017506, 0.000547331]
    ],
    "M_G3N6C1_M M_G3N6C1H1_M": [
        [0.0110402, 0.0164621, 0.000514691]
    ],
    "M_G3N6C1_M M_G3N6C1H2_M": [
        [0.0118808, 0.0156008, 0.000487763]
    ],
    "M_G3N6C1_M M_G3N6C1H3_M": [
        [0.0118241, 0.0159165, 0.000497635]
    ],
    "M_G3N6C2_M M_G3N6C2H1_M": [
        [0.0115419, 0.0165059, 0.000516063]
    ],
    "M_G3N6C2_M M_G3N6C2H2_M": [
        [0.0118396, 0.0159425, 0.000498445]
    ],
    "M_G3N6C2_M M_G3N6C2H3_M": [
        [0.0124025, 0.0159185, 0.000497697]
    ],
    "M_G3N6C3_M M_G3N6C3H1_M": [
        [0.0110781, 0.0163455, 0.000511048]
    ],
    "M_G3N6C3_M M_G3N6C3H2_M": [
        [0.0111759, 0.0162056, 0.000506674]
    ],
    "M_G3N6C3_M M_G3N6C3H3_M": [
        [0.0121503, 0.0164027, 0.000512835]
    ]
}