{
    "M_G1_M M_G1H1_M": [
        [-0.209811, 0.0208161, 0.00262258]
    ],
    "M_G1_M M_G1H2_M": [
        [-0.0532035, 0.0219461, 0.00276495]
    ],
    "M_G1C3_M M_G1C3H1_M": [
        [-0.262195, 0.0110832, 0.00139635]
    ],
    "M_G1C3_M M_G1C3H2_M": [
        [-0.226675, 0.0147011, 0.00185216]
    ],
    "M_G1C4_M M_G1C4H1_M": [
        [-0.187964, 0.0101624, 0.00128034]
    ],
    "M_G1C4_M M_G1C4H2_M": [
        [-0.172762, 0.0103316, 0.00130166]
    ],
    "M_G1C5_M M_G1C5H1_M": [
        [-0.216244, 0.00883718, 0.00111338]
    ],
    "M_G1C5_M M_G1C5H2_M": [
        [-0.214227, 0.00835513, 0.00105265]
    ],
    "M_G1C6_M M_G1C6H1_M": [
        [-0.21335, 0.00817081, 0.00102942]
    ],
    "M_G1C6_M M_G1C6H2_M": [
        [-0.211252, 0.00881263, 0.00111029]
    ],
    "M_G1C7_M M_G1C7H1_M": [
        [-0.224334, 0.00758485, 0.000955601]
    ],
    "M_G1C7_M M_G1C7H2_M": [
        [-0.222649, 0.00844775, 0.00106432]
    ],
    "M_G1C8_M M_G1C8H1_M": [
        [-0.209333, 0.00711481, 0.000896382]
    ],
    "M_G1C8_M M_G1C8H2_M": [
        [-0.20816, 0.00822201, 0.00103588]
    ],
    "M_G1C9_M M_G1C9H1_M": [
        [-0.207917, 0.00793074, 0.00099918]
    ],
    "M_G1C9_M M_G1C9H2_M": [
        [-0.20707, 0.00847264, 0.00106745]
    ],
    "M_G1C10_M M_G1C10H1_M": [
        [-0.188027, 0.00786976, 0.000991496]
    ],
    "M_G1C10_M M_G1C10H2_M": [
        [-0.187365, 0.00773527, 0.000974553]
    ],
    "M_G1C11_M M_G1C11H1_M": [
        [-0.180292, 0.00743777, 0.000937071]
    ],
    "M_G1C11_M M_G1C11H2_M": [
        [-0.179628, 0.00766217, 0.000965343]
    ],
    "M_G1C12_M M_G1C12H1_M": [
        [-0.154358, 0.00733889, 0.000924613]
    ],
    "M_G1C12_M M_G1C12H2_M": [
        [-0.15423, 0.00654846, 0.000825028]
    ],
    "M_G1C13_M M_G1C13H1_M": [
        [-0.136032, 0.00643314, 0.000810499]
    ],
    "M_G1C13_M M_G1C13H2_M": [
        [-0.136059, 0.00532259, 0.000670583]
    ],
    "M_G1C14_M M_G1C14H1_M": [
        [-0.0971125, 0.00480064, 0.000604824]
    ],
    "M_G1C14_M M_G1C14H2_M": [
        [-0.0969137, 0.0043727, 0.000550909]
    ],
    "M_G1C15_M M_G1C15H1_M": [
        [-0.0345634, 0.00289693, 0.000364979]
    ],
    "M_G1C15_M M_G1C15H2_M": [
        [-0.0349456, 0.00283545, 0.000357233]
    ],
    "M_G1C15_M M_G1C15H3_M": [
        [-0.034727, 0.00285881, 0.000360176]
    ],
    "M_G2_M M_G2H1_M": [
        [-0.219142, 0.0194695, 0.00245292]
    ],
    "M_G2C3_M M_G2C3H1_M": [
        [-0.0961779, 0.0146345, 0.00184378]
    ],
    "M_G2C3_M M_G2C3H2_M": [
        [-0.125282, 0.0105801, 0.00133297]
    ],
    "M_G2C4_M M_G2C4H1_M": [
        [-0.220806, 0.00886352, 0.0011167]
    ],
    "M_G2C4_M M_G2C4H2_M": [
        [-0.22182, 0.00946355, 0.0011923]
    ],
    "M_G2C5_M M_G2C5H1_M": [
        [-0.228442, 0.00901871, 0.00113625]
    ],
    "M_G2C5_M M_G2C5H2_M": [
        [-0.230096, 0.00915061, 0.00115287]
    ],
    "M_G2C6_M M_G2C6H1_M": [
        [-0.23831, 0.0097029, 0.00122245]
    ],
    "M_G2C6_M M_G2C6H2_M": [
        [-0.237065, 0.00849115, 0.00106978]
    ],
    "M_G2C7_M M_G2C7H1_M": [
        [-0.232441, 0.00903857, 0.00113875]
    ],
    "M_G2C7_M M_G2C7H2_M": [
        [-0.231229, 0.00864111, 0.00108868]
    ],
    "M_G2C8_M M_G2C8H1_M": [
        [-0.23101, 0.00878122, 0.00110633]
    ],
    "M_G2C8_M M_G2C8H2_M": [
        [-0.230438, 0.00925403, 0.0011659]
    ],
    "M_G2C9_M M_G2C9H1_M": [
        [-0.21863, 0.00871936, 0.00109854]
    ],
    "M_G2C9_M M_G2C9H2_M": [
        [-0.218214, 0.00888133, 0.00111894]
    ],
    "M_G2C10_M M_G2C10H1_M": [
        [-0.210368, 0.00897618, 0.00113089]
    ],
    "M_G2C10_M M_G2C10H2_M": [
        [-0.210696, 0.00887656, 0.00111834]
    ],
    "M_G2C11_M M_G2C11H1_M": [
        [-0.193718, 0.00764124, 0.000962706]
    ],
    "M_G2C11_M M_G2C11H2_M": [
        [-0.193306, 0.00777121, 0.00097908]
    ],
    "M_G2C12_M M_G2C12H1_M": [
        [-0.179818, 0.00672438, 0.000847192]
    ],
    "M_G2C12_M M_G2C12H2_M": [
        [-0.179107, 0.00736404, 0.000927781]
    ],
    "M_G2C13_M M_G2C13H1_M": [
        [-0.152101, 0.00563171, 0.000709528]
    ],
    "M_G2C13_M M_G2C13H2_M": [
        [-0.151198, 0.0060717, 0.000764962]
    ],
    "M_G2C14_M M_G2C14H1_M": [
        [-0.122157, 0.00527711, 0.000664854]
    ],
    "M_G2C14_M M_G2C14H2_M": [
        [-0.121105, 0.00472664, 0.0005955]
    ],
    "M_G2C15_M M_G2C15H1_M": [
        [-0.029585, 0.00245448, 0.000309236]
    ],
    "M_G2C15_M M_G2C15H2_M": [
        [-0.0295707, 0.00291741, 0.000367559]
    ],
    "M_G2C15_M M_G2C15H3_M": [
        [-0.0297925, 0.00273825, 0.000344988]
    ],
    "M_G3_M M_G3H1_M": [
        [-0.247922, 0.0151502, 0.00190875]
    ],
    "M_G3_M M_G3H2_M": [
        [-0.267228, 0.0125175, 0.00157706]
    ],
    "M_G3C4_M M_G3C4H1_M": [
        [0.0415703, 0.0162741, 0.00205035]
    ],
    "M_G3C4_M M_G3C4H2_M": [
        [0.0359034, 0.01491, 0.00187849]
    ],
    "M_G3C5_M M_G3C5H1_M": [
        [-0.0567466, 0.0148644, 0.00187274]
    ],
    "M_G3C5_M M_G3C5H2_M": [
        [-0.067291, 0.0151387, 0.0019073]
    ],
    "M_G3N6C1_M M_G3N6C1H1_M": [
        [0.0110557, 0.00688616, 0.000867575]
    ],
    "M_G3N6C1_M M_G3N6C1H2_M": [
        [0.0089175, 0.00583587, 0.000735251]
    ],
    "M_G3N6C1_M M_G3N6C1H3_M": [
        [0.00854193, 0.00737862, 0.000929619]
    ],
    "M_G3N6C2_M M_G3N6C2H1_M": [
        [0.00988607, 0.00624961, 0.000787376]
    ],
    "M_G3N6C2_M M_G3N6C2H2_M": [
        [0.0101122, 0.00686922, 0.00086544]
    ],
    "M_G3N6C2_M M_G3N6C2H3_M": [
        [0.0104099, 0.00814521, 0.0010262]
    ],
    "M_G3N6C3_M M_G3N6C3H1_M": [
        [0.00879279, 0.00692985, 0.000873079]
    ],
    "M_G3N6C3_M M_G3N6C3H2_M": [
        [0.00976168, 0.00685096, 0.00086314]
    ],
    "M_G3N6C3_M M_G3N6C3H3_M": [
        [0.00875264, 0.00748172, 0.000942608]
    ]
}