{
    "M_G1_M M_G1H1_M": [
        [-0.283632, 0.0329925, 0.00103152]
    ],
    "M_G1_M M_G1H2_M": [
        [0.0412881, 0.0585044, 0.00182915]
    ],
    "M_G1C3_M M_G1C3H1_M": [
        [-0.317408, 0.0165386, 0.000517085]
    ],
    "M_G1C3_M M_G1C3H2_M": [
        [-0.308432, 0.0180377, 0.000563955]
    ],
    "M_G1C4_M M_G1C4H1_M": [
        [-0.289326, 0.0205037, 0.000641055]
    ],
    "M_G1C4_M M_G1C4H2_M": [
        [-0.279697, 0.0203191, 0.000635281]
    ],
    "M_G1C5_M M_G1C5H1_M": [
        [-0.328977, 0.020691, 0.00064691]
    ],
    "M_G1C5_M M_G1C5H2_M": [
        [-0.32536, 0.0204994, 0.000640918]
    ],
    "M_G1C6_M M_G1C6H1_M": [
        [-0.334738, 0.022791, 0.000712567]
    ],
    "M_G1C6_M M_G1C6H2_M": [
        [-0.332566, 0.0229758, 0.000718345]
    ],
    "M_G1C7_M M_G1C7H1_M": [
        [-0.350588, 0.0211939, 0.000662634]
    ],
    "M_G1C7_M M_G1C7H2_M": [
        [-0.34963, 0.0213702, 0.000668145]
    ],
    "M_G1C8_M M_G1C8H1_M": [
        [-0.34845, 0.0213515, 0.000667561]
    ],
    "M_G1C8_M M_G1C8H2_M": [
        [-0.347404, 0.0217083, 0.000678716]
    ],
    "M_G1C9_M M_G1C9H1_M": [
        [-0.348836, 0.020202, 0.00063162]
    ],
    "M_G1C9_M M_G1C9H2_M": [
        [-0.348808, 0.0202382, 0.000632754]
    ],
    "M_G1C10_M M_G1C10H1_M": [
        [-0.333732, 0.0203277, 0.000635551]
    ],
    "M_G1C10_M M_G1C10H2_M": [
        [-0.333858, 0.0204148, 0.000638273]
    ],
    "M_G1C11_M M_G1C11H1_M": [
        [-0.322329, 0.0188347, 0.000588872]
    ],
    "M_G1C11_M M_G1C11H2_M": [
        [-0.3227, 0.019517, 0.000610205]
    ],
    "M_G1C12_M M_G1C12H1_M": [
        [-0.296094, 0.0194932, 0.00060946]
    ],
    "M_G1C12_M M_G1C12H2_M": [
        [-0.295795, 0.0192428, 0.000601632]
    ],
    "M_G1C13_M M_G1C13H1_M": [
        [-0.275798, 0.0194737, 0.000608849]
    ],
    "M_G1C13_M M_G1C13H2_M": [
        [-0.275424, 0.0193565, 0.000605187]
    ],
    "M_G1C14_M M_G1C14H1_M": [
        [-0.238484, 0.0202516, 0.000633171]
    ],
    "M_G1C14_M M_G1C14H2_M": [
        [-0.238977, 0.0203297, 0.000635614]
    ],
    "M_G1C15_M M_G1C15H1_M": [
        [-0.203983, 0.0196836, 0.000615412]
    ],
    "M_G1C15_M M_G1C15H2_M": [
        [-0.204516, 0.0198463, 0.000620498]
    ],
    "M_G1C16_M M_G1C16H1_M": [
        [-0.145524, 0.0181761, 0.00056828]
    ],
    "M_G1C16_M M_G1C16H2_M": [
        [-0.146526, 0.0177327, 0.000554419]
    ],
    "M_G1C17_M M_G1C17H1_M": [
        [-0.0473892, 0.0150738, 0.000471286]
    ],
    "M_G1C17_M M_G1C17H2_M": [
        [-0.0457617, 0.0152226, 0.000475938]
    ],
    "M_G1C17_M M_G1C17H3_M": [
        [-0.0464597, 0.0148833, 0.000465331]
    ],
    "M_G2_M M_G2H1_M": [
        [-0.267225, 0.0395695, 0.00123715]
    ],
    "M_G2C3_M M_G2C3H1_M": [
        [-0.175197, 0.0340069, 0.00106324]
    ],
    "M_G2C3_M M_G2C3H2_M": [
        [-0.169646, 0.0340236, 0.00106376]
    ],
    "M_G2C4_M M_G2C4H1_M": [
        [-0.272118, 0.0223228, 0.000697928]
    ],
    "M_G2C4_M M_G2C4H2_M": [
        [-0.261409, 0.0230961, 0.000722106]
    ],
    "M_G2C5_M M_G2C5H1_M": [
        [-0.281537, 0.0247419, 0.000773562]
    ],
    "M_G2C5_M M_G2C5H2_M": [
        [-0.282155, 0.0245577, 0.000767803]
    ],
    "M_G2C6_M M_G2C6H1_M": [
        [-0.306263, 0.0249464, 0.000779956]
    ],
    "M_G2C6_M M_G2C6H2_M": [
        [-0.306678, 0.0249176, 0.000779055]
    ],
    "M_G2C7_M M_G2C7H1_M": [
        [-0.289711, 0.0286738, 0.000896494]
    ],
    "M_G2C7_M M_G2C7H2_M": [
        [-0.290657, 0.0280104, 0.000875752]
    ],
    "M_G2C8_M M_G2C8H1_M": [
        [-0.284045, 0.0269412, 0.000842324]
    ],
    "M_G2C8_M M_G2C8H2_M": [
        [-0.285058, 0.0267379, 0.000835969]
    ],
    "M_G2C9_M M_G2C9H1_M": [
        [-0.202259, 0.0256857, 0.000803072]
    ],
    "M_G2C9_M M_G2C9H2_M": [
        [-0.201097, 0.0249884, 0.000781269]
    ],
    "M_G2C10_M M_G2C10H1_M": [
        [-0.153631, 0.0234308, 0.000732571]
    ],
    "M_G2C11_M M_G2C11H1_M": [
        [-0.0394364, 0.0198007, 0.000619074]
    ],
    "M_G2C12_M M_G2C12H1_M": [
        [-0.132424, 0.0208394, 0.000651548]
    ],
    "M_G2C12_M M_G2C12H2_M": [
        [-0.132641, 0.0209265, 0.000654274]
    ],
    "M_G2C13_M M_G2C13H1_M": [
        [-0.220765, 0.0215697, 0.000674381]
    ],
    "M_G2C13_M M_G2C13H2_M": [
        [-0.220638, 0.0217051, 0.000678616]
    ],
    "M_G2C14_M M_G2C14H1_M": [
        [-0.232386, 0.0210678, 0.00065869]
    ],
    "M_G2C14_M M_G2C14H2_M": [
        [-0.232035, 0.0208856, 0.000652994]
    ],
    "M_G2C15_M M_G2C15H1_M": [
        [-0.239238, 0.0202119, 0.00063193]
    ],
    "M_G2C15_M M_G2C15H2_M": [
        [-0.23983, 0.0201371, 0.000629591]
    ],
    "M_G2C16_M M_G2C16H1_M": [
        [-0.216419, 0.0213007, 0.000665971]
    ],
    "M_G2C16_M M_G2C16H2_M": [
        [-0.21679, 0.0204405, 0.000639079]
    ],
    "M_G2C17_M M_G2C17H1_M": [
        [-0.192666, 0.0199811, 0.000624716]
    ],
    "M_G2C17_M M_G2C17H2_M": [
        [-0.192354, 0.0196737, 0.000615105]
    ],
    "M_G2C18_M M_G2C18H1_M": [
        [-0.141823, 0.0182638, 0.000571023]
    ],
    "M_G2C18_M M_G2C18H2_M": [
        [-0.140744, 0.0188809, 0.000590317]
    ],
    "M_G2C19_M M_G2C19H1_M": [
        [-0.0465785, 0.0144589, 0.000452062]
    ],
    "M_G2C19_M M_G2C19H2_M": [
        [-0.046463, 0.0150475, 0.000470463]
    ],
    "M_G2C19_M M_G2C19H3_M": [
        [-0.0465463, 0.0142064, 0.000444166]
    ],
    "M_G3_M M_G3H1_M": [
        [-0.137061, 0.0703659, 0.00220001]
    ],
    "M_G3_M M_G3H2_M": [
        [-0.241435, 0.0420574, 0.00131494]
    ],
    "M_G3C4_M M_G3C4H1_M": [
        [0.134137, 0.0447529, 0.00139921]
    ],
    "M_G3C4_M M_G3C4H2_M": [
        [0.148575, 0.037545, 0.00117385]
    ],
    "M_G3C5_M M_G3C5H1_M": [
        [-0.0266629, 0.0255114, 0.000797621]
    ],
    "M_G3C5_M M_G3C5H2_M": [
        [-0.0134177, 0.0212026, 0.000662905]
    ],
    "M_G3N6C1_M M_G3N6C1H1_M": [
        [0.0142384, 0.0157254, 0.000491658]
    ],
    "M_G3N6C1_M M_G3N6C1H2_M": [
        [0.0142764, 0.0154281, 0.000482365]
    ],
    "M_G3N6C1_M M_G3N6C1H3_M": [
        [0.0137998, 0.0158019, 0.000494052]
    ],
    "M_G3N6C2_M M_G3N6C2H1_M": [
        [0.0141211, 0.0154957, 0.000484478]
    ],
    "M_G3N6C2_M M_G3N6C2H2_M": [
        [0.0134405, 0.0153784, 0.00048081]
    ],
    "M_G3N6C2_M M_G3N6C2H3_M": [
        [0.0144632, 0.0159715, 0.000499354]
    ],
    "M_G3N6C3_M M_G3N6C3H1_M": [
        [0.0137473, 0.0155679, 0.000486735]
    ],
    "M_G3N6C3_M M_G3N6C3H2_M": [
        [0.0147812, 0.0158263, 0.000494814]
    ],
    "M_G3N6C3_M M_G3N6C3H3_M": [
        [0.0133452, 0.0155424, 0.000485937]
    ]
}