{
    "M_C3_M M_C3H3_M": [
        [-0.419737, 0.00602881, 0.000238496]
    ],
    "M_C4_M M_C4H41_M": [
        [-0.375796, 0.00832505, 0.000329334]
    ],
    "M_C4_M M_C4H42_M": [
        [-0.190194, 0.0156173, 0.000617809]
    ],
    "M_C6_M M_C6H6_M": [
        [-0.0535921, 0.0180094, 0.000712441]
    ],
    "M_C7_M M_C7H71_M": [
        [-0.312539, 0.0113555, 0.000449215]
    ],
    "M_C7_M M_C7H72_M": [
        [-0.380384, 0.00821432, 0.000324953]
    ],
    "M_C8_M M_C8H8_M": [
        [-0.457282, 0.00385909, 0.000152663]
    ],
    "M_C14_M M_C14H14_M": [
        [-0.452474, 0.00360783, 0.000142723]
    ],
    "M_C15_M M_C15H151_M": [
        [-0.421781, 0.0065823, 0.000260392]
    ],
    "M_C15_M M_C15H152_M": [
        [-0.356065, 0.00940453, 0.000372038]
    ],
    "M_C16_M M_C16H161_M": [
        [-0.0722038, 0.0148139, 0.000586029]
    ],
    "M_C16_M M_C16H162_M": [
        [-0.210044, 0.0126549, 0.000500619]
    ],
    "M_C17_M M_C17H17_M": [
        [-0.44688, 0.00384903, 0.000152265]
    ],
    "M_C18_M M_C18H181_M": [
        [0.131736, 0.0159585, 0.000631307]
    ],
    "M_C18_M M_C18H182_M": [
        [0.128394, 0.016284, 0.000644184]
    ],
    "M_C18_M M_C18H183_M": [
        [0.13051, 0.0157251, 0.000622074]
    ],
    "M_C12_M M_C12H121_M": [
        [-0.107901, 0.0164118, 0.000649239]
    ],
    "M_C12_M M_C12H122_M": [
        [-0.449639, 0.00409533, 0.000162009]
    ],
    "M_C11_M M_C11H111_M": [
        [-0.454212, 0.00381311, 0.000150844]
    ],
    "M_C11_M M_C11H112_M": [
        [-0.239044, 0.0137245, 0.000542931]
    ],
    "M_C9_M M_C9H9_M": [
        [-0.454517, 0.00375245, 0.000148444]
    ],
    "M_C19_M M_C19H191_M": [
        [0.133003, 0.0188935, 0.000747417]
    ],
    "M_C19_M M_C19H192_M": [
        [0.130513, 0.018833, 0.000745021]
    ],
    "M_C19_M M_C19H193_M": [
        [0.131147, 0.0185061, 0.000732088]
    ],
    "M_C1_M M_C1H11_M": [
        [-0.243305, 0.0146851, 0.000580932]
    ],
    "M_C1_M M_C1H12_M": [
        [-0.404489, 0.00693576, 0.000274374]
    ],
    "M_C2_M M_C2H21_M": [
        [-0.240956, 0.0129991, 0.000514238]
    ],
    "M_C2_M M_C2H22_M": [
        [-0.388952, 0.00780965, 0.000308945]
    ],
    "M_C20_M M_C20H20_M": [
        [-0.432717, 0.0054222, 0.000214499]
    ],
    "M_C21_M M_C21H211_M": [
        [0.118967, 0.0161778, 0.000639984]
    ],
    "M_C21_M M_C21H212_M": [
        [0.119795, 0.0147904, 0.000585098]
    ],
    "M_C21_M M_C21H213_M": [
        [0.119135, 0.0152514, 0.000603335]
    ],
    "M_C22_M M_C22H221_M": [
        [-0.336142, 0.0238368, 0.000942968]
    ],
    "M_C22_M M_C22H222_M": [
        [-0.407174, 0.00671482, 0.000265634]
    ],
    "M_C23_M M_C23H231_M": [
        [-0.278295, 0.022824, 0.000902903]
    ],
    "M_C23_M M_C23H232_M": [
        [-0.397206, 0.00739172, 0.000292412]
    ],
    "M_C24_M M_C24H241_M": [
        [-0.280891, 0.0163097, 0.000645203]
    ],
    "M_C24_M M_C24H242_M": [
        [-0.355685, 0.0103485, 0.000409379]
    ],
    "M_C25_M M_C25H25_M": [
        [-0.272344, 0.0136046, 0.000538189]
    ],
    "M_C26_M M_C26H261_M": [
        [0.0200346, 0.0166816, 0.000659915]
    ],
    "M_C26_M M_C26H262_M": [
        [0.0193161, 0.0166168, 0.00065735]
    ],
    "M_C26_M M_C26H263_M": [
        [0.0196227, 0.0160464, 0.000634785]
    ],
    "M_C27_M M_C27H271_M": [
        [0.0122147, 0.0170045, 0.000672688]
    ],
    "M_C27_M M_C27H272_M": [
        [0.0130075, 0.016631, 0.000657913]
    ],
    "M_C27_M M_C27H273_M": [
        [0.0130537, 0.0164211, 0.00064961]
    ]
}