{
    "M_G1_M M_G1H1_M": [
        [-0.185129, 0.0398331, 0.00124539]
    ],
    "M_G1_M M_G1H2_M": [
        [-0.0416933, 0.0494296, 0.00154543]
    ],
    "M_G1C3_M M_G1C3H1_M": [
        [-0.304891, 0.0199973, 0.00062522]
    ],
    "M_G1C3_M M_G1C3H2_M": [
        [-0.288552, 0.0216449, 0.000676735]
    ],
    "M_G1C4_M M_G1C4H1_M": [
        [-0.308445, 0.0162303, 0.000507444]
    ],
    "M_G1C4_M M_G1C4H2_M": [
        [-0.294914, 0.0165625, 0.000517832]
    ],
    "M_G1C5_M M_G1C5H1_M": [
        [-0.349677, 0.0133937, 0.000418758]
    ],
    "M_G1C5_M M_G1C5H2_M": [
        [-0.34721, 0.0134174, 0.000419499]
    ],
    "M_G1C6_M M_G1C6H1_M": [
        [-0.370905, 0.0127201, 0.000397697]
    ],
    "M_G1C6_M M_G1C6H2_M": [
        [-0.369097, 0.0131029, 0.000409666]
    ],
    "M_G1C7_M M_G1C7H1_M": [
        [-0.386848, 0.011318, 0.000353859]
    ],
    "M_G1C7_M M_G1C7H2_M": [
        [-0.385565, 0.0110859, 0.000346603]
    ],
    "M_G1C8_M M_G1C8H1_M": [
        [-0.389373, 0.0103349, 0.000323123]
    ],
    "M_G1C8_M M_G1C8H2_M": [
        [-0.388781, 0.0106267, 0.000332248]
    ],
    "M_G1C9_M M_G1C9H1_M": [
        [-0.389116, 0.00921951, 0.00028825]
    ],
    "M_G1C9_M M_G1C9H2_M": [
        [-0.388527, 0.00943104, 0.000294864]
    ],
    "M_G1C10_M M_G1C10H1_M": [
        [-0.378572, 0.00970648, 0.000303476]
    ],
    "M_G1C10_M M_G1C10H2_M": [
        [-0.37803, 0.0101791, 0.000318253]
    ],
    "M_G1C11_M M_G1C11H1_M": [
        [-0.367331, 0.0107582, 0.000336357]
    ],
    "M_G1C11_M M_G1C11H2_M": [
        [-0.367188, 0.0111455, 0.000348467]
    ],
    "M_G1C12_M M_G1C12H1_M": [
        [-0.346122, 0.0132439, 0.000414074]
    ],
    "M_G1C12_M M_G1C12H2_M": [
        [-0.346556, 0.0135881, 0.000424836]
    ],
    "M_G1C13_M M_G1C13H1_M": [
        [-0.326381, 0.014996, 0.000468855]
    ],
    "M_G1C13_M M_G1C13H2_M": [
        [-0.326076, 0.0150875, 0.000471714]
    ],
    "M_G1C14_M M_G1C14H1_M": [
        [-0.294913, 0.0176457, 0.000551699]
    ],
    "M_G1C14_M M_G1C14H2_M": [
        [-0.294057, 0.0175365, 0.000548282]
    ],
    "M_G1C15_M M_G1C15H1_M": [
        [-0.255433, 0.0183482, 0.00057366]
    ],
    "M_G1C15_M M_G1C15H2_M": [
        [-0.255723, 0.0187413, 0.000585953]
    ],
    "M_G1C16_M M_G1C16H1_M": [
        [-0.193892, 0.0185528, 0.000580059]
    ],
    "M_G1C16_M M_G1C16H2_M": [
        [-0.192646, 0.0182105, 0.000569358]
    ],
    "M_G1C17_M M_G1C17H1_M": [
        [-0.0611077, 0.0163365, 0.000510766]
    ],
    "M_G1C17_M M_G1C17H2_M": [
        [-0.061001, 0.0161672, 0.000505472]
    ],
    "M_G1C17_M M_G1C17H3_M": [
        [-0.0602318, 0.0160431, 0.000501593]
    ],
    "M_G2_M M_G2H1_M": [
        [-0.203619, 0.0330303, 0.0010327]
    ],
    "M_G2C3_M M_G2C3H1_M": [
        [-0.0798849, 0.0404612, 0.00126503]
    ],
    "M_G2C3_M M_G2C3H2_M": [
        [-0.160426, 0.0267002, 0.000834789]
    ],
    "M_G2C4_M M_G2C4H1_M": [
        [-0.292411, 0.0193643, 0.00060543]
    ],
    "M_G2C4_M M_G2C4H2_M": [
        [-0.2956, 0.0177829, 0.000555988]
    ],
    "M_G2C5_M M_G2C5H1_M": [
        [-0.309427, 0.0171146, 0.000535093]
    ],
    "M_G2C5_M M_G2C5H2_M": [
        [-0.312401, 0.0148127, 0.000463124]
    ],
    "M_G2C6_M M_G2C6H1_M": [
        [-0.342406, 0.0143777, 0.000449523]
    ],
    "M_G2C6_M M_G2C6H2_M": [
        [-0.341373, 0.0139004, 0.000434601]
    ],
    "M_G2C7_M M_G2C7H1_M": [
        [-0.332716, 0.0148246, 0.000463496]
    ],
    "M_G2C7_M M_G2C7H2_M": [
        [-0.332444, 0.0150397, 0.00047022]
    ],
    "M_G2C8_M M_G2C8H1_M": [
        [-0.320198, 0.014452, 0.000451844]
    ],
    "M_G2C8_M M_G2C8H2_M": [
        [-0.320015, 0.0146831, 0.00045907]
    ],
    "M_G2C9_M M_G2C9H1_M": [
        [-0.217078, 0.0185077, 0.000578647]
    ],
    "M_G2C9_M M_G2C9H2_M": [
        [-0.215004, 0.0183008, 0.000572179]
    ],
    "M_G2C10_M M_G2C10H1_M": [
        [-0.139653, 0.0189951, 0.000593886]
    ],
    "M_G2C11_M M_G2C11H1_M": [
        [-0.109925, 0.0172584, 0.000539588]
    ],
    "M_G2C12_M M_G2C12H1_M": [
        [-0.196723, 0.0173309, 0.000541856]
    ],
    "M_G2C12_M M_G2C12H2_M": [
        [-0.196218, 0.0175029, 0.000547234]
    ],
    "M_G2C13_M M_G2C13H1_M": [
        [-0.284848, 0.0151681, 0.000474236]
    ],
    "M_G2C13_M M_G2C13H2_M": [
        [-0.284962, 0.0152244, 0.000475995]
    ],
    "M_G2C14_M M_G2C14H1_M": [
        [-0.298017, 0.0156099, 0.000488049]
    ],
    "M_G2C14_M M_G2C14H2_M": [
        [-0.297997, 0.0160775, 0.000502668]
    ],
    "M_G2C15_M M_G2C15H1_M": [
        [-0.301697, 0.0164188, 0.000513339]
    ],
    "M_G2C15_M M_G2C15H2_M": [
        [-0.301652, 0.0161754, 0.000505727]
    ],
    "M_G2C16_M M_G2C16H1_M": [
        [-0.275075, 0.0185629, 0.000580375]
    ],
    "M_G2C16_M M_G2C16H2_M": [
        [-0.274045, 0.0193116, 0.000603781]
    ],
    "M_G2C17_M M_G2C17H1_M": [
        [-0.247447, 0.0184479, 0.000576777]
    ],
    "M_G2C17_M M_G2C17H2_M": [
        [-0.247169, 0.019587, 0.000612392]
    ],
    "M_G2C18_M M_G2C18H1_M": [
        [-0.184655, 0.0197365, 0.000617067]
    ],
    "M_G2C18_M M_G2C18H2_M": [
        [-0.185833, 0.0198872, 0.000621779]
    ],
    "M_G2C19_M M_G2C19H1_M": [
        [-0.0714737, 0.0164694, 0.000514919]
    ],
    "M_G2C19_M M_G2C19H2_M": [
        [-0.0707687, 0.0162515, 0.000508106]
    ],
    "M_G2C19_M M_G2C19H3_M": [
        [-0.0709459, 0.0164043, 0.000512884]
    ],
    "M_G3_M M_G3H1_M": [
        [-0.196678, 0.042526, 0.00132959]
    ],
    "M_G3_M M_G3H2_M": [
        [-0.215154, 0.0328936, 0.00102843]
    ],
    "M_G3C4_M M_G3C4H1_M": [
        [0.0349937, 0.0196262, 0.00061362]
    ],
    "M_G3C4_M M_G3C4H2_M": [
        [0.0380844, 0.0196062, 0.000612993]
    ],
    "M_G3C5_M M_G3C5H1_M": [
        [-0.0664148, 0.0186565, 0.000583301]
    ],
    "M_G3C5_M M_G3C5H2_M": [
        [-0.0692188, 0.0184633, 0.000577259]
    ],
    "M_G3N6C1_M M_G3N6C1H1_M": [
        [0.011228, 0.0159676, 0.000499231]
    ],
    "M_G3N6C1_M M_G3N6C1H2_M": [
        [0.0111916, 0.0159087, 0.000497391]
    ],
    "M_G3N6C1_M M_G3N6C1H3_M": [
        [0.0120344, 0.0157196, 0.000491479]
    ],
    "M_G3N6C2_M M_G3N6C2H1_M": [
        [0.010758, 0.0167627, 0.000524089]
    ],
    "M_G3N6C2_M M_G3N6C2H2_M": [
        [0.0116143, 0.0159669, 0.00049921]
    ],
    "M_G3N6C2_M M_G3N6C2H3_M": [
        [0.0127537, 0.0159367, 0.000498264]
    ],
    "M_G3N6C3_M M_G3N6C3H1_M": [
        [0.011981, 0.0162414, 0.000507792]
    ],
    "M_G3N6C3_M M_G3N6C3H2_M": [
        [0.0117025, 0.0161498, 0.000504927]
    ],
    "M_G3N6C3_M M_G3N6C3H3_M": [
        [0.011482, 0.0158798, 0.000496487]
    ]
}