{
    "M_G1_M M_G1H1_M": [
        [-0.182918, 0.0572649, 0.00548499]
    ],
    "M_G1_M M_G1H2_M": [
        [-0.0372702, 0.0490742, 0.00470046]
    ],
    "M_G1C3_M M_G1C3H1_M": [
        [-0.245086, 0.0343463, 0.00328978]
    ],
    "M_G1C3_M M_G1C3H2_M": [
        [-0.209195, 0.0391303, 0.003748]
    ],
    "M_G1C4_M M_G1C4H1_M": [
        [-0.191707, 0.0273103, 0.00261585]
    ],
    "M_G1C4_M M_G1C4H2_M": [
        [-0.174994, 0.0285445, 0.00273407]
    ],
    "M_G1C5_M M_G1C5H1_M": [
        [-0.219968, 0.0247114, 0.00236693]
    ],
    "M_G1C5_M M_G1C5H2_M": [
        [-0.215349, 0.0247667, 0.00237222]
    ],
    "M_G1C6_M M_G1C6H1_M": [
        [-0.222423, 0.025072, 0.00240146]
    ],
    "M_G1C6_M M_G1C6H2_M": [
        [-0.218465, 0.0248602, 0.00238118]
    ],
    "M_G1C7_M M_G1C7H1_M": [
        [-0.235316, 0.0241725, 0.0023153]
    ],
    "M_G1C7_M M_G1C7H2_M": [
        [-0.233091, 0.0242725, 0.00232488]
    ],
    "M_G1C8_M M_G1C8H1_M": [
        [-0.226941, 0.0243381, 0.00233117]
    ],
    "M_G1C8_M M_G1C8H2_M": [
        [-0.225105, 0.0232795, 0.00222977]
    ],
    "M_G1C9_M M_G1C9H1_M": [
        [-0.226984, 0.0240054, 0.0022993]
    ],
    "M_G1C9_M M_G1C9H2_M": [
        [-0.226292, 0.0236615, 0.00226636]
    ],
    "M_G1C10_M M_G1C10H1_M": [
        [-0.21312, 0.0222909, 0.00213509]
    ],
    "M_G1C10_M M_G1C10H2_M": [
        [-0.21102, 0.0223135, 0.00213725]
    ],
    "M_G1C11_M M_G1C11H1_M": [
        [-0.204958, 0.0204577, 0.0019595]
    ],
    "M_G1C11_M M_G1C11H2_M": [
        [-0.204592, 0.0202955, 0.00194395]
    ],
    "M_G1C12_M M_G1C12H1_M": [
        [-0.186054, 0.0187741, 0.00179823]
    ],
    "M_G1C12_M M_G1C12H2_M": [
        [-0.185396, 0.0183494, 0.00175756]
    ],
    "M_G1C13_M M_G1C13H1_M": [
        [-0.173628, 0.0167925, 0.00160843]
    ],
    "M_G1C13_M M_G1C13H2_M": [
        [-0.173165, 0.0168086, 0.00160997]
    ],
    "M_G1C14_M M_G1C14H1_M": [
        [-0.150155, 0.0158467, 0.00151784]
    ],
    "M_G1C14_M M_G1C14H2_M": [
        [-0.150245, 0.0143354, 0.00137308]
    ],
    "M_G1C15_M M_G1C15H1_M": [
        [-0.130858, 0.0133091, 0.00127479]
    ],
    "M_G1C15_M M_G1C15H2_M": [
        [-0.13201, 0.0122503, 0.00117337]
    ],
    "M_G1C16_M M_G1C16H1_M": [
        [-0.0982263, 0.010111, 0.000968458]
    ],
    "M_G1C16_M M_G1C16H2_M": [
        [-0.0987319, 0.00965856, 0.000925122]
    ],
    "M_G1C17_M M_G1C17H1_M": [
        [-0.0335161, 0.00614622, 0.000588702]
    ],
    "M_G1C17_M M_G1C17H2_M": [
        [-0.0339054, 0.00561968, 0.000538268]
    ],
    "M_G1C17_M M_G1C17H3_M": [
        [-0.034409, 0.00581065, 0.00055656]
    ],
    "M_G2_M M_G2H1_M": [
        [-0.201005, 0.0508375, 0.00486935]
    ],
    "M_G2C3_M M_G2C3H1_M": [
        [-0.0795472, 0.0427975, 0.00409926]
    ],
    "M_G2C3_M M_G2C3H2_M": [
        [-0.114145, 0.0339969, 0.00325632]
    ],
    "M_G2C4_M M_G2C4H1_M": [
        [-0.213458, 0.0305752, 0.00292857]
    ],
    "M_G2C4_M M_G2C4H2_M": [
        [-0.219042, 0.0309665, 0.00296606]
    ],
    "M_G2C5_M M_G2C5H1_M": [
        [-0.212151, 0.030267, 0.00289906]
    ],
    "M_G2C5_M M_G2C5H2_M": [
        [-0.214481, 0.0292638, 0.00280297]
    ],
    "M_G2C6_M M_G2C6H1_M": [
        [-0.224163, 0.0292934, 0.0028058]
    ],
    "M_G2C6_M M_G2C6H2_M": [
        [-0.223937, 0.0302277, 0.00289529]
    ],
    "M_G2C7_M M_G2C7H1_M": [
        [-0.199848, 0.0258932, 0.00248012]
    ],
    "M_G2C7_M M_G2C7H2_M": [
        [-0.200317, 0.028321, 0.00271266]
    ],
    "M_G2C8_M M_G2C8H1_M": [
        [-0.190314, 0.0257115, 0.00246272]
    ],
    "M_G2C8_M M_G2C8H2_M": [
        [-0.192607, 0.0273154, 0.00261634]
    ],
    "M_G2C9_M M_G2C9H1_M": [
        [-0.108584, 0.0248945, 0.00238446]
    ],
    "M_G2C9_M M_G2C9H2_M": [
        [-0.11126, 0.02395, 0.002294]
    ],
    "M_G2C10_M M_G2C10H1_M": [
        [-0.0621767, 0.0288799, 0.00276619]
    ],
    "M_G2C11_M M_G2C11H1_M": [
        [-0.0524968, 0.0274272, 0.00262705]
    ],
    "M_G2C12_M M_G2C12H1_M": [
        [-0.0851711, 0.0262036, 0.00250985]
    ],
    "M_G2C12_M M_G2C12H2_M": [
        [-0.0877379, 0.0250039, 0.00239494]
    ],
    "M_G2C13_M M_G2C13H1_M": [
        [-0.134097, 0.0232822, 0.00223003]
    ],
    "M_G2C13_M M_G2C13H2_M": [
        [-0.134209, 0.024934, 0.00238825]
    ],
    "M_G2C14_M M_G2C14H1_M": [
        [-0.142056, 0.0214936, 0.00205872]
    ],
    "M_G2C14_M M_G2C14H2_M": [
        [-0.141798, 0.0225517, 0.00216006]
    ],
    "M_G2C15_M M_G2C15H1_M": [
        [-0.146534, 0.0203145, 0.00194578]
    ],
    "M_G2C15_M M_G2C15H2_M": [
        [-0.14698, 0.02092, 0.00200378]
    ],
    "M_G2C16_M M_G2C16H1_M": [
        [-0.134172, 0.0172716, 0.00165432]
    ],
    "M_G2C16_M M_G2C16H2_M": [
        [-0.134704, 0.0170898, 0.00163691]
    ],
    "M_G2C17_M M_G2C17H1_M": [
        [-0.120905, 0.0149336, 0.00143038]
    ],
    "M_G2C17_M M_G2C17H2_M": [
        [-0.122216, 0.0155422, 0.00148867]
    ],
    "M_G2C18_M M_G2C18H1_M": [
        [-0.094503, 0.0119006, 0.00113987]
    ],
    "M_G2C18_M M_G2C18H2_M": [
        [-0.0951399, 0.012217, 0.00117017]
    ],
    "M_G2C19_M M_G2C19H1_M": [
        [-0.0317721, 0.00521465, 0.000499473]
    ],
    "M_G2C19_M M_G2C19H2_M": [
        [-0.0310155, 0.00595537, 0.000570421]
    ],
    "M_G2C19_M M_G2C19H3_M": [
        [-0.0318499, 0.00590628, 0.000565719]
    ],
    "M_G3_M M_G3H1_M": [
        [-0.225614, 0.0422539, 0.00404719]
    ],
    "M_G3_M M_G3H2_M": [
        [-0.243436, 0.0393388, 0.00376797]
    ],
    "M_G3C4_M M_G3C4H1_M": [
        [0.0292852, 0.034633, 0.00331724]
    ],
    "M_G3C4_M M_G3C4H2_M": [
        [0.0317425, 0.0365554, 0.00350137]
    ],
    "M_G3C5_M M_G3C5H1_M": [
        [-0.088352, 0.0273943, 0.0026239]
    ],
    "M_G3C5_M M_G3C5H2_M": [
        [-0.0828043, 0.0290325, 0.00278081]
    ],
    "M_G3N6C1_M M_G3N6C1H1_M": [
        [0.0143559, 0.0166265, 0.00159253]
    ],
    "M_G3N6C1_M M_G3N6C1H2_M": [
        [0.0122961, 0.0139151, 0.00133283]
    ],
    "M_G3N6C1_M M_G3N6C1H3_M": [
        [0.0116798, 0.0162304, 0.00155459]
    ],
    "M_G3N6C2_M M_G3N6C2H1_M": [
        [0.0137958, 0.0155437, 0.00148882]
    ],
    "M_G3N6C2_M M_G3N6C2H2_M": [
        [0.0139715, 0.0156558, 0.00149956]
    ],
    "M_G3N6C2_M M_G3N6C2H3_M": [
        [0.0109226, 0.015336, 0.00146892]
    ],
    "M_G3N6C3_M M_G3N6C3H1_M": [
        [0.0134483, 0.0156483, 0.00149884]
    ],
    "M_G3N6C3_M M_G3N6C3H2_M": [
        [0.0142396, 0.0161472, 0.00154662]
    ],
    "M_G3N6C3_M M_G3N6C3H3_M": [
        [0.00992071, 0.0158427, 0.00151745]
    ]
}