{
    "M_G1_M M_G1H1_M": [
        [-0.204258, 0.0436211, 0.00951891]
    ],
    "M_G1_M M_G1H2_M": [
        [-0.0491624, 0.0562902, 0.0122835]
    ],
    "M_G1C3_M M_G1C3H1_M": [
        [-0.265331, 0.0353449, 0.0077129]
    ],
    "M_G1C3_M M_G1C3H2_M": [
        [-0.226831, 0.0335479, 0.00732075]
    ],
    "M_G1C4_M M_G1C4H1_M": [
        [-0.199526, 0.0278112, 0.00606889]
    ],
    "M_G1C4_M M_G1C4H2_M": [
        [-0.178537, 0.0270934, 0.00591227]
    ],
    "M_G1C5_M M_G1C5H1_M": [
        [-0.225146, 0.0215589, 0.00470454]
    ],
    "M_G1C5_M M_G1C5H2_M": [
        [-0.215071, 0.0224481, 0.00489857]
    ],
    "M_G1C6_M M_G1C6H1_M": [
        [-0.219742, 0.0231499, 0.00505173]
    ],
    "M_G1C6_M M_G1C6H2_M": [
        [-0.22004, 0.0210397, 0.00459124]
    ],
    "M_G1C7_M M_G1C7H1_M": [
        [-0.233493, 0.0198131, 0.00432357]
    ],
    "M_G1C7_M M_G1C7H2_M": [
        [-0.231163, 0.0195722, 0.004271]
    ],
    "M_G1C8_M M_G1C8H1_M": [
        [-0.221675, 0.0199681, 0.00435741]
    ],
    "M_G1C8_M M_G1C8H2_M": [
        [-0.224468, 0.0201303, 0.0043928]
    ],
    "M_G1C9_M M_G1C9H1_M": [
        [-0.227522, 0.0191849, 0.00418649]
    ],
    "M_G1C9_M M_G1C9H2_M": [
        [-0.223823, 0.0211459, 0.00461442]
    ],
    "M_G1C10_M M_G1C10H1_M": [
        [-0.213224, 0.0217806, 0.00475291]
    ],
    "M_G1C10_M M_G1C10H2_M": [
        [-0.21122, 0.0205626, 0.00448712]
    ],
    "M_G1C11_M M_G1C11H1_M": [
        [-0.208194, 0.0202745, 0.00442427]
    ],
    "M_G1C11_M M_G1C11H2_M": [
        [-0.20688, 0.0191231, 0.00417301]
    ],
    "M_G1C12_M M_G1C12H1_M": [
        [-0.190924, 0.020039, 0.00437288]
    ],
    "M_G1C12_M M_G1C12H2_M": [
        [-0.18782, 0.0195866, 0.00427416]
    ],
    "M_G1C13_M M_G1C13H1_M": [
        [-0.17878, 0.0173779, 0.00379218]
    ],
    "M_G1C13_M M_G1C13H2_M": [
        [-0.177957, 0.0174402, 0.00380576]
    ],
    "M_G1C14_M M_G1C14H1_M": [
        [-0.153757, 0.0160639, 0.00350543]
    ],
    "M_G1C14_M M_G1C14H2_M": [
        [-0.156229, 0.0173008, 0.00377534]
    ],
    "M_G1C15_M M_G1C15H1_M": [
        [-0.135673, 0.0145491, 0.00317488]
    ],
    "M_G1C15_M M_G1C15H2_M": [
        [-0.13754, 0.0144979, 0.0031637]
    ],
    "M_G1C16_M M_G1C16H1_M": [
        [-0.103568, 0.0107519, 0.00234626]
    ],
    "M_G1C16_M M_G1C16H2_M": [
        [-0.103956, 0.0109844, 0.00239698]
    ],
    "M_G1C17_M M_G1C17H1_M": [
        [-0.0362598, 0.0065773, 0.00143529]
    ],
    "M_G1C17_M M_G1C17H2_M": [
        [-0.0355711, 0.00623818, 0.00136128]
    ],
    "M_G1C17_M M_G1C17H3_M": [
        [-0.0357958, 0.00782272, 0.00170706]
    ],
    "M_G2_M M_G2H1_M": [
        [-0.212633, 0.0533345, 0.0116385]
    ],
    "M_G2C3_M M_G2C3H1_M": [
        [-0.0934815, 0.0357714, 0.00780596]
    ],
    "M_G2C3_M M_G2C3H2_M": [
        [-0.120832, 0.0299077, 0.00652639]
    ],
    "M_G2C4_M M_G2C4H1_M": [
        [-0.220331, 0.0243953, 0.00532349]
    ],
    "M_G2C4_M M_G2C4H2_M": [
        [-0.225677, 0.0235968, 0.00514924]
    ],
    "M_G2C5_M M_G2C5H1_M": [
        [-0.22018, 0.023297, 0.00508383]
    ],
    "M_G2C5_M M_G2C5H2_M": [
        [-0.224452, 0.0237138, 0.00517478]
    ],
    "M_G2C6_M M_G2C6H1_M": [
        [-0.232908, 0.0218654, 0.00477142]
    ],
    "M_G2C6_M M_G2C6H2_M": [
        [-0.228542, 0.028419, 0.00620154]
    ],
    "M_G2C7_M M_G2C7H1_M": [
        [-0.204549, 0.0239069, 0.0052169]
    ],
    "M_G2C7_M M_G2C7H2_M": [
        [-0.201692, 0.0280373, 0.00611825]
    ],
    "M_G2C8_M M_G2C8H1_M": [
        [-0.193711, 0.0240077, 0.00523891]
    ],
    "M_G2C8_M M_G2C8H2_M": [
        [-0.192234, 0.0256256, 0.00559197]
    ],
    "M_G2C9_M M_G2C9H1_M": [
        [-0.106267, 0.0277621, 0.00605819]
    ],
    "M_G2C9_M M_G2C9H2_M": [
        [-0.10691, 0.0214137, 0.00467284]
    ],
    "M_G2C10_M M_G2C10H1_M": [
        [-0.0582874, 0.0317407, 0.00692638]
    ],
    "M_G2C11_M M_G2C11H1_M": [
        [-0.061875, 0.0159364, 0.0034776]
    ],
    "M_G2C12_M M_G2C12H1_M": [
        [-0.102964, 0.0149385, 0.00325985]
    ],
    "M_G2C12_M M_G2C12H2_M": [
        [-0.096433, 0.0168001, 0.00366607]
    ],
    "M_G2C13_M M_G2C13H1_M": [
        [-0.150225, 0.0173157, 0.0037786]
    ],
    "M_G2C13_M M_G2C13H2_M": [
        [-0.146502, 0.0161133, 0.0035162]
    ],
    "M_G2C14_M M_G2C14H1_M": [
        [-0.15798, 0.0143191, 0.00312469]
    ],
    "M_G2C14_M M_G2C14H2_M": [
        [-0.155995, 0.0174495, 0.00380778]
    ],
    "M_G2C15_M M_G2C15H1_M": [
        [-0.162557, 0.0141902, 0.00309656]
    ],
    "M_G2C15_M M_G2C15H2_M": [
        [-0.161128, 0.015355, 0.00335073]
    ],
    "M_G2C16_M M_G2C16H1_M": [
        [-0.148377, 0.0137045, 0.00299058]
    ],
    "M_G2C16_M M_G2C16H2_M": [
        [-0.146386, 0.0152035, 0.00331767]
    ],
    "M_G2C17_M M_G2C17H1_M": [
        [-0.133448, 0.0142433, 0.00310814]
    ],
    "M_G2C17_M M_G2C17H2_M": [
        [-0.13293, 0.0145142, 0.00316727]
    ],
    "M_G2C18_M M_G2C18H1_M": [
        [-0.103638, 0.0108155, 0.00236013]
    ],
    "M_G2C18_M M_G2C18H2_M": [
        [-0.10274, 0.0132721, 0.00289621]
    ],
    "M_G2C19_M M_G2C19H1_M": [
        [-0.0335847, 0.0070615, 0.00154094]
    ],
    "M_G2C19_M M_G2C19H2_M": [
        [-0.0354643, 0.00367103, 0.000801084]
    ],
    "M_G2C19_M M_G2C19H3_M": [
        [-0.0341158, 0.00516261, 0.00112657]
    ],
    "M_G3_M M_G3H1_M": [
        [-0.22794, 0.0555086, 0.012113]
    ],
    "M_G3_M M_G3H2_M": [
        [-0.240543, 0.0414927, 0.00905444]
    ],
    "M_G3C4_M M_G3C4H1_M": [
        [0.0824073, 0.0457724, 0.00998835]
    ],
    "M_G3C4_M M_G3C4H2_M": [
        [-0.0961459, 0.0380356, 0.00830004]
    ],
    "M_G3C5_M M_G3C5H1_M": [
        [-0.123624, 0.0322297, 0.0070331]
    ]
}