{
    "M_G1_M M_G1H1_M": [
        [-0.225108, 0.0294485, 0.00383387]
    ],
    "M_G1_M M_G1H2_M": [
        [-0.0355207, 0.0292653, 0.00381001]
    ],
    "M_G1C3_M M_G1C3H1_M": [
        [-0.235475, 0.014334, 0.00186612]
    ],
    "M_G1C3_M M_G1C3H2_M": [
        [-0.241394, 0.0124652, 0.00162283]
    ],
    "M_G1C4_M M_G1C4H1_M": [
        [-0.175479, 0.0132607, 0.0017264]
    ],
    "M_G1C4_M M_G1C4H2_M": [
        [-0.175939, 0.0142034, 0.00184912]
    ],
    "M_G1C5_M M_G1C5H1_M": [
        [-0.21851, 0.0120347, 0.00156679]
    ],
    "M_G1C5_M M_G1C5H2_M": [
        [-0.215117, 0.0132803, 0.00172895]
    ],
    "M_G1C6_M M_G1C6H1_M": [
        [-0.216171, 0.0127567, 0.00166079]
    ],
    "M_G1C6_M M_G1C6H2_M": [
        [-0.215418, 0.0128197, 0.00166899]
    ],
    "M_G1C7_M M_G1C7H1_M": [
        [-0.229924, 0.0122397, 0.00159347]
    ],
    "M_G1C7_M M_G1C7H2_M": [
        [-0.227948, 0.012879, 0.0016767]
    ],
    "M_G1C8_M M_G1C8H1_M": [
        [-0.217452, 0.0130377, 0.00169737]
    ],
    "M_G1C8_M M_G1C8H2_M": [
        [-0.216746, 0.0128109, 0.00166784]
    ],
    "M_G1C9_M M_G1C9H1_M": [
        [-0.218882, 0.0123789, 0.0016116]
    ],
    "M_G1C9_M M_G1C9H2_M": [
        [-0.216652, 0.0124282, 0.00161801]
    ],
    "M_G1C10_M M_G1C10H1_M": [
        [-0.200338, 0.0122504, 0.00159486]
    ],
    "M_G1C10_M M_G1C10H2_M": [
        [-0.200214, 0.0118589, 0.0015439]
    ],
    "M_G1C11_M M_G1C11H1_M": [
        [-0.1931, 0.0112452, 0.001464]
    ],
    "M_G1C11_M M_G1C11H2_M": [
        [-0.19429, 0.0116136, 0.00151196]
    ],
    "M_G1C12_M M_G1C12H1_M": [
        [-0.17155, 0.0114536, 0.00149113]
    ],
    "M_G1C12_M M_G1C12H2_M": [
        [-0.172351, 0.0117349, 0.00152775]
    ],
    "M_G1C13_M M_G1C13H1_M": [
        [-0.158907, 0.0102184, 0.00133032]
    ],
    "M_G1C13_M M_G1C13H2_M": [
        [-0.159901, 0.0108614, 0.00141404]
    ],
    "M_G1C14_M M_G1C14H1_M": [
        [-0.133691, 0.00946093, 0.00123171]
    ],
    "M_G1C14_M M_G1C14H2_M": [
        [-0.134129, 0.00931795, 0.00121309]
    ],
    "M_G1C15_M M_G1C15H1_M": [
        [-0.115675, 0.00790459, 0.00102909]
    ],
    "M_G1C15_M M_G1C15H2_M": [
        [-0.116678, 0.00801685, 0.0010437]
    ],
    "M_G1C16_M M_G1C16H1_M": [
        [-0.0814016, 0.00622943, 0.000811003]
    ],
    "M_G1C16_M M_G1C16H2_M": [
        [-0.0818236, 0.00660422, 0.000859797]
    ],
    "M_G1C17_M M_G1C17H1_M": [
        [-0.0273611, 0.00218553, 0.000284531]
    ],
    "M_G1C17_M M_G1C17H2_M": [
        [-0.0277293, 0.00295414, 0.000384596]
    ],
    "M_G1C17_M M_G1C17H3_M": [
        [-0.0275731, 0.00265947, 0.000346234]
    ],
    "M_G2_M M_G2H1_M": [
        [-0.20869, 0.0362031, 0.00471324]
    ],
    "M_G2C3_M M_G2C3H1_M": [
        [-0.0776337, 0.0178527, 0.00232422]
    ],
    "M_G2C3_M M_G2C3H2_M": [
        [-0.0995203, 0.0196694, 0.00256074]
    ],
    "M_G2C4_M M_G2C4H1_M": [
        [-0.145225, 0.0156428, 0.00203653]
    ],
    "M_G2C4_M M_G2C4H2_M": [
        [-0.149641, 0.0173285, 0.00225598]
    ],
    "M_G2C5_M M_G2C5H1_M": [
        [-0.177862, 0.01642, 0.0021377]
    ],
    "M_G2C5_M M_G2C5H2_M": [
        [-0.176537, 0.0167652, 0.00218264]
    ],
    "M_G2C6_M M_G2C6H1_M": [
        [-0.194002, 0.016456, 0.00214239]
    ],
    "M_G2C6_M M_G2C6H2_M": [
        [-0.194002, 0.0168351, 0.00219174]
    ],
    "M_G2C7_M M_G2C7H1_M": [
        [-0.177296, 0.0150104, 0.00195419]
    ],
    "M_G2C7_M M_G2C7H2_M": [
        [-0.178195, 0.0139896, 0.00182129]
    ],
    "M_G2C8_M M_G2C8H1_M": [
        [-0.173351, 0.0135386, 0.00176257]
    ],
    "M_G2C8_M M_G2C8H2_M": [
        [-0.174216, 0.0130087, 0.00169359]
    ],
    "M_G2C9_M M_G2C9H1_M": [
        [-0.125088, 0.0113143, 0.00147299]
    ],
    "M_G2C9_M M_G2C9H2_M": [
        [-0.124298, 0.0098795, 0.0012862]
    ],
    "M_G2C10_M M_G2C10H1_M": [
        [-0.0964696, 0.0100423, 0.0013074]
    ],
    "M_G2C11_M M_G2C11H1_M": [
        [-0.00202176, 0.0111652, 0.00145359]
    ],
    "M_G2C12_M M_G2C12H1_M": [
        [-0.0665228, 0.0108011, 0.00140619]
    ],
    "M_G2C12_M M_G2C12H2_M": [
        [-0.0666533, 0.0106936, 0.00139219]
    ],
    "M_G2C13_M M_G2C13H1_M": [
        [-0.119431, 0.00973707, 0.00126766]
    ],
    "M_G2C13_M M_G2C13H2_M": [
        [-0.120368, 0.0105425, 0.00137251]
    ],
    "M_G2C14_M M_G2C14H1_M": [
        [-0.12307, 0.00957586, 0.00124667]
    ],
    "M_G2C14_M M_G2C14H2_M": [
        [-0.123191, 0.00935951, 0.0012185]
    ],
    "M_G2C15_M M_G2C15H1_M": [
        [-0.131432, 0.00956753, 0.00124559]
    ],
    "M_G2C15_M M_G2C15H2_M": [
        [-0.131807, 0.00982755, 0.00127944]
    ],
    "M_G2C16_M M_G2C16H1_M": [
        [-0.117603, 0.00823915, 0.00107265]
    ],
    "M_G2C16_M M_G2C16H2_M": [
        [-0.117647, 0.00807524, 0.00105131]
    ],
    "M_G2C17_M M_G2C17H1_M": [
        [-0.107377, 0.00700025, 0.000911355]
    ],
    "M_G2C17_M M_G2C17H2_M": [
        [-0.10774, 0.00716381, 0.000932649]
    ],
    "M_G2C18_M M_G2C18H1_M": [
        [-0.0786897, 0.00531437, 0.000691872]
    ],
    "M_G2C18_M M_G2C18H2_M": [
        [-0.0793113, 0.00589088, 0.000766927]
    ],
    "M_G2C19_M M_G2C19H1_M": [
        [-0.0259296, 0.00253967, 0.000330637]
    ],
    "M_G2C19_M M_G2C19H2_M": [
        [-0.0262144, 0.00295315, 0.000384467]
    ],
    "M_G2C19_M M_G2C19H3_M": [
        [-0.0260504, 0.00262929, 0.000342305]
    ],
    "M_G3_M M_G3H1_M": [
        [-0.149286, 0.0376504, 0.00490166]
    ],
    "M_G3_M M_G3H2_M": [
        [-0.177023, 0.0210218, 0.00273681]
    ],
    "M_G3C4_M M_G3C4H1_M": [
        [0.0160127, 0.00817663, 0.00106451]
    ],
    "M_G3C4_M M_G3C4H2_M": [
        [0.0176454, 0.00814913, 0.00106093]
    ],
    "M_G3C5_M M_G3C5H1_M": [
        [-0.0440394, 0.00695985, 0.000906095]
    ],
    "M_G3C5_M M_G3C5H2_M": [
        [-0.0455078, 0.00745036, 0.000969954]
    ],
    "M_G3N6C1_M M_G3N6C1H1_M": [
        [0.0113884, 0.00288231, 0.000375245]
    ],
    "M_G3N6C1_M M_G3N6C1H2_M": [
        [0.0113072, 0.00260363, 0.000338964]
    ],
    "M_G3N6C1_M M_G3N6C1H3_M": [
        [0.0116253, 0.00288705, 0.000375862]
    ],
    "M_G3N6C2_M M_G3N6C2H1_M": [
        [0.0113097, 0.00246667, 0.000321133]
    ],
    "M_G3N6C2_M M_G3N6C2H2_M": [
        [0.0112626, 0.00322741, 0.000420173]
    ],
    "M_G3N6C2_M M_G3N6C2H3_M": [
        [0.0116013, 0.00291627, 0.000379666]
    ],
    "M_G3N6C3_M M_G3N6C3H1_M": [
        [0.0115243, 0.00288474, 0.000375562]
    ],
    "M_G3N6C3_M M_G3N6C3H2_M": [
        [0.010267, 0.00311365, 0.000405362]
    ],
    "M_G3N6C3_M M_G3N6C3H3_M": [
        [0.01142, 0.00287371, 0.000374126]
    ]
}