{
    "M_C3_M M_C3H1_M": [
        [-0.363371, 0.0180006, 0.00392806]
    ],
    "M_C4_M M_C4H1_M": [
        [-0.322373, 0.01872, 0.00408504]
    ],
    "M_C4_M M_C4H2_M": [
        [-0.140423, 0.0312909, 0.00682823]
    ],
    "M_C6_M M_C6H1_M": [
        [-0.0220032, 0.0321076, 0.00700644]
    ],
    "M_C7_M M_C7H1_M": [
        [-0.269904, 0.0245346, 0.0053539]
    ],
    "M_C7_M M_C7H2_M": [
        [-0.332585, 0.0181045, 0.00395073]
    ],
    "M_C8_M M_C8H1_M": [
        [-0.396026, 0.0184343, 0.00402269]
    ],
    "M_C14_M M_C14H1_M": [
        [-0.389945, 0.0191513, 0.00417916]
    ],
    "M_C15_M M_C15H1_M": [
        [-0.367195, 0.0160568, 0.00350388]
    ],
    "M_C15_M M_C15H2_M": [
        [-0.28641, 0.0269629, 0.00588379]
    ],
    "M_C16_M M_C16H1_M": [
        [-0.0609877, 0.0285626, 0.00623287]
    ],
    "M_C16_M M_C16H2_M": [
        [-0.191071, 0.0235651, 0.00514233]
    ],
    "M_C17_M M_C17H1_M": [
        [-0.381344, 0.0199483, 0.00435308]
    ],
    "M_C18_M M_C18H1_M": [
        [0.109168, 0.0145045, 0.00316514]
    ],
    "M_C18_M M_C18H2_M": [
        [0.114816, 0.0184514, 0.00402642]
    ],
    "M_C18_M M_C18H3_M": [
        [0.110511, 0.0177521, 0.00387382]
    ],
    "M_C12_M M_C12H1_M": [
        [-0.0666544, 0.0317675, 0.00693223]
    ],
    "M_C12_M M_C12H2_M": [
        [-0.389191, 0.0172481, 0.00376384]
    ],
    "M_C11_M M_C11H1_M": [
        [-0.390736, 0.0182861, 0.00399035]
    ],
    "M_C11_M M_C11H2_M": [
        [-0.206561, 0.0261352, 0.00570316]
    ],
    "M_C9_M M_C9H1_M": [
        [-0.392536, 0.0187228, 0.00408566]
    ],
    "M_C19_M M_C19H1_M": [
        [0.119238, 0.0187281, 0.00408681]
    ],
    "M_C19_M M_C19H2_M": [
        [0.107916, 0.0157073, 0.00342762]
    ],
    "M_C19_M M_C19H3_M": [
        [0.1113, 0.0216039, 0.00471436]
    ],
    "M_C1_M M_C1H1_M": [
        [-0.184744, 0.0303723, 0.00662779]
    ],
    "M_C1_M M_C1H2_M": [
        [-0.351021, 0.01774, 0.00387119]
    ],
    "M_C2_M M_C2H1_M": [
        [-0.216894, 0.026798, 0.0058478]
    ],
    "M_C2_M M_C2H2_M": [
        [-0.338077, 0.0183944, 0.00401399]
    ],
    "M_C20_M M_C20H1_M": [
        [-0.370713, 0.0161914, 0.00353326]
    ],
    "M_C21_M M_C21H1_M": [
        [0.0947529, 0.0107903, 0.00235464]
    ],
    "M_C21_M M_C21H2_M": [
        [0.0916257, 0.0129125, 0.00281773]
    ],
    "M_C21_M M_C21H3_M": [
        [0.0980967, 0.0165036, 0.00360138]
    ],
    "M_C22_M M_C22H1_M": [
        [-0.180336, 0.0569192, 0.0124208]
    ],
    "M_C22_M M_C22H2_M": [
        [-0.331959, 0.0186341, 0.00406629]
    ],
    "M_C23_M M_C23H1_M": [
        [-0.133388, 0.0455681, 0.00994377]
    ],
    "M_C23_M M_C23H2_M": [
        [-0.31393, 0.018907, 0.00412585]
    ],
    "M_C24_M M_C24H1_M": [
        [-0.154572, 0.0309391, 0.00675146]
    ],
    "M_C24_M M_C24H2_M": [
        [-0.270072, 0.0207928, 0.00453736]
    ],
    "M_C25_M M_C25H1_M": [
        [-0.175022, 0.0184875, 0.00403431]
    ],
    "M_C26_M M_C26H1_M": [
        [0.010664, 0.0110653, 0.00241465]
    ],
    "M_C26_M M_C26H2_M": [
        [0.0179181, 0.00892078, 0.00194667]
    ],
    "M_C26_M M_C26H3_M": [
        [0.0101671, 0.0152232, 0.00332197]
    ],
    "M_C27_M M_C27H1_M": [
        [-0.00207704, 0.0127714, 0.00278695]
    ],
    "M_C27_M M_C27H2_M": [
        [0.00177127, 0.015541, 0.00339133]
    ],
    "M_C27_M M_C27H3_M": [
        [0.000758733, 0.0129282, 0.00282117]
    ]
}