{
    "M_C3_M M_C3H3_M": [
        [-0.388578, 0.11174, 0.0121199]
    ],
    "M_C4_M M_C4H41_M": [
        [-0.352233, 0.010078, 0.00109312]
    ],
    "M_C4_M M_C4H42_M": [
        [-0.181697, 0.0178161, 0.00193242]
    ],
    "M_C6_M M_C6H6_M": [
        [-0.0461135, 0.0184443, 0.00200056]
    ],
    "M_C7_M M_C7H71_M": [
        [-0.308577, 0.00917648, 0.000995329]
    ],
    "M_C7_M M_C7H72_M": [
        [-0.364926, 0.00945343, 0.00102537]
    ],
    "M_C8_M M_C8H8_M": [
        [-0.443556, 0.00651009, 0.000706118]
    ],
    "M_C14_M M_C14H14_M": [
        [-0.438574, 0.00686179, 0.000744266]
    ],
    "M_C15_M M_C15H151_M": [
        [-0.408842, 0.00791107, 0.000858076]
    ],
    "M_C15_M M_C15H152_M": [
        [-0.341911, 0.013409, 0.00145441]
    ],
    "M_C16_M M_C16H161_M": [
        [-0.0743911, 0.0146848, 0.00159278]
    ],
    "M_C16_M M_C16H162_M": [
        [-0.204844, 0.0141283, 0.00153242]
    ],
    "M_C17_M M_C17H17_M": [
        [-0.432058, 0.0069691, 0.000755905]
    ],
    "M_C18_M M_C18H181_M": [
        [0.125185, 0.00845835, 0.000917437]
    ],
    "M_C18_M M_C18H182_M": [
        [0.126121, 0.00885879, 0.000960871]
    ],
    "M_C18_M M_C18H183_M": [
        [0.126421, 0.00867151, 0.000940557]
    ],
    "M_C12_M M_C12H121_M": [
        [-0.0996133, 0.0185186, 0.00200862]
    ],
    "M_C12_M M_C12H122_M": [
        [-0.435643, 0.00645985, 0.000700669]
    ],
    "M_C11_M M_C11H111_M": [
        [-0.439988, 0.00659149, 0.000714948]
    ],
    "M_C11_M M_C11H112_M": [
        [-0.236289, 0.011186, 0.00121329]
    ],
    "M_C9_M M_C9H9_M": [
        [-0.44031, 0.00700076, 0.000759339]
    ],
    "M_C19_M M_C19H191_M": [
        [0.126727, 0.00988367, 0.00107203]
    ],
    "M_C19_M M_C19H192_M": [
        [0.126259, 0.00998569, 0.0010831]
    ],
    "M_C19_M M_C19H193_M": [
        [0.12736, 0.0110952, 0.00120344]
    ],
    "M_C1_M M_C1H11_M": [
        [-0.231114, 0.0171274, 0.00185772]
    ],
    "M_C1_M M_C1H12_M": [
        [-0.387505, 0.00843448, 0.000914848]
    ],
    "M_C2_M M_C2H21_M": [
        [-0.245154, 0.0109009, 0.00118237]
    ],
    "M_C2_M M_C2H22_M": [
        [-0.372342, 0.00931073, 0.00100989]
    ],
    "M_C20_M M_C20H20_M": [
        [-0.42071, 0.00567, 0.000614997]
    ],
    "M_C21_M M_C21H211_M": [
        [0.113586, 0.00593391, 0.000643623]
    ],
    "M_C21_M M_C21H212_M": [
        [0.114073, 0.00606525, 0.000657868]
    ],
    "M_C21_M M_C21H213_M": [
        [0.113866, 0.00725819, 0.000787261]
    ],
    "M_C22_M M_C22H221_M": [
        [-0.293541, 0.0220425, 0.00239084]
    ],
    "M_C22_M M_C22H222_M": [
        [-0.387847, 0.0113597, 0.00123213]
    ],
    "M_C23_M M_C23H231_M": [
        [-0.236629, 0.0164776, 0.00178724]
    ],
    "M_C23_M M_C23H232_M": [
        [-0.375847, 0.00604831, 0.000656031]
    ],
    "M_C24_M M_C24H241_M": [
        [-0.245844, 0.0116595, 0.00126465]
    ],
    "M_C24_M M_C24H242_M": [
        [-0.334188, 0.00674077, 0.000731139]
    ],
    "M_C25_M M_C25H25_M": [
        [-0.244637, 0.00734976, 0.000797193]
    ],
    "M_C26_M M_C26H261_M": [
        [0.017169, 0.00649939, 0.000704958]
    ],
    "M_C26_M M_C26H262_M": [
        [0.01676, 0.00587874, 0.000637639]
    ],
    "M_C26_M M_C26H263_M": [
        [0.0174152, 0.00611702, 0.000663484]
    ],
    "M_C27_M M_C27H271_M": [
        [0.00786915, 0.00606051, 0.000657354]
    ],
    "M_C27_M M_C27H272_M": [
        [0.00632152, 0.00600298, 0.000651114]
    ],
    "M_C27_M M_C27H273_M": [
        [0.00809285, 0.00624984, 0.000677891]
    ]
}