{
    "M_G1_M M_G1H1_M": [
        [-0.135107, 0.0643824, 0.00456394]
    ],
    "M_G1_M M_G1H2_M": [
        [0.168099, 0.0895479, 0.00634788]
    ],
    "M_G1C3_M M_G1C3H1_M": [
        [-0.248731, 0.0222846, 0.00157971]
    ],
    "M_G1C3_M M_G1C3H2_M": [
        [-0.232208, 0.0240048, 0.00170165]
    ],
    "M_G1C4_M M_G1C4H1_M": [
        [-0.26858, 0.0166185, 0.00117805]
    ],
    "M_G1C4_M M_G1C4H2_M": [
        [-0.266631, 0.0174636, 0.00123796]
    ],
    "M_G1C5_M M_G1C5H1_M": [
        [-0.299466, 0.0162641, 0.00115293]
    ],
    "M_G1C5_M M_G1C5H2_M": [
        [-0.299658, 0.016917, 0.00119922]
    ],
    "M_G1C6_M M_G1C6H1_M": [
        [-0.325179, 0.0160371, 0.00113684]
    ],
    "M_G1C6_M M_G1C6H2_M": [
        [-0.324063, 0.0163995, 0.00116253]
    ],
    "M_G1C7_M M_G1C7H1_M": [
        [-0.336136, 0.015876, 0.00112542]
    ],
    "M_G1C7_M M_G1C7H2_M": [
        [-0.336211, 0.0154191, 0.00109303]
    ],
    "M_G1C8_M M_G1C8H1_M": [
        [-0.34133, 0.0156859, 0.00111194]
    ],
    "M_G1C8_M M_G1C8H2_M": [
        [-0.340627, 0.015375, 0.0010899]
    ],
    "M_G1C9_M M_G1C9H1_M": [
        [-0.338894, 0.0151211, 0.00107191]
    ],
    "M_G1C9_M M_G1C9H2_M": [
        [-0.338722, 0.0149788, 0.00106182]
    ],
    "M_G1C10_M M_G1C10H1_M": [
        [-0.331557, 0.0147314, 0.00104428]
    ],
    "M_G1C10_M M_G1C10H2_M": [
        [-0.331024, 0.0143628, 0.00101815]
    ],
    "M_G1C11_M M_G1C11H1_M": [
        [-0.318188, 0.0138181, 0.000979538]
    ],
    "M_G1C11_M M_G1C11H2_M": [
        [-0.318325, 0.013927, 0.000987261]
    ],
    "M_G1C12_M M_G1C12H1_M": [
        [-0.300378, 0.0137077, 0.00097171]
    ],
    "M_G1C12_M M_G1C12H2_M": [
        [-0.299794, 0.013988, 0.000991582]
    ],
    "M_G1C13_M M_G1C13H1_M": [
        [-0.27808, 0.0133836, 0.000948741]
    ],
    "M_G1C13_M M_G1C13H2_M": [
        [-0.277791, 0.0134938, 0.000956552]
    ],
    "M_G1C14_M M_G1C14H1_M": [
        [-0.248965, 0.013491, 0.000956351]
    ],
    "M_G1C14_M M_G1C14H2_M": [
        [-0.248925, 0.0135979, 0.00096393]
    ],
    "M_G1C15_M M_G1C15H1_M": [
        [-0.211025, 0.0131493, 0.000932128]
    ],
    "M_G1C15_M M_G1C15H2_M": [
        [-0.211356, 0.0128045, 0.000907686]
    ],
    "M_G1C16_M M_G1C16H1_M": [
        [-0.159074, 0.0115868, 0.000821369]
    ],
    "M_G1C16_M M_G1C16H2_M": [
        [-0.159662, 0.0124892, 0.000885333]
    ],
    "M_G1C17_M M_G1C17H1_M": [
        [-0.040093, 0.00588695, 0.000417315]
    ],
    "M_G1C17_M M_G1C17H2_M": [
        [-0.0409443, 0.00573374, 0.000406454]
    ],
    "M_G1C17_M M_G1C17H3_M": [
        [-0.0399742, 0.00607827, 0.000430877]
    ],
    "M_G2_M M_G2H1_M": [
        [-0.212747, 0.0529326, 0.00375229]
    ],
    "M_G2C3_M M_G2C3H1_M": [
        [-0.257367, 0.0307822, 0.00218209]
    ],
    "M_G2C3_M M_G2C3H2_M": [
        [-0.233379, 0.0402631, 0.00285417]
    ],
    "M_G2C4_M M_G2C4H1_M": [
        [-0.275588, 0.0180502, 0.00127955]
    ],
    "M_G2C4_M M_G2C4H2_M": [
        [-0.27249, 0.0188825, 0.00133855]
    ],
    "M_G2C5_M M_G2C5H1_M": [
        [-0.283495, 0.0191013, 0.00135406]
    ],
    "M_G2C5_M M_G2C5H2_M": [
        [-0.285052, 0.018384, 0.00130321]
    ],
    "M_G2C6_M M_G2C6H1_M": [
        [-0.306345, 0.0184558, 0.0013083]
    ],
    "M_G2C6_M M_G2C6H2_M": [
        [-0.305146, 0.018413, 0.00130526]
    ],
    "M_G2C7_M M_G2C7H1_M": [
        [-0.293333, 0.0203983, 0.001446]
    ],
    "M_G2C7_M M_G2C7H2_M": [
        [-0.292711, 0.0196412, 0.00139233]
    ],
    "M_G2C8_M M_G2C8H1_M": [
        [-0.270977, 0.0191481, 0.00135738]
    ],
    "M_G2C8_M M_G2C8H2_M": [
        [-0.270546, 0.0191579, 0.00135807]
    ],
    "M_G2C9_M M_G2C9H1_M": [
        [-0.182532, 0.0250663, 0.0017769]
    ],
    "M_G2C9_M M_G2C9H2_M": [
        [-0.182362, 0.0243006, 0.00172262]
    ],
    "M_G2C10_M M_G2C10H1_M": [
        [-0.125941, 0.0231934, 0.00164413]
    ],
    "M_G2C11_M M_G2C11H1_M": [
        [-0.0783905, 0.0211732, 0.00150093]
    ],
    "M_G2C12_M M_G2C12H1_M": [
        [-0.13001, 0.0230351, 0.00163291]
    ],
    "M_G2C12_M M_G2C12H2_M": [
        [-0.129054, 0.023303, 0.0016519]
    ],
    "M_G2C13_M M_G2C13H1_M": [
        [-0.208122, 0.0176117, 0.00124846]
    ],
    "M_G2C13_M M_G2C13H2_M": [
        [-0.207872, 0.0172158, 0.0012204]
    ],
    "M_G2C14_M M_G2C14H1_M": [
        [-0.225804, 0.0166869, 0.00118291]
    ],
    "M_G2C14_M M_G2C14H2_M": [
        [-0.226262, 0.0163623, 0.00115989]
    ],
    "M_G2C15_M M_G2C15H1_M": [
        [-0.232262, 0.0156758, 0.00111123]
    ],
    "M_G2C15_M M_G2C15H2_M": [
        [-0.232062, 0.0154532, 0.00109545]
    ],
    "M_G2C16_M M_G2C16H1_M": [
        [-0.205319, 0.016658, 0.00118085]
    ],
    "M_G2C16_M M_G2C16H2_M": [
        [-0.205661, 0.016175, 0.00114662]
    ],
    "M_G2C17_M M_G2C17H1_M": [
        [-0.181578, 0.0156608, 0.00111016]
    ],
    "M_G2C17_M M_G2C17H2_M": [
        [-0.181911, 0.0150338, 0.00106572]
    ],
    "M_G2C18_M M_G2C18H1_M": [
        [-0.129196, 0.0143104, 0.00101444]
    ],
    "M_G2C18_M M_G2C18H2_M": [
        [-0.128058, 0.0131693, 0.000933547]
    ],
    "M_G2C19_M M_G2C19H1_M": [
        [-0.041514, 0.00738774, 0.000523703]
    ],
    "M_G2C19_M M_G2C19H2_M": [
        [-0.041468, 0.00742377, 0.000526257]
    ],
    "M_G2C19_M M_G2C19H3_M": [
        [-0.0413408, 0.00751177, 0.000532495]
    ],
    "M_G3_M M_G3H1_M": [
        [-0.274195, 0.055716, 0.0039496]
    ],
    "M_G3_M M_G3H2_M": [
        [-0.21766, 0.0467156, 0.00331158]
    ],
    "M_G3C4_M M_G3C4H1_M": [
        [0.00768471, 0.0386528, 0.00274002]
    ],
    "M_G3C4_M M_G3C4H2_M": [
        [0.00977599, 0.0418606, 0.00296742]
    ],
    "M_G3C5_M M_G3C5H1_M": [
        [-0.121146, 0.0344587, 0.00244271]
    ],
    "M_G3C5_M M_G3C5H2_M": [
        [-0.123626, 0.0296516, 0.00210195]
    ],
    "M_G3N6C1_M M_G3N6C1H1_M": [
        [0.013456, 0.00815814, 0.000578315]
    ],
    "M_G3N6C1_M M_G3N6C1H2_M": [
        [0.0136069, 0.00828924, 0.000587609]
    ],
    "M_G3N6C1_M M_G3N6C1H3_M": [
        [0.0138159, 0.00875467, 0.000620602]
    ],
    "M_G3N6C2_M M_G3N6C2H1_M": [
        [0.0138875, 0.00886662, 0.000628538]
    ],
    "M_G3N6C2_M M_G3N6C2H2_M": [
        [0.0142818, 0.00852674, 0.000604445]
    ],
    "M_G3N6C2_M M_G3N6C2H3_M": [
        [0.0153454, 0.00837408, 0.000593623]
    ],
    "M_G3N6C3_M M_G3N6C3H1_M": [
        [0.0136661, 0.0087451, 0.000619924]
    ],
    "M_G3N6C3_M M_G3N6C3H2_M": [
        [0.0135323, 0.00835853, 0.000592521]
    ],
    "M_G3N6C3_M M_G3N6C3H3_M": [
        [0.0139494, 0.00901697, 0.000639196]
    ]
}