{
    "M_G1_M M_G1H1_M": [
        [-0.0293496, 0.0879606, 0.00393766]
    ],
    "M_G1_M M_G1H2_M": [
        [-0.15965, 0.0691722, 0.00309657]
    ],
    "M_G1C3_M M_G1C3H1_M": [
        [-0.236816, 0.0349407, 0.00156416]
    ],
    "M_G1C3_M M_G1C3H2_M": [
        [-0.251321, 0.0298813, 0.00133767]
    ],
    "M_G1C4_M M_G1C4H1_M": [
        [-0.207285, 0.0307268, 0.00137552]
    ],
    "M_G1C4_M M_G1C4H2_M": [
        [-0.225316, 0.0301821, 0.00135114]
    ],
    "M_G1C5_M M_G1C5H1_M": [
        [-0.244428, 0.0254929, 0.00114122]
    ],
    "M_G1C5_M M_G1C5H2_M": [
        [-0.250218, 0.0257296, 0.00115181]
    ],
    "M_G1C6_M M_G1C6H1_M": [
        [-0.234322, 0.025253, 0.00113048]
    ],
    "M_G1C6_M M_G1C6H2_M": [
        [-0.235789, 0.025901, 0.00115949]
    ],
    "M_G1C7_M M_G1C7H1_M": [
        [-0.246162, 0.0230058, 0.00102988]
    ],
    "M_G1C7_M M_G1C7H2_M": [
        [-0.245512, 0.0229629, 0.00102796]
    ],
    "M_G1C8_M M_G1C8H1_M": [
        [-0.233762, 0.0223101, 0.000998737]
    ],
    "M_G1C8_M M_G1C8H2_M": [
        [-0.234479, 0.022368, 0.00100133]
    ],
    "M_G1C9_M M_G1C9H1_M": [
        [-0.231607, 0.0211203, 0.000945475]
    ],
    "M_G1C9_M M_G1C9H2_M": [
        [-0.232457, 0.0216663, 0.000969919]
    ],
    "M_G1C10_M M_G1C10H1_M": [
        [-0.214631, 0.0213052, 0.000953753]
    ],
    "M_G1C10_M M_G1C10H2_M": [
        [-0.216459, 0.0216427, 0.000968861]
    ],
    "M_G1C11_M M_G1C11H1_M": [
        [-0.20491, 0.0203345, 0.000910299]
    ],
    "M_G1C11_M M_G1C11H2_M": [
        [-0.205685, 0.0204318, 0.000914653]
    ],
    "M_G1C12_M M_G1C12H1_M": [
        [-0.183357, 0.0192389, 0.00086125]
    ],
    "M_G1C12_M M_G1C12H2_M": [
        [-0.184332, 0.0189792, 0.000849624]
    ],
    "M_G1C13_M M_G1C13H1_M": [
        [-0.167729, 0.0181329, 0.000811742]
    ],
    "M_G1C13_M M_G1C13H2_M": [
        [-0.168026, 0.0172775, 0.000773447]
    ],
    "M_G1C14_M M_G1C14H1_M": [
        [-0.142026, 0.0166031, 0.000743258]
    ],
    "M_G1C14_M M_G1C14H2_M": [
        [-0.142049, 0.0156947, 0.00070259]
    ],
    "M_G1C15_M M_G1C15H1_M": [
        [-0.119788, 0.0139406, 0.000624066]
    ],
    "M_G1C15_M M_G1C15H2_M": [
        [-0.119802, 0.0135687, 0.000607421]
    ],
    "M_G1C16_M M_G1C16H1_M": [
        [-0.0847897, 0.0108937, 0.000487667]
    ],
    "M_G1C16_M M_G1C16H2_M": [
        [-0.0847502, 0.0110445, 0.000494418]
    ],
    "M_G1C17_M M_G1C17H1_M": [
        [-0.0262263, 0.00635489, 0.000284484]
    ],
    "M_G1C17_M M_G1C17H2_M": [
        [-0.026857, 0.00614955, 0.000275292]
    ],
    "M_G1C17_M M_G1C17H3_M": [
        [-0.0259024, 0.00627736, 0.000281013]
    ],
    "M_G2_M M_G2H1_M": [
        [0.0361653, 0.110642, 0.004953]
    ],
    "M_G2C3_M M_G2C3H1_M": [
        [-0.186393, 0.042367, 0.00189661]
    ],
    "M_G2C3_M M_G2C3H2_M": [
        [-0.133858, 0.0510012, 0.00228313]
    ],
    "M_G2C4_M M_G2C4H1_M": [
        [-0.218943, 0.0351363, 0.00157292]
    ],
    "M_G2C4_M M_G2C4H2_M": [
        [-0.167902, 0.0433082, 0.00193874]
    ],
    "M_G2C5_M M_G2C5H1_M": [
        [-0.216453, 0.0314488, 0.00140784]
    ],
    "M_G2C5_M M_G2C5H2_M": [
        [-0.208704, 0.0343762, 0.00153889]
    ],
    "M_G2C6_M M_G2C6H1_M": [
        [-0.218009, 0.032114, 0.00143762]
    ],
    "M_G2C6_M M_G2C6H2_M": [
        [-0.214794, 0.0322769, 0.00144491]
    ],
    "M_G2C7_M M_G2C7H1_M": [
        [-0.201092, 0.029678, 0.00132857]
    ],
    "M_G2C7_M M_G2C7H2_M": [
        [-0.200744, 0.0297543, 0.00133198]
    ],
    "M_G2C8_M M_G2C8H1_M": [
        [-0.194616, 0.0283619, 0.00126965]
    ],
    "M_G2C8_M M_G2C8H2_M": [
        [-0.194035, 0.028793, 0.00128895]
    ],
    "M_G2C9_M M_G2C9H1_M": [
        [-0.142011, 0.0262629, 0.00117569]
    ],
    "M_G2C9_M M_G2C9H2_M": [
        [-0.141182, 0.0256084, 0.00114639]
    ],
    "M_G2C10_M M_G2C10H1_M": [
        [-0.111834, 0.0268668, 0.00120273]
    ],
    "M_G2C11_M M_G2C11H1_M": [
        [-0.0375527, 0.0299568, 0.00134105]
    ],
    "M_G2C12_M M_G2C12H1_M": [
        [-0.0813066, 0.0279875, 0.00125289]
    ],
    "M_G2C12_M M_G2C12H2_M": [
        [-0.0822842, 0.0258786, 0.00115848]
    ],
    "M_G2C13_M M_G2C13H1_M": [
        [-0.132362, 0.0240199, 0.00107528]
    ],
    "M_G2C13_M M_G2C13H2_M": [
        [-0.132819, 0.0239529, 0.00107228]
    ],
    "M_G2C14_M M_G2C14H1_M": [
        [-0.13323, 0.0212009, 0.000949085]
    ],
    "M_G2C14_M M_G2C14H2_M": [
        [-0.133371, 0.0213261, 0.000954687]
    ],
    "M_G2C15_M M_G2C15H1_M": [
        [-0.142056, 0.0202085, 0.000904655]
    ],
    "M_G2C15_M M_G2C15H2_M": [
        [-0.142134, 0.0207678, 0.000929693]
    ],
    "M_G2C16_M M_G2C16H1_M": [
        [-0.126066, 0.0176666, 0.000790864]
    ],
    "M_G2C16_M M_G2C16H2_M": [
        [-0.125992, 0.0188332, 0.000843091]
    ],
    "M_G2C17_M M_G2C17H1_M": [
        [-0.112516, 0.0150564, 0.000674017]
    ],
    "M_G2C17_M M_G2C17H2_M": [
        [-0.112838, 0.0162153, 0.000725894]
    ],
    "M_G2C18_M M_G2C18H1_M": [
        [-0.0815618, 0.0125089, 0.000559974]
    ],
    "M_G2C18_M M_G2C18H2_M": [
        [-0.0820092, 0.0124016, 0.000555173]
    ],
    "M_G2C19_M M_G2C19H1_M": [
        [-0.0266933, 0.00631866, 0.000282862]
    ],
    "M_G2C19_M M_G2C19H2_M": [
        [-0.026474, 0.0060257, 0.000269747]
    ],
    "M_G2C19_M M_G2C19H3_M": [
        [-0.0265875, 0.00595874, 0.00026675]
    ],
    "M_G3_M M_G3H1_M": [
        [0.0509576, 0.0953774, 0.00426968]
    ],
    "M_G3_M M_G3H2_M": [
        [0.0676852, 0.0830814, 0.00371923]
    ],
    "M_G3C4_M M_G3C4H1_M": [
        [0.019074, 0.042869, 0.00191908]
    ],
    "M_G3C4_M M_G3C4H2_M": [
        [0.0402857, 0.0430171, 0.00192571]
    ],
    "M_G3C5_M M_G3C5H1_M": [
        [0.0227969, 0.0316342, 0.00141614]
    ],
    "M_G3C5_M M_G3C5H2_M": [
        [0.0159522, 0.0351184, 0.00157211]
    ]
}