{
    "M_C3_M M_C3H3_M": [
        [-0.460933, 0.00552294, 0.000744714]
    ],
    "M_C4_M M_C4H41_M": [
        [0.442575, 0.029628, 0.00399504]
    ],
    "M_C4_M M_C4H42_M": [
        [0.412555, 0.0295559, 0.00398531]
    ],
    "M_C6_M M_C6H6_M": [
        [0.116281, 0.0260664, 0.0035148]
    ],
    "M_C7_M M_C7H71_M": [
        [-0.299556, 0.0195492, 0.00263601]
    ],
    "M_C7_M M_C7H72_M": [
        [-0.345463, 0.018703, 0.00252192]
    ],
    "M_C8_M M_C8H8_M": [
        [0.752118, 0.0164975, 0.00222452]
    ],
    "M_C14_M M_C14H14_M": [
        [0.746983, 0.0215387, 0.00290428]
    ],
    "M_C15_M M_C15H151_M": [
        [0.471059, 0.0258161, 0.00348104]
    ],
    "M_C15_M M_C15H152_M": [
        [-0.24527, 0.0236884, 0.00319415]
    ],
    "M_C16_M M_C16H161_M": [
        [0.157952, 0.0300162, 0.00404738]
    ],
    "M_C16_M M_C16H162_M": [
        [0.136041, 0.0281984, 0.00380227]
    ],
    "M_C17_M M_C17H17_M": [
        [0.125978, 0.0160207, 0.00216023]
    ],
    "M_C18_M M_C18H181_M": [
        [-0.334349, 0.0111532, 0.00150389]
    ],
    "M_C18_M M_C18H182_M": [
        [-0.334237, 0.0116164, 0.00156635]
    ],
    "M_C18_M M_C18H183_M": [
        [-0.263812, 0.0233139, 0.00314364]
    ],
    "M_C12_M M_C12H121_M": [
        [0.118097, 0.0153475, 0.00206946]
    ],
    "M_C12_M M_C12H122_M": [
        [0.115069, 0.0149054, 0.00200985]
    ],
    "M_C11_M M_C11H111_M": [
        [0.160237, 0.0264855, 0.00357131]
    ],
    "M_C11_M M_C11H112_M": [
        [-0.323073, 0.00612461, 0.000825843]
    ],
    "M_C9_M M_C9H9_M": [
        [-0.192111, 0.0212083, 0.00285973]
    ],
    "M_C19_M M_C19H191_M": [
        [0.439828, 0.0300307, 0.00404933]
    ],
    "M_C19_M M_C19H192_M": [
        [-0.268552, 0.0202575, 0.00273152]
    ],
    "M_C19_M M_C19H193_M": [
        [-0.385705, 0.0136807, 0.00184471]
    ],
    "M_C1_M M_C1H11_M": [
        [-0.422836, 0.00941678, 0.00126976]
    ],
    "M_C1_M M_C1H12_M": [
        [0.62126, 0.0195468, 0.00263569]
    ],
    "M_C2_M M_C2H21_M": [
        [-0.370469, 0.0150606, 0.00203078]
    ],
    "M_C2_M M_C2H22_M": [
        [-0.261025, 0.0234352, 0.00316001]
    ],
    "M_C20_M M_C20H20_M": [
        [-0.450449, 0.00606264, 0.000817486]
    ],
    "M_C21_M M_C21H211_M": [
        [0.114923, 0.0133993, 0.00180677]
    ],
    "M_C21_M M_C21H212_M": [
        [0.111278, 0.0168353, 0.00227007]
    ],
    "M_C21_M M_C21H213_M": [
        [0.111561, 0.0147581, 0.00198998]
    ],
    "M_C22_M M_C22H221_M": [
        [-0.396695, 0.0279844, 0.00377342]
    ],
    "M_C22_M M_C22H222_M": [
        [-0.411907, 0.0121389, 0.00163681]
    ],
    "M_C23_M M_C23H231_M": [
        [-0.350018, 0.0289194, 0.00389949]
    ],
    "M_C23_M M_C23H232_M": [
        [-0.406232, 0.0124671, 0.00168106]
    ],
    "M_C24_M M_C24H241_M": [
        [-0.341951, 0.0249164, 0.00335972]
    ],
    "M_C24_M M_C24H242_M": [
        [-0.376878, 0.0174519, 0.00235322]
    ],
    "M_C25_M M_C25H25_M": [
        [-0.310474, 0.0204381, 0.00275588]
    ],
    "M_C26_M M_C26H261_M": [
        [0.0144573, 0.0168691, 0.00227463]
    ],
    "M_C26_M M_C26H262_M": [
        [0.0145982, 0.0133173, 0.00179571]
    ],
    "M_C26_M M_C26H263_M": [
        [0.0155029, 0.0144386, 0.0019469]
    ],
    "M_C27_M M_C27H271_M": [
        [0.00866435, 0.0155984, 0.00210329]
    ],
    "M_C27_M M_C27H272_M": [
        [0.0021434, 0.0139456, 0.00188042]
    ],
    "M_C27_M M_C27H273_M": [
        [0.00388341, 0.0164699, 0.0022208]
    ]
}