{
    "M_C3_M M_C3H1_M": [
        [-0.349044, 0.0177997, 0.00319693]
    ],
    "M_C4_M M_C4H1_M": [
        [-0.17825, 0.0363683, 0.00653194]
    ],
    "M_C4_M M_C4H2_M": [
        [-0.30755, 0.0203356, 0.00365239]
    ],
    "M_C6_M M_C6H1_M": [
        [-0.0112242, 0.0418936, 0.00752432]
    ],
    "M_C7_M M_C7H1_M": [
        [-0.333841, 0.0205191, 0.00368534]
    ],
    "M_C7_M M_C7H2_M": [
        [-0.294649, 0.0189438, 0.0034024]
    ],
    "M_C8_M M_C8H1_M": [
        [-0.378631, 0.0188014, 0.00337683]
    ],
    "M_C14_M M_C14H1_M": [
        [-0.367513, 0.0190925, 0.00342911]
    ],
    "M_C15_M M_C15H1_M": [
        [-0.289669, 0.0261922, 0.00470426]
    ],
    "M_C15_M M_C15H2_M": [
        [-0.351064, 0.019948, 0.00358276]
    ],
    "M_C16_M M_C16H1_M": [
        [-0.168429, 0.0310171, 0.00557083]
    ],
    "M_C16_M M_C16H2_M": [
        [-0.0790228, 0.027014, 0.00485186]
    ],
    "M_C17_M M_C17H1_M": [
        [-0.375546, 0.0184933, 0.00332149]
    ],
    "M_C18_M M_C18H1_M": [
        [0.0934556, 0.0181674, 0.00326295]
    ],
    "M_C18_M M_C18H2_M": [
        [0.0930291, 0.0184194, 0.00330823]
    ],
    "M_C18_M M_C18H3_M": [
        [0.0931046, 0.0168447, 0.0030254]
    ],
    "M_C12_M M_C12H1_M": [
        [-0.371047, 0.0189531, 0.00340407]
    ],
    "M_C12_M M_C12H2_M": [
        [-0.0685776, 0.0414736, 0.00744888]
    ],
    "M_C11_M M_C11H1_M": [
        [-0.225205, 0.0232233, 0.00417103]
    ],
    "M_C11_M M_C11H2_M": [
        [-0.371555, 0.0181778, 0.00326482]
    ],
    "M_C9_M M_C9H1_M": [
        [-0.372259, 0.0188087, 0.00337815]
    ],
    "M_C19_M M_C19H1_M": [
        [0.0999777, 0.0153256, 0.00275255]
    ],
    "M_C19_M M_C19H2_M": [
        [0.0976017, 0.0169938, 0.00305218]
    ],
    "M_C19_M M_C19H3_M": [
        [0.100944, 0.01642, 0.00294912]
    ],
    "M_C1_M M_C1H1_M": [
        [-0.339556, 0.0192313, 0.00345405]
    ],
    "M_C1_M M_C1H2_M": [
        [-0.179732, 0.0360063, 0.00646693]
    ],
    "M_C2_M M_C2H1_M": [
        [-0.317094, 0.0210123, 0.00377392]
    ],
    "M_C2_M M_C2H2_M": [
        [-0.231287, 0.021086, 0.00378715]
    ],
    "M_C20_M M_C20H1_M": [
        [-0.340588, 0.0746239, 0.0134029]
    ],
    "M_C21_M M_C21H1_M": [
        [0.0825456, 0.0142551, 0.0025603]
    ],
    "M_C21_M M_C21H2_M": [
        [0.0833752, 0.0182198, 0.00327236]
    ],
    "M_C21_M M_C21H3_M": [
        [0.0861552, 0.0183793, 0.00330102]
    ],
    "M_C22_M M_C22H1_M": [
        [-0.313606, 0.0515234, 0.00925388]
    ],
    "M_C22_M M_C22H2_M": [
        [-0.223471, 0.0418962, 0.00752479]
    ],
    "M_C23_M M_C23H1_M": [
        [-0.301823, 0.0447705, 0.00804103]
    ],
    "M_C23_M M_C23H2_M": [
        [-0.198589, 0.0343208, 0.00616421]
    ],
    "M_C24_M M_C24H1_M": [
        [-0.275369, 0.0480185, 0.00862438]
    ],
    "M_C24_M M_C24H2_M": [
        [-0.199004, 0.033926, 0.00609329]
    ],
    "M_C25_M M_C25H1_M": [
        [-0.211869, 0.0234025, 0.00420322]
    ],
    "M_C26_M M_C26H1_M": [
        [0.016777, 0.0158753, 0.00285129]
    ],
    "M_C26_M M_C26H2_M": [
        [0.00939309, 0.0177862, 0.0031945]
    ],
    "M_C26_M M_C26H3_M": [
        [0.0112156, 0.0156978, 0.00281941]
    ],
    "M_C27_M M_C27H1_M": [
        [-0.000167408, 0.0154147, 0.00276857]
    ],
    "M_C27_M M_C27H2_M": [
        [-0.00463519, 0.0123902, 0.00222535]
    ],
    "M_C27_M M_C27H3_M": [
        [-0.00422035, 0.0135466, 0.00243304]
    ]
}