{
    "M_G1_M M_G1H1_M": [
        [0.00990234, 0.0594736, 0.00372438]
    ],
    "M_G1_M M_G1H2_M": [
        [-0.164988, 0.0542016, 0.00339423]
    ],
    "M_G1C3_M M_G1C3H1_M": [
        [-0.215921, 0.0239082, 0.00149719]
    ],
    "M_G1C3_M M_G1C3H2_M": [
        [-0.18581, 0.0257264, 0.00161105]
    ],
    "M_G1C4_M M_G1C4H1_M": [
        [-0.165955, 0.0283589, 0.0017759]
    ],
    "M_G1C4_M M_G1C4H2_M": [
        [-0.162469, 0.0240649, 0.001507]
    ],
    "M_G1C5_M M_G1C5H1_M": [
        [-0.193, 0.0259336, 0.00162403]
    ],
    "M_G1C5_M M_G1C5H2_M": [
        [-0.191822, 0.028822, 0.0018049]
    ],
    "M_G1C6_M M_G1C6H1_M": [
        [-0.21928, 0.029516, 0.00184836]
    ],
    "M_G1C6_M M_G1C6H2_M": [
        [-0.218601, 0.0285637, 0.00178873]
    ],
    "M_G1C7_M M_G1C7H1_M": [
        [-0.234168, 0.0307189, 0.00192369]
    ],
    "M_G1C7_M M_G1C7H2_M": [
        [-0.233524, 0.0312962, 0.00195985]
    ],
    "M_G1C8_M M_G1C8H1_M": [
        [-0.236062, 0.0337096, 0.00211098]
    ],
    "M_G1C8_M M_G1C8H2_M": [
        [-0.237546, 0.0326283, 0.00204326]
    ],
    "M_G1C9_M M_G1C9H1_M": [
        [-0.233847, 0.0339551, 0.00212635]
    ],
    "M_G1C9_M M_G1C9H2_M": [
        [-0.236643, 0.0323578, 0.00202632]
    ],
    "M_G1C10_M M_G1C10H1_M": [
        [-0.227228, 0.0333845, 0.00209062]
    ],
    "M_G1C10_M M_G1C10H2_M": [
        [-0.225565, 0.033362, 0.00208921]
    ],
    "M_G1C11_M M_G1C11H1_M": [
        [-0.217202, 0.0331883, 0.00207833]
    ],
    "M_G1C11_M M_G1C11H2_M": [
        [-0.216365, 0.0326863, 0.00204689]
    ],
    "M_G1C12_M M_G1C12H1_M": [
        [-0.20241, 0.0318685, 0.00199569]
    ],
    "M_G1C12_M M_G1C12H2_M": [
        [-0.203158, 0.0315998, 0.00197886]
    ],
    "M_G1C13_M M_G1C13H1_M": [
        [-0.18738, 0.0300776, 0.00188353]
    ],
    "M_G1C13_M M_G1C13H2_M": [
        [-0.186798, 0.0302667, 0.00189537]
    ],
    "M_G1C14_M M_G1C14H1_M": [
        [-0.16703, 0.0275259, 0.00172374]
    ],
    "M_G1C14_M M_G1C14H2_M": [
        [-0.167622, 0.02737, 0.00171398]
    ],
    "M_G1C15_M M_G1C15H1_M": [
        [-0.143447, 0.0238478, 0.00149341]
    ],
    "M_G1C15_M M_G1C15H2_M": [
        [-0.141354, 0.0246994, 0.00154673]
    ],
    "M_G1C16_M M_G1C16H1_M": [
        [-0.107716, 0.0197796, 0.00123865]
    ],
    "M_G1C16_M M_G1C16H2_M": [
        [-0.104273, 0.0214257, 0.00134173]
    ],
    "M_G1C17_M M_G1C17H1_M": [
        [-0.0257967, 0.0153309, 0.000960056]
    ],
    "M_G1C17_M M_G1C17H2_M": [
        [-0.0267067, 0.014289, 0.000894814]
    ],
    "M_G1C17_M M_G1C17H3_M": [
        [-0.0268964, 0.0163655, 0.00102484]
    ],
    "M_G2_M M_G2H1_M": [
        [-0.199185, 0.0458336, 0.00287021]
    ],
    "M_G2C3_M M_G2C3H1_M": [
        [-0.18861, 0.02324, 0.00145535]
    ],
    "M_G2C3_M M_G2C3H2_M": [
        [-0.15928, 0.0359302, 0.00225004]
    ],
    "M_G2C4_M M_G2C4H1_M": [
        [-0.207497, 0.0234474, 0.00146833]
    ],
    "M_G2C4_M M_G2C4H2_M": [
        [-0.204969, 0.024012, 0.00150369]
    ],
    "M_G2C5_M M_G2C5H1_M": [
        [-0.194093, 0.0260504, 0.00163134]
    ],
    "M_G2C5_M M_G2C5H2_M": [
        [-0.184047, 0.0253738, 0.00158897]
    ],
    "M_G2C6_M M_G2C6H1_M": [
        [-0.21313, 0.0281038, 0.00175993]
    ],
    "M_G2C6_M M_G2C6H2_M": [
        [-0.203595, 0.0268887, 0.00168383]
    ],
    "M_G2C7_M M_G2C7H1_M": [
        [-0.200166, 0.0283276, 0.00177395]
    ],
    "M_G2C7_M M_G2C7H2_M": [
        [-0.194511, 0.0291392, 0.00182477]
    ],
    "M_G2C8_M M_G2C8H1_M": [
        [-0.1885, 0.0285155, 0.00178571]
    ],
    "M_G2C8_M M_G2C8H2_M": [
        [-0.185356, 0.0291482, 0.00182533]
    ],
    "M_G2C9_M M_G2C9H1_M": [
        [-0.116649, 0.0230433, 0.00144303]
    ],
    "M_G2C9_M M_G2C9H2_M": [
        [-0.116284, 0.0237035, 0.00148437]
    ],
    "M_G2C10_M M_G2C10H1_M": [
        [-0.0854529, 0.0231037, 0.00144681]
    ],
    "M_G2C11_M M_G2C11H1_M": [
        [-0.0605254, 0.0196817, 0.00123252]
    ],
    "M_G2C12_M M_G2C12H1_M": [
        [-0.0824089, 0.0217554, 0.00136237]
    ],
    "M_G2C12_M M_G2C12H2_M": [
        [-0.0839966, 0.0227333, 0.00142362]
    ],
    "M_G2C13_M M_G2C13H1_M": [
        [-0.137724, 0.0278538, 0.00174427]
    ],
    "M_G2C13_M M_G2C13H2_M": [
        [-0.140394, 0.0272182, 0.00170447]
    ],
    "M_G2C14_M M_G2C14H1_M": [
        [-0.147679, 0.0284125, 0.00177926]
    ],
    "M_G2C14_M M_G2C14H2_M": [
        [-0.145332, 0.0284347, 0.00178065]
    ],
    "M_G2C15_M M_G2C15H1_M": [
        [-0.152305, 0.0284262, 0.00178011]
    ],
    "M_G2C15_M M_G2C15H2_M": [
        [-0.154906, 0.0285274, 0.00178645]
    ],
    "M_G2C16_M M_G2C16H1_M": [
        [-0.142135, 0.0268555, 0.00168176]
    ],
    "M_G2C16_M M_G2C16H2_M": [
        [-0.141831, 0.0255217, 0.00159823]
    ],
    "M_G2C17_M M_G2C17H1_M": [
        [-0.129161, 0.0237199, 0.0014854]
    ],
    "M_G2C17_M M_G2C17H2_M": [
        [-0.128617, 0.0233567, 0.00146265]
    ],
    "M_G2C18_M M_G2C18H1_M": [
        [-0.0950461, 0.020225, 0.00126654]
    ],
    "M_G2C18_M M_G2C18H2_M": [
        [-0.0968141, 0.0198975, 0.00124603]
    ],
    "M_G2C19_M M_G2C19H1_M": [
        [-0.0287431, 0.0153126, 0.000958913]
    ],
    "M_G2C19_M M_G2C19H2_M": [
        [-0.0299484, 0.0160864, 0.00100737]
    ],
    "M_G2C19_M M_G2C19H3_M": [
        [-0.0289499, 0.0155294, 0.000972491]
    ],
    "M_G3_M M_G3H1_M": [
        [-0.229914, 0.0438333, 0.00274495]
    ],
    "M_G3_M M_G3H2_M": [
        [-0.130555, 0.0546813, 0.00342427]
    ],
    "M_G3C4_M M_G3C4H1_M": [
        [0.0509468, 0.0419644, 0.00262791]
    ],
    "M_G3C4_M M_G3C4H2_M": [
        [0.0403931, 0.034499, 0.00216041]
    ],
    "M_G3C5_M M_G3C5H1_M": [
        [0.0112834, 0.0363625, 0.00227711]
    ],
    "M_G3C5_M M_G3C5H2_M": [
        [0.0330652, 0.0447897, 0.00280484]
    ],
    "M_G3N6C1_M M_G3N6C1H1_M": [
        [-0.0122819, 0.0147926, 0.000926348]
    ],
    "M_G3N6C1_M M_G3N6C1H2_M": [
        [-0.0123965, 0.014736, 0.000922806]
    ],
    "M_G3N6C1_M M_G3N6C1H3_M": [
        [-0.0125137, 0.0146463, 0.000917184]
    ],
    "M_G3N6C2_M M_G3N6C2H1_M": [
        [-0.0118745, 0.0165123, 0.00103404]
    ],
    "M_G3N6C2_M M_G3N6C2H2_M": [
        [-0.0136514, 0.0154388, 0.000966817]
    ],
    "M_G3N6C2_M M_G3N6C2H3_M": [
        [-0.0143722, 0.0155274, 0.000972366]
    ],
    "M_G3N6C3_M M_G3N6C3H1_M": [
        [-0.0139851, 0.0154901, 0.00097003]
    ],
    "M_G3N6C3_M M_G3N6C3H2_M": [
        [-0.012721, 0.016578, 0.00103816]
    ],
    "M_G3N6C3_M M_G3N6C3H3_M": [
        [-0.0143693, 0.0159404, 0.000998227]
    ]
}