{
    "M_G1_M M_G1H1_M": [
        [-0.174114, 0.186642, 0.0221503]
    ],
    "M_G1_M M_G1H2_M": [
        [-0.0631846, 0.177128, 0.0210212]
    ],
    "M_G1C3_M M_G1C3H1_M": [
        [-0.27175, 0.0838798, 0.0099547]
    ],
    "M_G1C3_M M_G1C3H2_M": [
        [-0.230262, 0.0974387, 0.0115638]
    ],
    "M_G1C4_M M_G1C4H1_M": [
        [-0.222677, 0.0644381, 0.0076474]
    ],
    "M_G1C4_M M_G1C4H2_M": [
        [-0.202393, 0.0643315, 0.00763475]
    ],
    "M_G1C5_M M_G1C5H1_M": [
        [-0.252275, 0.0538346, 0.00638899]
    ],
    "M_G1C5_M M_G1C5H2_M": [
        [-0.246989, 0.0581736, 0.00690394]
    ],
    "M_G1C6_M M_G1C6H1_M": [
        [-0.262574, 0.051296, 0.00608771]
    ],
    "M_G1C6_M M_G1C6H2_M": [
        [-0.255037, 0.0557381, 0.0066149]
    ],
    "M_G1C7_M M_G1C7H1_M": [
        [-0.275128, 0.0500235, 0.0059367]
    ],
    "M_G1C7_M M_G1C7H2_M": [
        [-0.27027, 0.0556852, 0.00660861]
    ],
    "M_G1C8_M M_G1C8H1_M": [
        [-0.268055, 0.0481279, 0.00571173]
    ],
    "M_G1C8_M M_G1C8H2_M": [
        [-0.263176, 0.0490679, 0.00582329]
    ],
    "M_G1C9_M M_G1C9H1_M": [
        [-0.263054, 0.0478928, 0.00568383]
    ],
    "M_G1C9_M M_G1C9H2_M": [
        [-0.26437, 0.0482908, 0.00573106]
    ],
    "M_G1C10_M M_G1C10H1_M": [
        [-0.247363, 0.0463069, 0.00549561]
    ],
    "M_G1C10_M M_G1C10H2_M": [
        [-0.247184, 0.047131, 0.00559342]
    ],
    "M_G1C11_M M_G1C11H1_M": [
        [-0.240474, 0.0484635, 0.00575156]
    ],
    "M_G1C11_M M_G1C11H2_M": [
        [-0.235737, 0.0484093, 0.00574512]
    ],
    "M_G1C12_M M_G1C12H1_M": [
        [-0.215161, 0.0474645, 0.005633]
    ],
    "M_G1C12_M M_G1C12H2_M": [
        [-0.212891, 0.0506619, 0.00601246]
    ],
    "M_G1C13_M M_G1C13H1_M": [
        [-0.197881, 0.0445116, 0.00528255]
    ],
    "M_G1C13_M M_G1C13H2_M": [
        [-0.198171, 0.0468349, 0.00555827]
    ],
    "M_G1C14_M M_G1C14H1_M": [
        [-0.170564, 0.039014, 0.00463011]
    ],
    "M_G1C14_M M_G1C14H2_M": [
        [-0.16864, 0.0429438, 0.00509649]
    ],
    "M_G1C15_M M_G1C15H1_M": [
        [-0.145821, 0.0345401, 0.00409916]
    ],
    "M_G1C15_M M_G1C15H2_M": [
        [-0.144989, 0.0374211, 0.00444107]
    ],
    "M_G1C16_M M_G1C16H1_M": [
        [-0.10769, 0.0296806, 0.00352244]
    ],
    "M_G1C16_M M_G1C16H2_M": [
        [-0.109219, 0.0300753, 0.00356929]
    ],
    "M_G1C17_M M_G1C17H1_M": [
        [-0.0355453, 0.0169325, 0.00200952]
    ],
    "M_G1C17_M M_G1C17H2_M": [
        [-0.0374329, 0.0187876, 0.00222968]
    ],
    "M_G1C17_M M_G1C17H3_M": [
        [-0.0354263, 0.015402, 0.00182788]
    ],
    "M_G2_M M_G2H1_M": [
        [-0.212561, 0.175128, 0.0207838]
    ],
    "M_G2C3_M M_G2C3H1_M": [
        [-0.0799952, 0.13922, 0.0165224]
    ],
    "M_G2C3_M M_G2C3H2_M": [
        [-0.123366, 0.122602, 0.0145502]
    ],
    "M_G2C4_M M_G2C4H1_M": [
        [-0.224076, 0.0812677, 0.0096447]
    ],
    "M_G2C4_M M_G2C4H2_M": [
        [-0.230491, 0.0788846, 0.00936188]
    ],
    "M_G2C5_M M_G2C5H1_M": [
        [-0.219768, 0.0803879, 0.00954029]
    ],
    "M_G2C5_M M_G2C5H2_M": [
        [-0.224055, 0.0733503, 0.00870508]
    ],
    "M_G2C6_M M_G2C6H1_M": [
        [-0.238538, 0.0770865, 0.00914848]
    ],
    "M_G2C6_M M_G2C6H2_M": [
        [-0.238046, 0.0792036, 0.00939973]
    ],
    "M_G2C7_M M_G2C7H1_M": [
        [-0.215554, 0.0792926, 0.0094103]
    ],
    "M_G2C7_M M_G2C7H2_M": [
        [-0.215802, 0.0751776, 0.00892194]
    ],
    "M_G2C8_M M_G2C8H1_M": [
        [-0.210947, 0.0658546, 0.00781551]
    ],
    "M_G2C8_M M_G2C8H2_M": [
        [-0.20705, 0.0715321, 0.0084893]
    ],
    "M_G2C9_M M_G2C9H1_M": [
        [-0.120584, 0.0652386, 0.0077424]
    ],
    "M_G2C9_M M_G2C9H2_M": [
        [-0.120178, 0.0746686, 0.00886153]
    ],
    "M_G2C10_M M_G2C10H1_M": [
        [-0.072339, 0.0750059, 0.00890157]
    ],
    "M_G2C11_M M_G2C11H1_M": [
        [-0.0735421, 0.0581772, 0.00690437]
    ],
    "M_G2C12_M M_G2C12H1_M": [
        [-0.113618, 0.0549499, 0.00652136]
    ],
    "M_G2C12_M M_G2C12H2_M": [
        [-0.112919, 0.0540754, 0.00641756]
    ],
    "M_G2C13_M M_G2C13H1_M": [
        [-0.161802, 0.0534245, 0.00634032]
    ],
    "M_G2C13_M M_G2C13H2_M": [
        [-0.169199, 0.0493429, 0.00585593]
    ],
    "M_G2C14_M M_G2C14H1_M": [
        [-0.17023, 0.048253, 0.00572658]
    ],
    "M_G2C14_M M_G2C14H2_M": [
        [-0.172866, 0.0467668, 0.00555019]
    ],
    "M_G2C15_M M_G2C15H1_M": [
        [-0.175178, 0.0503428, 0.00597459]
    ],
    "M_G2C15_M M_G2C15H2_M": [
        [-0.177343, 0.0478644, 0.00568045]
    ],
    "M_G2C16_M M_G2C16H1_M": [
        [-0.158784, 0.0434948, 0.00516188]
    ],
    "M_G2C16_M M_G2C16H2_M": [
        [-0.160264, 0.0427276, 0.00507083]
    ],
    "M_G2C17_M M_G2C17H1_M": [
        [-0.144562, 0.0374504, 0.00444454]
    ],
    "M_G2C17_M M_G2C17H2_M": [
        [-0.143533, 0.0381058, 0.00452232]
    ],
    "M_G2C18_M M_G2C18H1_M": [
        [-0.110537, 0.0284527, 0.00337672]
    ],
    "M_G2C18_M M_G2C18H2_M": [
        [-0.107441, 0.0324407, 0.00385]
    ],
    "M_G2C19_M M_G2C19H1_M": [
        [-0.0356927, 0.0136915, 0.00162488]
    ],
    "M_G2C19_M M_G2C19H2_M": [
        [-0.03514, 0.0124518, 0.00147776]
    ],
    "M_G2C19_M M_G2C19H3_M": [
        [-0.0385136, 0.0146415, 0.00173762]
    ],
    "M_G3_M M_G3H1_M": [
        [-0.263287, 0.136252, 0.0161702]
    ],
    "M_G3_M M_G3H2_M": [
        [-0.261561, 0.114714, 0.0136141]
    ],
    "M_G3C4_M M_G3C4H1_M": [
        [0.0676849, 0.156277, 0.0185466]
    ],
    "M_G3C4_M M_G3C4H2_M": [
        [0.0424407, 0.125481, 0.0148918]
    ],
    "M_G3C5_M M_G3C5H1_M": [
        [-0.0364636, 0.131766, 0.0156377]
    ],
    "M_G3C5_M M_G3C5H2_M": [
        [-0.0472783, 0.129702, 0.0153928]
    ],
    "M_G3N6C1_M M_G3N6C1H1_M": [
        [-0.000843237, 0.0547128, 0.00649322]
    ],
    "M_G3N6C1_M M_G3N6C1H2_M": [
        [0.0137082, 0.0496744, 0.00589527]
    ],
    "M_G3N6C1_M M_G3N6C1H3_M": [
        [0.00716065, 0.0557093, 0.00661147]
    ],
    "M_G3N6C2_M M_G3N6C2H1_M": [
        [0.00976236, 0.0556504, 0.00660449]
    ],
    "M_G3N6C2_M M_G3N6C2H2_M": [
        [0.00107214, 0.0524404, 0.00622353]
    ],
    "M_G3N6C2_M M_G3N6C2H3_M": [
        [0.0020926, 0.0513093, 0.0060893]
    ],
    "M_G3N6C3_M M_G3N6C3H1_M": [
        [0.0141818, 0.0619559, 0.00735281]
    ],
    "M_G3N6C3_M M_G3N6C3H2_M": [
        [0.019983, 0.0606136, 0.00719352]
    ],
    "M_G3N6C3_M M_G3N6C3H3_M": [
        [0.00740158, 0.0476302, 0.00565266]
    ]
}