{
    "M_G1_M M_G1H1_M": [
        [-0.236407, 0.0229782, 0.00335172]
    ],
    "M_G1_M M_G1H2_M": [
        [-0.034016, 0.0214994, 0.00313601]
    ],
    "M_G1C3_M M_G1C3H1_M": [
        [-0.235706, 0.0133348, 0.00194507]
    ],
    "M_G1C3_M M_G1C3H2_M": [
        [-0.239498, 0.0120761, 0.00176148]
    ],
    "M_G1C4_M M_G1C4H1_M": [
        [-0.166221, 0.0142046, 0.00207196]
    ],
    "M_G1C4_M M_G1C4H2_M": [
        [-0.166678, 0.013899, 0.00202738]
    ],
    "M_G1C5_M M_G1C5H1_M": [
        [-0.208787, 0.0136631, 0.00199296]
    ],
    "M_G1C5_M M_G1C5H2_M": [
        [-0.203849, 0.0145484, 0.00212211]
    ],
    "M_G1C6_M M_G1C6H1_M": [
        [-0.202444, 0.0132339, 0.00193037]
    ],
    "M_G1C6_M M_G1C6H2_M": [
        [-0.201235, 0.0147145, 0.00214633]
    ],
    "M_G1C7_M M_G1C7H1_M": [
        [-0.214988, 0.0143793, 0.00209743]
    ],
    "M_G1C7_M M_G1C7H2_M": [
        [-0.213723, 0.0135853, 0.00198161]
    ],
    "M_G1C8_M M_G1C8H1_M": [
        [-0.202155, 0.0134162, 0.00195695]
    ],
    "M_G1C8_M M_G1C8H2_M": [
        [-0.201772, 0.0127079, 0.00185364]
    ],
    "M_G1C9_M M_G1C9H1_M": [
        [-0.202378, 0.0137152, 0.00200056]
    ],
    "M_G1C9_M M_G1C9H2_M": [
        [-0.201368, 0.0123748, 0.00180505]
    ],
    "M_G1C10_M M_G1C10H1_M": [
        [-0.182985, 0.0124012, 0.0018089]
    ],
    "M_G1C10_M M_G1C10H2_M": [
        [-0.181552, 0.0125257, 0.00182706]
    ],
    "M_G1C11_M M_G1C11H1_M": [
        [-0.175127, 0.0118282, 0.00172532]
    ],
    "M_G1C11_M M_G1C11H2_M": [
        [-0.175578, 0.0121338, 0.0017699]
    ],
    "M_G1C12_M M_G1C12H1_M": [
        [-0.153922, 0.0106479, 0.00155316]
    ],
    "M_G1C12_M M_G1C12H2_M": [
        [-0.153815, 0.0110228, 0.00160785]
    ],
    "M_G1C13_M M_G1C13H1_M": [
        [-0.142556, 0.0100453, 0.00146526]
    ],
    "M_G1C13_M M_G1C13H2_M": [
        [-0.143003, 0.00859633, 0.0012539]
    ],
    "M_G1C14_M M_G1C14H1_M": [
        [-0.119456, 0.00839259, 0.00122418]
    ],
    "M_G1C14_M M_G1C14H2_M": [
        [-0.119085, 0.00823529, 0.00120124]
    ],
    "M_G1C15_M M_G1C15H1_M": [
        [-0.105182, 0.00653321, 0.000952966]
    ],
    "M_G1C15_M M_G1C15H2_M": [
        [-0.10422, 0.00671343, 0.000979255]
    ],
    "M_G1C16_M M_G1C16H1_M": [
        [-0.0743432, 0.00479023, 0.000698727]
    ],
    "M_G1C16_M M_G1C16H2_M": [
        [-0.0737249, 0.00473478, 0.000690639]
    ],
    "M_G1C17_M M_G1C17H1_M": [
        [-0.0256949, 0.00285728, 0.000416777]
    ],
    "M_G1C17_M M_G1C17H2_M": [
        [-0.0253224, 0.0025327, 0.000369432]
    ],
    "M_G1C17_M M_G1C17H3_M": [
        [-0.0255547, 0.0027684, 0.000403813]
    ],
    "M_G2_M M_G2H1_M": [
        [-0.222489, 0.0311539, 0.00454427]
    ],
    "M_G2C3_M M_G2C3H1_M": [
        [-0.0667304, 0.0192478, 0.00280758]
    ],
    "M_G2C3_M M_G2C3H2_M": [
        [-0.0940456, 0.0189171, 0.00275934]
    ],
    "M_G2C4_M M_G2C4H1_M": [
        [-0.135352, 0.014833, 0.00216362]
    ],
    "M_G2C4_M M_G2C4H2_M": [
        [-0.142473, 0.0176321, 0.0025719]
    ],
    "M_G2C5_M M_G2C5H1_M": [
        [-0.167111, 0.0148448, 0.00216533]
    ],
    "M_G2C5_M M_G2C5H2_M": [
        [-0.167371, 0.016085, 0.00234624]
    ],
    "M_G2C6_M M_G2C6H1_M": [
        [-0.181481, 0.0168602, 0.00245931]
    ],
    "M_G2C6_M M_G2C6H2_M": [
        [-0.182269, 0.0160124, 0.00233565]
    ],
    "M_G2C7_M M_G2C7H1_M": [
        [-0.164477, 0.0156385, 0.00228111]
    ],
    "M_G2C7_M M_G2C7H2_M": [
        [-0.166396, 0.0151658, 0.00221217]
    ],
    "M_G2C8_M M_G2C8H1_M": [
        [-0.1614, 0.01376, 0.00200711]
    ],
    "M_G2C8_M M_G2C8H2_M": [
        [-0.161866, 0.0140091, 0.00204344]
    ],
    "M_G2C9_M M_G2C9H1_M": [
        [-0.118392, 0.0112359, 0.00163893]
    ],
    "M_G2C9_M M_G2C9H2_M": [
        [-0.11745, 0.0117968, 0.00172074]
    ],
    "M_G2C10_M M_G2C10H1_M": [
        [-0.0915599, 0.0135148, 0.00197134]
    ],
    "M_G2C11_M M_G2C11H1_M": [
        [0.00710499, 0.0116934, 0.00170566]
    ],
    "M_G2C12_M M_G2C12H1_M": [
        [-0.0542661, 0.010624, 0.00154967]
    ],
    "M_G2C12_M M_G2C12H2_M": [
        [-0.0524962, 0.0103391, 0.00150811]
    ],
    "M_G2C13_M M_G2C13H1_M": [
        [-0.101469, 0.0105173, 0.00153411]
    ],
    "M_G2C13_M M_G2C13H2_M": [
        [-0.101301, 0.0100442, 0.0014651]
    ],
    "M_G2C14_M M_G2C14H1_M": [
        [-0.105126, 0.0105942, 0.00154533]
    ],
    "M_G2C14_M M_G2C14H2_M": [
        [-0.106029, 0.00946542, 0.00138067]
    ],
    "M_G2C15_M M_G2C15H1_M": [
        [-0.113993, 0.009906, 0.00144494]
    ],
    "M_G2C15_M M_G2C15H2_M": [
        [-0.114953, 0.00920065, 0.00134205]
    ],
    "M_G2C16_M M_G2C16H1_M": [
        [-0.102552, 0.0082951, 0.00120997]
    ],
    "M_G2C16_M M_G2C16H2_M": [
        [-0.10352, 0.00882285, 0.00128694]
    ],
    "M_G2C17_M M_G2C17H1_M": [
        [-0.0950465, 0.00780285, 0.00113816]
    ],
    "M_G2C17_M M_G2C17H2_M": [
        [-0.0954002, 0.00758161, 0.00110589]
    ],
    "M_G2C18_M M_G2C18H1_M": [
        [-0.0712833, 0.00617686, 0.000900988]
    ],
    "M_G2C18_M M_G2C18H2_M": [
        [-0.0702921, 0.0061634, 0.000899025]
    ],
    "M_G2C19_M M_G2C19H1_M": [
        [-0.0230469, 0.00286371, 0.000417715]
    ],
    "M_G2C19_M M_G2C19H2_M": [
        [-0.0230219, 0.00303795, 0.000443131]
    ],
    "M_G2C19_M M_G2C19H3_M": [
        [-0.0239495, 0.00337429, 0.000492191]
    ],
    "M_G3_M M_G3H1_M": [
        [-0.169555, 0.0330051, 0.00481428]
    ],
    "M_G3_M M_G3H2_M": [
        [-0.182895, 0.0233635, 0.00340791]
    ],
    "M_G3C4_M M_G3C4H1_M": [
        [0.0246608, 0.00770647, 0.0011241]
    ],
    "M_G3C4_M M_G3C4H2_M": [
        [0.0241562, 0.00731977, 0.0010677]
    ],
    "M_G3C5_M M_G3C5H1_M": [
        [-0.0425764, 0.00654533, 0.000954734]
    ],
    "M_G3C5_M M_G3C5H2_M": [
        [-0.0450038, 0.00608974, 0.00088828]
    ],
    "M_G3N6C1_M M_G3N6C1H1_M": [
        [0.0114017, 0.00278294, 0.000405934]
    ],
    "M_G3N6C1_M M_G3N6C1H2_M": [
        [0.0118747, 0.003059, 0.000446201]
    ],
    "M_G3N6C1_M M_G3N6C1H3_M": [
        [0.011697, 0.00283095, 0.000412936]
    ],
    "M_G3N6C2_M M_G3N6C2H1_M": [
        [0.0122529, 0.00249154, 0.000363428]
    ],
    "M_G3N6C2_M M_G3N6C2H2_M": [
        [0.0119055, 0.00342151, 0.000499078]
    ],
    "M_G3N6C2_M M_G3N6C2H3_M": [
        [0.012105, 0.00319525, 0.000466075]
    ],
    "M_G3N6C3_M M_G3N6C3H1_M": [
        [0.01174, 0.00311668, 0.000454614]
    ],
    "M_G3N6C3_M M_G3N6C3H2_M": [
        [0.0115942, 0.00266429, 0.000388626]
    ],
    "M_G3N6C3_M M_G3N6C3H3_M": [
        [0.0117368, 0.00267351, 0.000389971]
    ]
}