{
    "M_G1_M M_G1H1_M": [
        [-0.239058, 0.0167232, 0.00504224]
    ],
    "M_G1_M M_G1H2_M": [
        [-0.021867, 0.0267272, 0.00805856]
    ],
    "M_G1C3_M M_G1C3H1_M": [
        [-0.230181, 0.0171056, 0.00515752]
    ],
    "M_G1C3_M M_G1C3H2_M": [
        [-0.240405, 0.0137686, 0.00415138]
    ],
    "M_G1C4_M M_G1C4H1_M": [
        [-0.156688, 0.0137531, 0.00414673]
    ],
    "M_G1C4_M M_G1C4H2_M": [
        [-0.157487, 0.0144519, 0.00435741]
    ],
    "M_G1C5_M M_G1C5H1_M": [
        [-0.197523, 0.013861, 0.00417925]
    ],
    "M_G1C5_M M_G1C5H2_M": [
        [-0.191973, 0.0168808, 0.00508977]
    ],
    "M_G1C6_M M_G1C6H1_M": [
        [-0.196317, 0.013954, 0.00420729]
    ],
    "M_G1C6_M M_G1C6H2_M": [
        [-0.197392, 0.0173536, 0.00523229]
    ],
    "M_G1C7_M M_G1C7H1_M": [
        [-0.209059, 0.0162588, 0.00490221]
    ],
    "M_G1C7_M M_G1C7H2_M": [
        [-0.212846, 0.0149769, 0.0045157]
    ],
    "M_G1C8_M M_G1C8H1_M": [
        [-0.201173, 0.0144844, 0.00436722]
    ],
    "M_G1C8_M M_G1C8H2_M": [
        [-0.201451, 0.0135209, 0.0040767]
    ],
    "M_G1C9_M M_G1C9H1_M": [
        [-0.202578, 0.0119643, 0.00360737]
    ],
    "M_G1C9_M M_G1C9H2_M": [
        [-0.202746, 0.0115979, 0.00349691]
    ],
    "M_G1C10_M M_G1C10H1_M": [
        [-0.183512, 0.00983034, 0.00296396]
    ],
    "M_G1C10_M M_G1C10H2_M": [
        [-0.185381, 0.00966763, 0.0029149]
    ],
    "M_G1C11_M M_G1C11H1_M": [
        [-0.178225, 0.00858158, 0.00258744]
    ],
    "M_G1C11_M M_G1C11H2_M": [
        [-0.178427, 0.0103814, 0.0031301]
    ],
    "M_G1C12_M M_G1C12H1_M": [
        [-0.158622, 0.00686982, 0.00207133]
    ],
    "M_G1C12_M M_G1C12H2_M": [
        [-0.157963, 0.00657241, 0.00198166]
    ],
    "M_G1C13_M M_G1C13H1_M": [
        [-0.146206, 0.00715111, 0.00215614]
    ],
    "M_G1C13_M M_G1C13H2_M": [
        [-0.146112, 0.00644544, 0.00194337]
    ],
    "M_G1C14_M M_G1C14H1_M": [
        [-0.123297, 0.00642549, 0.00193736]
    ],
    "M_G1C14_M M_G1C14H2_M": [
        [-0.12414, 0.00529567, 0.0015967]
    ],
    "M_G1C15_M M_G1C15H1_M": [
        [-0.106715, 0.00554433, 0.00167168]
    ],
    "M_G1C15_M M_G1C15H2_M": [
        [-0.10815, 0.00364429, 0.0010988]
    ],
    "M_G1C16_M M_G1C16H1_M": [
        [-0.0784435, 0.0036241, 0.00109271]
    ],
    "M_G1C16_M M_G1C16H2_M": [
        [-0.0789899, 0.00352112, 0.00106166]
    ],
    "M_G1C17_M M_G1C17H1_M": [
        [-0.026177, 0.00223694, 0.000674464]
    ],
    "M_G1C17_M M_G1C17H2_M": [
        [-0.0261702, 0.00216308, 0.000652192]
    ],
    "M_G1C17_M M_G1C17H3_M": [
        [-0.0253885, 0.00176119, 0.000531019]
    ],
    "M_G2_M M_G2H1_M": [
        [-0.225721, 0.0170339, 0.00513593]
    ],
    "M_G2C3_M M_G2C3H1_M": [
        [-0.0848802, 0.0160563, 0.00484116]
    ],
    "M_G2C3_M M_G2C3H2_M": [
        [-0.097738, 0.0128828, 0.0038843]
    ],
    "M_G2C4_M M_G2C4H1_M": [
        [-0.145136, 0.0211552, 0.00637853]
    ],
    "M_G2C4_M M_G2C4H2_M": [
        [-0.148608, 0.0183064, 0.00551958]
    ],
    "M_G2C5_M M_G2C5H1_M": [
        [-0.165645, 0.0197387, 0.00595145]
    ],
    "M_G2C5_M M_G2C5H2_M": [
        [-0.166339, 0.0204964, 0.00617989]
    ],
    "M_G2C6_M M_G2C6H1_M": [
        [-0.176125, 0.0200879, 0.00605672]
    ],
    "M_G2C6_M M_G2C6H2_M": [
        [-0.183627, 0.0200837, 0.00605545]
    ],
    "M_G2C7_M M_G2C7H1_M": [
        [-0.160495, 0.0192732, 0.00581109]
    ],
    "M_G2C7_M M_G2C7H2_M": [
        [-0.166354, 0.0166781, 0.00502863]
    ],
    "M_G2C8_M M_G2C8H1_M": [
        [-0.155898, 0.0174231, 0.00525326]
    ],
    "M_G2C8_M M_G2C8H2_M": [
        [-0.161226, 0.0153778, 0.00463657]
    ],
    "M_G2C9_M M_G2C9H1_M": [
        [-0.11836, 0.0138098, 0.00416382]
    ],
    "M_G2C9_M M_G2C9H2_M": [
        [-0.115555, 0.0140149, 0.00422566]
    ],
    "M_G2C10_M M_G2C10H1_M": [
        [-0.0945244, 0.0140112, 0.00422454]
    ],
    "M_G2C11_M M_G2C11H1_M": [
        [0.000830693, 0.0127978, 0.00385868]
    ],
    "M_G2C12_M M_G2C12H1_M": [
        [-0.0517666, 0.0115946, 0.0034959]
    ],
    "M_G2C12_M M_G2C12H2_M": [
        [-0.0539613, 0.00994287, 0.00299789]
    ],
    "M_G2C13_M M_G2C13H1_M": [
        [-0.101977, 0.010607, 0.00319812]
    ],
    "M_G2C13_M M_G2C13H2_M": [
        [-0.1027, 0.0109984, 0.00331614]
    ],
    "M_G2C14_M M_G2C14H1_M": [
        [-0.108685, 0.00958846, 0.00289103]
    ],
    "M_G2C14_M M_G2C14H2_M": [
        [-0.108466, 0.0113829, 0.00343209]
    ],
    "M_G2C15_M M_G2C15H1_M": [
        [-0.117786, 0.0109545, 0.0033029]
    ],
    "M_G2C15_M M_G2C15H2_M": [
        [-0.116938, 0.00945698, 0.00285139]
    ],
    "M_G2C16_M M_G2C16H1_M": [
        [-0.108476, 0.00966808, 0.00291504]
    ],
    "M_G2C16_M M_G2C16H2_M": [
        [-0.108318, 0.00936681, 0.0028242]
    ],
    "M_G2C17_M M_G2C17H1_M": [
        [-0.100177, 0.00715676, 0.00215784]
    ],
    "M_G2C17_M M_G2C17H2_M": [
        [-0.0987661, 0.00801006, 0.00241512]
    ],
    "M_G2C18_M M_G2C18H1_M": [
        [-0.0767728, 0.00507757, 0.00153095]
    ],
    "M_G2C18_M M_G2C18H2_M": [
        [-0.0777039, 0.00542244, 0.00163493]
    ],
    "M_G2C19_M M_G2C19H1_M": [
        [-0.0236873, 0.00284877, 0.000858935]
    ],
    "M_G2C19_M M_G2C19H2_M": [
        [-0.0248012, 0.00234978, 0.000708485]
    ],
    "M_G2C19_M M_G2C19H3_M": [
        [-0.023146, 0.00171629, 0.000517482]
    ],
    "M_G3_M M_G3H1_M": [
        [-0.183624, 0.0182851, 0.00551317]
    ],
    "M_G3_M M_G3H2_M": [
        [-0.197829, 0.0105913, 0.00319341]
    ],
    "M_G3C4_M M_G3C4H1_M": [
        [0.089544, 0.0101511, 0.00306067]
    ],
    "M_G3C4_M M_G3C4H2_M": [
        [0.041564, 0.00930918, 0.00280682]
    ],
    "M_G3C5_M M_G3C5H1_M": [
        [-0.0193182, 0.00923689, 0.00278503]
    ]
}