{
    "M_C3_M M_C3H3_M": [
        [-0.372326, 0.0159192, 0.00227417]
    ],
    "M_C4_M M_C4H41_M": [
        [-0.322441, 0.0165575, 0.00236536]
    ],
    "M_C4_M M_C4H42_M": [
        [-0.194279, 0.0280486, 0.00400694]
    ],
    "M_C6_M M_C6H6_M": [
        [-0.0461822, 0.0295997, 0.00422854]
    ],
    "M_C7_M M_C7H71_M": [
        [-0.272428, 0.0193576, 0.00276537]
    ],
    "M_C7_M M_C7H72_M": [
        [-0.336409, 0.0162312, 0.00231874]
    ],
    "M_C8_M M_C8H8_M": [
        [-0.407343, 0.0158548, 0.00226497]
    ],
    "M_C14_M M_C14H14_M": [
        [-0.404798, 0.0155794, 0.00222564]
    ],
    "M_C15_M M_C15H151_M": [
        [-0.372464, 0.016099, 0.00229986]
    ],
    "M_C15_M M_C15H152_M": [
        [-0.33221, 0.0241419, 0.00344884]
    ],
    "M_C16_M M_C16H161_M": [
        [-0.0865039, 0.0226546, 0.00323638]
    ],
    "M_C16_M M_C16H162_M": [
        [-0.155426, 0.0193248, 0.00276068]
    ],
    "M_C17_M M_C17H17_M": [
        [-0.402318, 0.0150337, 0.00214767]
    ],
    "M_C18_M M_C18H181_M": [
        [0.114927, 0.0165865, 0.0023695]
    ],
    "M_C18_M M_C18H182_M": [
        [0.116337, 0.0137856, 0.00196937]
    ],
    "M_C18_M M_C18H183_M": [
        [0.118159, 0.0168753, 0.00241076]
    ],
    "M_C12_M M_C12H121_M": [
        [-0.117846, 0.0280728, 0.0040104]
    ],
    "M_C12_M M_C12H122_M": [
        [-0.398833, 0.0156135, 0.0022305]
    ],
    "M_C11_M M_C11H111_M": [
        [-0.40295, 0.0172151, 0.00245929]
    ],
    "M_C11_M M_C11H112_M": [
        [-0.214939, 0.0218942, 0.00312774]
    ],
    "M_C9_M M_C9H9_M": [
        [-0.40392, 0.0165606, 0.0023658]
    ],
    "M_C19_M M_C19H191_M": [
        [0.112808, 0.0131357, 0.00187653]
    ],
    "M_C19_M M_C19H192_M": [
        [0.116398, 0.0154827, 0.00221182]
    ],
    "M_C19_M M_C19H193_M": [
        [0.118513, 0.0145692, 0.00208131]
    ],
    "M_C1_M M_C1H11_M": [
        [-0.208421, 0.0285754, 0.0040822]
    ],
    "M_C1_M M_C1H12_M": [
        [-0.368006, 0.0159783, 0.00228262]
    ],
    "M_C2_M M_C2H21_M": [
        [-0.217452, 0.0205188, 0.00293125]
    ],
    "M_C2_M M_C2H22_M": [
        [-0.350626, 0.0162189, 0.00231698]
    ],
    "M_C20_M M_C20H20_M": [
        [-0.383239, 0.0169259, 0.00241799]
    ],
    "M_C21_M M_C21H211_M": [
        [0.106034, 0.0133036, 0.00190051]
    ],
    "M_C21_M M_C21H212_M": [
        [0.109304, 0.0145206, 0.00207437]
    ],
    "M_C21_M M_C21H213_M": [
        [0.105827, 0.0125146, 0.0017878]
    ],
    "M_C22_M M_C22H221_M": [
        [-0.231811, 0.0382183, 0.00545976]
    ],
    "M_C22_M M_C22H222_M": [
        [-0.360791, 0.0171702, 0.00245289]
    ],
    "M_C23_M M_C23H231_M": [
        [-0.190927, 0.0303988, 0.00434268]
    ],
    "M_C23_M M_C23H232_M": [
        [-0.337158, 0.0186913, 0.00267019]
    ],
    "M_C24_M M_C24H241_M": [
        [-0.2006, 0.0268993, 0.00384276]
    ],
    "M_C24_M M_C24H242_M": [
        [-0.289163, 0.0219886, 0.00314123]
    ],
    "M_C25_M M_C25H25_M": [
        [-0.166129, 0.0190343, 0.00271918]
    ],
    "M_C26_M M_C26H261_M": [
        [0.0124112, 0.0150265, 0.00214664]
    ],
    "M_C26_M M_C26H262_M": [
        [0.0138185, 0.012045, 0.00172072]
    ],
    "M_C26_M M_C26H263_M": [
        [0.0128301, 0.011917, 0.00170242]
    ],
    "M_C27_M M_C27H271_M": [
        [0.0102428, 0.0115387, 0.00164839]
    ],
    "M_C27_M M_C27H272_M": [
        [0.0121872, 0.0114218, 0.00163169]
    ],
    "M_C27_M M_C27H273_M": [
        [0.00751124, 0.0115295, 0.00164708]
    ]
}