{
    "M_G1_M M_G1H1_M": [
        [-0.0669353, 0.0733791, 0.0039279]
    ],
    "M_G1_M M_G1H2_M": [
        [-0.163199, 0.0538152, 0.00288066]
    ],
    "M_G1C3_M M_G1C3H1_M": [
        [-0.213677, 0.0327188, 0.0017514]
    ],
    "M_G1C3_M M_G1C3H2_M": [
        [-0.220199, 0.0287392, 0.00153837]
    ],
    "M_G1C4_M M_G1C4H1_M": [
        [-0.170189, 0.0277324, 0.00148448]
    ],
    "M_G1C4_M M_G1C4H2_M": [
        [-0.183063, 0.0275069, 0.00147241]
    ],
    "M_G1C5_M M_G1C5H1_M": [
        [-0.205164, 0.0258577, 0.00138413]
    ],
    "M_G1C5_M M_G1C5H2_M": [
        [-0.211497, 0.0238272, 0.00127544]
    ],
    "M_G1C6_M M_G1C6H1_M": [
        [-0.186787, 0.0265501, 0.00142119]
    ],
    "M_G1C6_M M_G1C6H2_M": [
        [-0.187725, 0.0260818, 0.00139612]
    ],
    "M_G1C7_M M_G1C7H1_M": [
        [-0.197617, 0.0266016, 0.00142395]
    ],
    "M_G1C7_M M_G1C7H2_M": [
        [-0.197308, 0.0260618, 0.00139505]
    ],
    "M_G1C8_M M_G1C8H1_M": [
        [-0.179412, 0.0268223, 0.00143577]
    ],
    "M_G1C8_M M_G1C8H2_M": [
        [-0.17964, 0.0276194, 0.00147844]
    ],
    "M_G1C9_M M_G1C9H1_M": [
        [-0.177068, 0.0263508, 0.00141052]
    ],
    "M_G1C9_M M_G1C9H2_M": [
        [-0.176812, 0.0268068, 0.00143494]
    ],
    "M_G1C10_M M_G1C10H1_M": [
        [-0.158049, 0.0252901, 0.00135375]
    ],
    "M_G1C10_M M_G1C10H2_M": [
        [-0.157201, 0.0263081, 0.00140824]
    ],
    "M_G1C11_M M_G1C11H1_M": [
        [-0.149013, 0.0244288, 0.00130764]
    ],
    "M_G1C11_M M_G1C11H2_M": [
        [-0.148831, 0.0247241, 0.00132345]
    ],
    "M_G1C12_M M_G1C12H1_M": [
        [-0.129476, 0.0227181, 0.00121607]
    ],
    "M_G1C12_M M_G1C12H2_M": [
        [-0.13011, 0.0225088, 0.00120487]
    ],
    "M_G1C13_M M_G1C13H1_M": [
        [-0.118364, 0.0197113, 0.00105512]
    ],
    "M_G1C13_M M_G1C13H2_M": [
        [-0.118312, 0.0201716, 0.00107976]
    ],
    "M_G1C14_M M_G1C14H1_M": [
        [-0.0993972, 0.0164681, 0.000881516]
    ],
    "M_G1C14_M M_G1C14H2_M": [
        [-0.100152, 0.0170706, 0.000913768]
    ],
    "M_G1C15_M M_G1C15H1_M": [
        [-0.0850126, 0.0137303, 0.000734964]
    ],
    "M_G1C15_M M_G1C15H2_M": [
        [-0.0854703, 0.014192, 0.000759679]
    ],
    "M_G1C16_M M_G1C16H1_M": [
        [-0.0616743, 0.00984667, 0.00052708]
    ],
    "M_G1C16_M M_G1C16H2_M": [
        [-0.0614906, 0.0105573, 0.000565121]
    ],
    "M_G1C17_M M_G1C17H1_M": [
        [-0.0198382, 0.00613659, 0.000328484]
    ],
    "M_G1C17_M M_G1C17H2_M": [
        [-0.0202862, 0.00570147, 0.000305193]
    ],
    "M_G1C17_M M_G1C17H3_M": [
        [-0.0201083, 0.00633261, 0.000338977]
    ],
    "M_G2_M M_G2H1_M": [
        [0.00799016, 0.089871, 0.00481069]
    ],
    "M_G2C3_M M_G2C3H1_M": [
        [-0.158336, 0.0369214, 0.00197636]
    ],
    "M_G2C3_M M_G2C3H2_M": [
        [-0.112369, 0.0429283, 0.0022979]
    ],
    "M_G2C4_M M_G2C4H1_M": [
        [-0.197427, 0.0294647, 0.00157721]
    ],
    "M_G2C4_M M_G2C4H2_M": [
        [-0.151587, 0.0364249, 0.00194978]
    ],
    "M_G2C5_M M_G2C5H1_M": [
        [-0.187372, 0.0283442, 0.00151723]
    ],
    "M_G2C5_M M_G2C5H2_M": [
        [-0.176968, 0.0318666, 0.00170578]
    ],
    "M_G2C6_M M_G2C6H1_M": [
        [-0.186368, 0.030204, 0.00161678]
    ],
    "M_G2C6_M M_G2C6H2_M": [
        [-0.181821, 0.0298669, 0.00159874]
    ],
    "M_G2C7_M M_G2C7H1_M": [
        [-0.165465, 0.0277643, 0.00148619]
    ],
    "M_G2C7_M M_G2C7H2_M": [
        [-0.164705, 0.0274459, 0.00146914]
    ],
    "M_G2C8_M M_G2C8H1_M": [
        [-0.159267, 0.0280192, 0.00149983]
    ],
    "M_G2C8_M M_G2C8H2_M": [
        [-0.157624, 0.0261767, 0.0014012]
    ],
    "M_G2C9_M M_G2C9H1_M": [
        [-0.115098, 0.0245627, 0.00131481]
    ],
    "M_G2C9_M M_G2C9H2_M": [
        [-0.11614, 0.0231456, 0.00123895]
    ],
    "M_G2C10_M M_G2C10H1_M": [
        [-0.0950127, 0.0244979, 0.00131134]
    ],
    "M_G2C11_M M_G2C11H1_M": [
        [-0.00706524, 0.0261151, 0.00139791]
    ],
    "M_G2C12_M M_G2C12H1_M": [
        [-0.0452473, 0.0239009, 0.00127939]
    ],
    "M_G2C12_M M_G2C12H2_M": [
        [-0.0473713, 0.0245246, 0.00131277]
    ],
    "M_G2C13_M M_G2C13H1_M": [
        [-0.0845368, 0.0208634, 0.00111679]
    ],
    "M_G2C13_M M_G2C13H2_M": [
        [-0.0856807, 0.0216702, 0.00115998]
    ],
    "M_G2C14_M M_G2C14H1_M": [
        [-0.0855964, 0.0189834, 0.00101616]
    ],
    "M_G2C14_M M_G2C14H2_M": [
        [-0.0860302, 0.0192386, 0.00102982]
    ],
    "M_G2C15_M M_G2C15H1_M": [
        [-0.0942581, 0.0178978, 0.000958045]
    ],
    "M_G2C15_M M_G2C15H2_M": [
        [-0.0940698, 0.0173514, 0.000928798]
    ],
    "M_G2C16_M M_G2C16H1_M": [
        [-0.0846084, 0.0155111, 0.000830288]
    ],
    "M_G2C16_M M_G2C16H2_M": [
        [-0.0845108, 0.0153545, 0.00082191]
    ],
    "M_G2C17_M M_G2C17H1_M": [
        [-0.0764226, 0.0132743, 0.000710555]
    ],
    "M_G2C17_M M_G2C17H2_M": [
        [-0.0774314, 0.0127131, 0.000680515]
    ],
    "M_G2C18_M M_G2C18H1_M": [
        [-0.0576849, 0.0102799, 0.000550271]
    ],
    "M_G2C18_M M_G2C18H2_M": [
        [-0.0577213, 0.0102276, 0.000547469]
    ],
    "M_G2C19_M M_G2C19H1_M": [
        [-0.0190757, 0.00586809, 0.000314112]
    ],
    "M_G2C19_M M_G2C19H2_M": [
        [-0.0188905, 0.00590678, 0.000316183]
    ],
    "M_G2C19_M M_G2C19H3_M": [
        [-0.0188202, 0.00589997, 0.000315818]
    ],
    "M_G3_M M_G3H1_M": [
        [0.0146146, 0.0819405, 0.00438618]
    ],
    "M_G3_M M_G3H2_M": [
        [0.00467601, 0.0681169, 0.00364622]
    ],
    "M_G3C4_M M_G3C4H1_M": [
        [0.0650002, 0.0321893, 0.00172305]
    ],
    "M_G3C4_M M_G3C4H2_M": [
        [0.0604531, 0.0315806, 0.00169047]
    ],
    "M_G3C5_M M_G3C5H1_M": [
        [-0.0121658, 0.0313577, 0.00167854]
    ],
    "M_G3C5_M M_G3C5H2_M": [
        [-0.0470787, 0.0227701, 0.00121885]
    ],
    "M_G3N6C1_M M_G3N6C1H1_M": [
        [0.0146464, 0.0171228, 0.000916563]
    ],
    "M_G3N6C1_M M_G3N6C1H2_M": [
        [0.0150509, 0.0177799, 0.000951739]
    ],
    "M_G3N6C1_M M_G3N6C1H3_M": [
        [0.0134051, 0.0171895, 0.000920133]
    ],
    "M_G3N6C2_M M_G3N6C2H1_M": [
        [0.0133843, 0.0167224, 0.000895128]
    ],
    "M_G3N6C2_M M_G3N6C2H2_M": [
        [0.0130795, 0.01693, 0.000906242]
    ],
    "M_G3N6C2_M M_G3N6C2H3_M": [
        [0.0152673, 0.0166489, 0.000891195]
    ],
    "M_G3N6C3_M M_G3N6C3H1_M": [
        [0.0157535, 0.0180773, 0.000967656]
    ],
    "M_G3N6C3_M M_G3N6C3H2_M": [
        [0.0140664, 0.017466, 0.000934933]
    ],
    "M_G3N6C3_M M_G3N6C3H3_M": [
        [0.0138763, 0.0160744, 0.000860441]
    ]
}