{
    "M_C3_M M_C3H3_M": [
        [-0.317901, 0.277094, 0.0179237]
    ],
    "M_C4_M M_C4H41_M": [
        [-0.283976, 0.101008, 0.00653365]
    ],
    "M_C4_M M_C4H42_M": [
        [-0.2719, 0.0726688, 0.00470055]
    ],
    "M_C6_M M_C6H6_M": [
        [-0.0631223, 0.0382213, 0.00247233]
    ],
    "M_C7_M M_C7H71_M": [
        [-0.29703, 0.0489404, 0.00316569]
    ],
    "M_C7_M M_C7H72_M": [
        [-0.34593, 0.0558366, 0.00361177]
    ],
    "M_C8_M M_C8H8_M": [
        [-0.416555, 0.0764274, 0.00494368]
    ],
    "M_C14_M M_C14H14_M": [
        [-0.422144, 0.0583513, 0.00377443]
    ],
    "M_C15_M M_C15H151_M": [
        [-0.386756, 0.0521336, 0.00337224]
    ],
    "M_C15_M M_C15H152_M": [
        [-0.359775, 0.0648665, 0.00419587]
    ],
    "M_C16_M M_C16H161_M": [
        [-0.0875915, 0.0665991, 0.00430793]
    ],
    "M_C16_M M_C16H162_M": [
        [-0.169531, 0.0425914, 0.00275501]
    ],
    "M_C17_M M_C17H17_M": [
        [-0.426153, 0.04742, 0.00306735]
    ],
    "M_C18_M M_C18H181_M": [
        [0.121911, 0.0191383, 0.00123795]
    ],
    "M_C18_M M_C18H182_M": [
        [0.121945, 0.0183967, 0.00118998]
    ],
    "M_C18_M M_C18H183_M": [
        [0.121558, 0.0184723, 0.00119487]
    ],
    "M_C12_M M_C12H121_M": [
        [-0.184275, 0.115449, 0.00746777]
    ],
    "M_C12_M M_C12H122_M": [
        [-0.367828, 0.128136, 0.00828845]
    ],
    "M_C11_M M_C11H111_M": [
        [-0.372425, 0.0978088, 0.00632673]
    ],
    "M_C11_M M_C11H112_M": [
        [-0.285363, 0.0931275, 0.00602392]
    ],
    "M_C9_M M_C9H9_M": [
        [-0.419061, 0.0538687, 0.00348448]
    ],
    "M_C19_M M_C19H191_M": [
        [0.119271, 0.0440685, 0.00285055]
    ],
    "M_C19_M M_C19H192_M": [
        [0.115421, 0.0446088, 0.0028855]
    ],
    "M_C19_M M_C19H193_M": [
        [0.124896, 0.047769, 0.00308992]
    ],
    "M_C1_M M_C1H11_M": [
        [-0.24671, 0.0556322, 0.00359855]
    ],
    "M_C1_M M_C1H12_M": [
        [-0.369235, 0.0932478, 0.0060317]
    ],
    "M_C2_M M_C2H21_M": [
        [-0.249506, 0.0591374, 0.00382528]
    ],
    "M_C2_M M_C2H22_M": [
        [-0.346985, 0.0881909, 0.0057046]
    ],
    "M_C20_M M_C20H20_M": [
        [-0.406705, 0.047246, 0.00305609]
    ],
    "M_C21_M M_C21H211_M": [
        [0.1173, 0.0161598, 0.00104529]
    ],
    "M_C21_M M_C21H212_M": [
        [0.117664, 0.0162275, 0.00104967]
    ],
    "M_C21_M M_C21H213_M": [
        [0.115049, 0.0158448, 0.00102492]
    ],
    "M_C22_M M_C22H221_M": [
        [-0.33304, 0.0635356, 0.00410977]
    ],
    "M_C22_M M_C22H222_M": [
        [-0.389853, 0.0386483, 0.00249995]
    ],
    "M_C23_M M_C23H231_M": [
        [-0.28019, 0.0512856, 0.00331739]
    ],
    "M_C23_M M_C23H232_M": [
        [-0.376195, 0.0382318, 0.00247301]
    ],
    "M_C24_M M_C24H241_M": [
        [-0.270801, 0.0447158, 0.00289243]
    ],
    "M_C24_M M_C24H242_M": [
        [-0.328869, 0.0361606, 0.00233903]
    ],
    "M_C25_M M_C25H25_M": [
        [-0.212763, 0.025539, 0.00165198]
    ],
    "M_C26_M M_C26H261_M": [
        [0.0221946, 0.00879618, 0.000568978]
    ],
    "M_C26_M M_C26H262_M": [
        [0.0228396, 0.00886156, 0.000573207]
    ],
    "M_C26_M M_C26H263_M": [
        [0.021301, 0.00860752, 0.000556774]
    ],
    "M_C27_M M_C27H271_M": [
        [0.0233548, 0.00909984, 0.00058862]
    ],
    "M_C27_M M_C27H272_M": [
        [0.0224646, 0.00850364, 0.000550055]
    ],
    "M_C27_M M_C27H273_M": [
        [0.0233612, 0.0089823, 0.000581016]
    ]
}