{
    "M_C3_M M_C3H1_M": [
        [-0.392839, 0.0145196, 0.00157487]
    ],
    "M_C4_M M_C4H1_M": [
        [-0.344711, 0.0189641, 0.00205695]
    ],
    "M_C4_M M_C4H2_M": [
        [-0.171273, 0.0270584, 0.00293489]
    ],
    "M_C6_M M_C6H1_M": [
        [-0.0384863, 0.0312833, 0.00339315]
    ],
    "M_C7_M M_C7H1_M": [
        [-0.303571, 0.0188477, 0.00204432]
    ],
    "M_C7_M M_C7H2_M": [
        [-0.357112, 0.018358, 0.0019912]
    ],
    "M_C8_M M_C8H1_M": [
        [-0.433248, 0.0112972, 0.00122535]
    ],
    "M_C14_M M_C14H1_M": [
        [-0.428315, 0.0104568, 0.0011342]
    ],
    "M_C15_M M_C15H1_M": [
        [-0.399411, 0.015007, 0.00162773]
    ],
    "M_C15_M M_C15H2_M": [
        [-0.329497, 0.0175846, 0.00190731]
    ],
    "M_C16_M M_C16H1_M": [
        [-0.0736513, 0.0273498, 0.0029665]
    ],
    "M_C16_M M_C16H2_M": [
        [-0.20243, 0.0247214, 0.00268142]
    ],
    "M_C17_M M_C17H1_M": [
        [-0.421484, 0.0106737, 0.00115772]
    ],
    "M_C18_M M_C18H1_M": [
        [0.122931, 0.0149826, 0.0016251]
    ],
    "M_C18_M M_C18H2_M": [
        [0.124408, 0.0170275, 0.00184689]
    ],
    "M_C18_M M_C18H3_M": [
        [0.121236, 0.0153803, 0.00166823]
    ],
    "M_C12_M M_C12H1_M": [
        [-0.0900485, 0.0288471, 0.00312891]
    ],
    "M_C12_M M_C12H2_M": [
        [-0.425453, 0.0121427, 0.00131706]
    ],
    "M_C11_M M_C11H1_M": [
        [-0.429526, 0.0114175, 0.00123841]
    ],
    "M_C11_M M_C11H2_M": [
        [-0.233641, 0.0228188, 0.00247505]
    ],
    "M_C9_M M_C9H1_M": [
        [-0.430299, 0.0108325, 0.00117495]
    ],
    "M_C19_M M_C19H1_M": [
        [0.12438, 0.0204003, 0.00221272]
    ],
    "M_C19_M M_C19H2_M": [
        [0.123757, 0.0187327, 0.00203185]
    ],
    "M_C19_M M_C19H3_M": [
        [0.123554, 0.0195067, 0.0021158]
    ],
    "M_C1_M M_C1H1_M": [
        [-0.219523, 0.0259447, 0.0028141]
    ],
    "M_C1_M M_C1H2_M": [
        [-0.379263, 0.0163009, 0.00176808]
    ],
    "M_C2_M M_C2H1_M": [
        [-0.24272, 0.0219609, 0.00238199]
    ],
    "M_C2_M M_C2H2_M": [
        [-0.365109, 0.0174355, 0.00189114]
    ],
    "M_C20_M M_C20H1_M": [
        [-0.406987, 0.0161927, 0.00175634]
    ],
    "M_C21_M M_C21H1_M": [
        [0.110515, 0.0133036, 0.00144298]
    ],
    "M_C21_M M_C21H2_M": [
        [0.109874, 0.0133178, 0.00144452]
    ],
    "M_C21_M M_C21H3_M": [
        [0.107525, 0.012612, 0.00136796]
    ],
    "M_C22_M M_C22H1_M": [
        [-0.253864, 0.0567218, 0.00615234]
    ],
    "M_C22_M M_C22H2_M": [
        [-0.371863, 0.016529, 0.00179283]
    ],
    "M_C23_M M_C23H1_M": [
        [-0.197553, 0.0447682, 0.0048558]
    ],
    "M_C23_M M_C23H2_M": [
        [-0.357907, 0.0130231, 0.00141256]
    ],
    "M_C24_M M_C24H1_M": [
        [-0.212124, 0.0269282, 0.00292078]
    ],
    "M_C24_M M_C24H2_M": [
        [-0.313233, 0.0136896, 0.00148484]
    ],
    "M_C25_M M_C25H1_M": [
        [-0.220267, 0.017827, 0.00193361]
    ],
    "M_C26_M M_C26H1_M": [
        [0.0150312, 0.0138798, 0.00150547]
    ],
    "M_C26_M M_C26H2_M": [
        [0.0167547, 0.0128274, 0.00139133]
    ],
    "M_C26_M M_C26H3_M": [
        [0.0175715, 0.0143986, 0.00156174]
    ],
    "M_C27_M M_C27H1_M": [
        [0.00469315, 0.0119048, 0.00129126]
    ],
    "M_C27_M M_C27H2_M": [
        [0.00311824, 0.0123474, 0.00133926]
    ],
    "M_C27_M M_C27H3_M": [
        [0.00398256, 0.0136855, 0.0014844]
    ]
}