{
    "M_G1_M M_G1H1_M": [
        [-0.149287, 0.0562758, 0.00398928]
    ],
    "M_G1_M M_G1H2_M": [
        [0.202111, 0.064269, 0.00455591]
    ],
    "M_G1C3_M M_G1C3H1_M": [
        [-0.242727, 0.0228043, 0.00161655]
    ],
    "M_G1C3_M M_G1C3H2_M": [
        [-0.226016, 0.0263133, 0.0018653]
    ],
    "M_G1C4_M M_G1C4H1_M": [
        [-0.252074, 0.025198, 0.00178624]
    ],
    "M_G1C4_M M_G1C4H2_M": [
        [-0.250775, 0.0259019, 0.00183614]
    ],
    "M_G1C5_M M_G1C5H1_M": [
        [-0.278295, 0.0277196, 0.00196499]
    ],
    "M_G1C5_M M_G1C5H2_M": [
        [-0.279212, 0.0275917, 0.00195592]
    ],
    "M_G1C6_M M_G1C6H1_M": [
        [-0.302277, 0.0280328, 0.00198719]
    ],
    "M_G1C6_M M_G1C6H2_M": [
        [-0.301119, 0.0292323, 0.00207223]
    ],
    "M_G1C7_M M_G1C7H1_M": [
        [-0.313313, 0.0276441, 0.00195964]
    ],
    "M_G1C7_M M_G1C7H2_M": [
        [-0.311996, 0.028195, 0.00199869]
    ],
    "M_G1C8_M M_G1C8H1_M": [
        [-0.31747, 0.0269758, 0.00191227]
    ],
    "M_G1C8_M M_G1C8H2_M": [
        [-0.316219, 0.0285007, 0.00202036]
    ],
    "M_G1C9_M M_G1C9H1_M": [
        [-0.314503, 0.0257575, 0.0018259]
    ],
    "M_G1C9_M M_G1C9H2_M": [
        [-0.314178, 0.0271377, 0.00192374]
    ],
    "M_G1C10_M M_G1C10H1_M": [
        [-0.305905, 0.0242577, 0.00171958]
    ],
    "M_G1C10_M M_G1C10H2_M": [
        [-0.306312, 0.0245257, 0.00173858]
    ],
    "M_G1C11_M M_G1C11H1_M": [
        [-0.292335, 0.0220443, 0.00156268]
    ],
    "M_G1C11_M M_G1C11H2_M": [
        [-0.291895, 0.0219708, 0.00155747]
    ],
    "M_G1C12_M M_G1C12H1_M": [
        [-0.274063, 0.0195848, 0.00138833]
    ],
    "M_G1C12_M M_G1C12H2_M": [
        [-0.273306, 0.0206085, 0.0014609]
    ],
    "M_G1C13_M M_G1C13H1_M": [
        [-0.250613, 0.0185014, 0.00131153]
    ],
    "M_G1C13_M M_G1C13H2_M": [
        [-0.25095, 0.0190008, 0.00134693]
    ],
    "M_G1C14_M M_G1C14H1_M": [
        [-0.223167, 0.0169838, 0.00120395]
    ],
    "M_G1C14_M M_G1C14H2_M": [
        [-0.222368, 0.0177399, 0.00125755]
    ],
    "M_G1C15_M M_G1C15H1_M": [
        [-0.187473, 0.0151876, 0.00107662]
    ],
    "M_G1C15_M M_G1C15H2_M": [
        [-0.186462, 0.0158034, 0.00112027]
    ],
    "M_G1C16_M M_G1C16H1_M": [
        [-0.139791, 0.0134063, 0.000950345]
    ],
    "M_G1C16_M M_G1C16H2_M": [
        [-0.14044, 0.0131862, 0.000934747]
    ],
    "M_G1C17_M M_G1C17H1_M": [
        [-0.0366756, 0.0102943, 0.000729747]
    ],
    "M_G1C17_M M_G1C17H2_M": [
        [-0.0350822, 0.00985122, 0.000698335]
    ],
    "M_G1C17_M M_G1C17H3_M": [
        [-0.0339367, 0.0103435, 0.00073323]
    ],
    "M_G2_M M_G2H1_M": [
        [-0.241862, 0.030648, 0.00217258]
    ],
    "M_G2C3_M M_G2C3H1_M": [
        [-0.266621, 0.02345, 0.00166233]
    ],
    "M_G2C3_M M_G2C3H2_M": [
        [-0.243669, 0.0274274, 0.00194428]
    ],
    "M_G2C4_M M_G2C4H1_M": [
        [-0.264404, 0.0256102, 0.00181546]
    ],
    "M_G2C4_M M_G2C4H2_M": [
        [-0.261344, 0.0252013, 0.00178647]
    ],
    "M_G2C5_M M_G2C5H1_M": [
        [-0.268804, 0.0291959, 0.00206964]
    ],
    "M_G2C5_M M_G2C5H2_M": [
        [-0.268612, 0.0287958, 0.00204128]
    ],
    "M_G2C6_M M_G2C6H1_M": [
        [-0.2879, 0.0316003, 0.00224009]
    ],
    "M_G2C6_M M_G2C6H2_M": [
        [-0.286748, 0.0303208, 0.00214938]
    ],
    "M_G2C7_M M_G2C7H1_M": [
        [-0.273989, 0.0329992, 0.00233925]
    ],
    "M_G2C7_M M_G2C7H2_M": [
        [-0.273393, 0.0319885, 0.0022676]
    ],
    "M_G2C8_M M_G2C8H1_M": [
        [-0.252453, 0.0310164, 0.00219869]
    ],
    "M_G2C8_M M_G2C8H2_M": [
        [-0.251985, 0.0303998, 0.00215498]
    ],
    "M_G2C9_M M_G2C9H1_M": [
        [-0.16999, 0.0342772, 0.00242985]
    ],
    "M_G2C9_M M_G2C9H2_M": [
        [-0.167984, 0.0328577, 0.00232922]
    ],
    "M_G2C10_M M_G2C10H1_M": [
        [-0.119257, 0.0331856, 0.00235247]
    ],
    "M_G2C11_M M_G2C11H1_M": [
        [-0.0627148, 0.0267389, 0.00189547]
    ],
    "M_G2C12_M M_G2C12H1_M": [
        [-0.10996, 0.0266479, 0.00188902]
    ],
    "M_G2C12_M M_G2C12H2_M": [
        [-0.106523, 0.0277756, 0.00196896]
    ],
    "M_G2C13_M M_G2C13H1_M": [
        [-0.180784, 0.0213082, 0.00151049]
    ],
    "M_G2C13_M M_G2C13H2_M": [
        [-0.181022, 0.0205082, 0.00145379]
    ],
    "M_G2C14_M M_G2C14H1_M": [
        [-0.198435, 0.0179363, 0.00127147]
    ],
    "M_G2C14_M M_G2C14H2_M": [
        [-0.198172, 0.0184856, 0.00131041]
    ],
    "M_G2C15_M M_G2C15H1_M": [
        [-0.204957, 0.0175294, 0.00124263]
    ],
    "M_G2C15_M M_G2C15H2_M": [
        [-0.20533, 0.0184293, 0.00130642]
    ],
    "M_G2C16_M M_G2C16H1_M": [
        [-0.181116, 0.0176555, 0.00125157]
    ],
    "M_G2C16_M M_G2C16H2_M": [
        [-0.181967, 0.0169457, 0.00120125]
    ],
    "M_G2C17_M M_G2C17H1_M": [
        [-0.160675, 0.0163381, 0.00115818]
    ],
    "M_G2C17_M M_G2C17H2_M": [
        [-0.161327, 0.0162601, 0.00115265]
    ],
    "M_G2C18_M M_G2C18H1_M": [
        [-0.115328, 0.0140032, 0.000992661]
    ],
    "M_G2C18_M M_G2C18H2_M": [
        [-0.113843, 0.014695, 0.0010417]
    ],
    "M_G2C19_M M_G2C19H1_M": [
        [-0.0357459, 0.0103391, 0.000732917]
    ],
    "M_G2C19_M M_G2C19H2_M": [
        [-0.0365944, 0.0106639, 0.000755947]
    ],
    "M_G2C19_M M_G2C19H3_M": [
        [-0.0367159, 0.00990719, 0.000702302]
    ],
    "M_G3_M M_G3H1_M": [
        [-0.297761, 0.0203758, 0.00144441]
    ],
    "M_G3_M M_G3H2_M": [
        [-0.251907, 0.028147, 0.00199529]
    ],
    "M_G3C4_M M_G3C4H1_M": [
        [0.0432182, 0.0204379, 0.00144881]
    ],
    "M_G3C4_M M_G3C4H2_M": [
        [0.0486177, 0.0187291, 0.00132767]
    ],
    "M_G3C5_M M_G3C5H1_M": [
        [-0.0823916, 0.0200939, 0.00142442]
    ],
    "M_G3C5_M M_G3C5H2_M": [
        [-0.0835785, 0.0182134, 0.00129112]
    ],
    "M_G3N6C1_M M_G3N6C1H1_M": [
        [0.0103299, 0.0119465, 0.000846862]
    ],
    "M_G3N6C1_M M_G3N6C1H2_M": [
        [0.0102102, 0.0127195, 0.00090166]
    ],
    "M_G3N6C1_M M_G3N6C1H3_M": [
        [0.0116737, 0.0136934, 0.000970697]
    ],
    "M_G3N6C2_M M_G3N6C2H1_M": [
        [0.00969199, 0.0131867, 0.000934783]
    ],
    "M_G3N6C2_M M_G3N6C2H2_M": [
        [0.00990685, 0.0123872, 0.000878107]
    ],
    "M_G3N6C2_M M_G3N6C2H3_M": [
        [0.0105557, 0.0138784, 0.000983816]
    ],
    "M_G3N6C3_M M_G3N6C3H1_M": [
        [0.0107722, 0.011747, 0.000832721]
    ],
    "M_G3N6C3_M M_G3N6C3H2_M": [
        [0.0111697, 0.0134546, 0.000953771]
    ],
    "M_G3N6C3_M M_G3N6C3H3_M": [
        [0.00940631, 0.0119942, 0.000850247]
    ]
}