{
    "M_G1_M M_G1H1_M": [
        [-0.189902, 0.0651265, 0.00698229]
    ],
    "M_G1_M M_G1H2_M": [
        [0.0216804, 0.0819968, 0.00879098]
    ],
    "M_G1C3_M M_G1C3H1_M": [
        [-0.205877, 0.0320535, 0.0034365]
    ],
    "M_G1C3_M M_G1C3H2_M": [
        [-0.216448, 0.0313892, 0.00336527]
    ],
    "M_G1C4_M M_G1C4H1_M": [
        [-0.16121, 0.0267231, 0.00286502]
    ],
    "M_G1C4_M M_G1C4H2_M": [
        [-0.155112, 0.0257523, 0.00276093]
    ],
    "M_G1C5_M M_G1C5H1_M": [
        [-0.197681, 0.0272383, 0.00292026]
    ],
    "M_G1C5_M M_G1C5H2_M": [
        [-0.193049, 0.0268345, 0.00287696]
    ],
    "M_G1C6_M M_G1C6H1_M": [
        [-0.202464, 0.0266466, 0.00285681]
    ],
    "M_G1C6_M M_G1C6H2_M": [
        [-0.201083, 0.0260743, 0.00279546]
    ],
    "M_G1C7_M M_G1C7H1_M": [
        [-0.214769, 0.0255022, 0.00273412]
    ],
    "M_G1C7_M M_G1C7H2_M": [
        [-0.21319, 0.0256458, 0.00274952]
    ],
    "M_G1C8_M M_G1C8H1_M": [
        [-0.207404, 0.0254943, 0.00273328]
    ],
    "M_G1C8_M M_G1C8H2_M": [
        [-0.207108, 0.0249695, 0.00267701]
    ],
    "M_G1C9_M M_G1C9H1_M": [
        [-0.205089, 0.0234808, 0.0025174]
    ],
    "M_G1C9_M M_G1C9H2_M": [
        [-0.205917, 0.0247823, 0.00265694]
    ],
    "M_G1C10_M M_G1C10H1_M": [
        [-0.19095, 0.0219469, 0.00235295]
    ],
    "M_G1C10_M M_G1C10H2_M": [
        [-0.192838, 0.0240349, 0.00257681]
    ],
    "M_G1C11_M M_G1C11H1_M": [
        [-0.183649, 0.0211173, 0.00226401]
    ],
    "M_G1C11_M M_G1C11H2_M": [
        [-0.183549, 0.0220166, 0.00236043]
    ],
    "M_G1C12_M M_G1C12H1_M": [
        [-0.165564, 0.0199141, 0.00213501]
    ],
    "M_G1C12_M M_G1C12H2_M": [
        [-0.165094, 0.0211822, 0.00227097]
    ],
    "M_G1C13_M M_G1C13H1_M": [
        [-0.151749, 0.0187816, 0.0020136]
    ],
    "M_G1C13_M M_G1C13H2_M": [
        [-0.151949, 0.0196758, 0.00210947]
    ],
    "M_G1C14_M M_G1C14H1_M": [
        [-0.129848, 0.0176342, 0.00189059]
    ],
    "M_G1C14_M M_G1C14H2_M": [
        [-0.130094, 0.018768, 0.00201214]
    ],
    "M_G1C15_M M_G1C15H1_M": [
        [-0.110996, 0.0155699, 0.00166927]
    ],
    "M_G1C15_M M_G1C15H2_M": [
        [-0.110251, 0.0159888, 0.00171418]
    ],
    "M_G1C16_M M_G1C16H1_M": [
        [-0.081958, 0.0122942, 0.00131808]
    ],
    "M_G1C16_M M_G1C16H2_M": [
        [-0.0814691, 0.0133235, 0.00142843]
    ],
    "M_G1C17_M M_G1C17H1_M": [
        [-0.0254964, 0.00556513, 0.000596645]
    ],
    "M_G1C17_M M_G1C17H2_M": [
        [-0.0248869, 0.00568573, 0.000609574]
    ],
    "M_G1C17_M M_G1C17H3_M": [
        [-0.0239318, 0.00437217, 0.000468746]
    ],
    "M_G2_M M_G2H1_M": [
        [-0.189002, 0.0749896, 0.00803973]
    ],
    "M_G2C3_M M_G2C3H1_M": [
        [-0.104785, 0.0445743, 0.00477887]
    ],
    "M_G2C3_M M_G2C3H2_M": [
        [-0.115953, 0.041385, 0.00443694]
    ],
    "M_G2C4_M M_G2C4H1_M": [
        [-0.148464, 0.0279832, 0.00300011]
    ],
    "M_G2C4_M M_G2C4H2_M": [
        [-0.152972, 0.0279787, 0.00299964]
    ],
    "M_G2C5_M M_G2C5H1_M": [
        [-0.173275, 0.0291487, 0.00312507]
    ],
    "M_G2C5_M M_G2C5H2_M": [
        [-0.173823, 0.0284674, 0.00305203]
    ],
    "M_G2C6_M M_G2C6H1_M": [
        [-0.183886, 0.0294821, 0.00316081]
    ],
    "M_G2C6_M M_G2C6H2_M": [
        [-0.187467, 0.029144, 0.00312457]
    ],
    "M_G2C7_M M_G2C7H1_M": [
        [-0.170106, 0.0282497, 0.00302869]
    ],
    "M_G2C7_M M_G2C7H2_M": [
        [-0.174418, 0.0273868, 0.00293618]
    ],
    "M_G2C8_M M_G2C8H1_M": [
        [-0.162749, 0.0258535, 0.00277179]
    ],
    "M_G2C8_M M_G2C8H2_M": [
        [-0.166608, 0.0252524, 0.00270734]
    ],
    "M_G2C9_M M_G2C9H1_M": [
        [-0.117703, 0.0220247, 0.00236129]
    ],
    "M_G2C9_M M_G2C9H2_M": [
        [-0.121105, 0.021608, 0.00231662]
    ],
    "M_G2C10_M M_G2C10H1_M": [
        [-0.0944547, 0.0217738, 0.00233439]
    ],
    "M_G2C11_M M_G2C11H1_M": [
        [-0.0129496, 0.0234057, 0.00250935]
    ],
    "M_G2C12_M M_G2C12H1_M": [
        [-0.0566709, 0.0203267, 0.00217926]
    ],
    "M_G2C12_M M_G2C12H2_M": [
        [-0.0555505, 0.0208402, 0.00223431]
    ],
    "M_G2C13_M M_G2C13H1_M": [
        [-0.10396, 0.0204923, 0.002197]
    ],
    "M_G2C13_M M_G2C13H2_M": [
        [-0.103001, 0.0200434, 0.00214887]
    ],
    "M_G2C14_M M_G2C14H1_M": [
        [-0.110715, 0.0191815, 0.00205647]
    ],
    "M_G2C14_M M_G2C14H2_M": [
        [-0.108246, 0.0188971, 0.00202599]
    ],
    "M_G2C15_M M_G2C15H1_M": [
        [-0.11822, 0.0195894, 0.00210021]
    ],
    "M_G2C15_M M_G2C15H2_M": [
        [-0.117978, 0.0184968, 0.00198306]
    ],
    "M_G2C16_M M_G2C16H1_M": [
        [-0.108812, 0.0172094, 0.00184505]
    ],
    "M_G2C16_M M_G2C16H2_M": [
        [-0.108508, 0.0168646, 0.00180808]
    ],
    "M_G2C17_M M_G2C17H1_M": [
        [-0.0987339, 0.0143896, 0.00154272]
    ],
    "M_G2C17_M M_G2C17H2_M": [
        [-0.0986932, 0.0144318, 0.00154725]
    ],
    "M_G2C18_M M_G2C18H1_M": [
        [-0.0758403, 0.0116418, 0.00124813]
    ],
    "M_G2C18_M M_G2C18H2_M": [
        [-0.0746742, 0.0115799, 0.00124149]
    ],
    "M_G2C19_M M_G2C19H1_M": [
        [-0.0234442, 0.00475824, 0.000510137]
    ],
    "M_G2C19_M M_G2C19H2_M": [
        [-0.0235024, 0.0048578, 0.000520811]
    ],
    "M_G2C19_M M_G2C19H3_M": [
        [-0.0235455, 0.00509573, 0.00054632]
    ],
    "M_G3_M M_G3H1_M": [
        [-0.129598, 0.0830621, 0.00890519]
    ],
    "M_G3_M M_G3H2_M": [
        [-0.104528, 0.0722633, 0.00774744]
    ],
    "M_G3C4_M M_G3C4H1_M": [
        [0.0869814, 0.0363356, 0.00389559]
    ],
    "M_G3C4_M M_G3C4H2_M": [
        [0.0530964, 0.0359425, 0.00385344]
    ],
    "M_G3C5_M M_G3C5H1_M": [
        [-0.0163758, 0.0348215, 0.00373326]
    ],
    "M_G3C6_M M_G3C6H1_M": [
        [0.014724, 0.0300466, 0.00322134]
    ],
    "M_G3C6_M M_G3C6H2_M": [
        [0.0104343, 0.0290621, 0.00311579]
    ]
}