{
    "M_G1_M M_G1H1_M": [
        [-0.025269, 0.0351456, 0.00241953]
    ],
    "M_G1_M M_G1H2_M": [
        [-0.16958, 0.0382841, 0.00263559]
    ],
    "M_G1C3_M M_G1C3H1_M": [
        [-0.210651, 0.0268625, 0.00184929]
    ],
    "M_G1C3_M M_G1C3H2_M": [
        [-0.23115, 0.025096, 0.00172768]
    ],
    "M_G1C4_M M_G1C4H1_M": [
        [-0.173302, 0.0206537, 0.00142186]
    ],
    "M_G1C4_M M_G1C4H2_M": [
        [-0.165635, 0.0193567, 0.00133257]
    ],
    "M_G1C5_M M_G1C5H1_M": [
        [-0.196608, 0.0182704, 0.00125779]
    ],
    "M_G1C5_M M_G1C5H2_M": [
        [-0.19593, 0.0181336, 0.00124837]
    ],
    "M_G1C6_M M_G1C6H1_M": [
        [-0.193518, 0.018368, 0.00126451]
    ],
    "M_G1C6_M M_G1C6H2_M": [
        [-0.193254, 0.0185033, 0.00127382]
    ],
    "M_G1C7_M M_G1C7H1_M": [
        [-0.202023, 0.0174973, 0.00120457]
    ],
    "M_G1C7_M M_G1C7H2_M": [
        [-0.202235, 0.0181118, 0.00124687]
    ],
    "M_G1C8_M M_G1C8H1_M": [
        [-0.191625, 0.0183349, 0.00126223]
    ],
    "M_G1C8_M M_G1C8H2_M": [
        [-0.191029, 0.0177997, 0.00122538]
    ],
    "M_G1C9_M M_G1C9H1_M": [
        [-0.188784, 0.0177063, 0.00121895]
    ],
    "M_G1C9_M M_G1C9H2_M": [
        [-0.189469, 0.0175344, 0.00120712]
    ],
    "M_G1C10_M M_G1C10H1_M": [
        [-0.173496, 0.0171875, 0.00118323]
    ],
    "M_G1C10_M M_G1C10H2_M": [
        [-0.173177, 0.0177981, 0.00122527]
    ],
    "M_G1C11_M M_G1C11H1_M": [
        [-0.166347, 0.0162667, 0.00111984]
    ],
    "M_G1C11_M M_G1C11H2_M": [
        [-0.16631, 0.0166296, 0.00114483]
    ],
    "M_G1C12_M M_G1C12H1_M": [
        [-0.148376, 0.0157679, 0.00108551]
    ],
    "M_G1C12_M M_G1C12H2_M": [
        [-0.149085, 0.0148143, 0.00101986]
    ],
    "M_G1C13_M M_G1C13H1_M": [
        [-0.138422, 0.0140431, 0.000966764]
    ],
    "M_G1C13_M M_G1C13H2_M": [
        [-0.137673, 0.0140843, 0.000969603]
    ],
    "M_G1C14_M M_G1C14H1_M": [
        [-0.118646, 0.0118208, 0.000813775]
    ],
    "M_G1C14_M M_G1C14H2_M": [
        [-0.117847, 0.01219, 0.000839196]
    ],
    "M_G1C15_M M_G1C15H1_M": [
        [-0.101762, 0.0103444, 0.000712135]
    ],
    "M_G1C15_M M_G1C15H2_M": [
        [-0.101949, 0.00977932, 0.000673236]
    ],
    "M_G1C16_M M_G1C16H1_M": [
        [-0.0750888, 0.00847087, 0.000583159]
    ],
    "M_G1C16_M M_G1C16H2_M": [
        [-0.0750207, 0.00817331, 0.000562674]
    ],
    "M_G1C17_M M_G1C17H1_M": [
        [-0.0242192, 0.00618801, 0.000426]
    ],
    "M_G1C17_M M_G1C17H2_M": [
        [-0.0234861, 0.00601792, 0.000414291]
    ],
    "M_G1C17_M M_G1C17H3_M": [
        [-0.023996, 0.00625123, 0.000430352]
    ],
    "M_G2_M M_G2H1_M": [
        [-0.190977, 0.0344347, 0.00237059]
    ],
    "M_G2C3_M M_G2C3H1_M": [
        [-0.0932921, 0.0274291, 0.0018883]
    ],
    "M_G2C3_M M_G2C3H2_M": [
        [-0.117202, 0.0225212, 0.00155042]
    ],
    "M_G2C4_M M_G2C4H1_M": [
        [-0.202668, 0.0175687, 0.00120948]
    ],
    "M_G2C4_M M_G2C4H2_M": [
        [-0.198724, 0.0192249, 0.0013235]
    ],
    "M_G2C5_M M_G2C5H1_M": [
        [-0.203301, 0.0160346, 0.00110387]
    ],
    "M_G2C5_M M_G2C5H2_M": [
        [-0.205116, 0.0172397, 0.00118683]
    ],
    "M_G2C6_M M_G2C6H1_M": [
        [-0.213512, 0.0164118, 0.00112983]
    ],
    "M_G2C6_M M_G2C6H2_M": [
        [-0.2121, 0.0168179, 0.00115779]
    ],
    "M_G2C7_M M_G2C7H1_M": [
        [-0.208793, 0.0150883, 0.00103872]
    ],
    "M_G2C7_M M_G2C7H2_M": [
        [-0.206761, 0.0160927, 0.00110787]
    ],
    "M_G2C8_M M_G2C8H1_M": [
        [-0.207105, 0.0156606, 0.00107812]
    ],
    "M_G2C8_M M_G2C8H2_M": [
        [-0.206243, 0.0165532, 0.00113957]
    ],
    "M_G2C9_M M_G2C9H1_M": [
        [-0.196702, 0.0159675, 0.00109925]
    ],
    "M_G2C9_M M_G2C9H2_M": [
        [-0.194873, 0.0170785, 0.00117573]
    ],
    "M_G2C10_M M_G2C10H1_M": [
        [-0.187817, 0.0176054, 0.001212]
    ],
    "M_G2C10_M M_G2C10H2_M": [
        [-0.189017, 0.0165251, 0.00113763]
    ],
    "M_G2C11_M M_G2C11H1_M": [
        [-0.173807, 0.017066, 0.00117487]
    ],
    "M_G2C11_M M_G2C11H2_M": [
        [-0.173002, 0.0170165, 0.00117147]
    ],
    "M_G2C12_M M_G2C12H1_M": [
        [-0.163051, 0.0159802, 0.00110012]
    ],
    "M_G2C12_M M_G2C12H2_M": [
        [-0.163618, 0.0159773, 0.00109993]
    ],
    "M_G2C13_M M_G2C13H1_M": [
        [-0.146946, 0.0145896, 0.00100439]
    ],
    "M_G2C13_M M_G2C13H2_M": [
        [-0.147071, 0.0141226, 0.000972243]
    ],
    "M_G2C14_M M_G2C14H1_M": [
        [-0.134311, 0.013332, 0.000917813]
    ],
    "M_G2C14_M M_G2C14H2_M": [
        [-0.133838, 0.0130932, 0.00090137]
    ],
    "M_G2C15_M M_G2C15H1_M": [
        [-0.112544, 0.0113768, 0.000783212]
    ],
    "M_G2C15_M M_G2C15H2_M": [
        [-0.112082, 0.0110696, 0.000762064]
    ],
    "M_G2C16_M M_G2C16H1_M": [
        [-0.088612, 0.00862812, 0.000593984]
    ],
    "M_G2C16_M M_G2C16H2_M": [
        [-0.0887436, 0.0093995, 0.000647088]
    ],
    "M_G2C17_M M_G2C17H1_M": [
        [-0.022384, 0.0059025, 0.000406345]
    ],
    "M_G2C17_M M_G2C17H2_M": [
        [-0.0231876, 0.00589514, 0.000405838]
    ],
    "M_G2C17_M M_G2C17H3_M": [
        [-0.023156, 0.00578012, 0.00039792]
    ],
    "M_G3_M M_G3H1_M": [
        [-0.224898, 0.0290684, 0.00200115]
    ],
    "M_G3_M M_G3H2_M": [
        [-0.245346, 0.022469, 0.00154683]
    ],
    "M_G3C4_M M_G3C4H1_M": [
        [0.0361582, 0.0216152, 0.00148805]
    ],
    "M_G3C4_M M_G3C4H2_M": [
        [0.0392212, 0.0211656, 0.0014571]
    ],
    "M_G3C5_M M_G3C5H1_M": [
        [-0.0546201, 0.0192789, 0.00132721]
    ],
    "M_G3C5_M M_G3C5H2_M": [
        [-0.0576481, 0.0187121, 0.00128819]
    ],
    "M_G3N6C1_M M_G3N6C1H1_M": [
        [0.00880708, 0.0141505, 0.000974162]
    ],
    "M_G3N6C1_M M_G3N6C1H2_M": [
        [0.00695119, 0.0133371, 0.000918167]
    ],
    "M_G3N6C1_M M_G3N6C1H3_M": [
        [0.00920156, 0.0128034, 0.00088142]
    ],
    "M_G3N6C2_M M_G3N6C2H1_M": [
        [0.00869095, 0.0127579, 0.000878293]
    ],
    "M_G3N6C2_M M_G3N6C2H2_M": [
        [0.00779389, 0.0126628, 0.000871745]
    ],
    "M_G3N6C2_M M_G3N6C2H3_M": [
        [0.00775307, 0.0126384, 0.000870063]
    ],
    "M_G3N6C3_M M_G3N6C3H1_M": [
        [0.00997359, 0.013892, 0.000956365]
    ],
    "M_G3N6C3_M M_G3N6C3H2_M": [
        [0.00971207, 0.0124849, 0.000859495]
    ],
    "M_G3N6C3_M M_G3N6C3H3_M": [
        [0.00834825, 0.0138068, 0.000950498]
    ]
}