{
    "M_G1_M M_G1H1_M": [
        [-0.164517, 0.0545739, 0.00273211]
    ],
    "M_G1_M M_G1H2_M": [
        [-0.0440905, 0.0447931, 0.00224246]
    ],
    "M_G1C3_M M_G1C3H1_M": [
        [-0.233962, 0.0308102, 0.00154244]
    ],
    "M_G1C3_M M_G1C3H2_M": [
        [-0.204349, 0.0335539, 0.0016798]
    ],
    "M_G1C4_M M_G1C4H1_M": [
        [-0.178803, 0.0244933, 0.0012262]
    ],
    "M_G1C4_M M_G1C4H2_M": [
        [-0.1655, 0.025009, 0.00125202]
    ],
    "M_G1C5_M M_G1C5H1_M": [
        [-0.206676, 0.0238569, 0.00119434]
    ],
    "M_G1C5_M M_G1C5H2_M": [
        [-0.204391, 0.0224955, 0.00112619]
    ],
    "M_G1C6_M M_G1C6H1_M": [
        [-0.207881, 0.0239179, 0.00119739]
    ],
    "M_G1C6_M M_G1C6H2_M": [
        [-0.205854, 0.0242666, 0.00121485]
    ],
    "M_G1C7_M M_G1C7H1_M": [
        [-0.220075, 0.0233487, 0.0011689]
    ],
    "M_G1C7_M M_G1C7H2_M": [
        [-0.219136, 0.0230585, 0.00115437]
    ],
    "M_G1C8_M M_G1C8H1_M": [
        [-0.212826, 0.0235724, 0.0011801]
    ],
    "M_G1C8_M M_G1C8H2_M": [
        [-0.211557, 0.0230536, 0.00115412]
    ],
    "M_G1C9_M M_G1C9H1_M": [
        [-0.212782, 0.0238826, 0.00119563]
    ],
    "M_G1C9_M M_G1C9H2_M": [
        [-0.211178, 0.022418, 0.0011223]
    ],
    "M_G1C10_M M_G1C10H1_M": [
        [-0.197447, 0.0231275, 0.00115782]
    ],
    "M_G1C10_M M_G1C10H2_M": [
        [-0.19568, 0.0228312, 0.00114299]
    ],
    "M_G1C11_M M_G1C11H1_M": [
        [-0.190182, 0.0222181, 0.0011123]
    ],
    "M_G1C11_M M_G1C11H2_M": [
        [-0.189406, 0.0228366, 0.00114326]
    ],
    "M_G1C12_M M_G1C12H1_M": [
        [-0.170955, 0.0213892, 0.0010708]
    ],
    "M_G1C12_M M_G1C12H2_M": [
        [-0.17176, 0.0214268, 0.00107268]
    ],
    "M_G1C13_M M_G1C13H1_M": [
        [-0.159442, 0.0203304, 0.0010178]
    ],
    "M_G1C13_M M_G1C13H2_M": [
        [-0.16002, 0.0207489, 0.00103875]
    ],
    "M_G1C14_M M_G1C14H1_M": [
        [-0.138365, 0.0181073, 0.000906498]
    ],
    "M_G1C14_M M_G1C14H2_M": [
        [-0.139066, 0.0189261, 0.000947491]
    ],
    "M_G1C15_M M_G1C15H1_M": [
        [-0.121038, 0.0163126, 0.000816649]
    ],
    "M_G1C15_M M_G1C15H2_M": [
        [-0.121669, 0.0169382, 0.00084797]
    ],
    "M_G1C16_M M_G1C16H1_M": [
        [-0.0914413, 0.0138087, 0.000691298]
    ],
    "M_G1C16_M M_G1C16H2_M": [
        [-0.0919401, 0.0141389, 0.000707831]
    ],
    "M_G1C17_M M_G1C17H1_M": [
        [-0.0308124, 0.00964915, 0.000483062]
    ],
    "M_G1C17_M M_G1C17H2_M": [
        [-0.0308392, 0.0101642, 0.000508848]
    ],
    "M_G1C17_M M_G1C17H3_M": [
        [-0.0317416, 0.0105142, 0.000526366]
    ],
    "M_G2_M M_G2H1_M": [
        [-0.186801, 0.0447944, 0.00224253]
    ],
    "M_G2C3_M M_G2C3H1_M": [
        [-0.0765008, 0.0339318, 0.00169871]
    ],
    "M_G2C3_M M_G2C3H2_M": [
        [-0.107335, 0.0293603, 0.00146985]
    ],
    "M_G2C4_M M_G2C4H1_M": [
        [-0.200495, 0.0267082, 0.00133708]
    ],
    "M_G2C4_M M_G2C4H2_M": [
        [-0.206226, 0.0248902, 0.00124607]
    ],
    "M_G2C5_M M_G2C5H1_M": [
        [-0.199092, 0.0244329, 0.00122318]
    ],
    "M_G2C5_M M_G2C5H2_M": [
        [-0.203565, 0.0232671, 0.00116481]
    ],
    "M_G2C6_M M_G2C6H1_M": [
        [-0.211539, 0.0250104, 0.00125209]
    ],
    "M_G2C6_M M_G2C6H2_M": [
        [-0.209829, 0.0249062, 0.00124687]
    ],
    "M_G2C7_M M_G2C7H1_M": [
        [-0.189445, 0.0233254, 0.00116773]
    ],
    "M_G2C7_M M_G2C7H2_M": [
        [-0.187604, 0.0247813, 0.00124062]
    ],
    "M_G2C8_M M_G2C8H1_M": [
        [-0.179838, 0.0234421, 0.00117357]
    ],
    "M_G2C8_M M_G2C8H2_M": [
        [-0.179216, 0.0236667, 0.00118482]
    ],
    "M_G2C9_M M_G2C9H1_M": [
        [-0.101675, 0.0220128, 0.00110202]
    ],
    "M_G2C9_M M_G2C9H2_M": [
        [-0.10357, 0.021979, 0.00110033]
    ],
    "M_G2C10_M M_G2C10H1_M": [
        [-0.056691, 0.0244514, 0.0012241]
    ],
    "M_G2C11_M M_G2C11H1_M": [
        [-0.0491563, 0.0224368, 0.00112324]
    ],
    "M_G2C12_M M_G2C12H1_M": [
        [-0.0796915, 0.0226746, 0.00113515]
    ],
    "M_G2C12_M M_G2C12H2_M": [
        [-0.0801341, 0.0215492, 0.00107881]
    ],
    "M_G2C13_M M_G2C13H1_M": [
        [-0.122159, 0.0219841, 0.00110058]
    ],
    "M_G2C13_M M_G2C13H2_M": [
        [-0.121781, 0.0221302, 0.0011079]
    ],
    "M_G2C14_M M_G2C14H1_M": [
        [-0.129443, 0.0211814, 0.0010604]
    ],
    "M_G2C14_M M_G2C14H2_M": [
        [-0.128677, 0.0218244, 0.00109259]
    ],
    "M_G2C15_M M_G2C15H1_M": [
        [-0.134281, 0.0207382, 0.00103821]
    ],
    "M_G2C15_M M_G2C15H2_M": [
        [-0.133282, 0.0206861, 0.0010356]
    ],
    "M_G2C16_M M_G2C16H1_M": [
        [-0.122814, 0.0185773, 0.00093003]
    ],
    "M_G2C16_M M_G2C16H2_M": [
        [-0.123845, 0.0177244, 0.000887329]
    ],
    "M_G2C17_M M_G2C17H1_M": [
        [-0.111834, 0.0169143, 0.000846776]
    ],
    "M_G2C17_M M_G2C17H2_M": [
        [-0.112477, 0.0164282, 0.000822437]
    ],
    "M_G2C18_M M_G2C18H1_M": [
        [-0.0873623, 0.0140642, 0.00070409]
    ],
    "M_G2C18_M M_G2C18H2_M": [
        [-0.0878519, 0.0142709, 0.000714439]
    ],
    "M_G2C19_M M_G2C19H1_M": [
        [-0.0291369, 0.0105565, 0.000528488]
    ],
    "M_G2C19_M M_G2C19H2_M": [
        [-0.0301029, 0.0106987, 0.000535604]
    ],
    "M_G2C19_M M_G2C19H3_M": [
        [-0.0288844, 0.0103528, 0.000518288]
    ],
    "M_G3_M M_G3H1_M": [
        [-0.216788, 0.0379407, 0.00189941]
    ],
    "M_G3_M M_G3H2_M": [
        [-0.238008, 0.0302907, 0.00151643]
    ],
    "M_G3C4_M M_G3C4H1_M": [
        [0.0440825, 0.0248369, 0.0012434]
    ],
    "M_G3C4_M M_G3C4H2_M": [
        [0.0382495, 0.0248788, 0.0012455]
    ],
    "M_G3C5_M M_G3C5H1_M": [
        [-0.0698362, 0.0229554, 0.00114921]
    ],
    "M_G3C5_M M_G3C5H2_M": [
        [-0.0705087, 0.0248485, 0.00124398]
    ],
    "M_G3N6C1_M M_G3N6C1H1_M": [
        [0.0122588, 0.0140524, 0.0007035]
    ],
    "M_G3N6C1_M M_G3N6C1H2_M": [
        [0.0103354, 0.0150462, 0.000753252]
    ],
    "M_G3N6C1_M M_G3N6C1H3_M": [
        [0.00966928, 0.0142039, 0.000711084]
    ],
    "M_G3N6C2_M M_G3N6C2H1_M": [
        [0.0117635, 0.0140349, 0.000702625]
    ],
    "M_G3N6C2_M M_G3N6C2H2_M": [
        [0.0110368, 0.0150473, 0.000753306]
    ],
    "M_G3N6C2_M M_G3N6C2H3_M": [
        [0.011586, 0.0147783, 0.000739838]
    ],
    "M_G3N6C3_M M_G3N6C3H1_M": [
        [0.0109809, 0.0138662, 0.000694178]
    ],
    "M_G3N6C3_M M_G3N6C3H2_M": [
        [0.0112051, 0.013876, 0.000694668]
    ],
    "M_G3N6C3_M M_G3N6C3H3_M": [
        [0.0113375, 0.0143371, 0.000717754]
    ]
}