{
    "M_G1_M M_G1H1_M": [
        [-0.0272123, 0.0465276, 0.0046762]
    ],
    "M_G1_M M_G1H2_M": [
        [-0.155484, 0.0551575, 0.00554354]
    ],
    "M_G1C3_M M_G1C3H1_M": [
        [-0.224902, 0.0315441, 0.0031703]
    ],
    "M_G1C3_M M_G1C3H2_M": [
        [-0.198688, 0.0335544, 0.00337235]
    ],
    "M_G1C4_M M_G1C4H1_M": [
        [-0.1746, 0.0251666, 0.00252934]
    ],
    "M_G1C4_M M_G1C4H2_M": [
        [-0.166623, 0.0238189, 0.00239389]
    ],
    "M_G1C5_M M_G1C5H1_M": [
        [-0.203287, 0.0213203, 0.00214277]
    ],
    "M_G1C5_M M_G1C5H2_M": [
        [-0.202431, 0.0229394, 0.00230549]
    ],
    "M_G1C6_M M_G1C6H1_M": [
        [-0.207409, 0.022852, 0.00229672]
    ],
    "M_G1C6_M M_G1C6H2_M": [
        [-0.204374, 0.0238874, 0.00240077]
    ],
    "M_G1C7_M M_G1C7H1_M": [
        [-0.216117, 0.0228339, 0.00229489]
    ],
    "M_G1C7_M M_G1C7H2_M": [
        [-0.216516, 0.0233712, 0.00234889]
    ],
    "M_G1C8_M M_G1C8H1_M": [
        [-0.209488, 0.0238303, 0.00239503]
    ],
    "M_G1C8_M M_G1C8H2_M": [
        [-0.207175, 0.0236679, 0.00237871]
    ],
    "M_G1C9_M M_G1C9H1_M": [
        [-0.207001, 0.0231562, 0.00232728]
    ],
    "M_G1C9_M M_G1C9H2_M": [
        [-0.206033, 0.0248236, 0.00249487]
    ],
    "M_G1C10_M M_G1C10H1_M": [
        [-0.191542, 0.0237225, 0.0023842]
    ],
    "M_G1C10_M M_G1C10H2_M": [
        [-0.192043, 0.0244723, 0.00245956]
    ],
    "M_G1C11_M M_G1C11H1_M": [
        [-0.184609, 0.0249134, 0.0025039]
    ],
    "M_G1C11_M M_G1C11H2_M": [
        [-0.185624, 0.023233, 0.002335]
    ],
    "M_G1C12_M M_G1C12H1_M": [
        [-0.168061, 0.023257, 0.00233741]
    ],
    "M_G1C12_M M_G1C12H2_M": [
        [-0.167884, 0.0223515, 0.00224641]
    ],
    "M_G1C13_M M_G1C13H1_M": [
        [-0.156837, 0.0211281, 0.00212345]
    ],
    "M_G1C13_M M_G1C13H2_M": [
        [-0.157163, 0.0208447, 0.00209497]
    ],
    "M_G1C14_M M_G1C14H1_M": [
        [-0.137436, 0.0193053, 0.00194026]
    ],
    "M_G1C14_M M_G1C14H2_M": [
        [-0.136378, 0.019479, 0.00195772]
    ],
    "M_G1C15_M M_G1C15H1_M": [
        [-0.119798, 0.0158975, 0.00159776]
    ],
    "M_G1C15_M M_G1C15H2_M": [
        [-0.118607, 0.0165957, 0.00166793]
    ],
    "M_G1C16_M M_G1C16H1_M": [
        [-0.0907253, 0.014068, 0.00141389]
    ],
    "M_G1C16_M M_G1C16H2_M": [
        [-0.0900906, 0.0134021, 0.00134696]
    ],
    "M_G1C17_M M_G1C17H1_M": [
        [-0.0314329, 0.00893335, 0.000897835]
    ],
    "M_G1C17_M M_G1C17H2_M": [
        [-0.0304006, 0.0104426, 0.00104952]
    ],
    "M_G1C17_M M_G1C17H3_M": [
        [-0.0297911, 0.00978648, 0.000983578]
    ],
    "M_G2_M M_G2H1_M": [
        [-0.173586, 0.0506766, 0.00509319]
    ],
    "M_G2C3_M M_G2C3H1_M": [
        [-0.0791905, 0.0357056, 0.00358854]
    ],
    "M_G2C3_M M_G2C3H2_M": [
        [-0.100623, 0.03567, 0.00358497]
    ],
    "M_G2C4_M M_G2C4H1_M": [
        [-0.191294, 0.0256122, 0.00257412]
    ],
    "M_G2C4_M M_G2C4H2_M": [
        [-0.191014, 0.0260778, 0.00262091]
    ],
    "M_G2C5_M M_G2C5H1_M": [
        [-0.193909, 0.0237496, 0.00238692]
    ],
    "M_G2C5_M M_G2C5H2_M": [
        [-0.191927, 0.025327, 0.00254546]
    ],
    "M_G2C6_M M_G2C6H1_M": [
        [-0.203799, 0.0245599, 0.00246837]
    ],
    "M_G2C6_M M_G2C6H2_M": [
        [-0.199641, 0.0249674, 0.00250932]
    ],
    "M_G2C7_M M_G2C7H1_M": [
        [-0.182469, 0.0234262, 0.00235442]
    ],
    "M_G2C7_M M_G2C7H2_M": [
        [-0.181478, 0.0243381, 0.00244607]
    ],
    "M_G2C8_M M_G2C8H1_M": [
        [-0.172771, 0.0221058, 0.00222172]
    ],
    "M_G2C8_M M_G2C8H2_M": [
        [-0.172859, 0.0234406, 0.00235587]
    ],
    "M_G2C9_M M_G2C9H1_M": [
        [-0.0982549, 0.0214092, 0.0021517]
    ],
    "M_G2C9_M M_G2C9H2_M": [
        [-0.0999276, 0.0228355, 0.00229506]
    ],
    "M_G2C10_M M_G2C10H1_M": [
        [-0.052629, 0.0248007, 0.00249257]
    ],
    "M_G2C11_M M_G2C11H1_M": [
        [-0.0520362, 0.021691, 0.00218003]
    ],
    "M_G2C12_M M_G2C12H1_M": [
        [-0.0797873, 0.0223434, 0.0022456]
    ],
    "M_G2C12_M M_G2C12H2_M": [
        [-0.0818366, 0.0190334, 0.00191293]
    ],
    "M_G2C13_M M_G2C13H1_M": [
        [-0.124321, 0.0206538, 0.00207579]
    ],
    "M_G2C13_M M_G2C13H2_M": [
        [-0.121873, 0.0202393, 0.00203413]
    ],
    "M_G2C14_M M_G2C14H1_M": [
        [-0.130126, 0.0192387, 0.00193356]
    ],
    "M_G2C14_M M_G2C14H2_M": [
        [-0.129835, 0.0199325, 0.0020033]
    ],
    "M_G2C15_M M_G2C15H1_M": [
        [-0.133038, 0.0188869, 0.0018982]
    ],
    "M_G2C15_M M_G2C15H2_M": [
        [-0.134801, 0.0187564, 0.00188509]
    ],
    "M_G2C16_M M_G2C16H1_M": [
        [-0.121854, 0.0166883, 0.00167723]
    ],
    "M_G2C16_M M_G2C16H2_M": [
        [-0.123637, 0.0161676, 0.00162491]
    ],
    "M_G2C17_M M_G2C17H1_M": [
        [-0.111571, 0.0149991, 0.00150747]
    ],
    "M_G2C17_M M_G2C17H2_M": [
        [-0.112528, 0.0153604, 0.00154378]
    ],
    "M_G2C18_M M_G2C18H1_M": [
        [-0.0862176, 0.0135956, 0.00136641]
    ],
    "M_G2C18_M M_G2C18H2_M": [
        [-0.0886212, 0.0130503, 0.0013116]
    ],
    "M_G2C19_M M_G2C19H1_M": [
        [-0.0279735, 0.0101106, 0.00101616]
    ],
    "M_G2C19_M M_G2C19H2_M": [
        [-0.0293691, 0.0112148, 0.00112713]
    ],
    "M_G2C19_M M_G2C19H3_M": [
        [-0.0285514, 0.00982733, 0.000987684]
    ],
    "M_G3_M M_G3H1_M": [
        [-0.194079, 0.0390938, 0.00392908]
    ],
    "M_G3_M M_G3H2_M": [
        [-0.216791, 0.0370691, 0.00372558]
    ],
    "M_G3C4_M M_G3C4H1_M": [
        [0.0664142, 0.0312877, 0.00314453]
    ],
    "M_G3C4_M M_G3C4H2_M": [
        [0.0319028, 0.0263864, 0.00265193]
    ],
    "M_G3C5_M M_G3C5H1_M": [
        [0.0682241, 0.0311324, 0.00312892]
    ],
    "M_G3C6_M M_G3C6H1_M": [
        [0.0523638, 0.0298006, 0.00299507]
    ],
    "M_G3C6_M M_G3C6H2_M": [
        [-0.0164483, 0.0256552, 0.00257844]
    ]
}