{
    "M_G1_M M_G1H1_M": [
        [-0.0483563, 0.0222469, 0.00157704]
    ],
    "M_G1_M M_G1H2_M": [
        [-0.167825, 0.0265236, 0.00188021]
    ],
    "M_G1C3_M M_G1C3H1_M": [
        [-0.232111, 0.0146445, 0.00103812]
    ],
    "M_G1C3_M M_G1C3H2_M": [
        [-0.203265, 0.0166091, 0.00117739]
    ],
    "M_G1C4_M M_G1C4H1_M": [
        [-0.170402, 0.0117411, 0.000832304]
    ],
    "M_G1C4_M M_G1C4H2_M": [
        [-0.158937, 0.0118235, 0.000838149]
    ],
    "M_G1C5_M M_G1C5H1_M": [
        [-0.197534, 0.0106933, 0.000758028]
    ],
    "M_G1C5_M M_G1C5H2_M": [
        [-0.195881, 0.0101626, 0.00072041]
    ],
    "M_G1C6_M M_G1C6H1_M": [
        [-0.196339, 0.0106485, 0.000754853]
    ],
    "M_G1C6_M M_G1C6H2_M": [
        [-0.194889, 0.0111416, 0.000789805]
    ],
    "M_G1C7_M M_G1C7H1_M": [
        [-0.206193, 0.0106603, 0.000755688]
    ],
    "M_G1C7_M M_G1C7H2_M": [
        [-0.205658, 0.011042, 0.000782747]
    ],
    "M_G1C8_M M_G1C8H1_M": [
        [-0.194879, 0.0104687, 0.000742105]
    ],
    "M_G1C8_M M_G1C8H2_M": [
        [-0.19403, 0.0107865, 0.000764636]
    ],
    "M_G1C9_M M_G1C9H1_M": [
        [-0.192399, 0.0105642, 0.000748876]
    ],
    "M_G1C9_M M_G1C9H2_M": [
        [-0.192457, 0.0105525, 0.000748044]
    ],
    "M_G1C10_M M_G1C10H1_M": [
        [-0.175271, 0.010132, 0.000718238]
    ],
    "M_G1C10_M M_G1C10H2_M": [
        [-0.175813, 0.0101502, 0.00071953]
    ],
    "M_G1C11_M M_G1C11H1_M": [
        [-0.167644, 0.0097951, 0.000694356]
    ],
    "M_G1C11_M M_G1C11H2_M": [
        [-0.167769, 0.00997943, 0.000707423]
    ],
    "M_G1C12_M M_G1C12H1_M": [
        [-0.148715, 0.00914375, 0.000648183]
    ],
    "M_G1C12_M M_G1C12H2_M": [
        [-0.149178, 0.00923172, 0.000654419]
    ],
    "M_G1C13_M M_G1C13H1_M": [
        [-0.138036, 0.00864605, 0.000612902]
    ],
    "M_G1C13_M M_G1C13H2_M": [
        [-0.138221, 0.00846376, 0.00059998]
    ],
    "M_G1C14_M M_G1C14H1_M": [
        [-0.11854, 0.00771226, 0.000546708]
    ],
    "M_G1C14_M M_G1C14H2_M": [
        [-0.118627, 0.00710927, 0.000503963]
    ],
    "M_G1C15_M M_G1C15H1_M": [
        [-0.103638, 0.00662365, 0.000469538]
    ],
    "M_G1C15_M M_G1C15H2_M": [
        [-0.103793, 0.00635618, 0.000450577]
    ],
    "M_G1C16_M M_G1C16H1_M": [
        [-0.0775737, 0.00534588, 0.00037896]
    ],
    "M_G1C16_M M_G1C16H2_M": [
        [-0.0782686, 0.00513219, 0.000363811]
    ],
    "M_G1C17_M M_G1C17H1_M": [
        [-0.0269344, 0.00346973, 0.000245963]
    ],
    "M_G1C17_M M_G1C17H2_M": [
        [-0.0266707, 0.00354373, 0.000251208]
    ],
    "M_G1C17_M M_G1C17H3_M": [
        [-0.0264572, 0.00319827, 0.000226719]
    ],
    "M_G2_M M_G2H1_M": [
        [-0.18273, 0.0255096, 0.00180833]
    ],
    "M_G2C3_M M_G2C3H1_M": [
        [-0.0682247, 0.0182846, 0.00129616]
    ],
    "M_G2C3_M M_G2C3H2_M": [
        [-0.0955803, 0.0146633, 0.00103946]
    ],
    "M_G2C4_M M_G2C4H1_M": [
        [-0.148202, 0.0129806, 0.000920168]
    ],
    "M_G2C4_M M_G2C4H2_M": [
        [-0.166755, 0.010569, 0.000749218]
    ],
    "M_G2C5_M M_G2C5H1_M": [
        [-0.139121, 0.0122485, 0.000868271]
    ],
    "M_G2C5_M M_G2C5H2_M": [
        [-0.151968, 0.0105917, 0.000750828]
    ],
    "M_G2C6_M M_G2C6H1_M": [
        [-0.0952368, 0.011836, 0.000839034]
    ],
    "M_G2C6_M M_G2C6H2_M": [
        [-0.0897378, 0.0126418, 0.000896152]
    ],
    "M_G2C7_M M_G2C7H1_M": [
        [-0.0265641, 0.0127361, 0.000902835]
    ],
    "M_G2C8_M M_G2C8H1_M": [
        [-0.109204, 0.00976669, 0.000692342]
    ],
    "M_G2C9_M M_G2C9H1_M": [
        [-0.0411824, 0.00880203, 0.000623959]
    ],
    "M_G2C9_M M_G2C9H2_M": [
        [-0.0423968, 0.00913059, 0.000647251]
    ],
    "M_G2C10_M M_G2C10H1_M": [
        [-0.0371928, 0.0108725, 0.000770731]
    ],
    "M_G2C11_M M_G2C11H1_M": [
        [-0.0350034, 0.0101658, 0.000720632]
    ],
    "M_G2C12_M M_G2C12H1_M": [
        [-0.0793369, 0.00939624, 0.000666082]
    ],
    "M_G2C12_M M_G2C12H2_M": [
        [-0.0797866, 0.00933466, 0.000661717]
    ],
    "M_G2C13_M M_G2C13H1_M": [
        [-0.110649, 0.0100847, 0.000714885]
    ],
    "M_G2C13_M M_G2C13H2_M": [
        [-0.110085, 0.00992067, 0.000703258]
    ],
    "M_G2C14_M M_G2C14H1_M": [
        [-0.117602, 0.00941861, 0.000667668]
    ],
    "M_G2C14_M M_G2C14H2_M": [
        [-0.117196, 0.00959494, 0.000680167]
    ],
    "M_G2C15_M M_G2C15H1_M": [
        [-0.120913, 0.00895917, 0.000635098]
    ],
    "M_G2C15_M M_G2C15H2_M": [
        [-0.120366, 0.00967818, 0.000686068]
    ],
    "M_G2C16_M M_G2C16H1_M": [
        [-0.110889, 0.00830207, 0.000588518]
    ],
    "M_G2C16_M M_G2C16H2_M": [
        [-0.11086, 0.00786421, 0.000557479]
    ],
    "M_G2C17_M M_G2C17H1_M": [
        [-0.100733, 0.00725019, 0.000513953]
    ],
    "M_G2C17_M M_G2C17H2_M": [
        [-0.100544, 0.00678229, 0.000480784]
    ],
    "M_G2C18_M M_G2C18H1_M": [
        [-0.0793276, 0.00547872, 0.000388376]
    ],
    "M_G2C18_M M_G2C18H2_M": [
        [-0.079458, 0.00546133, 0.000387144]
    ],
    "M_G2C19_M M_G2C19H1_M": [
        [-0.0262683, 0.00338837, 0.000240195]
    ],
    "M_G2C19_M M_G2C19H2_M": [
        [-0.0261024, 0.00320742, 0.000227368]
    ],
    "M_G2C19_M M_G2C19H3_M": [
        [-0.0261758, 0.00318553, 0.000225816]
    ],
    "M_G3_M M_G3H1_M": [
        [-0.221325, 0.0214521, 0.0015207]
    ],
    "M_G3_M M_G3H2_M": [
        [-0.24577, 0.0155402, 0.00110162]
    ],
    "M_G3C4_M M_G3C4H1_M": [
        [0.0352397, 0.013234, 0.000938135]
    ],
    "M_G3C4_M M_G3C4H2_M": [
        [0.0317997, 0.0124809, 0.000884749]
    ],
    "M_G3C5_M M_G3C5H1_M": [
        [-0.0742858, 0.0108051, 0.000765951]
    ],
    "M_G3C5_M M_G3C5H2_M": [
        [-0.0741087, 0.0130941, 0.000928213]
    ],
    "M_G3N6C1_M M_G3N6C1H1_M": [
        [0.0107069, 0.00714724, 0.000506655]
    ],
    "M_G3N6C1_M M_G3N6C1H2_M": [
        [0.0113867, 0.00723772, 0.000513068]
    ],
    "M_G3N6C1_M M_G3N6C1H3_M": [
        [0.0113107, 0.00712389, 0.000504999]
    ],
    "M_G3N6C2_M M_G3N6C2H1_M": [
        [0.0103409, 0.00710539, 0.000503688]
    ],
    "M_G3N6C2_M M_G3N6C2H2_M": [
        [0.0113296, 0.00676841, 0.0004798]
    ],
    "M_G3N6C2_M M_G3N6C2H3_M": [
        [0.0109117, 0.00735314, 0.00052125]
    ],
    "M_G3N6C3_M M_G3N6C3H1_M": [
        [0.010847, 0.00733591, 0.000520029]
    ],
    "M_G3N6C3_M M_G3N6C3H2_M": [
        [0.0113085, 0.00737046, 0.000522478]
    ],
    "M_G3N6C3_M M_G3N6C3H3_M": [
        [0.0109551, 0.00659391, 0.00046743]
    ]
}