{
    "M_G1_M M_G1H1_M": [
        [-0.279743, 0.0461587, 0.00547803]
    ],
    "M_G1_M M_G1H2_M": [
        [0.0089216, 0.0811519, 0.00963096]
    ],
    "M_G1C3_M M_G1C3H1_M": [
        [-0.289135, 0.0201572, 0.00239222]
    ],
    "M_G1C3_M M_G1C3H2_M": [
        [-0.280645, 0.0200581, 0.00238046]
    ],
    "M_G1C4_M M_G1C4H1_M": [
        [-0.230417, 0.0169272, 0.00200888]
    ],
    "M_G1C4_M M_G1C4H2_M": [
        [-0.222507, 0.0170053, 0.00201815]
    ],
    "M_G1C5_M M_G1C5H1_M": [
        [-0.259843, 0.0148189, 0.00175867]
    ],
    "M_G1C5_M M_G1C5H2_M": [
        [-0.257261, 0.0151922, 0.00180298]
    ],
    "M_G1C6_M M_G1C6H1_M": [
        [-0.250504, 0.0153702, 0.00182411]
    ],
    "M_G1C6_M M_G1C6H2_M": [
        [-0.249485, 0.0158827, 0.00188493]
    ],
    "M_G1C7_M M_G1C7H1_M": [
        [-0.263993, 0.0149291, 0.00177176]
    ],
    "M_G1C7_M M_G1C7H2_M": [
        [-0.264543, 0.0156205, 0.00185381]
    ],
    "M_G1C8_M M_G1C8H1_M": [
        [-0.251854, 0.0161759, 0.00191972]
    ],
    "M_G1C8_M M_G1C8H2_M": [
        [-0.252095, 0.0164864, 0.00195658]
    ],
    "M_G1C9_M M_G1C9H1_M": [
        [-0.253004, 0.0166573, 0.00197686]
    ],
    "M_G1C9_M M_G1C9H2_M": [
        [-0.253897, 0.016295, 0.00193386]
    ],
    "M_G1C10_M M_G1C10H1_M": [
        [-0.234871, 0.0175614, 0.00208416]
    ],
    "M_G1C10_M M_G1C10H2_M": [
        [-0.234923, 0.0171309, 0.00203306]
    ],
    "M_G1C11_M M_G1C11H1_M": [
        [-0.228679, 0.0174735, 0.00207373]
    ],
    "M_G1C11_M M_G1C11H2_M": [
        [-0.229149, 0.017243, 0.00204637]
    ],
    "M_G1C12_M M_G1C12H1_M": [
        [-0.205099, 0.0182963, 0.00217138]
    ],
    "M_G1C12_M M_G1C12H2_M": [
        [-0.204449, 0.0178633, 0.00211998]
    ],
    "M_G1C13_M M_G1C13H1_M": [
        [-0.192314, 0.0178437, 0.00211765]
    ],
    "M_G1C13_M M_G1C13H2_M": [
        [-0.191893, 0.0180648, 0.0021439]
    ],
    "M_G1C14_M M_G1C14H1_M": [
        [-0.162499, 0.0172222, 0.0020439]
    ],
    "M_G1C14_M M_G1C14H2_M": [
        [-0.162194, 0.0166276, 0.00197333]
    ],
    "M_G1C15_M M_G1C15H1_M": [
        [-0.140867, 0.014831, 0.00176012]
    ],
    "M_G1C15_M M_G1C15H2_M": [
        [-0.140569, 0.0148303, 0.00176004]
    ],
    "M_G1C16_M M_G1C16H1_M": [
        [-0.0993439, 0.0114777, 0.00136215]
    ],
    "M_G1C16_M M_G1C16H2_M": [
        [-0.0997623, 0.0111696, 0.00132559]
    ],
    "M_G1C17_M M_G1C17H1_M": [
        [-0.0337869, 0.00416616, 0.000494432]
    ],
    "M_G1C17_M M_G1C17H2_M": [
        [-0.0343169, 0.00399031, 0.000473562]
    ],
    "M_G1C17_M M_G1C17H3_M": [
        [-0.0343684, 0.00462277, 0.000548622]
    ],
    "M_G2_M M_G2H1_M": [
        [-0.251542, 0.0680325, 0.00807397]
    ],
    "M_G2C3_M M_G2C3H1_M": [
        [-0.164986, 0.036352, 0.00431419]
    ],
    "M_G2C3_M M_G2C3H2_M": [
        [-0.158219, 0.0399465, 0.00474078]
    ],
    "M_G2C4_M M_G2C4H1_M": [
        [-0.22716, 0.0203558, 0.00241579]
    ],
    "M_G2C4_M M_G2C4H2_M": [
        [-0.217779, 0.0246054, 0.00292012]
    ],
    "M_G2C5_M M_G2C5H1_M": [
        [-0.224389, 0.0208889, 0.00247906]
    ],
    "M_G2C5_M M_G2C5H2_M": [
        [-0.223101, 0.0209346, 0.00248448]
    ],
    "M_G2C6_M M_G2C6H1_M": [
        [-0.236168, 0.01801, 0.00213739]
    ],
    "M_G2C6_M M_G2C6H2_M": [
        [-0.236674, 0.018666, 0.00221524]
    ],
    "M_G2C7_M M_G2C7H1_M": [
        [-0.208348, 0.0177346, 0.00210471]
    ],
    "M_G2C7_M M_G2C7H2_M": [
        [-0.21083, 0.0172738, 0.00205002]
    ],
    "M_G2C8_M M_G2C8H1_M": [
        [-0.203934, 0.0165551, 0.00196473]
    ],
    "M_G2C8_M M_G2C8H2_M": [
        [-0.204926, 0.0161091, 0.0019118]
    ],
    "M_G2C9_M M_G2C9H1_M": [
        [-0.140048, 0.0134369, 0.00159467]
    ],
    "M_G2C9_M M_G2C9H2_M": [
        [-0.140544, 0.0138552, 0.00164431]
    ],
    "M_G2C10_M M_G2C10H1_M": [
        [-0.106948, 0.0143232, 0.00169985]
    ],
    "M_G2C11_M M_G2C11H1_M": [
        [0.00327052, 0.0186739, 0.00221619]
    ],
    "M_G2C12_M M_G2C12H1_M": [
        [-0.071865, 0.0137927, 0.00163689]
    ],
    "M_G2C12_M M_G2C12H2_M": [
        [-0.0716765, 0.0146013, 0.00173285]
    ],
    "M_G2C13_M M_G2C13H1_M": [
        [-0.135348, 0.0156664, 0.00185926]
    ],
    "M_G2C13_M M_G2C13H2_M": [
        [-0.135351, 0.0160222, 0.00190149]
    ],
    "M_G2C14_M M_G2C14H1_M": [
        [-0.145567, 0.0157364, 0.00186757]
    ],
    "M_G2C14_M M_G2C14H2_M": [
        [-0.144877, 0.0154215, 0.0018302]
    ],
    "M_G2C15_M M_G2C15H1_M": [
        [-0.154969, 0.0153106, 0.00181703]
    ],
    "M_G2C15_M M_G2C15H2_M": [
        [-0.15466, 0.0156088, 0.00185242]
    ],
    "M_G2C16_M M_G2C16H1_M": [
        [-0.143032, 0.014108, 0.00167431]
    ],
    "M_G2C16_M M_G2C16H2_M": [
        [-0.142453, 0.0144039, 0.00170943]
    ],
    "M_G2C17_M M_G2C17H1_M": [
        [-0.127846, 0.0128382, 0.00152362]
    ],
    "M_G2C17_M M_G2C17H2_M": [
        [-0.127798, 0.0121285, 0.00143939]
    ],
    "M_G2C18_M M_G2C18H1_M": [
        [-0.0975276, 0.0099649, 0.00118262]
    ],
    "M_G2C18_M M_G2C18H2_M": [
        [-0.097396, 0.00975142, 0.00115728]
    ],
    "M_G2C19_M M_G2C19H1_M": [
        [-0.0292478, 0.00359342, 0.000426461]
    ],
    "M_G2C19_M M_G2C19H2_M": [
        [-0.0298002, 0.00373765, 0.000443577]
    ],
    "M_G2C19_M M_G2C19H3_M": [
        [-0.0289822, 0.00415851, 0.000493525]
    ],
    "M_G3_M M_G3H1_M": [
        [-0.1856, 0.0750678, 0.00890891]
    ],
    "M_G3_M M_G3H2_M": [
        [-0.254748, 0.0665461, 0.00789756]
    ],
    "M_G3C4_M M_G3C4H1_M": [
        [0.120717, 0.101996, 0.0121047]
    ],
    "M_G3C4_M M_G3C4H2_M": [
        [0.155343, 0.0869589, 0.0103201]
    ],
    "M_G3C5_M M_G3C5H1_M": [
        [0.129222, 0.088355, 0.0104858]
    ]
}