{
    "M_G1_M M_G1H1_M": [
        [-0.189031, 0.0893627, 0.00395317]
    ],
    "M_G1_M M_G1H2_M": [
        [-0.0366469, 0.165508, 0.00732165]
    ],
    "M_G1C3_M M_G1C3H1_M": [
        [-0.284077, 0.0834001, 0.0036894]
    ],
    "M_G1C3_M M_G1C3H2_M": [
        [-0.276122, 0.0883057, 0.00390641]
    ],
    "M_G1C4_M M_G1C4H1_M": [
        [-0.282226, 0.0877634, 0.00388242]
    ],
    "M_G1C4_M M_G1C4H2_M": [
        [-0.275336, 0.086482, 0.00382574]
    ],
    "M_G1C5_M M_G1C5H1_M": [
        [-0.316536, 0.0797215, 0.00352667]
    ],
    "M_G1C5_M M_G1C5H2_M": [
        [-0.316299, 0.0777091, 0.00343765]
    ],
    "M_G1C6_M M_G1C6H1_M": [
        [-0.328314, 0.0788315, 0.0034873]
    ],
    "M_G1C6_M M_G1C6H2_M": [
        [-0.327773, 0.0775015, 0.00342846]
    ],
    "M_G1C7_M M_G1C7H1_M": [
        [-0.343262, 0.0747453, 0.00330654]
    ],
    "M_G1C7_M M_G1C7H2_M": [
        [-0.342391, 0.0737778, 0.00326374]
    ],
    "M_G1C8_M M_G1C8H1_M": [
        [-0.346081, 0.0742445, 0.00328438]
    ],
    "M_G1C8_M M_G1C8H2_M": [
        [-0.345149, 0.0736923, 0.00325996]
    ],
    "M_G1C9_M M_G1C9H1_M": [
        [-0.351832, 0.0731541, 0.00323615]
    ],
    "M_G1C9_M M_G1C9H2_M": [
        [-0.351001, 0.0723257, 0.0031995]
    ],
    "M_G1C10_M M_G1C10H1_M": [
        [-0.350841, 0.0739947, 0.00327333]
    ],
    "M_G1C10_M M_G1C10H2_M": [
        [-0.350186, 0.073001, 0.00322937]
    ],
    "M_G1C11_M M_G1C11H1_M": [
        [-0.352387, 0.0740837, 0.00327727]
    ],
    "M_G1C11_M M_G1C11H2_M": [
        [-0.351722, 0.0737494, 0.00326248]
    ],
    "M_G1C12_M M_G1C12H1_M": [
        [-0.349167, 0.0756626, 0.00334711]
    ],
    "M_G1C12_M M_G1C12H2_M": [
        [-0.348655, 0.0754178, 0.00333629]
    ],
    "M_G1C13_M M_G1C13H1_M": [
        [-0.34751, 0.0768919, 0.0034015]
    ],
    "M_G1C13_M M_G1C13H2_M": [
        [-0.347071, 0.0767241, 0.00339407]
    ],
    "M_G1C14_M M_G1C14H1_M": [
        [-0.341399, 0.0791432, 0.00350109]
    ],
    "M_G1C14_M M_G1C14H2_M": [
        [-0.340725, 0.078654, 0.00347945]
    ],
    "M_G1C15_M M_G1C15H1_M": [
        [-0.333058, 0.0803652, 0.00355515]
    ],
    "M_G1C15_M M_G1C15H2_M": [
        [-0.332998, 0.0806138, 0.00356614]
    ],
    "M_G1C16_M M_G1C16H1_M": [
        [-0.316019, 0.0820997, 0.00363188]
    ],
    "M_G1C16_M M_G1C16H2_M": [
        [-0.315354, 0.0817597, 0.00361684]
    ],
    "M_G1C17_M M_G1C17H1_M": [
        [-0.284211, 0.0792274, 0.00350481]
    ],
    "M_G1C17_M M_G1C17H2_M": [
        [-0.284562, 0.0796874, 0.00352516]
    ],
    "M_G1C18_M M_G1C18H1_M": [
        [-0.22786, 0.0705454, 0.00312075]
    ],
    "M_G1C18_M M_G1C18H2_M": [
        [-0.228267, 0.0709995, 0.00314083]
    ],
    "M_G1C19_M M_G1C19H1_M": [
        [-0.0734665, 0.0275456, 0.00121855]
    ],
    "M_G1C19_M M_G1C19H2_M": [
        [-0.0734876, 0.028381, 0.0012555]
    ],
    "M_G1C19_M M_G1C19H3_M": [
        [-0.0732804, 0.0277108, 0.00122585]
    ],
    "M_G2_M M_G2H1_M": [
        [-0.209297, 0.0845941, 0.00374222]
    ],
    "M_G2C3_M M_G2C3H1_M": [
        [-0.105796, 0.113209, 0.00500806]
    ],
    "M_G2C3_M M_G2C3H2_M": [
        [-0.168371, 0.0921546, 0.00407668]
    ],
    "M_G2C4_M M_G2C4H1_M": [
        [-0.277707, 0.0829383, 0.00366898]
    ],
    "M_G2C4_M M_G2C4H2_M": [
        [-0.279005, 0.0793478, 0.00351014]
    ],
    "M_G2C5_M M_G2C5H1_M": [
        [-0.301224, 0.0804888, 0.00356062]
    ],
    "M_G2C5_M M_G2C5H2_M": [
        [-0.301692, 0.0787846, 0.00348522]
    ],
    "M_G2C6_M M_G2C6H1_M": [
        [-0.328814, 0.0777969, 0.00344153]
    ],
    "M_G2C6_M M_G2C6H2_M": [
        [-0.327022, 0.076614, 0.0033892]
    ],
    "M_G2C7_M M_G2C7H1_M": [
        [-0.337112, 0.076055, 0.00336448]
    ],
    "M_G2C7_M M_G2C7H2_M": [
        [-0.335749, 0.0751796, 0.00332575]
    ],
    "M_G2C8_M M_G2C8H1_M": [
        [-0.347167, 0.0739417, 0.00327099]
    ],
    "M_G2C8_M M_G2C8H2_M": [
        [-0.346144, 0.0732368, 0.00323981]
    ],
    "M_G2C9_M M_G2C9H1_M": [
        [-0.349955, 0.0737816, 0.00326391]
    ],
    "M_G2C9_M M_G2C9H2_M": [
        [-0.348854, 0.0725363, 0.00320882]
    ],
    "M_G2C10_M M_G2C10H1_M": [
        [-0.353511, 0.0735234, 0.00325248]
    ],
    "M_G2C10_M M_G2C10H2_M": [
        [-0.352559, 0.0727009, 0.0032161]
    ],
    "M_G2C11_M M_G2C11H1_M": [
        [-0.353065, 0.0741253, 0.00327911]
    ],
    "M_G2C11_M M_G2C11H2_M": [
        [-0.35182, 0.0736204, 0.00325678]
    ],
    "M_G2C12_M M_G2C12H1_M": [
        [-0.353379, 0.0750917, 0.00332186]
    ],
    "M_G2C12_M M_G2C12H2_M": [
        [-0.352049, 0.0745183, 0.00329649]
    ],
    "M_G2C13_M M_G2C13H1_M": [
        [-0.349266, 0.0761382, 0.00336815]
    ],
    "M_G2C13_M M_G2C13H2_M": [
        [-0.350566, 0.0765093, 0.00338457]
    ],
    "M_G2C14_M M_G2C14H1_M": [
        [-0.348358, 0.0777716, 0.00344041]
    ],
    "M_G2C14_M M_G2C14H2_M": [
        [-0.347188, 0.0777314, 0.00343864]
    ],
    "M_G2C15_M M_G2C15H1_M": [
        [-0.341188, 0.0796733, 0.00352454]
    ],
    "M_G2C15_M M_G2C15H2_M": [
        [-0.342091, 0.0800627, 0.00354176]
    ],
    "M_G2C16_M M_G2C16H1_M": [
        [-0.332266, 0.0817596, 0.00361683]
    ],
    "M_G2C16_M M_G2C16H2_M": [
        [-0.333108, 0.081736, 0.00361579]
    ],
    "M_G2C17_M M_G2C17H1_M": [
        [-0.311535, 0.0822116, 0.00363683]
    ],
    "M_G2C17_M M_G2C17H2_M": [
        [-0.310902, 0.0820963, 0.00363172]
    ],
    "M_G2C18_M M_G2C18H1_M": [
        [-0.269207, 0.0781313, 0.00345632]
    ],
    "M_G2C18_M M_G2C18H2_M": [
        [-0.269475, 0.0780183, 0.00345133]
    ],
    "M_G2C19_M M_G2C19H1_M": [
        [-0.0802634, 0.0267876, 0.00118501]
    ],
    "M_G2C19_M M_G2C19H2_M": [
        [-0.0806685, 0.0267181, 0.00118194]
    ],
    "M_G2C19_M M_G2C19H3_M": [
        [-0.0804127, 0.0265603, 0.00117496]
    ],
    "M_G3_M M_G3H1_M": [
        [-0.220055, 0.0892481, 0.0039481]
    ],
    "M_G3_M M_G3H2_M": [
        [-0.233856, 0.0756801, 0.00334789]
    ],
    "M_G3C4_M M_G3C4H1_M": [
        [0.0270965, 0.017443, 0.000771632]
    ],
    "M_G3C4_M M_G3C4H2_M": [
        [0.025747, 0.0183515, 0.000811824]
    ],
    "M_G3C5_M M_G3C5H1_M": [
        [-0.0588409, 0.0237909, 0.00105245]
    ],
    "M_G3C5_M M_G3C5H2_M": [
        [-0.0606483, 0.022792, 0.00100826]
    ],
    "M_G3N6C1_M M_G3N6C1H1_M": [
        [0.00916344, 0.00800544, 0.00035414]
    ],
    "M_G3N6C1_M M_G3N6C1H2_M": [
        [0.00936887, 0.00755309, 0.000334129]
    ],
    "M_G3N6C1_M M_G3N6C1H3_M": [
        [0.00886135, 0.00764212, 0.000338068]
    ],
    "M_G3N6C2_M M_G3N6C2H1_M": [
        [0.00936641, 0.00750305, 0.000331915]
    ],
    "M_G3N6C2_M M_G3N6C2H2_M": [
        [0.00906236, 0.00776132, 0.00034334]
    ],
    "M_G3N6C2_M M_G3N6C2H3_M": [
        [0.00840285, 0.00735739, 0.000325472]
    ],
    "M_G3N6C3_M M_G3N6C3H1_M": [
        [0.00937382, 0.00750806, 0.000332137]
    ],
    "M_G3N6C3_M M_G3N6C3H2_M": [
        [0.00884234, 0.00719124, 0.000318122]
    ],
    "M_G3N6C3_M M_G3N6C3H3_M": [
        [0.00945888, 0.00793108, 0.00035085]
    ]
}