{
    "M_G1_M M_G1H1_M": [
        [-0.162941, 0.0512447, 0.00320907]
    ],
    "M_G1_M M_G1H2_M": [
        [-0.0247347, 0.0464731, 0.00291026]
    ],
    "M_G1C3_M M_G1C3H1_M": [
        [-0.225422, 0.0272355, 0.00170555]
    ],
    "M_G1C3_M M_G1C3H2_M": [
        [-0.206486, 0.0311299, 0.00194943]
    ],
    "M_G1C4_M M_G1C4H1_M": [
        [-0.165757, 0.0233464, 0.00146201]
    ],
    "M_G1C4_M M_G1C4H2_M": [
        [-0.16025, 0.0226962, 0.00142129]
    ],
    "M_G1C5_M M_G1C5H1_M": [
        [-0.190402, 0.0210832, 0.00132028]
    ],
    "M_G1C5_M M_G1C5H2_M": [
        [-0.187959, 0.0212235, 0.00132907]
    ],
    "M_G1C6_M M_G1C6H1_M": [
        [-0.186756, 0.0221712, 0.00138842]
    ],
    "M_G1C6_M M_G1C6H2_M": [
        [-0.184362, 0.0210662, 0.00131921]
    ],
    "M_G1C7_M M_G1C7H1_M": [
        [-0.194391, 0.021042, 0.0013177]
    ],
    "M_G1C7_M M_G1C7H2_M": [
        [-0.192933, 0.021136, 0.00132359]
    ],
    "M_G1C8_M M_G1C8H1_M": [
        [-0.181418, 0.0218506, 0.00136834]
    ],
    "M_G1C8_M M_G1C8H2_M": [
        [-0.180824, 0.021111, 0.00132202]
    ],
    "M_G1C9_M M_G1C9H1_M": [
        [-0.177649, 0.0214845, 0.00134541]
    ],
    "M_G1C9_M M_G1C9H2_M": [
        [-0.177289, 0.0209796, 0.0013138]
    ],
    "M_G1C10_M M_G1C10H1_M": [
        [-0.160575, 0.0221522, 0.00138722]
    ],
    "M_G1C10_M M_G1C10H2_M": [
        [-0.161724, 0.0200903, 0.0012581]
    ],
    "M_G1C11_M M_G1C11H1_M": [
        [-0.153258, 0.0209773, 0.00131365]
    ],
    "M_G1C11_M M_G1C11H2_M": [
        [-0.153965, 0.020671, 0.00129447]
    ],
    "M_G1C12_M M_G1C12H1_M": [
        [-0.135788, 0.0194397, 0.00121736]
    ],
    "M_G1C12_M M_G1C12H2_M": [
        [-0.135914, 0.0187355, 0.00117326]
    ],
    "M_G1C13_M M_G1C13H1_M": [
        [-0.124902, 0.017961, 0.00112476]
    ],
    "M_G1C13_M M_G1C13H2_M": [
        [-0.124217, 0.016792, 0.00105155]
    ],
    "M_G1C14_M M_G1C14H1_M": [
        [-0.107061, 0.0151273, 0.000947309]
    ],
    "M_G1C14_M M_G1C14H2_M": [
        [-0.106914, 0.0154926, 0.000970184]
    ],
    "M_G1C15_M M_G1C15H1_M": [
        [-0.0918784, 0.0129288, 0.000809632]
    ],
    "M_G1C15_M M_G1C15H2_M": [
        [-0.0914002, 0.0129283, 0.000809603]
    ],
    "M_G1C16_M M_G1C16H1_M": [
        [-0.0683013, 0.0105222, 0.000658929]
    ],
    "M_G1C16_M M_G1C16H2_M": [
        [-0.0676349, 0.0111349, 0.000697293]
    ],
    "M_G1C17_M M_G1C17H1_M": [
        [-0.0218121, 0.0080471, 0.000503929]
    ],
    "M_G1C17_M M_G1C17H2_M": [
        [-0.0207813, 0.0084459, 0.000528903]
    ],
    "M_G1C17_M M_G1C17H3_M": [
        [-0.0216227, 0.00796961, 0.000499076]
    ],
    "M_G2_M M_G2H1_M": [
        [-0.183169, 0.0461444, 0.00288967]
    ],
    "M_G2C3_M M_G2C3H1_M": [
        [-0.0919083, 0.0335639, 0.00210185]
    ],
    "M_G2C3_M M_G2C3H2_M": [
        [-0.106512, 0.0298323, 0.00186817]
    ],
    "M_G2C4_M M_G2C4H1_M": [
        [-0.189904, 0.0242487, 0.00151851]
    ],
    "M_G2C4_M M_G2C4H2_M": [
        [-0.194023, 0.0220491, 0.00138077]
    ],
    "M_G2C5_M M_G2C5H1_M": [
        [-0.194027, 0.02234, 0.00139899]
    ],
    "M_G2C5_M M_G2C5H2_M": [
        [-0.19777, 0.0214454, 0.00134296]
    ],
    "M_G2C6_M M_G2C6H1_M": [
        [-0.203587, 0.0224469, 0.00140568]
    ],
    "M_G2C6_M M_G2C6H2_M": [
        [-0.203096, 0.0221054, 0.00138429]
    ],
    "M_G2C7_M M_G2C7H1_M": [
        [-0.197453, 0.0219091, 0.001372]
    ],
    "M_G2C7_M M_G2C7H2_M": [
        [-0.19728, 0.0218916, 0.0013709]
    ],
    "M_G2C8_M M_G2C8H1_M": [
        [-0.19519, 0.0226755, 0.00141999]
    ],
    "M_G2C8_M M_G2C8H2_M": [
        [-0.195299, 0.0224388, 0.00140517]
    ],
    "M_G2C9_M M_G2C9H1_M": [
        [-0.184389, 0.0225993, 0.00141522]
    ],
    "M_G2C9_M M_G2C9H2_M": [
        [-0.183447, 0.0225936, 0.00141487]
    ],
    "M_G2C10_M M_G2C10H1_M": [
        [-0.176258, 0.0233372, 0.00146143]
    ],
    "M_G2C10_M M_G2C10H2_M": [
        [-0.17626, 0.0227656, 0.00142563]
    ],
    "M_G2C11_M M_G2C11H1_M": [
        [-0.162056, 0.0217386, 0.00136133]
    ],
    "M_G2C11_M M_G2C11H2_M": [
        [-0.161494, 0.0218603, 0.00136894]
    ],
    "M_G2C12_M M_G2C12H1_M": [
        [-0.150617, 0.0196569, 0.00123096]
    ],
    "M_G2C12_M M_G2C12H2_M": [
        [-0.151326, 0.0196498, 0.00123052]
    ],
    "M_G2C13_M M_G2C13H1_M": [
        [-0.135176, 0.0180796, 0.00113219]
    ],
    "M_G2C13_M M_G2C13H2_M": [
        [-0.134411, 0.0176858, 0.00110753]
    ],
    "M_G2C14_M M_G2C14H1_M": [
        [-0.12102, 0.0162943, 0.00102039]
    ],
    "M_G2C14_M M_G2C14H2_M": [
        [-0.121607, 0.0163233, 0.00102221]
    ],
    "M_G2C15_M M_G2C15H1_M": [
        [-0.101633, 0.0134148, 0.000840065]
    ],
    "M_G2C15_M M_G2C15H2_M": [
        [-0.101976, 0.0140608, 0.00088052]
    ],
    "M_G2C16_M M_G2C16H1_M": [
        [-0.0803142, 0.0111476, 0.000698093]
    ],
    "M_G2C16_M M_G2C16H2_M": [
        [-0.0801016, 0.0108677, 0.000680564]
    ],
    "M_G2C17_M M_G2C17H1_M": [
        [-0.0209649, 0.00760576, 0.000476291]
    ],
    "M_G2C17_M M_G2C17H2_M": [
        [-0.0209755, 0.00790613, 0.000495101]
    ],
    "M_G2C17_M M_G2C17H3_M": [
        [-0.0214692, 0.00762365, 0.000477411]
    ],
    "M_G3_M M_G3H1_M": [
        [-0.222861, 0.036469, 0.00228377]
    ],
    "M_G3_M M_G3H2_M": [
        [-0.242716, 0.028647, 0.00179394]
    ],
    "M_G3C4_M M_G3C4H1_M": [
        [0.0392906, 0.0260103, 0.00162883]
    ],
    "M_G3C4_M M_G3C4H2_M": [
        [0.0381318, 0.0262708, 0.00164514]
    ],
    "M_G3C5_M M_G3C5H1_M": [
        [-0.0493516, 0.0249801, 0.00156431]
    ],
    "M_G3C5_M M_G3C5H2_M": [
        [-0.0521815, 0.0232349, 0.00145502]
    ],
    "M_G3N6C1_M M_G3N6C1H1_M": [
        [0.0075293, 0.0169693, 0.00106266]
    ],
    "M_G3N6C1_M M_G3N6C1H2_M": [
        [0.00759793, 0.0154156, 0.000965361]
    ],
    "M_G3N6C1_M M_G3N6C1H3_M": [
        [0.00753066, 0.016104, 0.00100847]
    ],
    "M_G3N6C2_M M_G3N6C2H1_M": [
        [0.00718696, 0.0177187, 0.00110959]
    ],
    "M_G3N6C2_M M_G3N6C2H2_M": [
        [0.00736365, 0.0164367, 0.00102931]
    ],
    "M_G3N6C2_M M_G3N6C2H3_M": [
        [0.00742491, 0.017154, 0.00107422]
    ],
    "M_G3N6C3_M M_G3N6C3H1_M": [
        [0.00689976, 0.0162001, 0.00101449]
    ],
    "M_G3N6C3_M M_G3N6C3H2_M": [
        [0.00924746, 0.0166063, 0.00103993]
    ],
    "M_G3N6C3_M M_G3N6C3H3_M": [
        [0.00686447, 0.0159306, 0.000997611]
    ]
}