{
    "M_C3_M M_C3H3_M": [
        [-0.398436, 0.0126495, 0.000620941]
    ],
    "M_C4_M M_C4H41_M": [
        [-0.233273, 0.0293371, 0.0014401]
    ],
    "M_C4_M M_C4H42_M": [
        [-0.350289, 0.0166247, 0.000816075]
    ],
    "M_C6_M M_C6H6_M": [
        [-0.0427246, 0.0351109, 0.00172353]
    ],
    "M_C7_M M_C7H71_M": [
        [-0.383636, 0.014414, 0.000707557]
    ],
    "M_C7_M M_C7H72_M": [
        [-0.333209, 0.0191445, 0.000939767]
    ],
    "M_C8_M M_C8H8_M": [
        [-0.436555, 0.0117854, 0.000578522]
    ],
    "M_C14_M M_C14H14_M": [
        [-0.423775, 0.0124858, 0.000612905]
    ],
    "M_C15_M M_C15H151_M": [
        [-0.353025, 0.0209831, 0.00103002]
    ],
    "M_C15_M M_C15H152_M": [
        [-0.407778, 0.0149953, 0.000736092]
    ],
    "M_C16_M M_C16H161_M": [
        [-0.183434, 0.0229108, 0.00112465]
    ],
    "M_C16_M M_C16H162_M": [
        [-0.0843427, 0.0269965, 0.00132521]
    ],
    "M_C17_M M_C17H17_M": [
        [-0.433246, 0.0116506, 0.000571905]
    ],
    "M_C18_M M_C18H181_M": [
        [0.109398, 0.0163363, 0.000801916]
    ],
    "M_C18_M M_C18H182_M": [
        [0.107929, 0.0168547, 0.000827364]
    ],
    "M_C18_M M_C18H183_M": [
        [0.109909, 0.0171712, 0.000842901]
    ],
    "M_C12_M M_C12H121_M": [
        [-0.428157, 0.0118792, 0.000583128]
    ],
    "M_C12_M M_C12H122_M": [
        [-0.110618, 0.0332028, 0.00162986]
    ],
    "M_C11_M M_C11H111_M": [
        [-0.248757, 0.0239775, 0.00117701]
    ],
    "M_C11_M M_C11H112_M": [
        [-0.431823, 0.0123448, 0.000605982]
    ],
    "M_C9_M M_C9H9_M": [
        [-0.42998, 0.0125014, 0.000613671]
    ],
    "M_C19_M M_C19H191_M": [
        [0.114184, 0.0145523, 0.000714343]
    ],
    "M_C19_M M_C19H192_M": [
        [0.115321, 0.0158575, 0.000778412]
    ],
    "M_C19_M M_C19H193_M": [
        [0.115563, 0.0160786, 0.000789265]
    ],
    "M_C1_M M_C1H11_M": [
        [-0.390484, 0.0140674, 0.000690542]
    ],
    "M_C1_M M_C1H12_M": [
        [-0.235612, 0.0293257, 0.00143954]
    ],
    "M_C2_M M_C2H21_M": [
        [-0.363578, 0.0153197, 0.000752015]
    ],
    "M_C2_M M_C2H22_M": [
        [-0.254414, 0.0228809, 0.00112318]
    ],
    "M_C20_M M_C20H20_M": [
        [-0.422691, 0.0116614, 0.000572436]
    ],
    "M_C21_M M_C21H211_M": [
        [0.101777, 0.0151866, 0.000745481]
    ],
    "M_C21_M M_C21H212_M": [
        [0.103841, 0.015183, 0.000745305]
    ],
    "M_C21_M M_C21H213_M": [
        [0.102593, 0.0139696, 0.000685739]
    ],
    "M_C22_M M_C22H221_M": [
        [-0.387737, 0.0133851, 0.00065705]
    ],
    "M_C22_M M_C22H222_M": [
        [-0.335782, 0.0315599, 0.00154921]
    ],
    "M_C23_M M_C23H231_M": [
        [-0.378743, 0.0136769, 0.000671372]
    ],
    "M_C23_M M_C23H232_M": [
        [-0.29778, 0.0285257, 0.00140027]
    ],
    "M_C24_M M_C24H241_M": [
        [-0.352712, 0.0140755, 0.000690941]
    ],
    "M_C24_M M_C24H242_M": [
        [-0.293786, 0.0243573, 0.00119565]
    ],
    "M_C25_M M_C25H25_M": [
        [-0.280533, 0.0182062, 0.000893706]
    ],
    "M_C26_M M_C26H261_M": [
        [0.0140464, 0.015308, 0.000751441]
    ],
    "M_C26_M M_C26H262_M": [
        [0.0137378, 0.0161847, 0.000794474]
    ],
    "M_C26_M M_C26H263_M": [
        [0.0142246, 0.0165792, 0.000813843]
    ],
    "M_C27_M M_C27H271_M": [
        [0.000827914, 0.0159488, 0.000782896]
    ],
    "M_C27_M M_C27H272_M": [
        [0.0019855, 0.0151412, 0.000743251]
    ],
    "M_C27_M M_C27H273_M": [
        [0.00210023, 0.0166512, 0.000817373]
    ]
}