{
    "M_G1_M M_G1H1_M": [
        [0.00322421, 0.08511, 0.00266099]
    ],
    "M_G1_M M_G1H2_M": [
        [-0.178655, 0.0810086, 0.00253275]
    ],
    "M_G1C3_M M_G1C3H1_M": [
        [-0.246675, 0.0357814, 0.00111872]
    ],
    "M_G1C3_M M_G1C3H2_M": [
        [-0.228271, 0.0343456, 0.00107382]
    ],
    "M_G1C4_M M_G1C4H1_M": [
        [-0.251902, 0.0295494, 0.000923872]
    ],
    "M_G1C4_M M_G1C4H2_M": [
        [-0.238001, 0.0296559, 0.000927201]
    ],
    "M_G1C5_M M_G1C5H1_M": [
        [-0.2892, 0.0301395, 0.00094232]
    ],
    "M_G1C5_M M_G1C5H2_M": [
        [-0.289669, 0.030118, 0.000941647]
    ],
    "M_G1C6_M M_G1C6H1_M": [
        [-0.325446, 0.0307156, 0.00096033]
    ],
    "M_G1C6_M M_G1C6H2_M": [
        [-0.324237, 0.0314624, 0.000983679]
    ],
    "M_G1C7_M M_G1C7H1_M": [
        [-0.347554, 0.0316462, 0.000989426]
    ],
    "M_G1C7_M M_G1C7H2_M": [
        [-0.346807, 0.0316696, 0.000990157]
    ],
    "M_G1C8_M M_G1C8H1_M": [
        [-0.35403, 0.0324619, 0.00101493]
    ],
    "M_G1C8_M M_G1C8H2_M": [
        [-0.35569, 0.0318627, 0.000996196]
    ],
    "M_G1C9_M M_G1C9H1_M": [
        [-0.356021, 0.0319109, 0.000997702]
    ],
    "M_G1C9_M M_G1C9H2_M": [
        [-0.357049, 0.0316412, 0.00098927]
    ],
    "M_G1C10_M M_G1C10H1_M": [
        [-0.352206, 0.0321197, 0.00100423]
    ],
    "M_G1C10_M M_G1C10H2_M": [
        [-0.351499, 0.0320281, 0.00100137]
    ],
    "M_G1C11_M M_G1C11H1_M": [
        [-0.342309, 0.0314982, 0.000984799]
    ],
    "M_G1C11_M M_G1C11H2_M": [
        [-0.342174, 0.0317902, 0.000993928]
    ],
    "M_G1C12_M M_G1C12H1_M": [
        [-0.32715, 0.0310502, 0.000970791]
    ],
    "M_G1C12_M M_G1C12H2_M": [
        [-0.326986, 0.0314524, 0.000983366]
    ],
    "M_G1C13_M M_G1C13H1_M": [
        [-0.30766, 0.0303952, 0.000950314]
    ],
    "M_G1C13_M M_G1C13H2_M": [
        [-0.307438, 0.0309176, 0.000966646]
    ],
    "M_G1C14_M M_G1C14H1_M": [
        [-0.27945, 0.0302102, 0.000944529]
    ],
    "M_G1C14_M M_G1C14H2_M": [
        [-0.280045, 0.0302234, 0.000944944]
    ],
    "M_G1C15_M M_G1C15H1_M": [
        [-0.241669, 0.0278347, 0.000870259]
    ],
    "M_G1C15_M M_G1C15H2_M": [
        [-0.241379, 0.0281606, 0.000880449]
    ],
    "M_G1C16_M M_G1C16H1_M": [
        [-0.179471, 0.0236429, 0.000739201]
    ],
    "M_G1C16_M M_G1C16H2_M": [
        [-0.179577, 0.0240952, 0.000753344]
    ],
    "M_G1C17_M M_G1C17H1_M": [
        [-0.0450615, 0.0163673, 0.000511729]
    ],
    "M_G1C17_M M_G1C17H2_M": [
        [-0.0443968, 0.016139, 0.00050459]
    ],
    "M_G1C17_M M_G1C17H3_M": [
        [-0.0440613, 0.0157087, 0.000491137]
    ],
    "M_G2_M M_G2H1_M": [
        [-0.207247, 0.0767038, 0.00239817]
    ],
    "M_G2C3_M M_G2C3H1_M": [
        [-0.203891, 0.03575, 0.00111773]
    ],
    "M_G2C3_M M_G2C3H2_M": [
        [-0.147157, 0.0551065, 0.00172292]
    ],
    "M_G2C4_M M_G2C4H1_M": [
        [-0.25554, 0.031016, 0.000969724]
    ],
    "M_G2C4_M M_G2C4H2_M": [
        [-0.250439, 0.0297223, 0.000929275]
    ],
    "M_G2C5_M M_G2C5H1_M": [
        [-0.266435, 0.02576, 0.000805393]
    ],
    "M_G2C5_M M_G2C5H2_M": [
        [-0.255222, 0.0257857, 0.000806197]
    ],
    "M_G2C6_M M_G2C6H1_M": [
        [-0.296428, 0.0273085, 0.000853807]
    ],
    "M_G2C6_M M_G2C6H2_M": [
        [-0.288495, 0.0268717, 0.00084015]
    ],
    "M_G2C7_M M_G2C7H1_M": [
        [-0.290959, 0.0294497, 0.000920752]
    ],
    "M_G2C7_M M_G2C7H2_M": [
        [-0.286837, 0.0291041, 0.000909946]
    ],
    "M_G2C8_M M_G2C8H1_M": [
        [-0.279637, 0.0289307, 0.000904525]
    ],
    "M_G2C8_M M_G2C8H2_M": [
        [-0.277465, 0.028991, 0.000906411]
    ],
    "M_G2C9_M M_G2C9H1_M": [
        [-0.179688, 0.0263007, 0.000822298]
    ],
    "M_G2C9_M M_G2C9H2_M": [
        [-0.181705, 0.0275224, 0.000860495]
    ],
    "M_G2C10_M M_G2C10H1_M": [
        [-0.132729, 0.0241258, 0.000754301]
    ],
    "M_G2C11_M M_G2C11H1_M": [
        [-0.11085, 0.0210499, 0.000658131]
    ],
    "M_G2C12_M M_G2C12H1_M": [
        [-0.163881, 0.0269339, 0.000842094]
    ],
    "M_G2C12_M M_G2C12H2_M": [
        [-0.163976, 0.0273961, 0.000856547]
    ],
    "M_G2C13_M M_G2C13H1_M": [
        [-0.253997, 0.0315774, 0.000987275]
    ],
    "M_G2C13_M M_G2C13H2_M": [
        [-0.253357, 0.0317606, 0.000993003]
    ],
    "M_G2C14_M M_G2C14H1_M": [
        [-0.266867, 0.0323563, 0.00101163]
    ],
    "M_G2C14_M M_G2C14H2_M": [
        [-0.266713, 0.0322837, 0.00100936]
    ],
    "M_G2C15_M M_G2C15H1_M": [
        [-0.273533, 0.0319893, 0.00100015]
    ],
    "M_G2C15_M M_G2C15H2_M": [
        [-0.273999, 0.0318099, 0.000994546]
    ],
    "M_G2C16_M M_G2C16H1_M": [
        [-0.252245, 0.0305694, 0.00095576]
    ],
    "M_G2C16_M M_G2C16H2_M": [
        [-0.251472, 0.0311408, 0.000973627]
    ],
    "M_G2C17_M M_G2C17H1_M": [
        [-0.227707, 0.0284218, 0.000888615]
    ],
    "M_G2C17_M M_G2C17H2_M": [
        [-0.227557, 0.0287914, 0.000900172]
    ],
    "M_G2C18_M M_G2C18H1_M": [
        [-0.165172, 0.0233977, 0.000731534]
    ],
    "M_G2C18_M M_G2C18H2_M": [
        [-0.165286, 0.0237734, 0.000743281]
    ],
    "M_G2C19_M M_G2C19H1_M": [
        [-0.0540348, 0.0156401, 0.000488993]
    ],
    "M_G2C19_M M_G2C19H2_M": [
        [-0.0537503, 0.0163154, 0.000510105]
    ],
    "M_G2C19_M M_G2C19H3_M": [
        [-0.0531882, 0.0162519, 0.000508119]
    ],
    "M_G3_M M_G3H1_M": [
        [-0.234348, 0.066616, 0.00208277]
    ],
    "M_G3_M M_G3H2_M": [
        [-0.139798, 0.077206, 0.00241387]
    ],
    "M_G3C4_M M_G3C4H1_M": [
        [0.0513026, 0.0566659, 0.00177167]
    ],
    "M_G3C4_M M_G3C4H2_M": [
        [0.0411152, 0.0485623, 0.00151831]
    ],
    "M_G3C5_M M_G3C5H1_M": [
        [0.0126672, 0.0503791, 0.00157512]
    ],
    "M_G3C5_M M_G3C5H2_M": [
        [0.0339387, 0.0603587, 0.00188713]
    ],
    "M_G3N6C1_M M_G3N6C1H1_M": [
        [-0.0131896, 0.0158556, 0.000495731]
    ],
    "M_G3N6C1_M M_G3N6C1H2_M": [
        [-0.0126837, 0.0164825, 0.000515328]
    ],
    "M_G3N6C1_M M_G3N6C1H3_M": [
        [-0.0128423, 0.0162897, 0.000509302]
    ],
    "M_G3N6C2_M M_G3N6C2H1_M": [
        [-0.0128058, 0.0159165, 0.000497633]
    ],
    "M_G3N6C2_M M_G3N6C2H2_M": [
        [-0.0127687, 0.0152829, 0.000477823]
    ],
    "M_G3N6C2_M M_G3N6C2H3_M": [
        [-0.0125542, 0.0163174, 0.000510168]
    ],
    "M_G3N6C3_M M_G3N6C3H1_M": [
        [-0.0118517, 0.0164744, 0.000515077]
    ],
    "M_G3N6C3_M M_G3N6C3H2_M": [
        [-0.0130209, 0.0155626, 0.000486568]
    ],
    "M_G3N6C3_M M_G3N6C3H3_M": [
        [-0.0122548, 0.0167094, 0.000522423]
    ]
}