{
    "M_C3_M M_C3H3_M": [
        [0.225675, 0.106518, 0.0149156]
    ],
    "M_C4_M M_C4H41_M": [
        [0.198078, 0.0983803, 0.013776]
    ],
    "M_C4_M M_C4H42_M": [
        [0.0918543, 0.0678997, 0.00950786]
    ],
    "M_C6_M M_C6H6_M": [
        [0.00652537, 0.0599547, 0.00839534]
    ],
    "M_C7_M M_C7H71_M": [
        [0.125968, 0.0936999, 0.0131206]
    ],
    "M_C7_M M_C7H72_M": [
        [0.205428, 0.101893, 0.0142679]
    ],
    "M_C8_M M_C8H8_M": [
        [0.238269, 0.100702, 0.014101]
    ],
    "M_C14_M M_C14H14_M": [
        [0.235367, 0.0988674, 0.0138442]
    ],
    "M_C15_M M_C15H151_M": [
        [0.20365, 0.0833996, 0.0116783]
    ],
    "M_C15_M M_C15H152_M": [
        [0.190019, 0.0960201, 0.0134455]
    ],
    "M_C16_M M_C16H161_M": [
        [0.0567187, 0.0608667, 0.00852304]
    ],
    "M_C16_M M_C16H162_M": [
        [0.105468, 0.0852611, 0.0119389]
    ],
    "M_C17_M M_C17H17_M": [
        [0.226321, 0.0992316, 0.0138952]
    ],
    "M_C18_M M_C18H181_M": [
        [-0.0686087, 0.0328025, 0.00459327]
    ],
    "M_C18_M M_C18H182_M": [
        [-0.0673992, 0.0336832, 0.00471659]
    ],
    "M_C18_M M_C18H183_M": [
        [-0.0717568, 0.0320984, 0.00449468]
    ],
    "M_C12_M M_C12H121_M": [
        [0.0575441, 0.0687484, 0.0096267]
    ],
    "M_C12_M M_C12H122_M": [
        [0.23288, 0.104559, 0.0146411]
    ],
    "M_C11_M M_C11H111_M": [
        [0.241552, 0.111415, 0.0156012]
    ],
    "M_C11_M M_C11H112_M": [
        [0.0980795, 0.0897483, 0.0125673]
    ],
    "M_C9_M M_C9H9_M": [
        [0.239205, 0.106425, 0.0149025]
    ],
    "M_C19_M M_C19H191_M": [
        [-0.0688549, 0.035345, 0.00494929]
    ],
    "M_C19_M M_C19H192_M": [
        [-0.070865, 0.0333257, 0.00466654]
    ],
    "M_C19_M M_C19H193_M": [
        [-0.0701252, 0.033287, 0.00466111]
    ],
    "M_C1_M M_C1H11_M": [
        [0.0974596, 0.0694208, 0.00972086]
    ],
    "M_C1_M M_C1H12_M": [
        [0.222691, 0.103203, 0.0144513]
    ],
    "M_C2_M M_C2H21_M": [
        [0.109338, 0.0918033, 0.012855]
    ],
    "M_C2_M M_C2H22_M": [
        [0.206113, 0.107401, 0.0150391]
    ],
    "M_C20_M M_C20H20_M": [
        [0.216003, 0.0883399, 0.0123701]
    ],
    "M_C21_M M_C21H211_M": [
        [-0.0504977, 0.0301054, 0.0042156]
    ],
    "M_C21_M M_C21H212_M": [
        [-0.051538, 0.0304322, 0.00426136]
    ],
    "M_C21_M M_C21H213_M": [
        [-0.0507778, 0.0311888, 0.0043673]
    ],
    "M_C22_M M_C22H221_M": [
        [0.150698, 0.0800707, 0.0112121]
    ],
    "M_C22_M M_C22H222_M": [
        [0.204248, 0.071202, 0.00997028]
    ],
    "M_C23_M M_C23H231_M": [
        [0.126817, 0.0599157, 0.00838987]
    ],
    "M_C23_M M_C23H232_M": [
        [0.19706, 0.0570833, 0.00799326]
    ],
    "M_C24_M M_C24H241_M": [
        [0.124804, 0.0517322, 0.00724396]
    ],
    "M_C24_M M_C24H242_M": [
        [0.176292, 0.0518623, 0.00726218]
    ],
    "M_C25_M M_C25H25_M": [
        [0.110478, 0.0348558, 0.00488078]
    ],
    "M_C26_M M_C26H261_M": [
        [-0.0101343, 0.0078647, 0.00110128]
    ],
    "M_C26_M M_C26H262_M": [
        [-0.010392, 0.00939715, 0.00131586]
    ],
    "M_C26_M M_C26H263_M": [
        [-0.00929465, 0.00854641, 0.00119674]
    ],
    "M_C27_M M_C27H271_M": [
        [-0.00926749, 0.00747548, 0.00104678]
    ],
    "M_C27_M M_C27H272_M": [
        [-0.0101734, 0.0100513, 0.00140747]
    ],
    "M_C27_M M_C27H273_M": [
        [-0.00888491, 0.00910986, 0.00127564]
    ]
}