{
    "M_G1_M M_G1H1_M": [
        [-0.179804, 0.022659, 0.00160625]
    ],
    "M_G1_M M_G1H2_M": [
        [-0.0377193, 0.0194365, 0.00137782]
    ],
    "M_G1C3_M M_G1C3H1_M": [
        [-0.228882, 0.0130124, 0.000922427]
    ],
    "M_G1C3_M M_G1C3H2_M": [
        [-0.194028, 0.0160087, 0.00113483]
    ],
    "M_G1C4_M M_G1C4H1_M": [
        [-0.16218, 0.0104164, 0.000738396]
    ],
    "M_G1C4_M M_G1C4H2_M": [
        [-0.14747, 0.0100458, 0.000712126]
    ],
    "M_G1C5_M M_G1C5H1_M": [
        [-0.191093, 0.00955719, 0.000677491]
    ],
    "M_G1C5_M M_G1C5H2_M": [
        [-0.189956, 0.00969136, 0.000687002]
    ],
    "M_G1C6_M M_G1C6H1_M": [
        [-0.190109, 0.0098976, 0.000701622]
    ],
    "M_G1C6_M M_G1C6H2_M": [
        [-0.187552, 0.0100579, 0.000712985]
    ],
    "M_G1C7_M M_G1C7H1_M": [
        [-0.201645, 0.0100793, 0.000714504]
    ],
    "M_G1C7_M M_G1C7H2_M": [
        [-0.200304, 0.00995816, 0.000705915]
    ],
    "M_G1C8_M M_G1C8H1_M": [
        [-0.189593, 0.00973851, 0.000690344]
    ],
    "M_G1C8_M M_G1C8H2_M": [
        [-0.188498, 0.0102622, 0.000727466]
    ],
    "M_G1C9_M M_G1C9H1_M": [
        [-0.187483, 0.00972819, 0.000689613]
    ],
    "M_G1C9_M M_G1C9H2_M": [
        [-0.187489, 0.00968852, 0.000686801]
    ],
    "M_G1C10_M M_G1C10H1_M": [
        [-0.169786, 0.00964242, 0.000683533]
    ],
    "M_G1C10_M M_G1C10H2_M": [
        [-0.169567, 0.0095441, 0.000676563]
    ],
    "M_G1C11_M M_G1C11H1_M": [
        [-0.16159, 0.00924003, 0.000655008]
    ],
    "M_G1C11_M M_G1C11H2_M": [
        [-0.161769, 0.00897084, 0.000635926]
    ],
    "M_G1C12_M M_G1C12H1_M": [
        [-0.141876, 0.00827685, 0.00058673]
    ],
    "M_G1C12_M M_G1C12H2_M": [
        [-0.14247, 0.00836113, 0.000592705]
    ],
    "M_G1C13_M M_G1C13H1_M": [
        [-0.131076, 0.00777637, 0.000551252]
    ],
    "M_G1C13_M M_G1C13H2_M": [
        [-0.131742, 0.00752631, 0.000533526]
    ],
    "M_G1C14_M M_G1C14H1_M": [
        [-0.111346, 0.00684393, 0.000485153]
    ],
    "M_G1C14_M M_G1C14H2_M": [
        [-0.111733, 0.00652009, 0.000462197]
    ],
    "M_G1C15_M M_G1C15H1_M": [
        [-0.0968636, 0.00563382, 0.000399371]
    ],
    "M_G1C15_M M_G1C15H2_M": [
        [-0.0970567, 0.00554899, 0.000393358]
    ],
    "M_G1C16_M M_G1C16H1_M": [
        [-0.070842, 0.00419948, 0.000297693]
    ],
    "M_G1C16_M M_G1C16H2_M": [
        [-0.0707768, 0.00442712, 0.00031383]
    ],
    "M_G1C17_M M_G1C17H1_M": [
        [-0.0233705, 0.00220101, 0.000156025]
    ],
    "M_G1C17_M M_G1C17H2_M": [
        [-0.023576, 0.00236458, 0.000167621]
    ],
    "M_G1C17_M M_G1C17H3_M": [
        [-0.02357, 0.00243116, 0.00017234]
    ],
    "M_G2_M M_G2H1_M": [
        [-0.201438, 0.0198813, 0.00140934]
    ],
    "M_G2C3_M M_G2C3H1_M": [
        [-0.0650575, 0.0169125, 0.0011989]
    ],
    "M_G2C3_M M_G2C3H2_M": [
        [-0.097162, 0.0141255, 0.00100133]
    ],
    "M_G2C4_M M_G2C4H1_M": [
        [-0.187287, 0.0124025, 0.000879188]
    ],
    "M_G2C4_M M_G2C4H2_M": [
        [-0.193279, 0.0108738, 0.000770825]
    ],
    "M_G2C5_M M_G2C5H1_M": [
        [-0.185012, 0.0111354, 0.000789367]
    ],
    "M_G2C5_M M_G2C5H2_M": [
        [-0.186605, 0.0103799, 0.000735812]
    ],
    "M_G2C6_M M_G2C6H1_M": [
        [-0.194162, 0.0116976, 0.000829221]
    ],
    "M_G2C6_M M_G2C6H2_M": [
        [-0.192339, 0.0107561, 0.000762481]
    ],
    "M_G2C7_M M_G2C7H1_M": [
        [-0.172198, 0.01083, 0.000767717]
    ],
    "M_G2C7_M M_G2C7H2_M": [
        [-0.170674, 0.010423, 0.00073887]
    ],
    "M_G2C8_M M_G2C8H1_M": [
        [-0.163288, 0.0106591, 0.000755604]
    ],
    "M_G2C8_M M_G2C8H2_M": [
        [-0.162783, 0.0102608, 0.000727368]
    ],
    "M_G2C9_M M_G2C9H1_M": [
        [-0.0937226, 0.0106994, 0.000758461]
    ],
    "M_G2C9_M M_G2C9H2_M": [
        [-0.0938308, 0.00992958, 0.000703889]
    ],
    "M_G2C10_M M_G2C10H1_M": [
        [-0.0477875, 0.0123888, 0.00087822]
    ],
    "M_G2C11_M M_G2C11H1_M": [
        [-0.0388484, 0.0091679, 0.000649895]
    ],
    "M_G2C12_M M_G2C12H1_M": [
        [-0.0671237, 0.00914584, 0.000648331]
    ],
    "M_G2C12_M M_G2C12H2_M": [
        [-0.0688473, 0.008231, 0.00058348]
    ],
    "M_G2C13_M M_G2C13H1_M": [
        [-0.104258, 0.00846339, 0.000599954]
    ],
    "M_G2C13_M M_G2C13H2_M": [
        [-0.104084, 0.00895405, 0.000634736]
    ],
    "M_G2C14_M M_G2C14H1_M": [
        [-0.109633, 0.00819244, 0.000580747]
    ],
    "M_G2C14_M M_G2C14H2_M": [
        [-0.108828, 0.00844523, 0.000598666]
    ],
    "M_G2C15_M M_G2C15H1_M": [
        [-0.112506, 0.0081252, 0.00057598]
    ],
    "M_G2C15_M M_G2C15H2_M": [
        [-0.112313, 0.00794616, 0.000563288]
    ],
    "M_G2C16_M M_G2C16H1_M": [
        [-0.101449, 0.00669699, 0.000474737]
    ],
    "M_G2C16_M M_G2C16H2_M": [
        [-0.101386, 0.00686013, 0.000486302]
    ],
    "M_G2C17_M M_G2C17H1_M": [
        [-0.091296, 0.00565222, 0.000400676]
    ],
    "M_G2C17_M M_G2C17H2_M": [
        [-0.0910413, 0.00578223, 0.000409891]
    ],
    "M_G2C18_M M_G2C18H1_M": [
        [-0.0701437, 0.00423863, 0.000300468]
    ],
    "M_G2C18_M M_G2C18H2_M": [
        [-0.0695693, 0.00434488, 0.000308]
    ],
    "M_G2C19_M M_G2C19H1_M": [
        [-0.0217782, 0.00234446, 0.000166194]
    ],
    "M_G2C19_M M_G2C19H2_M": [
        [-0.0218864, 0.00224695, 0.000159282]
    ],
    "M_G2C19_M M_G2C19H3_M": [
        [-0.0217954, 0.00205825, 0.000145905]
    ],
    "M_G3_M M_G3H1_M": [
        [-0.224228, 0.0169195, 0.00119939]
    ],
    "M_G3_M M_G3H2_M": [
        [-0.246609, 0.0149236, 0.00105791]
    ],
    "M_G3C4_M M_G3C4H1_M": [
        [0.0189554, 0.0135918, 0.000963496]
    ],
    "M_G3C4_M M_G3C4H2_M": [
        [0.0188381, 0.0134717, 0.000954982]
    ],
    "M_G3C5_M M_G3C5H1_M": [
        [-0.0862716, 0.0102337, 0.00072545]
    ],
    "M_G3C5_M M_G3C5H2_M": [
        [-0.0877453, 0.0116957, 0.000829086]
    ],
    "M_G3N6C1_M M_G3N6C1H1_M": [
        [0.0119882, 0.00626335, 0.000443997]
    ],
    "M_G3N6C1_M M_G3N6C1H2_M": [
        [0.0115709, 0.00656334, 0.000465262]
    ],
    "M_G3N6C1_M M_G3N6C1H3_M": [
        [0.0117174, 0.00607756, 0.000430827]
    ],
    "M_G3N6C2_M M_G3N6C2H1_M": [
        [0.011914, 0.00599398, 0.000424902]
    ],
    "M_G3N6C2_M M_G3N6C2H2_M": [
        [0.0121609, 0.00664316, 0.000470921]
    ],
    "M_G3N6C2_M M_G3N6C2H3_M": [
        [0.0120477, 0.00565721, 0.000401029]
    ],
    "M_G3N6C3_M M_G3N6C3H1_M": [
        [0.0117086, 0.00612151, 0.000433942]
    ],
    "M_G3N6C3_M M_G3N6C3H2_M": [
        [0.0118516, 0.00658373, 0.000466709]
    ],
    "M_G3N6C3_M M_G3N6C3H3_M": [
        [0.011987, 0.00619171, 0.000438919]
    ]
}