{
    "M_G1_M M_G1H1_M": [
        [-0.0954609, 0.0355643, 0.0042207]
    ],
    "M_G1_M M_G1H2_M": [
        [-0.1532, 0.0365232, 0.0043345]
    ],
    "M_G1C3_M M_G1C3H1_M": [
        [-0.220489, 0.0170319, 0.00202132]
    ],
    "M_G1C3_M M_G1C3H2_M": [
        [-0.222159, 0.0165983, 0.00196986]
    ],
    "M_G1C4_M M_G1C4H1_M": [
        [-0.171293, 0.0154379, 0.00183215]
    ],
    "M_G1C4_M M_G1C4H2_M": [
        [-0.1774, 0.0164347, 0.00195044]
    ],
    "M_G1C5_M M_G1C5H1_M": [
        [-0.203004, 0.0129197, 0.00153329]
    ],
    "M_G1C5_M M_G1C5H2_M": [
        [-0.207311, 0.0146181, 0.00173485]
    ],
    "M_G1C6_M M_G1C6H1_M": [
        [-0.181059, 0.0169157, 0.00200753]
    ],
    "M_G1C6_M M_G1C6H2_M": [
        [-0.181618, 0.0150337, 0.00178417]
    ],
    "M_G1C7_M M_G1C7H1_M": [
        [-0.190515, 0.0145544, 0.00172729]
    ],
    "M_G1C7_M M_G1C7H2_M": [
        [-0.190361, 0.0158021, 0.00187537]
    ],
    "M_G1C8_M M_G1C8H1_M": [
        [-0.170562, 0.0154657, 0.00183544]
    ],
    "M_G1C8_M M_G1C8H2_M": [
        [-0.169959, 0.0149931, 0.00177936]
    ],
    "M_G1C9_M M_G1C9H1_M": [
        [-0.168615, 0.0152018, 0.00180412]
    ],
    "M_G1C9_M M_G1C9H2_M": [
        [-0.167968, 0.0148207, 0.00175889]
    ],
    "M_G1C10_M M_G1C10H1_M": [
        [-0.150053, 0.0153509, 0.00182182]
    ],
    "M_G1C10_M M_G1C10H2_M": [
        [-0.14994, 0.0152275, 0.00180717]
    ],
    "M_G1C11_M M_G1C11H1_M": [
        [-0.141382, 0.0134509, 0.00159633]
    ],
    "M_G1C11_M M_G1C11H2_M": [
        [-0.141291, 0.0151901, 0.00180274]
    ],
    "M_G1C12_M M_G1C12H1_M": [
        [-0.121529, 0.0131237, 0.00155749]
    ],
    "M_G1C12_M M_G1C12H2_M": [
        [-0.123177, 0.0145952, 0.00173213]
    ],
    "M_G1C13_M M_G1C13H1_M": [
        [-0.110272, 0.0122953, 0.00145918]
    ],
    "M_G1C13_M M_G1C13H2_M": [
        [-0.111177, 0.011536, 0.00136907]
    ],
    "M_G1C14_M M_G1C14H1_M": [
        [-0.0920242, 0.0107608, 0.00127707]
    ],
    "M_G1C14_M M_G1C14H2_M": [
        [-0.0926899, 0.0105862, 0.00125636]
    ],
    "M_G1C15_M M_G1C15H1_M": [
        [-0.0781452, 0.00912754, 0.00108324]
    ],
    "M_G1C15_M M_G1C15H2_M": [
        [-0.0779937, 0.00816175, 0.000968622]
    ],
    "M_G1C16_M M_G1C16H1_M": [
        [-0.0553884, 0.00763451, 0.000906049]
    ],
    "M_G1C16_M M_G1C16H2_M": [
        [-0.0554253, 0.00591295, 0.000701738]
    ],
    "M_G1C17_M M_G1C17H1_M": [
        [-0.0180814, 0.00548606, 0.000651076]
    ],
    "M_G1C17_M M_G1C17H2_M": [
        [-0.0170809, 0.00496534, 0.000589278]
    ],
    "M_G1C17_M M_G1C17H3_M": [
        [-0.0182491, 0.00469206, 0.000556845]
    ],
    "M_G2_M M_G2H1_M": [
        [-0.032088, 0.0518775, 0.00615673]
    ],
    "M_G2C3_M M_G2C3H1_M": [
        [-0.145112, 0.0223294, 0.00265001]
    ],
    "M_G2C3_M M_G2C3H2_M": [
        [-0.113684, 0.021498, 0.00255135]
    ],
    "M_G2C4_M M_G2C4H1_M": [
        [-0.192694, 0.0176903, 0.00209945]
    ],
    "M_G2C4_M M_G2C4H2_M": [
        [-0.1624, 0.0165403, 0.00196298]
    ],
    "M_G2C5_M M_G2C5H1_M": [
        [-0.190111, 0.0160503, 0.00190482]
    ],
    "M_G2C5_M M_G2C5H2_M": [
        [-0.185868, 0.0167111, 0.00198325]
    ],
    "M_G2C6_M M_G2C6H1_M": [
        [-0.192125, 0.015931, 0.00189066]
    ],
    "M_G2C6_M M_G2C6H2_M": [
        [-0.189059, 0.0145154, 0.00172266]
    ],
    "M_G2C7_M M_G2C7H1_M": [
        [-0.186851, 0.0169974, 0.00201722]
    ],
    "M_G2C7_M M_G2C7H2_M": [
        [-0.186639, 0.0158322, 0.00187893]
    ],
    "M_G2C8_M M_G2C8H1_M": [
        [-0.184774, 0.0171219, 0.00203199]
    ],
    "M_G2C8_M M_G2C8H2_M": [
        [-0.184107, 0.0168187, 0.00199602]
    ],
    "M_G2C9_M M_G2C9H1_M": [
        [-0.172763, 0.0167065, 0.00198269]
    ],
    "M_G2C9_M M_G2C9H2_M": [
        [-0.172147, 0.0175828, 0.0020867]
    ],
    "M_G2C10_M M_G2C10H1_M": [
        [-0.164203, 0.0166158, 0.00197193]
    ],
    "M_G2C10_M M_G2C10H2_M": [
        [-0.165754, 0.0160865, 0.00190912]
    ],
    "M_G2C11_M M_G2C11H1_M": [
        [-0.150749, 0.0144817, 0.00171867]
    ],
    "M_G2C11_M M_G2C11H2_M": [
        [-0.14879, 0.016289, 0.00193315]
    ],
    "M_G2C12_M M_G2C12H1_M": [
        [-0.140549, 0.013515, 0.00160394]
    ],
    "M_G2C12_M M_G2C12H2_M": [
        [-0.138318, 0.013786, 0.0016361]
    ],
    "M_G2C13_M M_G2C13H1_M": [
        [-0.122879, 0.0121087, 0.00143704]
    ],
    "M_G2C13_M M_G2C13H2_M": [
        [-0.122194, 0.011614, 0.00137833]
    ],
    "M_G2C14_M M_G2C14H1_M": [
        [-0.110056, 0.0104295, 0.00123776]
    ],
    "M_G2C14_M M_G2C14H2_M": [
        [-0.109376, 0.0107842, 0.00127984]
    ],
    "M_G2C15_M M_G2C15H1_M": [
        [-0.0890894, 0.00892247, 0.0010589]
    ],
    "M_G2C15_M M_G2C15H2_M": [
        [-0.0886541, 0.00905826, 0.00107502]
    ],
    "M_G2C16_M M_G2C16H1_M": [
        [-0.0674759, 0.0072186, 0.00085669]
    ],
    "M_G2C16_M M_G2C16H2_M": [
        [-0.0678502, 0.00688451, 0.000817041]
    ],
    "M_G2C17_M M_G2C17H1_M": [
        [-0.0166501, 0.00472164, 0.000560356]
    ],
    "M_G2C17_M M_G2C17H2_M": [
        [-0.0171281, 0.00511856, 0.000607461]
    ],
    "M_G2C17_M M_G2C17H3_M": [
        [-0.0166337, 0.00490525, 0.000582146]
    ],
    "M_G3_M M_G3H1_M": [
        [-0.0214719, 0.0486454, 0.00577315]
    ],
    "M_G3_M M_G3H2_M": [
        [-0.0327915, 0.0379538, 0.00450428]
    ],
    "M_G3C4_M M_G3C4H1_M": [
        [0.0626137, 0.0180818, 0.00214591]
    ],
    "M_G3C4_M M_G3C4H2_M": [
        [0.0424688, 0.0163833, 0.00194434]
    ],
    "M_G3C5_M M_G3C5H1_M": [
        [-0.0122734, 0.0163274, 0.00193771]
    ],
    "M_G3C5_M M_G3C5H2_M": [
        [-0.0383031, 0.0179692, 0.00213255]
    ],
    "M_G3N6C1_M M_G3N6C1H1_M": [
        [0.0134928, 0.0133266, 0.00158157]
    ],
    "M_G3N6C1_M M_G3N6C1H2_M": [
        [0.0141763, 0.0132273, 0.00156979]
    ],
    "M_G3N6C1_M M_G3N6C1H3_M": [
        [0.0117534, 0.011228, 0.00133252]
    ],
    "M_G3N6C2_M M_G3N6C2H1_M": [
        [0.010965, 0.0121432, 0.00144113]
    ],
    "M_G3N6C2_M M_G3N6C2H2_M": [
        [0.011989, 0.0109813, 0.00130324]
    ],
    "M_G3N6C2_M M_G3N6C2H3_M": [
        [0.00938489, 0.0116482, 0.00138239]
    ],
    "M_G3N6C3_M M_G3N6C3H1_M": [
        [0.0131294, 0.0100581, 0.00119368]
    ],
    "M_G3N6C3_M M_G3N6C3H2_M": [
        [0.0125322, 0.0105926, 0.00125711]
    ],
    "M_G3N6C3_M M_G3N6C3H3_M": [
        [0.00968094, 0.0114721, 0.00136148]
    ]
}