{
    "M_C3_M M_C3H3_M": [
        [-0.387418, 0.0106265, 0.00133882]
    ],
    "M_C4_M M_C4H41_M": [
        [-0.34757, 0.0123111, 0.00155105]
    ],
    "M_C4_M M_C4H42_M": [
        [-0.144543, 0.0223869, 0.00282048]
    ],
    "M_C6_M M_C6H6_M": [
        [-0.0166818, 0.0238662, 0.00300685]
    ],
    "M_C7_M M_C7H71_M": [
        [-0.294603, 0.0145313, 0.00183077]
    ],
    "M_C7_M M_C7H72_M": [
        [-0.350622, 0.0128137, 0.00161438]
    ],
    "M_C8_M M_C8H8_M": [
        [-0.418569, 0.00999247, 0.00125893]
    ],
    "M_C14_M M_C14H14_M": [
        [-0.414568, 0.00944263, 0.00118966]
    ],
    "M_C15_M M_C15H151_M": [
        [-0.382778, 0.012032, 0.00151588]
    ],
    "M_C15_M M_C15H152_M": [
        [-0.307987, 0.0163548, 0.00206052]
    ],
    "M_C16_M M_C16H161_M": [
        [-0.0752893, 0.0185082, 0.00233182]
    ],
    "M_C16_M M_C16H162_M": [
        [-0.201917, 0.0161965, 0.00204056]
    ],
    "M_C17_M M_C17H17_M": [
        [-0.407944, 0.00908672, 0.00114482]
    ],
    "M_C18_M M_C18H181_M": [
        [0.117632, 0.0131157, 0.00165243]
    ],
    "M_C18_M M_C18H182_M": [
        [0.121268, 0.0159393, 0.00200817]
    ],
    "M_C18_M M_C18H183_M": [
        [0.117886, 0.0141876, 0.00178747]
    ],
    "M_C12_M M_C12H121_M": [
        [-0.0677488, 0.0219152, 0.00276105]
    ],
    "M_C12_M M_C12H122_M": [
        [-0.411977, 0.00989373, 0.00124649]
    ],
    "M_C11_M M_C11H111_M": [
        [-0.415415, 0.0104625, 0.00131815]
    ],
    "M_C11_M M_C11H112_M": [
        [-0.231803, 0.0167606, 0.00211163]
    ],
    "M_C9_M M_C9H9_M": [
        [-0.416343, 0.00963147, 0.00121345]
    ],
    "M_C19_M M_C19H191_M": [
        [0.123516, 0.0142625, 0.0017969]
    ],
    "M_C19_M M_C19H192_M": [
        [0.116605, 0.0177121, 0.00223151]
    ],
    "M_C19_M M_C19H193_M": [
        [0.120151, 0.016346, 0.0020594]
    ],
    "M_C1_M M_C1H11_M": [
        [-0.19376, 0.0209908, 0.00264459]
    ],
    "M_C1_M M_C1H12_M": [
        [-0.372796, 0.0120626, 0.00151974]
    ],
    "M_C2_M M_C2H21_M": [
        [-0.234661, 0.016404, 0.00206671]
    ],
    "M_C2_M M_C2H22_M": [
        [-0.359741, 0.0120428, 0.00151725]
    ],
    "M_C20_M M_C20H20_M": [
        [-0.395929, 0.0093212, 0.00117436]
    ],
    "M_C21_M M_C21H211_M": [
        [0.102874, 0.0137585, 0.00173341]
    ],
    "M_C21_M M_C21H212_M": [
        [0.104662, 0.0153973, 0.00193987]
    ],
    "M_C21_M M_C21H213_M": [
        [0.104302, 0.0156916, 0.00197695]
    ],
    "M_C22_M M_C22H221_M": [
        [-0.243202, 0.0296784, 0.00373913]
    ],
    "M_C22_M M_C22H222_M": [
        [-0.363593, 0.0117252, 0.00147724]
    ],
    "M_C23_M M_C23H231_M": [
        [-0.195287, 0.0261128, 0.00328991]
    ],
    "M_C23_M M_C23H232_M": [
        [-0.349747, 0.0130129, 0.00163948]
    ],
    "M_C24_M M_C24H241_M": [
        [-0.206164, 0.0199231, 0.00251008]
    ],
    "M_C24_M M_C24H242_M": [
        [-0.30611, 0.0141413, 0.00178164]
    ],
    "M_C25_M M_C25H25_M": [
        [-0.218981, 0.0170898, 0.00215311]
    ],
    "M_C26_M M_C26H261_M": [
        [0.0148364, 0.0173197, 0.00218207]
    ],
    "M_C26_M M_C26H262_M": [
        [0.0171859, 0.0180974, 0.00228006]
    ],
    "M_C26_M M_C26H263_M": [
        [0.0187208, 0.0185105, 0.00233211]
    ],
    "M_C27_M M_C27H271_M": [
        [0.00873181, 0.01674, 0.00210904]
    ],
    "M_C27_M M_C27H272_M": [
        [0.00411686, 0.0146334, 0.00184364]
    ],
    "M_C27_M M_C27H273_M": [
        [0.00620594, 0.0136158, 0.00171543]
    ]
}