{
    "M_G1_M M_G1H1_M": [
        [-0.192638, 0.0322781, 0.00202133]
    ],
    "M_G1_M M_G1H2_M": [
        [-0.0491044, 0.0296719, 0.00185813]
    ],
    "M_G1C3_M M_G1C3H1_M": [
        [-0.276276, 0.0173119, 0.00108411]
    ],
    "M_G1C3_M M_G1C3H2_M": [
        [-0.254685, 0.0185895, 0.00116412]
    ],
    "M_G1C4_M M_G1C4H1_M": [
        [-0.246872, 0.0181245, 0.001135]
    ],
    "M_G1C4_M M_G1C4H2_M": [
        [-0.232731, 0.0208507, 0.00130572]
    ],
    "M_G1C5_M M_G1C5H1_M": [
        [-0.280052, 0.018803, 0.00117749]
    ],
    "M_G1C5_M M_G1C5H2_M": [
        [-0.275776, 0.0186708, 0.00116921]
    ],
    "M_G1C6_M M_G1C6H1_M": [
        [-0.290884, 0.0200355, 0.00125467]
    ],
    "M_G1C6_M M_G1C6H2_M": [
        [-0.286093, 0.020853, 0.00130586]
    ],
    "M_G1C7_M M_G1C7H1_M": [
        [-0.305002, 0.0193818, 0.00121373]
    ],
    "M_G1C7_M M_G1C7H2_M": [
        [-0.303572, 0.0194355, 0.0012171]
    ],
    "M_G1C8_M M_G1C8H1_M": [
        [-0.302788, 0.0194952, 0.00122084]
    ],
    "M_G1C8_M M_G1C8H2_M": [
        [-0.301536, 0.0205957, 0.00128975]
    ],
    "M_G1C9_M M_G1C9H1_M": [
        [-0.304098, 0.019299, 0.00120855]
    ],
    "M_G1C9_M M_G1C9H2_M": [
        [-0.303689, 0.0199101, 0.00124682]
    ],
    "M_G1C10_M M_G1C10H1_M": [
        [-0.291028, 0.0202225, 0.00126638]
    ],
    "M_G1C10_M M_G1C10H2_M": [
        [-0.291333, 0.0185305, 0.00116042]
    ],
    "M_G1C11_M M_G1C11H1_M": [
        [-0.282688, 0.0195305, 0.00122305]
    ],
    "M_G1C11_M M_G1C11H2_M": [
        [-0.28322, 0.0182277, 0.00114146]
    ],
    "M_G1C12_M M_G1C12H1_M": [
        [-0.262783, 0.019316, 0.00120962]
    ],
    "M_G1C12_M M_G1C12H2_M": [
        [-0.262398, 0.018896, 0.00118331]
    ],
    "M_G1C13_M M_G1C13H1_M": [
        [-0.247019, 0.0193215, 0.00120996]
    ],
    "M_G1C13_M M_G1C13H2_M": [
        [-0.246609, 0.0182779, 0.00114461]
    ],
    "M_G1C14_M M_G1C14H1_M": [
        [-0.217255, 0.0185204, 0.00115979]
    ],
    "M_G1C14_M M_G1C14H2_M": [
        [-0.216974, 0.0188228, 0.00117873]
    ],
    "M_G1C15_M M_G1C15H1_M": [
        [-0.18906, 0.0168069, 0.00105249]
    ],
    "M_G1C15_M M_G1C15H2_M": [
        [-0.187412, 0.0171777, 0.00107571]
    ],
    "M_G1C16_M M_G1C16H1_M": [
        [-0.14165, 0.0155597, 0.000974384]
    ],
    "M_G1C16_M M_G1C16H2_M": [
        [-0.139792, 0.016225, 0.00101605]
    ],
    "M_G1C17_M M_G1C17H1_M": [
        [-0.0476813, 0.0165045, 0.00103355]
    ],
    "M_G1C17_M M_G1C17H2_M": [
        [-0.0458012, 0.0162164, 0.00101551]
    ],
    "M_G1C17_M M_G1C17H3_M": [
        [-0.0459469, 0.014836, 0.000929069]
    ],
    "M_G2_M M_G2H1_M": [
        [-0.211204, 0.0288229, 0.00180496]
    ],
    "M_G2C3_M M_G2C3H1_M": [
        [-0.0764429, 0.0237259, 0.00148577]
    ],
    "M_G2C3_M M_G2C3H2_M": [
        [-0.140796, 0.0196256, 0.001229]
    ],
    "M_G2C4_M M_G2C4H1_M": [
        [-0.252867, 0.017058, 0.00106821]
    ],
    "M_G2C4_M M_G2C4H2_M": [
        [-0.258343, 0.0154932, 0.00097022]
    ],
    "M_G2C5_M M_G2C5H1_M": [
        [-0.260372, 0.0180134, 0.00112804]
    ],
    "M_G2C5_M M_G2C5H2_M": [
        [-0.262545, 0.0179726, 0.00112549]
    ],
    "M_G2C6_M M_G2C6H1_M": [
        [-0.281384, 0.0192158, 0.00120334]
    ],
    "M_G2C6_M M_G2C6H2_M": [
        [-0.279818, 0.0187015, 0.00117113]
    ],
    "M_G2C7_M M_G2C7H1_M": [
        [-0.261704, 0.0212133, 0.00132843]
    ],
    "M_G2C7_M M_G2C7H2_M": [
        [-0.259986, 0.0209951, 0.00131476]
    ],
    "M_G2C8_M M_G2C8H1_M": [
        [-0.250823, 0.0198456, 0.00124278]
    ],
    "M_G2C8_M M_G2C8H2_M": [
        [-0.249467, 0.0197364, 0.00123594]
    ],
    "M_G2C9_M M_G2C9H1_M": [
        [-0.152774, 0.0199704, 0.0012506]
    ],
    "M_G2C9_M M_G2C9H2_M": [
        [-0.152827, 0.0201473, 0.00126168]
    ],
    "M_G2C10_M M_G2C10H1_M": [
        [-0.0922039, 0.0195339, 0.00122326]
    ],
    "M_G2C11_M M_G2C11H1_M": [
        [-0.0800187, 0.016408, 0.00102751]
    ],
    "M_G2C12_M M_G2C12H1_M": [
        [-0.137321, 0.0205124, 0.00128454]
    ],
    "M_G2C12_M M_G2C12H2_M": [
        [-0.137723, 0.0187855, 0.0011764]
    ],
    "M_G2C13_M M_G2C13H1_M": [
        [-0.205735, 0.020065, 0.00125652]
    ],
    "M_G2C13_M M_G2C13H2_M": [
        [-0.206961, 0.0196116, 0.00122813]
    ],
    "M_G2C14_M M_G2C14H1_M": [
        [-0.21757, 0.0205406, 0.0012863]
    ],
    "M_G2C14_M M_G2C14H2_M": [
        [-0.217672, 0.0192325, 0.00120439]
    ],
    "M_G2C15_M M_G2C15H1_M": [
        [-0.223832, 0.0198531, 0.00124325]
    ],
    "M_G2C15_M M_G2C15H2_M": [
        [-0.224328, 0.0193345, 0.00121077]
    ],
    "M_G2C16_M M_G2C16H1_M": [
        [-0.203369, 0.0177096, 0.00110902]
    ],
    "M_G2C16_M M_G2C16H2_M": [
        [-0.20464, 0.0187191, 0.00117224]
    ],
    "M_G2C17_M M_G2C17H1_M": [
        [-0.182689, 0.01723, 0.00107898]
    ],
    "M_G2C17_M M_G2C17H2_M": [
        [-0.183286, 0.0185506, 0.00116168]
    ],
    "M_G2C18_M M_G2C18H1_M": [
        [-0.140329, 0.0172642, 0.00108112]
    ],
    "M_G2C18_M M_G2C18H2_M": [
        [-0.139609, 0.0169208, 0.00105962]
    ],
    "M_G2C19_M M_G2C19H1_M": [
        [-0.0487202, 0.0150315, 0.000941306]
    ],
    "M_G2C19_M M_G2C19H2_M": [
        [-0.0490137, 0.0155091, 0.00097122]
    ],
    "M_G2C19_M M_G2C19H3_M": [
        [-0.049513, 0.0154178, 0.000965502]
    ],
    "M_G3_M M_G3H1_M": [
        [-0.226197, 0.0284789, 0.00178342]
    ],
    "M_G3_M M_G3H2_M": [
        [-0.240835, 0.0203598, 0.00127498]
    ],
    "M_G3C4_M M_G3C4H1_M": [
        [0.0338782, 0.0214801, 0.00134514]
    ],
    "M_G3C4_M M_G3C4H2_M": [
        [0.0340511, 0.0190871, 0.00119528]
    ],
    "M_G3C5_M M_G3C5H1_M": [
        [-0.0741359, 0.0176166, 0.0011032]
    ],
    "M_G3C5_M M_G3C5H2_M": [
        [-0.0765498, 0.0180658, 0.00113133]
    ],
    "M_G3N6C1_M M_G3N6C1H1_M": [
        [0.0113136, 0.0151695, 0.00094995]
    ],
    "M_G3N6C1_M M_G3N6C1H2_M": [
        [0.012027, 0.016326, 0.00102237]
    ],
    "M_G3N6C1_M M_G3N6C1H3_M": [
        [0.0131851, 0.0161488, 0.00101128]
    ],
    "M_G3N6C2_M M_G3N6C2H1_M": [
        [0.0123789, 0.0165104, 0.00103392]
    ],
    "M_G3N6C2_M M_G3N6C2H2_M": [
        [0.0122558, 0.0162486, 0.00101753]
    ],
    "M_G3N6C2_M M_G3N6C2H3_M": [
        [0.0113481, 0.0161518, 0.00101147]
    ],
    "M_G3N6C3_M M_G3N6C3H1_M": [
        [0.0114675, 0.015671, 0.000981358]
    ],
    "M_G3N6C3_M M_G3N6C3H2_M": [
        [0.0134949, 0.0148074, 0.000927274]
    ],
    "M_G3N6C3_M M_G3N6C3H3_M": [
        [0.0115349, 0.0159623, 0.000999596]
    ]
}