{
    "M_G1_M M_G1H1_M": [
        [-0.191473, 0.118929, 0.0141143]
    ],
    "M_G1_M M_G1H2_M": [
        [-0.0375715, 0.125435, 0.0148864]
    ],
    "M_G1C3_M M_G1C3H1_M": [
        [-0.25035, 0.0664284, 0.0078836]
    ],
    "M_G1C3_M M_G1C3H2_M": [
        [-0.229016, 0.0792193, 0.0094016]
    ],
    "M_G1C4_M M_G1C4H1_M": [
        [-0.191575, 0.0571318, 0.0067803]
    ],
    "M_G1C4_M M_G1C4H2_M": [
        [-0.177861, 0.0603081, 0.00715725]
    ],
    "M_G1C5_M M_G1C5H1_M": [
        [-0.215419, 0.050454, 0.00598779]
    ],
    "M_G1C5_M M_G1C5H2_M": [
        [-0.21685, 0.0542297, 0.00643588]
    ],
    "M_G1C6_M M_G1C6H1_M": [
        [-0.219187, 0.0534639, 0.006345]
    ],
    "M_G1C6_M M_G1C6H2_M": [
        [-0.215547, 0.0513816, 0.00609787]
    ],
    "M_G1C7_M M_G1C7H1_M": [
        [-0.23188, 0.0507214, 0.00601952]
    ],
    "M_G1C7_M M_G1C7H2_M": [
        [-0.224899, 0.0541662, 0.00642834]
    ],
    "M_G1C8_M M_G1C8H1_M": [
        [-0.218346, 0.0539328, 0.00640064]
    ],
    "M_G1C8_M M_G1C8H2_M": [
        [-0.214725, 0.0540865, 0.00641889]
    ],
    "M_G1C9_M M_G1C9H1_M": [
        [-0.215818, 0.0540621, 0.00641599]
    ],
    "M_G1C9_M M_G1C9H2_M": [
        [-0.217641, 0.0528554, 0.00627278]
    ],
    "M_G1C10_M M_G1C10H1_M": [
        [-0.197613, 0.0550063, 0.00652805]
    ],
    "M_G1C10_M M_G1C10H2_M": [
        [-0.197227, 0.0543487, 0.00645]
    ],
    "M_G1C11_M M_G1C11H1_M": [
        [-0.189176, 0.0554018, 0.00657498]
    ],
    "M_G1C11_M M_G1C11H2_M": [
        [-0.190917, 0.0527021, 0.00625459]
    ],
    "M_G1C12_M M_G1C12H1_M": [
        [-0.166447, 0.0524877, 0.00622914]
    ],
    "M_G1C12_M M_G1C12H2_M": [
        [-0.167726, 0.0508257, 0.0060319]
    ],
    "M_G1C13_M M_G1C13H1_M": [
        [-0.154365, 0.0485445, 0.00576117]
    ],
    "M_G1C13_M M_G1C13H2_M": [
        [-0.157578, 0.0481948, 0.00571967]
    ],
    "M_G1C14_M M_G1C14H1_M": [
        [-0.132726, 0.0413315, 0.00490514]
    ],
    "M_G1C14_M M_G1C14H2_M": [
        [-0.134185, 0.0413071, 0.00490226]
    ],
    "M_G1C15_M M_G1C15H1_M": [
        [-0.11735, 0.0371499, 0.00440889]
    ],
    "M_G1C15_M M_G1C15H2_M": [
        [-0.11744, 0.0329242, 0.00390738]
    ],
    "M_G1C16_M M_G1C16H1_M": [
        [-0.0872262, 0.0293894, 0.00348788]
    ],
    "M_G1C16_M M_G1C16H2_M": [
        [-0.0866108, 0.024741, 0.00293621]
    ],
    "M_G1C17_M M_G1C17H1_M": [
        [-0.0322087, 0.0157166, 0.00186521]
    ],
    "M_G1C17_M M_G1C17H2_M": [
        [-0.0297108, 0.0171645, 0.00203705]
    ],
    "M_G1C17_M M_G1C17H3_M": [
        [-0.0289207, 0.0140995, 0.00167331]
    ],
    "M_G2_M M_G2H1_M": [
        [-0.198069, 0.126662, 0.015032]
    ],
    "M_G2C3_M M_G2C3H1_M": [
        [-0.083992, 0.079207, 0.00940014]
    ],
    "M_G2C3_M M_G2C3H2_M": [
        [-0.117651, 0.0715949, 0.00849675]
    ],
    "M_G2C4_M M_G2C4H1_M": [
        [-0.218183, 0.0562749, 0.00667861]
    ],
    "M_G2C4_M M_G2C4H2_M": [
        [-0.225818, 0.0592676, 0.00703377]
    ],
    "M_G2C5_M M_G2C5H1_M": [
        [-0.214497, 0.0556492, 0.00660435]
    ],
    "M_G2C5_M M_G2C5H2_M": [
        [-0.21829, 0.0605248, 0.00718298]
    ],
    "M_G2C6_M M_G2C6H1_M": [
        [-0.233781, 0.0555385, 0.00659121]
    ],
    "M_G2C6_M M_G2C6H2_M": [
        [-0.225341, 0.0656435, 0.00779044]
    ],
    "M_G2C7_M M_G2C7H1_M": [
        [-0.209488, 0.0560241, 0.00664884]
    ],
    "M_G2C7_M M_G2C7H2_M": [
        [-0.208239, 0.0609656, 0.00723529]
    ],
    "M_G2C8_M M_G2C8H1_M": [
        [-0.199824, 0.0581515, 0.00690131]
    ],
    "M_G2C8_M M_G2C8H2_M": [
        [-0.201523, 0.05483, 0.00650713]
    ],
    "M_G2C9_M M_G2C9H1_M": [
        [-0.110634, 0.0626419, 0.00743423]
    ],
    "M_G2C9_M M_G2C9H2_M": [
        [-0.1093, 0.0534459, 0.00634286]
    ],
    "M_G2C10_M M_G2C10H1_M": [
        [-0.0682596, 0.0599578, 0.00711568]
    ],
    "M_G2C11_M M_G2C11H1_M": [
        [-0.0607, 0.0478104, 0.00567405]
    ],
    "M_G2C12_M M_G2C12H1_M": [
        [-0.0851317, 0.0440128, 0.00522336]
    ],
    "M_G2C12_M M_G2C12H2_M": [
        [-0.0861543, 0.0512363, 0.00608063]
    ],
    "M_G2C13_M M_G2C13H1_M": [
        [-0.137625, 0.0447819, 0.00531463]
    ],
    "M_G2C13_M M_G2C13H2_M": [
        [-0.128036, 0.0448209, 0.00531926]
    ],
    "M_G2C14_M M_G2C14H1_M": [
        [-0.14092, 0.0402307, 0.0047745]
    ],
    "M_G2C14_M M_G2C14H2_M": [
        [-0.13586, 0.0400127, 0.00474863]
    ],
    "M_G2C15_M M_G2C15H1_M": [
        [-0.144202, 0.0342324, 0.00406264]
    ],
    "M_G2C15_M M_G2C15H2_M": [
        [-0.142887, 0.0412874, 0.00489991]
    ],
    "M_G2C16_M M_G2C16H1_M": [
        [-0.129672, 0.0334688, 0.00397201]
    ],
    "M_G2C16_M M_G2C16H2_M": [
        [-0.128763, 0.0344785, 0.00409185]
    ],
    "M_G2C17_M M_G2C17H1_M": [
        [-0.118766, 0.0272381, 0.00323257]
    ],
    "M_G2C17_M M_G2C17H2_M": [
        [-0.115028, 0.0332277, 0.0039434]
    ],
    "M_G2C18_M M_G2C18H1_M": [
        [-0.092363, 0.0230779, 0.00273885]
    ],
    "M_G2C18_M M_G2C18H2_M": [
        [-0.0891992, 0.0266993, 0.00316862]
    ],
    "M_G2C19_M M_G2C19H1_M": [
        [-0.0314135, 0.0126585, 0.00150229]
    ],
    "M_G2C19_M M_G2C19H2_M": [
        [-0.0283754, 0.0137138, 0.00162753]
    ],
    "M_G2C19_M M_G2C19H3_M": [
        [-0.0284597, 0.013498, 0.00160192]
    ],
    "M_G3_M M_G3H1_M": [
        [-0.242494, 0.0943336, 0.0111953]
    ],
    "M_G3_M M_G3H2_M": [
        [-0.25159, 0.0832313, 0.00987773]
    ],
    "M_G3C4_M M_G3C4H1_M": [
        [0.0290147, 0.0700457, 0.00831289]
    ],
    "M_G3C4_M M_G3C4H2_M": [
        [0.0353398, 0.0811336, 0.00962878]
    ],
    "M_G3C5_M M_G3C5H1_M": [
        [-0.0777382, 0.0707759, 0.00839955]
    ],
    "M_G3C5_M M_G3C5H2_M": [
        [-0.0852032, 0.067056, 0.00795809]
    ],
    "M_G3N6C1_M M_G3N6C1H1_M": [
        [0.018318, 0.0452136, 0.00536587]
    ],
    "M_G3N6C1_M M_G3N6C1H2_M": [
        [0.018856, 0.043235, 0.00513106]
    ],
    "M_G3N6C1_M M_G3N6C1H3_M": [
        [0.00300181, 0.0382329, 0.00453741]
    ],
    "M_G3N6C2_M M_G3N6C2H1_M": [
        [0.0103236, 0.0422136, 0.00500983]
    ],
    "M_G3N6C2_M M_G3N6C2H2_M": [
        [0.0149067, 0.0388113, 0.00460605]
    ],
    "M_G3N6C2_M M_G3N6C2H3_M": [
        [0.0138136, 0.0396411, 0.00470453]
    ],
    "M_G3N6C3_M M_G3N6C3H1_M": [
        [0.021872, 0.042315, 0.00502187]
    ],
    "M_G3N6C3_M M_G3N6C3H2_M": [
        [0.00400356, 0.0338912, 0.00402215]
    ],
    "M_G3N6C3_M M_G3N6C3H3_M": [
        [0.00888944, 0.0392031, 0.00465255]
    ]
}