{
    "M_G1_M M_G1H1_M": [
        [-0.23239, 0.0288415, 0.00375485]
    ],
    "M_G1_M M_G1H2_M": [
        [-0.0309224, 0.029089, 0.00378707]
    ],
    "M_G1C3_M M_G1C3H1_M": [
        [-0.234059, 0.0159927, 0.00208207]
    ],
    "M_G1C3_M M_G1C3H2_M": [
        [-0.241299, 0.014437, 0.00187954]
    ],
    "M_G1C4_M M_G1C4H1_M": [
        [-0.171076, 0.0142875, 0.00186007]
    ],
    "M_G1C4_M M_G1C4H2_M": [
        [-0.169946, 0.013838, 0.00180156]
    ],
    "M_G1C5_M M_G1C5H1_M": [
        [-0.213923, 0.0131343, 0.00170994]
    ],
    "M_G1C5_M M_G1C5H2_M": [
        [-0.208009, 0.0130782, 0.00170264]
    ],
    "M_G1C6_M M_G1C6H1_M": [
        [-0.209277, 0.0129628, 0.00168762]
    ],
    "M_G1C6_M M_G1C6H2_M": [
        [-0.207184, 0.0133206, 0.0017342]
    ],
    "M_G1C7_M M_G1C7H1_M": [
        [-0.222108, 0.0127372, 0.00165824]
    ],
    "M_G1C7_M M_G1C7H2_M": [
        [-0.21982, 0.0132105, 0.00171987]
    ],
    "M_G1C8_M M_G1C8H1_M": [
        [-0.209529, 0.0119751, 0.00155903]
    ],
    "M_G1C8_M M_G1C8H2_M": [
        [-0.207728, 0.0133819, 0.00174217]
    ],
    "M_G1C9_M M_G1C9H1_M": [
        [-0.209842, 0.0113893, 0.00148276]
    ],
    "M_G1C9_M M_G1C9H2_M": [
        [-0.208709, 0.0124056, 0.00161507]
    ],
    "M_G1C10_M M_G1C10H1_M": [
        [-0.191598, 0.0110283, 0.00143576]
    ],
    "M_G1C10_M M_G1C10H2_M": [
        [-0.18985, 0.0116727, 0.00151965]
    ],
    "M_G1C11_M M_G1C11H1_M": [
        [-0.184605, 0.0103001, 0.00134095]
    ],
    "M_G1C11_M M_G1C11H2_M": [
        [-0.183763, 0.0110031, 0.00143248]
    ],
    "M_G1C12_M M_G1C12H1_M": [
        [-0.16198, 0.00934235, 0.00121627]
    ],
    "M_G1C12_M M_G1C12H2_M": [
        [-0.162078, 0.00963422, 0.00125427]
    ],
    "M_G1C13_M M_G1C13H1_M": [
        [-0.150022, 0.00891993, 0.00116128]
    ],
    "M_G1C13_M M_G1C13H2_M": [
        [-0.150547, 0.00828968, 0.00107922]
    ],
    "M_G1C14_M M_G1C14H1_M": [
        [-0.126064, 0.0073651, 0.000958854]
    ],
    "M_G1C14_M M_G1C14H2_M": [
        [-0.125768, 0.00747354, 0.000972973]
    ],
    "M_G1C15_M M_G1C15H1_M": [
        [-0.110156, 0.00626074, 0.00081508]
    ],
    "M_G1C15_M M_G1C15H2_M": [
        [-0.110488, 0.00618793, 0.0008056]
    ],
    "M_G1C16_M M_G1C16H1_M": [
        [-0.077903, 0.00515072, 0.000670566]
    ],
    "M_G1C16_M M_G1C16H2_M": [
        [-0.0783556, 0.00497437, 0.000647608]
    ],
    "M_G1C17_M M_G1C17H1_M": [
        [-0.0270922, 0.00315076, 0.000410194]
    ],
    "M_G1C17_M M_G1C17H2_M": [
        [-0.0274753, 0.00267684, 0.000348495]
    ],
    "M_G1C17_M M_G1C17H3_M": [
        [-0.0269339, 0.00236607, 0.000308036]
    ],
    "M_G2_M M_G2H1_M": [
        [-0.218363, 0.037719, 0.00491059]
    ],
    "M_G2C3_M M_G2C3H1_M": [
        [-0.0724387, 0.0196757, 0.00256156]
    ],
    "M_G2C3_M M_G2C3H2_M": [
        [-0.10021, 0.0161689, 0.00210502]
    ],
    "M_G2C4_M M_G2C4H1_M": [
        [-0.141279, 0.0173385, 0.00225728]
    ],
    "M_G2C4_M M_G2C4H2_M": [
        [-0.148007, 0.014176, 0.00184556]
    ],
    "M_G2C5_M M_G2C5H1_M": [
        [-0.173053, 0.0152562, 0.00198618]
    ],
    "M_G2C5_M M_G2C5H2_M": [
        [-0.172828, 0.0140854, 0.00183376]
    ],
    "M_G2C6_M M_G2C6H1_M": [
        [-0.188173, 0.0162307, 0.00211305]
    ],
    "M_G2C6_M M_G2C6H2_M": [
        [-0.187912, 0.0138321, 0.00180079]
    ],
    "M_G2C7_M M_G2C7H1_M": [
        [-0.17024, 0.0156584, 0.00203855]
    ],
    "M_G2C7_M M_G2C7H2_M": [
        [-0.171671, 0.0139673, 0.00181838]
    ],
    "M_G2C8_M M_G2C8H1_M": [
        [-0.166487, 0.0143829, 0.0018725]
    ],
    "M_G2C8_M M_G2C8H2_M": [
        [-0.168349, 0.0138601, 0.00180444]
    ],
    "M_G2C9_M M_G2C9H1_M": [
        [-0.120088, 0.010421, 0.00135669]
    ],
    "M_G2C9_M M_G2C9H2_M": [
        [-0.121403, 0.0112973, 0.00147079]
    ],
    "M_G2C10_M M_G2C10H1_M": [
        [-0.0936592, 0.0104375, 0.00135884]
    ],
    "M_G2C11_M M_G2C11H1_M": [
        [0.000448914, 0.0121352, 0.00157987]
    ],
    "M_G2C12_M M_G2C12H1_M": [
        [-0.0625185, 0.00943609, 0.00122847]
    ],
    "M_G2C12_M M_G2C12H2_M": [
        [-0.0618511, 0.0103296, 0.00134479]
    ],
    "M_G2C13_M M_G2C13H1_M": [
        [-0.112641, 0.0105169, 0.00136919]
    ],
    "M_G2C13_M M_G2C13H2_M": [
        [-0.113591, 0.00959623, 0.00124932]
    ],
    "M_G2C14_M M_G2C14H1_M": [
        [-0.116285, 0.00926313, 0.00120596]
    ],
    "M_G2C14_M M_G2C14H2_M": [
        [-0.116949, 0.00846644, 0.00110224]
    ],
    "M_G2C15_M M_G2C15H1_M": [
        [-0.125588, 0.00859048, 0.00111839]
    ],
    "M_G2C15_M M_G2C15H2_M": [
        [-0.125279, 0.00918878, 0.00119628]
    ],
    "M_G2C16_M M_G2C16H1_M": [
        [-0.112753, 0.00734895, 0.000956751]
    ],
    "M_G2C16_M M_G2C16H2_M": [
        [-0.111734, 0.00728618, 0.00094858]
    ],
    "M_G2C17_M M_G2C17H1_M": [
        [-0.103536, 0.00622883, 0.000810924]
    ],
    "M_G2C17_M M_G2C17H2_M": [
        [-0.102546, 0.00607835, 0.000791334]
    ],
    "M_G2C18_M M_G2C18H1_M": [
        [-0.0760353, 0.00512054, 0.000666637]
    ],
    "M_G2C18_M M_G2C18H2_M": [
        [-0.0758216, 0.00483291, 0.000629192]
    ],
    "M_G2C19_M M_G2C19H1_M": [
        [-0.0250581, 0.00256174, 0.00033351]
    ],
    "M_G2C19_M M_G2C19H2_M": [
        [-0.0250992, 0.00235905, 0.000307123]
    ],
    "M_G2C19_M M_G2C19H3_M": [
        [-0.0245598, 0.00233006, 0.000303349]
    ],
    "M_G3_M M_G3H1_M": [
        [-0.166641, 0.041624, 0.00541898]
    ],
    "M_G3_M M_G3H2_M": [
        [-0.178724, 0.0224688, 0.00292519]
    ],
    "M_G3C4_M M_G3C4H1_M": [
        [0.0179685, 0.00853609, 0.0011113]
    ],
    "M_G3C4_M M_G3C4H2_M": [
        [0.0196463, 0.00968829, 0.00126131]
    ],
    "M_G3C5_M M_G3C5H1_M": [
        [-0.0431029, 0.00681139, 0.000886768]
    ],
    "M_G3C5_M M_G3C5H2_M": [
        [-0.0460004, 0.00724275, 0.000942926]
    ],
    "M_G3N6C1_M M_G3N6C1H1_M": [
        [0.011519, 0.00228176, 0.000297059]
    ],
    "M_G3N6C1_M M_G3N6C1H2_M": [
        [0.0113015, 0.00302835, 0.000394257]
    ],
    "M_G3N6C1_M M_G3N6C1H3_M": [
        [0.0112083, 0.00361963, 0.000471235]
    ],
    "M_G3N6C2_M M_G3N6C2H1_M": [
        [0.0116509, 0.0031405, 0.000408858]
    ],
    "M_G3N6C2_M M_G3N6C2H2_M": [
        [0.011661, 0.00291658, 0.000379707]
    ],
    "M_G3N6C2_M M_G3N6C2H3_M": [
        [0.011698, 0.00303984, 0.000395753]
    ],
    "M_G3N6C3_M M_G3N6C3H1_M": [
        [0.0115925, 0.00284614, 0.000370536]
    ],
    "M_G3N6C3_M M_G3N6C3H2_M": [
        [0.0113905, 0.00349883, 0.000455509]
    ],
    "M_G3N6C3_M M_G3N6C3H3_M": [
        [0.0114465, 0.00274003, 0.000356722]
    ]
}