{
    "M_G1_M M_G1H1_M": [
        [-0.168113, 0.0261389, 0.00231946]
    ],
    "M_G1_M M_G1H2_M": [
        [-0.0383196, 0.0205042, 0.00181945]
    ],
    "M_G1C3_M M_G1C3H1_M": [
        [-0.232484, 0.0175843, 0.00156035]
    ],
    "M_G1C3_M M_G1C3H2_M": [
        [-0.200225, 0.0199, 0.00176584]
    ],
    "M_G1C4_M M_G1C4H1_M": [
        [-0.173544, 0.0118894, 0.00105501]
    ],
    "M_G1C4_M M_G1C4H2_M": [
        [-0.16088, 0.012458, 0.00110547]
    ],
    "M_G1C5_M M_G1C5H1_M": [
        [-0.201419, 0.0103396, 0.00091749]
    ],
    "M_G1C5_M M_G1C5H2_M": [
        [-0.19878, 0.0117826, 0.00104554]
    ],
    "M_G1C6_M M_G1C6H1_M": [
        [-0.202248, 0.0104311, 0.000925607]
    ],
    "M_G1C6_M M_G1C6H2_M": [
        [-0.199235, 0.012098, 0.00107352]
    ],
    "M_G1C7_M M_G1C7H1_M": [
        [-0.214282, 0.0103809, 0.000921158]
    ],
    "M_G1C7_M M_G1C7H2_M": [
        [-0.212326, 0.0114055, 0.00101208]
    ],
    "M_G1C8_M M_G1C8H1_M": [
        [-0.204666, 0.0107368, 0.00095274]
    ],
    "M_G1C8_M M_G1C8H2_M": [
        [-0.20415, 0.0114634, 0.00101721]
    ],
    "M_G1C9_M M_G1C9H1_M": [
        [-0.203722, 0.0109428, 0.000971019]
    ],
    "M_G1C9_M M_G1C9H2_M": [
        [-0.203546, 0.0111472, 0.000989153]
    ],
    "M_G1C10_M M_G1C10H1_M": [
        [-0.188304, 0.0105685, 0.000937801]
    ],
    "M_G1C10_M M_G1C10H2_M": [
        [-0.187852, 0.0103446, 0.000917937]
    ],
    "M_G1C11_M M_G1C11H1_M": [
        [-0.181277, 0.00989546, 0.000878081]
    ],
    "M_G1C11_M M_G1C11H2_M": [
        [-0.180136, 0.0103002, 0.000913993]
    ],
    "M_G1C12_M M_G1C12H1_M": [
        [-0.162388, 0.00991115, 0.000879472]
    ],
    "M_G1C12_M M_G1C12H2_M": [
        [-0.161538, 0.00979859, 0.000869484]
    ],
    "M_G1C13_M M_G1C13H1_M": [
        [-0.151356, 0.00911276, 0.000808627]
    ],
    "M_G1C13_M M_G1C13H2_M": [
        [-0.150721, 0.00882172, 0.000782801]
    ],
    "M_G1C14_M M_G1C14H1_M": [
        [-0.130834, 0.00841588, 0.000746788]
    ],
    "M_G1C14_M M_G1C14H2_M": [
        [-0.130558, 0.00785421, 0.000696949]
    ],
    "M_G1C15_M M_G1C15H1_M": [
        [-0.11406, 0.00761303, 0.000675547]
    ],
    "M_G1C15_M M_G1C15H2_M": [
        [-0.113979, 0.0071279, 0.000632499]
    ],
    "M_G1C16_M M_G1C16H1_M": [
        [-0.0860568, 0.00640677, 0.000568509]
    ],
    "M_G1C16_M M_G1C16H2_M": [
        [-0.0857524, 0.00640328, 0.000568199]
    ],
    "M_G1C17_M M_G1C17H1_M": [
        [-0.0289254, 0.0046734, 0.000414698]
    ],
    "M_G1C17_M M_G1C17H2_M": [
        [-0.0291217, 0.00465293, 0.00041288]
    ],
    "M_G1C17_M M_G1C17H3_M": [
        [-0.0291764, 0.00499018, 0.000442807]
    ],
    "M_G2_M M_G2H1_M": [
        [-0.19062, 0.0224545, 0.00199251]
    ],
    "M_G2C3_M M_G2C3H1_M": [
        [-0.0734134, 0.0186972, 0.00165911]
    ],
    "M_G2C3_M M_G2C3H2_M": [
        [-0.10581, 0.0141972, 0.00125979]
    ],
    "M_G2C4_M M_G2C4H1_M": [
        [-0.19854, 0.0137206, 0.00121751]
    ],
    "M_G2C4_M M_G2C4H2_M": [
        [-0.204156, 0.0115087, 0.00102123]
    ],
    "M_G2C5_M M_G2C5H1_M": [
        [-0.196775, 0.0131095, 0.00116328]
    ],
    "M_G2C5_M M_G2C5H2_M": [
        [-0.19901, 0.0120013, 0.00106494]
    ],
    "M_G2C6_M M_G2C6H1_M": [
        [-0.206877, 0.0135767, 0.00120473]
    ],
    "M_G2C6_M M_G2C6H2_M": [
        [-0.206568, 0.0124949, 0.00110874]
    ],
    "M_G2C7_M M_G2C7H1_M": [
        [-0.183764, 0.0121584, 0.00107888]
    ],
    "M_G2C7_M M_G2C7H2_M": [
        [-0.183423, 0.0119209, 0.00105781]
    ],
    "M_G2C8_M M_G2C8H1_M": [
        [-0.174511, 0.0122296, 0.0010852]
    ],
    "M_G2C8_M M_G2C8H2_M": [
        [-0.174843, 0.0109956, 0.000975701]
    ],
    "M_G2C9_M M_G2C9H1_M": [
        [-0.099637, 0.0116706, 0.0010356]
    ],
    "M_G2C9_M M_G2C9H2_M": [
        [-0.100143, 0.0120957, 0.00107332]
    ],
    "M_G2C10_M M_G2C10H1_M": [
        [-0.0551709, 0.0130274, 0.00115599]
    ],
    "M_G2C11_M M_G2C11H1_M": [
        [-0.0470134, 0.0122327, 0.00108548]
    ],
    "M_G2C12_M M_G2C12H1_M": [
        [-0.0754093, 0.0107128, 0.00095061]
    ],
    "M_G2C12_M M_G2C12H2_M": [
        [-0.0758256, 0.0109922, 0.000975401]
    ],
    "M_G2C13_M M_G2C13H1_M": [
        [-0.114916, 0.0113468, 0.00100686]
    ],
    "M_G2C13_M M_G2C13H2_M": [
        [-0.1161, 0.010896, 0.000966865]
    ],
    "M_G2C14_M M_G2C14H1_M": [
        [-0.122013, 0.0108961, 0.000966874]
    ],
    "M_G2C14_M M_G2C14H2_M": [
        [-0.121506, 0.0105514, 0.000936284]
    ],
    "M_G2C15_M M_G2C15H1_M": [
        [-0.1263, 0.0105183, 0.000933344]
    ],
    "M_G2C15_M M_G2C15H2_M": [
        [-0.125579, 0.0102049, 0.000905541]
    ],
    "M_G2C16_M M_G2C16H1_M": [
        [-0.114709, 0.00946565, 0.000839941]
    ],
    "M_G2C16_M M_G2C16H2_M": [
        [-0.114791, 0.0090948, 0.000807033]
    ],
    "M_G2C17_M M_G2C17H1_M": [
        [-0.104424, 0.00836709, 0.000742459]
    ],
    "M_G2C17_M M_G2C17H2_M": [
        [-0.104134, 0.00814222, 0.000722505]
    ],
    "M_G2C18_M M_G2C18H1_M": [
        [-0.0810478, 0.00715452, 0.000634861]
    ],
    "M_G2C18_M M_G2C18H2_M": [
        [-0.081662, 0.00648921, 0.000575824]
    ],
    "M_G2C19_M M_G2C19H1_M": [
        [-0.026736, 0.00498428, 0.000442283]
    ],
    "M_G2C19_M M_G2C19H2_M": [
        [-0.0271835, 0.00422041, 0.000374501]
    ],
    "M_G2C19_M M_G2C19H3_M": [
        [-0.0271411, 0.00474449, 0.000421005]
    ],
    "M_G3_M M_G3H1_M": [
        [-0.224851, 0.0202646, 0.0017982]
    ],
    "M_G3_M M_G3H2_M": [
        [-0.245266, 0.0166281, 0.00147551]
    ],
    "M_G3C4_M M_G3C4H1_M": [
        [0.0344755, 0.0164692, 0.00146141]
    ],
    "M_G3C4_M M_G3C4H2_M": [
        [0.0338416, 0.0160246, 0.00142195]
    ],
    "M_G3C5_M M_G3C5H1_M": [
        [-0.0764671, 0.0126559, 0.00112303]
    ],
    "M_G3C5_M M_G3C5H2_M": [
        [-0.0765147, 0.0124862, 0.00110797]
    ],
    "M_G3N6C1_M M_G3N6C1H1_M": [
        [0.00983054, 0.00780821, 0.000692867]
    ],
    "M_G3N6C1_M M_G3N6C1H2_M": [
        [0.0116226, 0.00762963, 0.00067702]
    ],
    "M_G3N6C1_M M_G3N6C1H3_M": [
        [0.0121345, 0.00761763, 0.000675956]
    ],
    "M_G3N6C2_M M_G3N6C2H1_M": [
        [0.0106865, 0.00856701, 0.000760199]
    ],
    "M_G3N6C2_M M_G3N6C2H2_M": [
        [0.0113964, 0.00784626, 0.000696243]
    ],
    "M_G3N6C2_M M_G3N6C2H3_M": [
        [0.0103531, 0.0079759, 0.000707746]
    ],
    "M_G3N6C3_M M_G3N6C3H1_M": [
        [0.0119911, 0.00822971, 0.000730268]
    ],
    "M_G3N6C3_M M_G3N6C3H2_M": [
        [0.0135398, 0.00787959, 0.0006992]
    ],
    "M_G3N6C3_M M_G3N6C3H3_M": [
        [0.0111876, 0.00763165, 0.000677199]
    ]
}