{
    "M_C3_M M_C3H1_M": [
        [-0.380465, 0.0076057, 0.000824954]
    ],
    "M_C4_M M_C4H1_M": [
        [-0.330349, 0.0095723, 0.00103826]
    ],
    "M_C4_M M_C4H2_M": [
        [-0.202221, 0.0154559, 0.00167643]
    ],
    "M_C6_M M_C6H1_M": [
        [-0.0508103, 0.0164834, 0.00178788]
    ],
    "M_C7_M M_C7H1_M": [
        [-0.279065, 0.00989895, 0.00107369]
    ],
    "M_C7_M M_C7H2_M": [
        [-0.344344, 0.00886933, 0.000962014]
    ],
    "M_C8_M M_C8H1_M": [
        [-0.417175, 0.00715383, 0.000775941]
    ],
    "M_C14_M M_C14H1_M": [
        [-0.414156, 0.00726379, 0.000787869]
    ],
    "M_C15_M M_C15H1_M": [
        [-0.382322, 0.00847493, 0.000919235]
    ],
    "M_C15_M M_C15H2_M": [
        [-0.341976, 0.0121509, 0.00131795]
    ],
    "M_C16_M M_C16H1_M": [
        [-0.0857776, 0.0134479, 0.00145863]
    ],
    "M_C16_M M_C16H2_M": [
        [-0.159752, 0.0124852, 0.00135421]
    ],
    "M_C17_M M_C17H1_M": [
        [-0.411379, 0.00698398, 0.000757519]
    ],
    "M_C18_M M_C18H1_M": [
        [0.118624, 0.0105034, 0.00113925]
    ],
    "M_C18_M M_C18H2_M": [
        [0.120457, 0.00989591, 0.00107336]
    ],
    "M_C18_M M_C18H3_M": [
        [0.118381, 0.00885235, 0.000960173]
    ],
    "M_C12_M M_C12H1_M": [
        [-0.123869, 0.0161263, 0.00174914]
    ],
    "M_C12_M M_C12H2_M": [
        [-0.408141, 0.00716764, 0.000777439]
    ],
    "M_C11_M M_C11H1_M": [
        [-0.412303, 0.00757146, 0.00082124]
    ],
    "M_C11_M M_C11H2_M": [
        [-0.218938, 0.0114346, 0.00124026]
    ],
    "M_C9_M M_C9H1_M": [
        [-0.413033, 0.00752091, 0.000815757]
    ],
    "M_C19_M M_C19H1_M": [
        [0.117971, 0.00900415, 0.000976637]
    ],
    "M_C19_M M_C19H2_M": [
        [0.11969, 0.00845638, 0.000917223]
    ],
    "M_C19_M M_C19H3_M": [
        [0.117589, 0.00803801, 0.000871844]
    ],
    "M_C1_M M_C1H1_M": [
        [-0.216929, 0.0153919, 0.00166949]
    ],
    "M_C1_M M_C1H2_M": [
        [-0.376678, 0.00802227, 0.000870138]
    ],
    "M_C2_M M_C2H1_M": [
        [-0.222005, 0.011088, 0.00120266]
    ],
    "M_C2_M M_C2H2_M": [
        [-0.358883, 0.00860795, 0.000933663]
    ],
    "M_C20_M M_C20H1_M": [
        [-0.390551, 0.0113537, 0.00123148]
    ],
    "M_C21_M M_C21H1_M": [
        [0.110748, 0.00781438, 0.000847589]
    ],
    "M_C21_M M_C21H2_M": [
        [0.110857, 0.0079368, 0.000860866]
    ],
    "M_C21_M M_C21H3_M": [
        [0.109862, 0.00776821, 0.000842581]
    ],
    "M_C22_M M_C22H1_M": [
        [-0.250623, 0.0239221, 0.00259471]
    ],
    "M_C22_M M_C22H2_M": [
        [-0.366791, 0.0128203, 0.00139055]
    ],
    "M_C23_M M_C23H1_M": [
        [-0.201106, 0.0161139, 0.0017478]
    ],
    "M_C23_M M_C23H2_M": [
        [-0.343645, 0.00858732, 0.000931426]
    ],
    "M_C24_M M_C24H1_M": [
        [-0.205872, 0.0123091, 0.00133511]
    ],
    "M_C24_M M_C24H2_M": [
        [-0.295103, 0.00877143, 0.000951395]
    ],
    "M_C25_M M_C25H1_M": [
        [-0.170781, 0.0100074, 0.00108545]
    ],
    "M_C26_M M_C26H1_M": [
        [0.0142509, 0.00687728, 0.000745946]
    ],
    "M_C26_M M_C26H2_M": [
        [0.0148184, 0.00762873, 0.000827452]
    ],
    "M_C26_M M_C26H3_M": [
        [0.0148692, 0.00732865, 0.000794904]
    ],
    "M_C27_M M_C27H1_M": [
        [0.0120702, 0.00780103, 0.00084614]
    ],
    "M_C27_M M_C27H2_M": [
        [0.0107786, 0.00688701, 0.000747001]
    ],
    "M_C27_M M_C27H3_M": [
        [0.0106502, 0.00722799, 0.000783986]
    ]
}