{
    "M_C3_M M_C3H1_M": [
        [-0.368061, 0.0107063, 0.00134886]
    ],
    "M_C4_M M_C4H1_M": [
        [-0.315318, 0.0134268, 0.00169162]
    ],
    "M_C4_M M_C4H2_M": [
        [-0.192819, 0.0189363, 0.00238575]
    ],
    "M_C6_M M_C6H1_M": [
        [-0.0438735, 0.020894, 0.0026324]
    ],
    "M_C7_M M_C7H1_M": [
        [-0.276959, 0.0144795, 0.00182425]
    ],
    "M_C7_M M_C7H2_M": [
        [-0.325824, 0.0121214, 0.00152716]
    ],
    "M_C8_M M_C8H1_M": [
        [-0.402489, 0.0103582, 0.00130501]
    ],
    "M_C14_M M_C14H1_M": [
        [-0.39842, 0.0108869, 0.00137162]
    ],
    "M_C15_M M_C15H1_M": [
        [-0.369364, 0.0127393, 0.001605]
    ],
    "M_C15_M M_C15H2_M": [
        [-0.324367, 0.0147154, 0.00185396]
    ],
    "M_C16_M M_C16H1_M": [
        [-0.0723208, 0.0195378, 0.00246154]
    ],
    "M_C16_M M_C16H2_M": [
        [-0.172405, 0.0172994, 0.00217952]
    ],
    "M_C17_M M_C17H1_M": [
        [-0.395638, 0.0104832, 0.00132076]
    ],
    "M_C18_M M_C18H1_M": [
        [0.116332, 0.0159209, 0.00200585]
    ],
    "M_C18_M M_C18H2_M": [
        [0.111434, 0.0161876, 0.00203944]
    ],
    "M_C18_M M_C18H3_M": [
        [0.111823, 0.014754, 0.00185883]
    ],
    "M_C12_M M_C12H1_M": [
        [-0.12321, 0.0199027, 0.00250751]
    ],
    "M_C12_M M_C12H2_M": [
        [-0.392996, 0.0104708, 0.00131919]
    ],
    "M_C11_M M_C11H1_M": [
        [-0.397092, 0.0104981, 0.00132264]
    ],
    "M_C11_M M_C11H2_M": [
        [-0.212219, 0.0159565, 0.00201033]
    ],
    "M_C9_M M_C9H1_M": [
        [-0.397851, 0.0104941, 0.00132213]
    ],
    "M_C19_M M_C19H1_M": [
        [0.113516, 0.0135458, 0.00170661]
    ],
    "M_C19_M M_C19H2_M": [
        [0.115452, 0.0164451, 0.00207188]
    ],
    "M_C19_M M_C19H3_M": [
        [0.114821, 0.0133651, 0.00168384]
    ],
    "M_C1_M M_C1H1_M": [
        [-0.206659, 0.0189438, 0.00238669]
    ],
    "M_C1_M M_C1H2_M": [
        [-0.36116, 0.0115307, 0.00145273]
    ],
    "M_C2_M M_C2H1_M": [
        [-0.218846, 0.0162456, 0.00204676]
    ],
    "M_C2_M M_C2H2_M": [
        [-0.344926, 0.0117591, 0.00148151]
    ],
    "M_C20_M M_C20H1_M": [
        [-0.380612, 0.0104795, 0.00132029]
    ],
    "M_C21_M M_C21H1_M": [
        [0.101546, 0.0131674, 0.00165893]
    ],
    "M_C21_M M_C21H2_M": [
        [0.0987079, 0.0184951, 0.00233016]
    ],
    "M_C21_M M_C21H3_M": [
        [0.100253, 0.0158704, 0.00199948]
    ],
    "M_C22_M M_C22H1_M": [
        [-0.221859, 0.0216505, 0.0027277]
    ],
    "M_C22_M M_C22H2_M": [
        [-0.346249, 0.011249, 0.00141725]
    ],
    "M_C23_M M_C23H1_M": [
        [-0.175505, 0.0181536, 0.00228713]
    ],
    "M_C23_M M_C23H2_M": [
        [-0.328238, 0.0127095, 0.00160125]
    ],
    "M_C24_M M_C24H1_M": [
        [-0.1845, 0.0174093, 0.00219337]
    ],
    "M_C24_M M_C24H2_M": [
        [-0.280322, 0.012976, 0.00163482]
    ],
    "M_C25_M M_C25H1_M": [
        [-0.153094, 0.0155437, 0.00195832]
    ],
    "M_C26_M M_C26H1_M": [
        [0.00898657, 0.0163877, 0.00206465]
    ],
    "M_C26_M M_C26H2_M": [
        [0.0172253, 0.0138832, 0.00174911]
    ],
    "M_C26_M M_C26H3_M": [
        [0.00921919, 0.015432, 0.00194424]
    ],
    "M_C27_M M_C27H1_M": [
        [0.0108166, 0.0172179, 0.00216925]
    ],
    "M_C27_M M_C27H2_M": [
        [0.0055789, 0.0146959, 0.00185152]
    ],
    "M_C27_M M_C27H3_M": [
        [0.00344669, 0.0138984, 0.00175103]
    ]
}