{
    "M_G1_M M_G1H1_M": [
        [-0.0349105, 0.0406819, 0.00372931]
    ],
    "M_G1_M M_G1H2_M": [
        [-0.186146, 0.0387821, 0.00355515]
    ],
    "M_G1C3_M M_G1C3H1_M": [
        [-0.259415, 0.018229, 0.00167105]
    ],
    "M_G1C3_M M_G1C3H2_M": [
        [-0.238124, 0.0199855, 0.00183207]
    ],
    "M_G1C4_M M_G1C4H1_M": [
        [-0.21119, 0.015812, 0.00144949]
    ],
    "M_G1C4_M M_G1C4H2_M": [
        [-0.200538, 0.0160166, 0.00146824]
    ],
    "M_G1C5_M M_G1C5H1_M": [
        [-0.240259, 0.0138289, 0.0012677]
    ],
    "M_G1C5_M M_G1C5H2_M": [
        [-0.236086, 0.0141963, 0.00130137]
    ],
    "M_G1C6_M M_G1C6H1_M": [
        [-0.244226, 0.0139617, 0.00127987]
    ],
    "M_G1C6_M M_G1C6H2_M": [
        [-0.240826, 0.0145155, 0.00133063]
    ],
    "M_G1C7_M M_G1C7H1_M": [
        [-0.257223, 0.0129715, 0.00118909]
    ],
    "M_G1C7_M M_G1C7H2_M": [
        [-0.25544, 0.0137125, 0.00125703]
    ],
    "M_G1C8_M M_G1C8H1_M": [
        [-0.250435, 0.0134763, 0.00123537]
    ],
    "M_G1C8_M M_G1C8H2_M": [
        [-0.249212, 0.0127981, 0.0011732]
    ],
    "M_G1C9_M M_G1C9H1_M": [
        [-0.251209, 0.0129096, 0.00118342]
    ],
    "M_G1C9_M M_G1C9H2_M": [
        [-0.250675, 0.0126365, 0.00115839]
    ],
    "M_G1C10_M M_G1C10H1_M": [
        [-0.237519, 0.0133158, 0.00122065]
    ],
    "M_G1C10_M M_G1C10H2_M": [
        [-0.236361, 0.0123142, 0.00112884]
    ],
    "M_G1C11_M M_G1C11H1_M": [
        [-0.230178, 0.0122132, 0.00111958]
    ],
    "M_G1C11_M M_G1C11H2_M": [
        [-0.230145, 0.0123553, 0.00113261]
    ],
    "M_G1C12_M M_G1C12H1_M": [
        [-0.210329, 0.011762, 0.00107822]
    ],
    "M_G1C12_M M_G1C12H2_M": [
        [-0.209998, 0.0118224, 0.00108376]
    ],
    "M_G1C13_M M_G1C13H1_M": [
        [-0.19707, 0.0113366, 0.00103922]
    ],
    "M_G1C13_M M_G1C13H2_M": [
        [-0.197041, 0.0112241, 0.00102891]
    ],
    "M_G1C14_M M_G1C14H1_M": [
        [-0.171002, 0.0106287, 0.000974333]
    ],
    "M_G1C14_M M_G1C14H2_M": [
        [-0.171084, 0.00982024, 0.00090022]
    ],
    "M_G1C15_M M_G1C15H1_M": [
        [-0.148771, 0.00892979, 0.000818592]
    ],
    "M_G1C15_M M_G1C15H2_M": [
        [-0.149053, 0.00914437, 0.000838263]
    ],
    "M_G1C16_M M_G1C16H1_M": [
        [-0.110226, 0.00682049, 0.000625233]
    ],
    "M_G1C16_M M_G1C16H2_M": [
        [-0.110343, 0.00675364, 0.000619105]
    ],
    "M_G1C17_M M_G1C17H1_M": [
        [-0.0364316, 0.0032067, 0.000293957]
    ],
    "M_G1C17_M M_G1C17H2_M": [
        [-0.0372055, 0.0034493, 0.000316197]
    ],
    "M_G1C17_M M_G1C17H3_M": [
        [-0.0368486, 0.00355503, 0.000325889]
    ],
    "M_G2_M M_G2H1_M": [
        [-0.213804, 0.0352555, 0.00323186]
    ],
    "M_G2C3_M M_G2C3H1_M": [
        [-0.0878321, 0.0282918, 0.00259351]
    ],
    "M_G2C3_M M_G2C3H2_M": [
        [-0.121209, 0.0207665, 0.00190366]
    ],
    "M_G2C4_M M_G2C4H1_M": [
        [-0.223237, 0.0178655, 0.00163772]
    ],
    "M_G2C4_M M_G2C4H2_M": [
        [-0.225798, 0.0165944, 0.00152121]
    ],
    "M_G2C5_M M_G2C5H1_M": [
        [-0.224512, 0.0155394, 0.00142449]
    ],
    "M_G2C5_M M_G2C5H2_M": [
        [-0.226569, 0.0147023, 0.00134776]
    ],
    "M_G2C6_M M_G2C6H1_M": [
        [-0.240594, 0.0147091, 0.00134838]
    ],
    "M_G2C6_M M_G2C6H2_M": [
        [-0.238649, 0.0147716, 0.00135411]
    ],
    "M_G2C7_M M_G2C7H1_M": [
        [-0.217413, 0.0146015, 0.00133852]
    ],
    "M_G2C7_M M_G2C7H2_M": [
        [-0.216495, 0.0140564, 0.00128855]
    ],
    "M_G2C8_M M_G2C8H1_M": [
        [-0.208838, 0.0137373, 0.00125929]
    ],
    "M_G2C8_M M_G2C8H2_M": [
        [-0.20791, 0.0134565, 0.00123356]
    ],
    "M_G2C9_M M_G2C9H1_M": [
        [-0.121598, 0.0142633, 0.00130751]
    ],
    "M_G2C9_M M_G2C9H2_M": [
        [-0.121596, 0.0134319, 0.0012313]
    ],
    "M_G2C10_M M_G2C10H1_M": [
        [-0.0699391, 0.0165902, 0.00152083]
    ],
    "M_G2C11_M M_G2C11H1_M": [
        [-0.067435, 0.0137418, 0.00125971]
    ],
    "M_G2C12_M M_G2C12H1_M": [
        [-0.108732, 0.0133329, 0.00122222]
    ],
    "M_G2C12_M M_G2C12H2_M": [
        [-0.106877, 0.0124708, 0.00114319]
    ],
    "M_G2C13_M M_G2C13H1_M": [
        [-0.161586, 0.012699, 0.00116412]
    ],
    "M_G2C13_M M_G2C13H2_M": [
        [-0.161584, 0.0116689, 0.00106969]
    ],
    "M_G2C14_M M_G2C14H1_M": [
        [-0.169621, 0.0117777, 0.00107966]
    ],
    "M_G2C14_M M_G2C14H2_M": [
        [-0.169439, 0.0109053, 0.000999683]
    ],
    "M_G2C15_M M_G2C15H1_M": [
        [-0.174756, 0.0110954, 0.00101712]
    ],
    "M_G2C15_M M_G2C15H2_M": [
        [-0.174619, 0.01086, 0.000995539]
    ],
    "M_G2C16_M M_G2C16H1_M": [
        [-0.157956, 0.00959128, 0.000879231]
    ],
    "M_G2C16_M M_G2C16H2_M": [
        [-0.158146, 0.0101035, 0.000926187]
    ],
    "M_G2C17_M M_G2C17H1_M": [
        [-0.141918, 0.00861431, 0.000789672]
    ],
    "M_G2C17_M M_G2C17H2_M": [
        [-0.141994, 0.00862256, 0.000790429]
    ],
    "M_G2C18_M M_G2C18H1_M": [
        [-0.108711, 0.00667702, 0.000612082]
    ],
    "M_G2C18_M M_G2C18H2_M": [
        [-0.108472, 0.00718747, 0.000658875]
    ],
    "M_G2C19_M M_G2C19H1_M": [
        [-0.0362055, 0.00353958, 0.000324473]
    ],
    "M_G2C19_M M_G2C19H2_M": [
        [-0.0358988, 0.00359169, 0.00032925]
    ],
    "M_G2C19_M M_G2C19H3_M": [
        [-0.036327, 0.00325103, 0.000298022]
    ],
    "M_G3_M M_G3H1_M": [
        [-0.20909, 0.0338581, 0.00310377]
    ],
    "M_G3_M M_G3H2_M": [
        [-0.229295, 0.0314746, 0.00288528]
    ],
    "M_G3C4_M M_G3C4H1_M": [
        [-0.0836498, 0.0288127, 0.00264126]
    ],
    "M_G3C5_M M_G3C5H1_M": [
        [0.0693956, 0.063719, 0.00584111]
    ],
    "M_G3C6_M M_G3C6H1_M": [
        [-0.0608909, 0.0293178, 0.00268755]
    ],
    "M_G3C7_M M_G3C7H1_M": [
        [-0.0377217, 0.033918, 0.00310925]
    ],
    "M_G3C8_M M_G3C8H1_M": [
        [-0.0797514, 0.0317356, 0.0029092]
    ],
    "M_G3C9_M M_G3C9H1_M": [
        [-0.108543, 0.0283115, 0.00259532]
    ]
}