{
    "M_G1_M M_G1H1_M": [
        [-0.275696, 0.0840283, 0.00449793]
    ],
    "M_G1_M M_G1H2_M": [
        [0.0480061, 0.133481, 0.00714509]
    ],
    "M_G1C3_M M_G1C3H1_M": [
        [-0.265365, 0.0365419, 0.00195604]
    ],
    "M_G1C3_M M_G1C3H2_M": [
        [-0.258109, 0.0394037, 0.00210923]
    ],
    "M_G1C4_M M_G1C4H1_M": [
        [-0.202217, 0.029405, 0.00157401]
    ],
    "M_G1C4_M M_G1C4H2_M": [
        [-0.195781, 0.0305682, 0.00163628]
    ],
    "M_G1C5_M M_G1C5H1_M": [
        [-0.23204, 0.0268155, 0.0014354]
    ],
    "M_G1C5_M M_G1C5H2_M": [
        [-0.228697, 0.0277034, 0.00148293]
    ],
    "M_G1C6_M M_G1C6H1_M": [
        [-0.2212, 0.02688, 0.00143885]
    ],
    "M_G1C6_M M_G1C6H2_M": [
        [-0.21891, 0.0274657, 0.0014702]
    ],
    "M_G1C7_M M_G1C7H1_M": [
        [-0.234215, 0.0260249, 0.00139308]
    ],
    "M_G1C7_M M_G1C7H2_M": [
        [-0.232732, 0.0274948, 0.00147176]
    ],
    "M_G1C8_M M_G1C8H1_M": [
        [-0.220136, 0.0264377, 0.00141518]
    ],
    "M_G1C8_M M_G1C8H2_M": [
        [-0.220446, 0.0272868, 0.00146063]
    ],
    "M_G1C9_M M_G1C9H1_M": [
        [-0.220295, 0.0262235, 0.00140371]
    ],
    "M_G1C9_M M_G1C9H2_M": [
        [-0.220854, 0.0267735, 0.00143315]
    ],
    "M_G1C10_M M_G1C10H1_M": [
        [-0.201934, 0.0266547, 0.0014268]
    ],
    "M_G1C10_M M_G1C10H2_M": [
        [-0.202122, 0.0273617, 0.00146464]
    ],
    "M_G1C11_M M_G1C11H1_M": [
        [-0.194926, 0.0259122, 0.00138705]
    ],
    "M_G1C11_M M_G1C11H2_M": [
        [-0.195647, 0.0265064, 0.00141885]
    ],
    "M_G1C12_M M_G1C12H1_M": [
        [-0.173447, 0.0249732, 0.00133679]
    ],
    "M_G1C12_M M_G1C12H2_M": [
        [-0.173765, 0.0259019, 0.0013865]
    ],
    "M_G1C13_M M_G1C13H1_M": [
        [-0.161454, 0.0235536, 0.00126079]
    ],
    "M_G1C13_M M_G1C13H2_M": [
        [-0.161582, 0.0238166, 0.00127487]
    ],
    "M_G1C14_M M_G1C14H1_M": [
        [-0.136282, 0.0210301, 0.00112572]
    ],
    "M_G1C14_M M_G1C14H2_M": [
        [-0.136074, 0.0213198, 0.00114122]
    ],
    "M_G1C15_M M_G1C15H1_M": [
        [-0.117756, 0.0178306, 0.000954452]
    ],
    "M_G1C15_M M_G1C15H2_M": [
        [-0.1178, 0.0182959, 0.000979356]
    ],
    "M_G1C16_M M_G1C16H1_M": [
        [-0.0851358, 0.013661, 0.000731258]
    ],
    "M_G1C16_M M_G1C16H2_M": [
        [-0.0848874, 0.0141109, 0.000755341]
    ],
    "M_G1C17_M M_G1C17H1_M": [
        [-0.0283393, 0.0064315, 0.000344271]
    ],
    "M_G1C17_M M_G1C17H2_M": [
        [-0.0286104, 0.00617742, 0.00033067]
    ],
    "M_G1C17_M M_G1C17H3_M": [
        [-0.0283648, 0.00646498, 0.000346062]
    ],
    "M_G2_M M_G2H1_M": [
        [-0.26215, 0.0795376, 0.00425755]
    ],
    "M_G2C3_M M_G2C3H1_M": [
        [-0.150226, 0.0570384, 0.00305319]
    ],
    "M_G2C3_M M_G2C3H2_M": [
        [-0.138913, 0.0627127, 0.00335693]
    ],
    "M_G2C4_M M_G2C4H1_M": [
        [-0.203233, 0.0315835, 0.00169063]
    ],
    "M_G2C4_M M_G2C4H2_M": [
        [-0.189647, 0.0353616, 0.00189286]
    ],
    "M_G2C5_M M_G2C5H1_M": [
        [-0.199642, 0.0310132, 0.0016601]
    ],
    "M_G2C5_M M_G2C5H2_M": [
        [-0.194657, 0.03174, 0.001699]
    ],
    "M_G2C6_M M_G2C6H1_M": [
        [-0.206368, 0.0303589, 0.00162507]
    ],
    "M_G2C6_M M_G2C6H2_M": [
        [-0.205103, 0.029921, 0.00160164]
    ],
    "M_G2C7_M M_G2C7H1_M": [
        [-0.18112, 0.0296631, 0.00158783]
    ],
    "M_G2C7_M M_G2C7H2_M": [
        [-0.180316, 0.0298595, 0.00159834]
    ],
    "M_G2C8_M M_G2C8H1_M": [
        [-0.17464, 0.0277459, 0.00148521]
    ],
    "M_G2C8_M M_G2C8H2_M": [
        [-0.174828, 0.0269899, 0.00144473]
    ],
    "M_G2C9_M M_G2C9H1_M": [
        [-0.122795, 0.0232407, 0.00124405]
    ],
    "M_G2C9_M M_G2C9H2_M": [
        [-0.122707, 0.0234973, 0.00125778]
    ],
    "M_G2C10_M M_G2C10H1_M": [
        [-0.0941241, 0.0248232, 0.00132875]
    ],
    "M_G2C11_M M_G2C11H1_M": [
        [0.00696167, 0.0282435, 0.00151184]
    ],
    "M_G2C12_M M_G2C12H1_M": [
        [-0.0542851, 0.0209038, 0.00111896]
    ],
    "M_G2C12_M M_G2C12H2_M": [
        [-0.0554862, 0.0204528, 0.00109481]
    ],
    "M_G2C13_M M_G2C13H1_M": [
        [-0.105903, 0.0219206, 0.00117338]
    ],
    "M_G2C13_M M_G2C13H2_M": [
        [-0.106333, 0.0212857, 0.0011394]
    ],
    "M_G2C14_M M_G2C14H1_M": [
        [-0.11407, 0.0215701, 0.00115462]
    ],
    "M_G2C14_M M_G2C14H2_M": [
        [-0.11398, 0.021786, 0.00116618]
    ],
    "M_G2C15_M M_G2C15H1_M": [
        [-0.122832, 0.0218291, 0.00116849]
    ],
    "M_G2C15_M M_G2C15H2_M": [
        [-0.122769, 0.0215684, 0.00115453]
    ],
    "M_G2C16_M M_G2C16H1_M": [
        [-0.113087, 0.0205321, 0.00109906]
    ],
    "M_G2C16_M M_G2C16H2_M": [
        [-0.112754, 0.0197921, 0.00105945]
    ],
    "M_G2C17_M M_G2C17H1_M": [
        [-0.102215, 0.0179805, 0.000962474]
    ],
    "M_G2C17_M M_G2C17H2_M": [
        [-0.102007, 0.017537, 0.000938734]
    ],
    "M_G2C18_M M_G2C18H1_M": [
        [-0.0785041, 0.0143859, 0.000770057]
    ],
    "M_G2C18_M M_G2C18H2_M": [
        [-0.0782952, 0.0140041, 0.000749624]
    ],
    "M_G2C19_M M_G2C19H1_M": [
        [-0.0233045, 0.00603548, 0.000323072]
    ],
    "M_G2C19_M M_G2C19H2_M": [
        [-0.0239965, 0.00589703, 0.000315661]
    ],
    "M_G2C19_M M_G2C19H3_M": [
        [-0.0235891, 0.00575109, 0.000307849]
    ],
    "M_G3_M M_G3H1_M": [
        [-0.173174, 0.108, 0.00578113]
    ],
    "M_G3_M M_G3H2_M": [
        [-0.216386, 0.115298, 0.00617177]
    ],
    "M_G3C4_M M_G3C4H1_M": [
        [0.116606, 0.125353, 0.00670998]
    ],
    "M_G3C4_M M_G3C4H2_M": [
        [0.123617, 0.128106, 0.00685734]
    ],
    "M_G3C5_M M_G3C5H1_M": [
        [-0.0464874, 0.0670863, 0.00359104]
    ],
    "M_G3C5_M M_G3C5H2_M": [
        [-0.0336139, 0.0705595, 0.00377696]
    ],
    "M_G3N6C1_M M_G3N6C1H1_M": [
        [0.0148786, 0.0117577, 0.000629373]
    ],
    "M_G3N6C1_M M_G3N6C1H2_M": [
        [0.0151169, 0.0113696, 0.000608599]
    ],
    "M_G3N6C1_M M_G3N6C1H3_M": [
        [0.0150336, 0.0112119, 0.000600161]
    ],
    "M_G3N6C2_M M_G3N6C2H1_M": [
        [0.0167062, 0.010096, 0.000540428]
    ],
    "M_G3N6C2_M M_G3N6C2H2_M": [
        [0.0160208, 0.0103338, 0.000553155]
    ],
    "M_G3N6C2_M M_G3N6C2H3_M": [
        [0.0154994, 0.0108963, 0.000583267]
    ],
    "M_G3N6C3_M M_G3N6C3H1_M": [
        [0.0150828, 0.0107088, 0.000573227]
    ],
    "M_G3N6C3_M M_G3N6C3H2_M": [
        [0.0149211, 0.0113733, 0.000608801]
    ],
    "M_G3N6C3_M M_G3N6C3H3_M": [
        [0.0154244, 0.0110634, 0.000592212]
    ]
}