{
    "M_G1_M M_G1H1_M": [
        [-0.180437, 0.030968, 0.00182798]
    ],
    "M_G1_M M_G1H2_M": [
        [-0.0286196, 0.0300375, 0.00177306]
    ],
    "M_G1C3_M M_G1C3H1_M": [
        [-0.236345, 0.0174215, 0.00102836]
    ],
    "M_G1C3_M M_G1C3H2_M": [
        [-0.212632, 0.0190203, 0.00112273]
    ],
    "M_G1C4_M M_G1C4H1_M": [
        [-0.199127, 0.0158186, 0.000933742]
    ],
    "M_G1C4_M M_G1C4H2_M": [
        [-0.185189, 0.0156755, 0.000925293]
    ],
    "M_G1C5_M M_G1C5H1_M": [
        [-0.219289, 0.0150614, 0.000889048]
    ],
    "M_G1C5_M M_G1C5H2_M": [
        [-0.217247, 0.0152957, 0.000902878]
    ],
    "M_G1C6_M M_G1C6H1_M": [
        [-0.206657, 0.0157021, 0.000926865]
    ],
    "M_G1C6_M M_G1C6H2_M": [
        [-0.205501, 0.0159089, 0.000939074]
    ],
    "M_G1C7_M M_G1C7H1_M": [
        [-0.218818, 0.0165272, 0.000975567]
    ],
    "M_G1C7_M M_G1C7H2_M": [
        [-0.218025, 0.0168967, 0.000997383]
    ],
    "M_G1C8_M M_G1C8H1_M": [
        [-0.208186, 0.0171459, 0.00101209]
    ],
    "M_G1C8_M M_G1C8H2_M": [
        [-0.208071, 0.0174561, 0.0010304]
    ],
    "M_G1C9_M M_G1C9H1_M": [
        [-0.210103, 0.017778, 0.0010494]
    ],
    "M_G1C9_M M_G1C9H2_M": [
        [-0.209192, 0.0183018, 0.00108032]
    ],
    "M_G1C10_M M_G1C10H1_M": [
        [-0.197194, 0.0184307, 0.00108793]
    ],
    "M_G1C10_M M_G1C10H2_M": [
        [-0.196507, 0.0186624, 0.00110161]
    ],
    "M_G1C11_M M_G1C11H1_M": [
        [-0.19247, 0.0186265, 0.00109949]
    ],
    "M_G1C11_M M_G1C11H2_M": [
        [-0.192378, 0.0185399, 0.00109437]
    ],
    "M_G1C12_M M_G1C12H1_M": [
        [-0.178173, 0.0177806, 0.00104955]
    ],
    "M_G1C12_M M_G1C12H2_M": [
        [-0.177681, 0.0176382, 0.00104115]
    ],
    "M_G1C13_M M_G1C13H1_M": [
        [-0.169415, 0.0168537, 0.000994844]
    ],
    "M_G1C13_M M_G1C13H2_M": [
        [-0.169104, 0.0164807, 0.000972822]
    ],
    "M_G1C14_M M_G1C14H1_M": [
        [-0.150065, 0.0145327, 0.000857838]
    ],
    "M_G1C14_M M_G1C14H2_M": [
        [-0.149897, 0.0144022, 0.000850136]
    ],
    "M_G1C15_M M_G1C15H1_M": [
        [-0.131566, 0.011824, 0.000697947]
    ],
    "M_G1C15_M M_G1C15H2_M": [
        [-0.131379, 0.0122315, 0.000722002]
    ],
    "M_G1C16_M M_G1C16H1_M": [
        [-0.0990392, 0.00848319, 0.000500747]
    ],
    "M_G1C16_M M_G1C16H2_M": [
        [-0.0992444, 0.00906782, 0.000535257]
    ],
    "M_G1C17_M M_G1C17H1_M": [
        [-0.0321942, 0.00414436, 0.000244634]
    ],
    "M_G1C17_M M_G1C17H2_M": [
        [-0.0321937, 0.0036532, 0.000215642]
    ],
    "M_G1C17_M M_G1C17H3_M": [
        [-0.0319344, 0.00394276, 0.000232734]
    ],
    "M_G2_M M_G2H1_M": [
        [-0.195048, 0.0284174, 0.00167743]
    ],
    "M_G2C3_M M_G2C3H1_M": [
        [-0.100515, 0.0203133, 0.00119906]
    ],
    "M_G2C3_M M_G2C3H2_M": [
        [-0.128537, 0.0174184, 0.00102818]
    ],
    "M_G2C4_M M_G2C4H1_M": [
        [-0.204566, 0.0158093, 0.000933192]
    ],
    "M_G2C4_M M_G2C4H2_M": [
        [-0.201924, 0.0155205, 0.000916146]
    ],
    "M_G2C5_M M_G2C5H1_M": [
        [-0.204197, 0.0160743, 0.000948837]
    ],
    "M_G2C5_M M_G2C5H2_M": [
        [-0.20469, 0.0160536, 0.000947616]
    ],
    "M_G2C6_M M_G2C6H1_M": [
        [-0.219, 0.0167316, 0.000987636]
    ],
    "M_G2C6_M M_G2C6H2_M": [
        [-0.217578, 0.0165028, 0.000974132]
    ],
    "M_G2C7_M M_G2C7H1_M": [
        [-0.216875, 0.0173386, 0.00102347]
    ],
    "M_G2C7_M M_G2C7H2_M": [
        [-0.216137, 0.0172186, 0.00101638]
    ],
    "M_G2C8_M M_G2C8H1_M": [
        [-0.219594, 0.0181884, 0.00107362]
    ],
    "M_G2C8_M M_G2C8H2_M": [
        [-0.219428, 0.0183037, 0.00108044]
    ],
    "M_G2C9_M M_G2C9H1_M": [
        [-0.212223, 0.0189004, 0.00111566]
    ],
    "M_G2C9_M M_G2C9H2_M": [
        [-0.21245, 0.0191142, 0.00112828]
    ],
    "M_G2C10_M M_G2C10H1_M": [
        [-0.20972, 0.0195995, 0.00115692]
    ],
    "M_G2C10_M M_G2C10H2_M": [
        [-0.209989, 0.019188, 0.00113263]
    ],
    "M_G2C11_M M_G2C11H1_M": [
        [-0.198278, 0.0188474, 0.00111252]
    ],
    "M_G2C11_M M_G2C11H2_M": [
        [-0.19863, 0.0196815, 0.00116176]
    ],
    "M_G2C12_M M_G2C12H1_M": [
        [-0.191852, 0.0187657, 0.0011077]
    ],
    "M_G2C12_M M_G2C12H2_M": [
        [-0.191839, 0.0191854, 0.00113248]
    ],
    "M_G2C13_M M_G2C13H1_M": [
        [-0.177909, 0.0179222, 0.00105792]
    ],
    "M_G2C13_M M_G2C13H2_M": [
        [-0.177964, 0.0181395, 0.00107074]
    ],
    "M_G2C14_M M_G2C14H1_M": [
        [-0.166384, 0.0167861, 0.00099085]
    ],
    "M_G2C14_M M_G2C14H2_M": [
        [-0.166497, 0.0169546, 0.0010008]
    ],
    "M_G2C15_M M_G2C15H1_M": [
        [-0.14308, 0.0142515, 0.000841238]
    ],
    "M_G2C15_M M_G2C15H2_M": [
        [-0.143174, 0.0145639, 0.000859681]
    ],
    "M_G2C16_M M_G2C16H1_M": [
        [-0.115776, 0.0114481, 0.000675757]
    ],
    "M_G2C16_M M_G2C16H2_M": [
        [-0.115879, 0.0116977, 0.000690494]
    ],
    "M_G2C17_M M_G2C17H1_M": [
        [-0.0302091, 0.00407321, 0.000240434]
    ],
    "M_G2C17_M M_G2C17H2_M": [
        [-0.030163, 0.00415577, 0.000245307]
    ],
    "M_G2C17_M M_G2C17H3_M": [
        [-0.0305411, 0.00420459, 0.000248189]
    ],
    "M_G3_M M_G3H1_M": [
        [-0.20887, 0.0247446, 0.00146063]
    ],
    "M_G3_M M_G3H2_M": [
        [-0.225329, 0.019933, 0.00117661]
    ],
    "M_G3C4_M M_G3C4H1_M": [
        [0.0424536, 0.0120088, 0.000708856]
    ],
    "M_G3C4_M M_G3C4H2_M": [
        [0.0392775, 0.0131083, 0.00077376]
    ],
    "M_G3C5_M M_G3C5H1_M": [
        [-0.0494905, 0.0123923, 0.000731494]
    ],
    "M_G3C5_M M_G3C5H2_M": [
        [-0.0501451, 0.0126306, 0.00074556]
    ],
    "M_G3N6C1_M M_G3N6C1H1_M": [
        [0.00922427, 0.00674507, 0.000398149]
    ],
    "M_G3N6C1_M M_G3N6C1H2_M": [
        [0.00999274, 0.00669562, 0.00039523]
    ],
    "M_G3N6C1_M M_G3N6C1H3_M": [
        [0.00947615, 0.00752022, 0.000443905]
    ],
    "M_G3N6C2_M M_G3N6C2H1_M": [
        [0.00985549, 0.00664868, 0.000392459]
    ],
    "M_G3N6C2_M M_G3N6C2H2_M": [
        [0.00863093, 0.00722677, 0.000426583]
    ],
    "M_G3N6C2_M M_G3N6C2H3_M": [
        [0.00973514, 0.00661067, 0.000390216]
    ],
    "M_G3N6C3_M M_G3N6C3H1_M": [
        [0.00909139, 0.00716617, 0.000423005]
    ],
    "M_G3N6C3_M M_G3N6C3H2_M": [
        [0.00884973, 0.00718681, 0.000424224]
    ],
    "M_G3N6C3_M M_G3N6C3H3_M": [
        [0.00901474, 0.00695125, 0.000410319]
    ]
}