{
    "M_G1_M M_G1H1_M": [
        [-0.169872, 0.0278732, 0.00362878]
    ],
    "M_G1_M M_G1H2_M": [
        [-0.0387475, 0.0228091, 0.00296949]
    ],
    "M_G1C3_M M_G1C3H1_M": [
        [-0.236372, 0.013217, 0.00172071]
    ],
    "M_G1C3_M M_G1C3H2_M": [
        [-0.208958, 0.016019, 0.00208549]
    ],
    "M_G1C4_M M_G1C4H1_M": [
        [-0.184604, 0.0123233, 0.00160436]
    ],
    "M_G1C4_M M_G1C4H2_M": [
        [-0.173722, 0.0130413, 0.00169784]
    ],
    "M_G1C5_M M_G1C5H1_M": [
        [-0.215825, 0.0112159, 0.00146019]
    ],
    "M_G1C5_M M_G1C5H2_M": [
        [-0.213069, 0.0114545, 0.00149125]
    ],
    "M_G1C6_M M_G1C6H1_M": [
        [-0.217768, 0.0116768, 0.00152019]
    ],
    "M_G1C6_M M_G1C6H2_M": [
        [-0.214733, 0.0116702, 0.00151932]
    ],
    "M_G1C7_M M_G1C7H1_M": [
        [-0.229663, 0.012329, 0.0016051]
    ],
    "M_G1C7_M M_G1C7H2_M": [
        [-0.228113, 0.0115279, 0.0015008]
    ],
    "M_G1C8_M M_G1C8H1_M": [
        [-0.220837, 0.0112264, 0.00146155]
    ],
    "M_G1C8_M M_G1C8H2_M": [
        [-0.22062, 0.0121295, 0.00157913]
    ],
    "M_G1C9_M M_G1C9H1_M": [
        [-0.219448, 0.0118133, 0.00153796]
    ],
    "M_G1C9_M M_G1C9H2_M": [
        [-0.219668, 0.0116017, 0.00151042]
    ],
    "M_G1C10_M M_G1C10H1_M": [
        [-0.203365, 0.0120445, 0.00156806]
    ],
    "M_G1C10_M M_G1C10H2_M": [
        [-0.203946, 0.010872, 0.00141541]
    ],
    "M_G1C11_M M_G1C11H1_M": [
        [-0.194273, 0.011061, 0.00144001]
    ],
    "M_G1C11_M M_G1C11H2_M": [
        [-0.193897, 0.011055, 0.00143924]
    ],
    "M_G1C12_M M_G1C12H1_M": [
        [-0.173508, 0.0108465, 0.00141209]
    ],
    "M_G1C12_M M_G1C12H2_M": [
        [-0.173204, 0.00967031, 0.00125897]
    ],
    "M_G1C13_M M_G1C13H1_M": [
        [-0.15944, 0.00928129, 0.00120832]
    ],
    "M_G1C13_M M_G1C13H2_M": [
        [-0.159353, 0.00889111, 0.00115752]
    ],
    "M_G1C14_M M_G1C14H1_M": [
        [-0.1372, 0.00773601, 0.00100714]
    ],
    "M_G1C14_M M_G1C14H2_M": [
        [-0.136777, 0.00783116, 0.00101953]
    ],
    "M_G1C15_M M_G1C15H1_M": [
        [-0.118513, 0.00694531, 0.000904202]
    ],
    "M_G1C15_M M_G1C15H2_M": [
        [-0.118741, 0.00703045, 0.000915287]
    ],
    "M_G1C16_M M_G1C16H1_M": [
        [-0.0898301, 0.00558961, 0.000727705]
    ],
    "M_G1C16_M M_G1C16H2_M": [
        [-0.0897694, 0.00580918, 0.000756291]
    ],
    "M_G1C17_M M_G1C17H1_M": [
        [-0.033287, 0.00366758, 0.000477478]
    ],
    "M_G1C17_M M_G1C17H2_M": [
        [-0.0330977, 0.00425749, 0.000554278]
    ],
    "M_G1C17_M M_G1C17H3_M": [
        [-0.0339257, 0.00405948, 0.000528499]
    ],
    "M_G2_M M_G2H1_M": [
        [-0.18208, 0.0268004, 0.00348912]
    ],
    "M_G2C3_M M_G2C3H1_M": [
        [-0.0894856, 0.0154649, 0.00201335]
    ],
    "M_G2C3_M M_G2C3H2_M": [
        [-0.115648, 0.0177479, 0.00231058]
    ],
    "M_G2C4_M M_G2C4H1_M": [
        [-0.207957, 0.0136871, 0.00178191]
    ],
    "M_G2C4_M M_G2C4H2_M": [
        [-0.210061, 0.0131361, 0.00171017]
    ],
    "M_G2C5_M M_G2C5H1_M": [
        [-0.208321, 0.0129597, 0.00168721]
    ],
    "M_G2C5_M M_G2C5H2_M": [
        [-0.209784, 0.0117792, 0.00153353]
    ],
    "M_G2C6_M M_G2C6H1_M": [
        [-0.220465, 0.0144601, 0.00188255]
    ],
    "M_G2C6_M M_G2C6H2_M": [
        [-0.219817, 0.0125335, 0.00163172]
    ],
    "M_G2C7_M M_G2C7H1_M": [
        [-0.199335, 0.0129203, 0.00168207]
    ],
    "M_G2C7_M M_G2C7H2_M": [
        [-0.198435, 0.0128857, 0.00167758]
    ],
    "M_G2C8_M M_G2C8H1_M": [
        [-0.190642, 0.01221, 0.0015896]
    ],
    "M_G2C8_M M_G2C8H2_M": [
        [-0.190477, 0.0127343, 0.00165786]
    ],
    "M_G2C9_M M_G2C9H1_M": [
        [-0.114858, 0.011688, 0.00152164]
    ],
    "M_G2C9_M M_G2C9H2_M": [
        [-0.116061, 0.0118662, 0.00154485]
    ],
    "M_G2C10_M M_G2C10H1_M": [
        [-0.0737969, 0.013509, 0.00175873]
    ],
    "M_G2C11_M M_G2C11H1_M": [
        [-0.0596466, 0.0112096, 0.00145937]
    ],
    "M_G2C12_M M_G2C12H1_M": [
        [-0.0885437, 0.00919624, 0.00119725]
    ],
    "M_G2C12_M M_G2C12H2_M": [
        [-0.0856872, 0.00964688, 0.00125592]
    ],
    "M_G2C13_M M_G2C13H1_M": [
        [-0.129828, 0.00761674, 0.000991615]
    ],
    "M_G2C13_M M_G2C13H2_M": [
        [-0.130312, 0.0095426, 0.00124234]
    ],
    "M_G2C14_M M_G2C14H1_M": [
        [-0.134405, 0.00742493, 0.000966644]
    ],
    "M_G2C14_M M_G2C14H2_M": [
        [-0.133877, 0.00893294, 0.00116297]
    ],
    "M_G2C15_M M_G2C15H1_M": [
        [-0.137207, 0.00827249, 0.00107699]
    ],
    "M_G2C15_M M_G2C15H2_M": [
        [-0.137169, 0.00803453, 0.00104601]
    ],
    "M_G2C16_M M_G2C16H1_M": [
        [-0.122119, 0.0065888, 0.000857789]
    ],
    "M_G2C16_M M_G2C16H2_M": [
        [-0.123277, 0.00772032, 0.0010051]
    ],
    "M_G2C17_M M_G2C17H1_M": [
        [-0.110618, 0.00595082, 0.00077473]
    ],
    "M_G2C17_M M_G2C17H2_M": [
        [-0.111471, 0.00689329, 0.00089743]
    ],
    "M_G2C18_M M_G2C18H1_M": [
        [-0.085906, 0.00480518, 0.000625581]
    ],
    "M_G2C18_M M_G2C18H2_M": [
        [-0.0854036, 0.0052363, 0.000681708]
    ],
    "M_G2C19_M M_G2C19H1_M": [
        [-0.0325425, 0.00418731, 0.000545141]
    ],
    "M_G2C19_M M_G2C19H2_M": [
        [-0.0323898, 0.0034671, 0.000451378]
    ],
    "M_G2C19_M M_G2C19H3_M": [
        [-0.0325001, 0.00359142, 0.000467563]
    ],
    "M_G3_M M_G3H1_M": [
        [-0.205403, 0.0205373, 0.00267373]
    ],
    "M_G3_M M_G3H2_M": [
        [-0.230327, 0.0160675, 0.00209181]
    ],
    "M_G3C4_M M_G3C4H1_M": [
        [0.0485468, 0.0149465, 0.00194587]
    ],
    "M_G3C4_M M_G3C4H2_M": [
        [0.0481625, 0.0144795, 0.00188506]
    ],
    "M_G3C5_M M_G3C5H1_M": [
        [-0.0678587, 0.0102458, 0.0013339]
    ],
    "M_G3C5_M M_G3C5H2_M": [
        [-0.0679848, 0.0105593, 0.00137471]
    ],
    "M_G3N6C1_M M_G3N6C1H1_M": [
        [0.00423975, 0.00663844, 0.000864251]
    ],
    "M_G3N6C1_M M_G3N6C1H2_M": [
        [0.00514577, 0.00657385, 0.000855843]
    ],
    "M_G3N6C1_M M_G3N6C1H3_M": [
        [0.00449925, 0.00756328, 0.000984656]
    ],
    "M_G3N6C2_M M_G3N6C2H1_M": [
        [0.00508256, 0.00518038, 0.000674428]
    ],
    "M_G3N6C2_M M_G3N6C2H2_M": [
        [0.00598827, 0.00701416, 0.000913166]
    ],
    "M_G3N6C2_M M_G3N6C2H3_M": [
        [0.00662822, 0.00662681, 0.000862737]
    ],
    "M_G3N6C3_M M_G3N6C3H1_M": [
        [0.00534977, 0.00666366, 0.000867535]
    ],
    "M_G3N6C3_M M_G3N6C3H2_M": [
        [0.00540156, 0.00711931, 0.000926855]
    ],
    "M_G3N6C3_M M_G3N6C3H3_M": [
        [0.00533039, 0.0073467, 0.000956459]
    ]
}