{
    "M_G1_M M_G1H1_M": [
        [-0.0709305, 0.0832563, 0.00854191]
    ],
    "M_G1_M M_G1H2_M": [
        [-0.122189, 0.0876824, 0.00899602]
    ],
    "M_G1C3_M M_G1C3H1_M": [
        [-0.23568, 0.0205697, 0.00211041]
    ],
    "M_G1C3_M M_G1C3H2_M": [
        [-0.213514, 0.0260443, 0.00267209]
    ],
    "M_G1C4_M M_G1C4H1_M": [
        [-0.187753, 0.0189394, 0.00194315]
    ],
    "M_G1C4_M M_G1C4H2_M": [
        [-0.17894, 0.0190627, 0.00195579]
    ],
    "M_G1C5_M M_G1C5H1_M": [
        [-0.217119, 0.01795, 0.00184163]
    ],
    "M_G1C5_M M_G1C5H2_M": [
        [-0.215344, 0.0174898, 0.00179441]
    ],
    "M_G1C6_M M_G1C6H1_M": [
        [-0.220104, 0.019099, 0.00195952]
    ],
    "M_G1C6_M M_G1C6H2_M": [
        [-0.217863, 0.0179633, 0.001843]
    ],
    "M_G1C7_M M_G1C7H1_M": [
        [-0.232418, 0.0186236, 0.00191074]
    ],
    "M_G1C7_M M_G1C7H2_M": [
        [-0.230206, 0.0198438, 0.00203593]
    ],
    "M_G1C8_M M_G1C8H1_M": [
        [-0.224753, 0.0181847, 0.00186572]
    ],
    "M_G1C8_M M_G1C8H2_M": [
        [-0.224074, 0.0190977, 0.00195938]
    ],
    "M_G1C9_M M_G1C9H1_M": [
        [-0.224727, 0.0193245, 0.00198265]
    ],
    "M_G1C9_M M_G1C9H2_M": [
        [-0.224728, 0.0193458, 0.00198484]
    ],
    "M_G1C10_M M_G1C10H1_M": [
        [-0.212028, 0.0194694, 0.00199752]
    ],
    "M_G1C10_M M_G1C10H2_M": [
        [-0.212247, 0.0193396, 0.0019842]
    ],
    "M_G1C11_M M_G1C11H1_M": [
        [-0.205888, 0.0192321, 0.00197317]
    ],
    "M_G1C11_M M_G1C11H2_M": [
        [-0.205927, 0.0198445, 0.002036]
    ],
    "M_G1C12_M M_G1C12H1_M": [
        [-0.188636, 0.0186335, 0.00191176]
    ],
    "M_G1C12_M M_G1C12H2_M": [
        [-0.187846, 0.0196408, 0.00201511]
    ],
    "M_G1C13_M M_G1C13H1_M": [
        [-0.176754, 0.0180558, 0.00185249]
    ],
    "M_G1C13_M M_G1C13H2_M": [
        [-0.176732, 0.0185532, 0.00190352]
    ],
    "M_G1C14_M M_G1C14H1_M": [
        [-0.154617, 0.0163694, 0.00167947]
    ],
    "M_G1C14_M M_G1C14H2_M": [
        [-0.154634, 0.0169584, 0.00173989]
    ],
    "M_G1C15_M M_G1C15H1_M": [
        [-0.135786, 0.0142729, 0.00146437]
    ],
    "M_G1C15_M M_G1C15H2_M": [
        [-0.13421, 0.0148965, 0.00152835]
    ],
    "M_G1C16_M M_G1C16H1_M": [
        [-0.101925, 0.0105496, 0.00108236]
    ],
    "M_G1C16_M M_G1C16H2_M": [
        [-0.101811, 0.0116672, 0.00119703]
    ],
    "M_G1C17_M M_G1C17H1_M": [
        [-0.0333208, 0.00664652, 0.000681919]
    ],
    "M_G1C17_M M_G1C17H2_M": [
        [-0.0336013, 0.00694807, 0.000712857]
    ],
    "M_G1C17_M M_G1C17H3_M": [
        [-0.0331929, 0.00621747, 0.000637899]
    ],
    "M_G2_M M_G2H1_M": [
        [-0.186219, 0.0546761, 0.00560965]
    ],
    "M_G2C3_M M_G2C3H1_M": [
        [-0.0980497, 0.0314193, 0.00322356]
    ],
    "M_G2C3_M M_G2C3H2_M": [
        [-0.119859, 0.0252402, 0.00258959]
    ],
    "M_G2C4_M M_G2C4H1_M": [
        [-0.209307, 0.0198577, 0.00203736]
    ],
    "M_G2C4_M M_G2C4H2_M": [
        [-0.206119, 0.0205586, 0.00210927]
    ],
    "M_G2C5_M M_G2C5H1_M": [
        [-0.208166, 0.0186453, 0.00191297]
    ],
    "M_G2C5_M M_G2C5H2_M": [
        [-0.207387, 0.0188731, 0.00193634]
    ],
    "M_G2C6_M M_G2C6H1_M": [
        [-0.218146, 0.018828, 0.00193171]
    ],
    "M_G2C6_M M_G2C6H2_M": [
        [-0.215974, 0.0188337, 0.0019323]
    ],
    "M_G2C7_M M_G2C7H1_M": [
        [-0.195116, 0.0185666, 0.0019049]
    ],
    "M_G2C7_M M_G2C7H2_M": [
        [-0.195157, 0.0175341, 0.00179896]
    ],
    "M_G2C8_M M_G2C8H1_M": [
        [-0.185122, 0.0175416, 0.00179973]
    ],
    "M_G2C8_M M_G2C8H2_M": [
        [-0.185969, 0.0172329, 0.00176806]
    ],
    "M_G2C9_M M_G2C9H1_M": [
        [-0.104399, 0.0165844, 0.00170153]
    ],
    "M_G2C9_M M_G2C9H2_M": [
        [-0.10772, 0.0150647, 0.00154561]
    ],
    "M_G2C10_M M_G2C10H1_M": [
        [-0.0569472, 0.0177003, 0.00181602]
    ],
    "M_G2C11_M M_G2C11H1_M": [
        [-0.0581869, 0.0168339, 0.00172712]
    ],
    "M_G2C12_M M_G2C12H1_M": [
        [-0.0924484, 0.0164311, 0.0016858]
    ],
    "M_G2C12_M M_G2C12H2_M": [
        [-0.0904409, 0.0146878, 0.00150693]
    ],
    "M_G2C13_M M_G2C13H1_M": [
        [-0.137885, 0.017124, 0.00175689]
    ],
    "M_G2C13_M M_G2C13H2_M": [
        [-0.136654, 0.0153766, 0.00157761]
    ],
    "M_G2C14_M M_G2C14H1_M": [
        [-0.145528, 0.0169282, 0.0017368]
    ],
    "M_G2C14_M M_G2C14H2_M": [
        [-0.144934, 0.0149616, 0.00153502]
    ],
    "M_G2C15_M M_G2C15H1_M": [
        [-0.150048, 0.0159179, 0.00163314]
    ],
    "M_G2C15_M M_G2C15H2_M": [
        [-0.150035, 0.0155515, 0.00159555]
    ],
    "M_G2C16_M M_G2C16H1_M": [
        [-0.137613, 0.0142256, 0.00145951]
    ],
    "M_G2C16_M M_G2C16H2_M": [
        [-0.137211, 0.0142841, 0.00146552]
    ],
    "M_G2C17_M M_G2C17H1_M": [
        [-0.12376, 0.0128782, 0.00132128]
    ],
    "M_G2C17_M M_G2C17H2_M": [
        [-0.123309, 0.0130091, 0.0013347]
    ],
    "M_G2C18_M M_G2C18H1_M": [
        [-0.0950194, 0.00986685, 0.00101232]
    ],
    "M_G2C18_M M_G2C18H2_M": [
        [-0.0956381, 0.0106873, 0.00109649]
    ],
    "M_G2C19_M M_G2C19H1_M": [
        [-0.0318546, 0.00715711, 0.000734304]
    ],
    "M_G2C19_M M_G2C19H2_M": [
        [-0.0313678, 0.00679312, 0.000696959]
    ],
    "M_G2C19_M M_G2C19H3_M": [
        [-0.0323178, 0.00662613, 0.000679826]
    ],
    "M_G3_M M_G3H1_M": [
        [-0.183066, 0.04836, 0.00496163]
    ],
    "M_G3_M M_G3H2_M": [
        [-0.206135, 0.0308603, 0.0031662]
    ],
    "M_G3C4_M M_G3C4H1_M": [
        [0.0458464, 0.0206743, 0.00212114]
    ],
    "M_G3C4_M M_G3C4H2_M": [
        [0.0294228, 0.021177, 0.00217271]
    ],
    "M_G3C5_M M_G3C5H1_M": [
        [0.0286222, 0.0223819, 0.00229634]
    ],
    "M_G3C6_M M_G3C6H1_M": [
        [-0.00032187, 0.0202016, 0.00207264]
    ],
    "M_G3C6_M M_G3C6H2_M": [
        [0.0183901, 0.0192811, 0.00197819]
    ]
}