{
    "M_G1_M M_G1H1_M": [
        [-0.043717, 0.0479418, 0.00339851]
    ],
    "M_G1_M M_G1H2_M": [
        [-0.11144, 0.0572257, 0.00405662]
    ],
    "M_G1C3_M M_G1C3H1_M": [
        [-0.212709, 0.016767, 0.00118858]
    ],
    "M_G1C3_M M_G1C3H2_M": [
        [-0.215684, 0.0141165, 0.0010007]
    ],
    "M_G1C4_M M_G1C4H1_M": [
        [-0.169049, 0.0103489, 0.000733611]
    ],
    "M_G1C4_M M_G1C4H2_M": [
        [-0.175728, 0.00991849, 0.000703103]
    ],
    "M_G1C5_M M_G1C5H1_M": [
        [-0.199319, 0.00753719, 0.000534297]
    ],
    "M_G1C5_M M_G1C5H2_M": [
        [-0.201788, 0.00775721, 0.000549894]
    ],
    "M_G1C6_M M_G1C6H1_M": [
        [-0.180663, 0.00714407, 0.00050643]
    ],
    "M_G1C6_M M_G1C6H2_M": [
        [-0.180182, 0.00683196, 0.000484305]
    ],
    "M_G1C7_M M_G1C7H1_M": [
        [-0.188934, 0.00725499, 0.000514292]
    ],
    "M_G1C7_M M_G1C7H2_M": [
        [-0.188183, 0.00689818, 0.000488999]
    ],
    "M_G1C8_M M_G1C8H1_M": [
        [-0.171354, 0.00790615, 0.000560452]
    ],
    "M_G1C8_M M_G1C8H2_M": [
        [-0.171423, 0.00778784, 0.000552065]
    ],
    "M_G1C9_M M_G1C9H1_M": [
        [-0.167565, 0.00879312, 0.000623328]
    ],
    "M_G1C9_M M_G1C9H2_M": [
        [-0.167618, 0.00806383, 0.00057163]
    ],
    "M_G1C10_M M_G1C10H1_M": [
        [-0.149069, 0.00892017, 0.000632334]
    ],
    "M_G1C10_M M_G1C10H2_M": [
        [-0.148584, 0.00856469, 0.000607135]
    ],
    "M_G1C11_M M_G1C11H1_M": [
        [-0.138979, 0.00869446, 0.000616334]
    ],
    "M_G1C11_M M_G1C11H2_M": [
        [-0.139101, 0.00951624, 0.000674588]
    ],
    "M_G1C12_M M_G1C12H1_M": [
        [-0.119912, 0.00893215, 0.000633183]
    ],
    "M_G1C12_M M_G1C12H2_M": [
        [-0.119575, 0.00935798, 0.000663369]
    ],
    "M_G1C13_M M_G1C13H1_M": [
        [-0.106682, 0.00872306, 0.000618361]
    ],
    "M_G1C13_M M_G1C13H2_M": [
        [-0.106822, 0.00920728, 0.000652687]
    ],
    "M_G1C14_M M_G1C14H1_M": [
        [-0.0876703, 0.0090358, 0.000640531]
    ],
    "M_G1C14_M M_G1C14H2_M": [
        [-0.0883119, 0.00842972, 0.000597567]
    ],
    "M_G1C15_M M_G1C15H1_M": [
        [-0.0736861, 0.00795114, 0.000563641]
    ],
    "M_G1C15_M M_G1C15H2_M": [
        [-0.0731151, 0.00704862, 0.000499664]
    ],
    "M_G1C16_M M_G1C16H1_M": [
        [-0.0514745, 0.00705692, 0.000500252]
    ],
    "M_G1C16_M M_G1C16H2_M": [
        [-0.0509528, 0.0058731, 0.000416333]
    ],
    "M_G1C17_M M_G1C17H1_M": [
        [-0.0154324, 0.00527901, 0.000374219]
    ],
    "M_G1C17_M M_G1C17H2_M": [
        [-0.0150429, 0.00502362, 0.000356115]
    ],
    "M_G1C17_M M_G1C17H3_M": [
        [-0.0153737, 0.0049075, 0.000347883]
    ],
    "M_G2_M M_G2H1_M": [
        [0.00946503, 0.0966949, 0.00685452]
    ],
    "M_G2C3_M M_G2C3H1_M": [
        [-0.184716, 0.0338481, 0.00239943]
    ],
    "M_G2C3_M M_G2C3H2_M": [
        [-0.122749, 0.0409227, 0.00290093]
    ],
    "M_G2C4_M M_G2C4H1_M": [
        [-0.191366, 0.0225654, 0.00159962]
    ],
    "M_G2C4_M M_G2C4H2_M": [
        [-0.145822, 0.0278529, 0.00197444]
    ],
    "M_G2C5_M M_G2C5H1_M": [
        [-0.186021, 0.0160296, 0.00113631]
    ],
    "M_G2C5_M M_G2C5H2_M": [
        [-0.179013, 0.0162916, 0.00115488]
    ],
    "M_G2C6_M M_G2C6H1_M": [
        [-0.179147, 0.0125506, 0.000889687]
    ],
    "M_G2C6_M M_G2C6H2_M": [
        [-0.177451, 0.0125266, 0.000887984]
    ],
    "M_G2C7_M M_G2C7H1_M": [
        [-0.163339, 0.0108876, 0.000771802]
    ],
    "M_G2C7_M M_G2C7H2_M": [
        [-0.164548, 0.0111725, 0.000792]
    ],
    "M_G2C8_M M_G2C8H1_M": [
        [-0.157313, 0.00922559, 0.000653985]
    ],
    "M_G2C8_M M_G2C8H2_M": [
        [-0.157809, 0.00879233, 0.000623272]
    ],
    "M_G2C9_M M_G2C9H1_M": [
        [-0.117742, 0.0103005, 0.000730184]
    ],
    "M_G2C9_M M_G2C9H2_M": [
        [-0.118227, 0.00954534, 0.000676651]
    ],
    "M_G2C10_M M_G2C10H1_M": [
        [-0.0919992, 0.0110019, 0.000779901]
    ],
    "M_G2C11_M M_G2C11H1_M": [
        [-0.0204354, 0.0173298, 0.00122848]
    ],
    "M_G2C12_M M_G2C12H1_M": [
        [-0.0601639, 0.0109133, 0.000773623]
    ],
    "M_G2C12_M M_G2C12H2_M": [
        [-0.0598683, 0.0104778, 0.00074275]
    ],
    "M_G2C13_M M_G2C13H1_M": [
        [-0.0928334, 0.00646177, 0.000458063]
    ],
    "M_G2C13_M M_G2C13H2_M": [
        [-0.0920309, 0.00651511, 0.000461844]
    ],
    "M_G2C14_M M_G2C14H1_M": [
        [-0.0835758, 0.00659937, 0.000467817]
    ],
    "M_G2C14_M M_G2C14H2_M": [
        [-0.0842966, 0.00687332, 0.000487237]
    ],
    "M_G2C15_M M_G2C15H1_M": [
        [-0.0889737, 0.00594654, 0.000421539]
    ],
    "M_G2C15_M M_G2C15H2_M": [
        [-0.0897877, 0.0062577, 0.000443597]
    ],
    "M_G2C16_M M_G2C16H1_M": [
        [-0.0742316, 0.00617117, 0.000437463]
    ],
    "M_G2C16_M M_G2C16H2_M": [
        [-0.0747563, 0.00586844, 0.000416003]
    ],
    "M_G2C17_M M_G2C17H1_M": [
        [-0.0673166, 0.00588619, 0.000417261]
    ],
    "M_G2C17_M M_G2C17H2_M": [
        [-0.0667477, 0.00483171, 0.000342511]
    ],
    "M_G2C18_M M_G2C18H1_M": [
        [-0.0465411, 0.0054436, 0.000385887]
    ],
    "M_G2C18_M M_G2C18H2_M": [
        [-0.0468452, 0.00510321, 0.000361757]
    ],
    "M_G2C19_M M_G2C19H1_M": [
        [-0.0160479, 0.0051365, 0.000364117]
    ],
    "M_G2C19_M M_G2C19H2_M": [
        [-0.0152354, 0.00509388, 0.000361096]
    ],
    "M_G2C19_M M_G2C19H3_M": [
        [-0.0154629, 0.0048117, 0.000341092]
    ],
    "M_G3_M M_G3H1_M": [
        [0.0374709, 0.091316, 0.00647322]
    ],
    "M_G3_M M_G3H2_M": [
        [0.0785681, 0.0807449, 0.00572385]
    ],
    "M_G3C4_M M_G3C4H1_M": [
        [-0.0459525, 0.0440661, 0.00312376]
    ],
    "M_G3C4_M M_G3C4H2_M": [
        [-0.0258658, 0.0588016, 0.00416833]
    ],
    "M_G3C5_M M_G3C5H1_M": [
        [-0.0792032, 0.0332878, 0.00235971]
    ],
    "M_G3C5_M M_G3C5H2_M": [
        [-0.0921435, 0.0235344, 0.00166831]
    ],
    "M_G3N6C1_M M_G3N6C1H1_M": [
        [0.0107004, 0.00740556, 0.000524966]
    ],
    "M_G3N6C1_M M_G3N6C1H2_M": [
        [0.0101861, 0.00745172, 0.000528239]
    ],
    "M_G3N6C1_M M_G3N6C1H3_M": [
        [0.00996178, 0.00751109, 0.000532447]
    ],
    "M_G3N6C2_M M_G3N6C2H1_M": [
        [0.0102527, 0.00706712, 0.000500975]
    ],
    "M_G3N6C2_M M_G3N6C2H2_M": [
        [0.0107421, 0.00757138, 0.000536721]
    ],
    "M_G3N6C2_M M_G3N6C2H3_M": [
        [0.0097979, 0.00778103, 0.000551582]
    ],
    "M_G3N6C3_M M_G3N6C3H1_M": [
        [0.0103271, 0.00774566, 0.000549075]
    ],
    "M_G3N6C3_M M_G3N6C3H2_M": [
        [0.0104837, 0.00751741, 0.000532895]
    ],
    "M_G3N6C3_M M_G3N6C3H3_M": [
        [0.00962572, 0.00795485, 0.000563905]
    ]
}