{
    "M_G1_M M_G1H1_M": [
        [-0.230713, 0.0462671, 0.00247662]
    ],
    "M_G1_M M_G1H2_M": [
        [-0.0312947, 0.0465157, 0.00248993]
    ],
    "M_G1C3_M M_G1C3H1_M": [
        [-0.231965, 0.02525, 0.0013516]
    ],
    "M_G1C3_M M_G1C3H2_M": [
        [-0.238322, 0.023221, 0.00124299]
    ],
    "M_G1C4_M M_G1C4H1_M": [
        [-0.167191, 0.0238027, 0.00127413]
    ],
    "M_G1C4_M M_G1C4H2_M": [
        [-0.16917, 0.0245234, 0.00131271]
    ],
    "M_G1C5_M M_G1C5H1_M": [
        [-0.208783, 0.0233546, 0.00125014]
    ],
    "M_G1C5_M M_G1C5H2_M": [
        [-0.206625, 0.0243397, 0.00130287]
    ],
    "M_G1C6_M M_G1C6H1_M": [
        [-0.204516, 0.0233413, 0.00124943]
    ],
    "M_G1C6_M M_G1C6H2_M": [
        [-0.204895, 0.0248174, 0.00132844]
    ],
    "M_G1C7_M M_G1C7H1_M": [
        [-0.219102, 0.023272, 0.00124572]
    ],
    "M_G1C7_M M_G1C7H2_M": [
        [-0.218623, 0.0237723, 0.0012725]
    ],
    "M_G1C8_M M_G1C8H1_M": [
        [-0.207277, 0.0233626, 0.00125057]
    ],
    "M_G1C8_M M_G1C8H2_M": [
        [-0.206645, 0.0245656, 0.00131497]
    ],
    "M_G1C9_M M_G1C9H1_M": [
        [-0.207782, 0.0239814, 0.00128369]
    ],
    "M_G1C9_M M_G1C9H2_M": [
        [-0.207786, 0.0233735, 0.00125115]
    ],
    "M_G1C10_M M_G1C10H1_M": [
        [-0.190247, 0.0233849, 0.00125177]
    ],
    "M_G1C10_M M_G1C10H2_M": [
        [-0.189755, 0.022784, 0.0012196]
    ],
    "M_G1C11_M M_G1C11H1_M": [
        [-0.183421, 0.022595, 0.00120948]
    ],
    "M_G1C11_M M_G1C11H2_M": [
        [-0.183769, 0.0213174, 0.00114109]
    ],
    "M_G1C12_M M_G1C12H1_M": [
        [-0.161958, 0.0213639, 0.00114358]
    ],
    "M_G1C12_M M_G1C12H2_M": [
        [-0.16155, 0.0209364, 0.0011207]
    ],
    "M_G1C13_M M_G1C13H1_M": [
        [-0.151132, 0.0188678, 0.00100997]
    ],
    "M_G1C13_M M_G1C13H2_M": [
        [-0.150609, 0.0196343, 0.001051]
    ],
    "M_G1C14_M M_G1C14H1_M": [
        [-0.12692, 0.0168496, 0.00090194]
    ],
    "M_G1C14_M M_G1C14H2_M": [
        [-0.126591, 0.0170661, 0.000913525]
    ],
    "M_G1C15_M M_G1C15H1_M": [
        [-0.111097, 0.0142156, 0.000760942]
    ],
    "M_G1C15_M M_G1C15H2_M": [
        [-0.110325, 0.0142549, 0.000763048]
    ],
    "M_G1C16_M M_G1C16H1_M": [
        [-0.0783962, 0.0109692, 0.000587169]
    ],
    "M_G1C16_M M_G1C16H2_M": [
        [-0.0777158, 0.0111493, 0.000596806]
    ],
    "M_G1C17_M M_G1C17H1_M": [
        [-0.0264161, 0.00529752, 0.00028357]
    ],
    "M_G1C17_M M_G1C17H2_M": [
        [-0.027182, 0.00534344, 0.000286028]
    ],
    "M_G1C17_M M_G1C17H3_M": [
        [-0.0269571, 0.00518084, 0.000277324]
    ],
    "M_G2_M M_G2H1_M": [
        [-0.217982, 0.059027, 0.00315964]
    ],
    "M_G2C3_M M_G2C3H1_M": [
        [-0.231965, 0.02525, 0.0013516]
    ],
    "M_G2C3_M M_G2C3H2_M": [
        [-0.238322, 0.023221, 0.00124299]
    ],
    "M_G2C4_M M_G2C4H1_M": [
        [-0.167191, 0.0238027, 0.00127413]
    ],
    "M_G2C4_M M_G2C4H2_M": [
        [-0.16917, 0.0245234, 0.00131271]
    ],
    "M_G2C5_M M_G2C5H1_M": [
        [-0.208783, 0.0233546, 0.00125014]
    ],
    "M_G2C5_M M_G2C5H2_M": [
        [-0.206625, 0.0243397, 0.00130287]
    ],
    "M_G2C6_M M_G2C6H1_M": [
        [-0.204516, 0.0233413, 0.00124943]
    ],
    "M_G2C6_M M_G2C6H2_M": [
        [-0.204895, 0.0248174, 0.00132844]
    ],
    "M_G2C7_M M_G2C7H1_M": [
        [-0.219102, 0.023272, 0.00124572]
    ],
    "M_G2C7_M M_G2C7H2_M": [
        [-0.218623, 0.0237723, 0.0012725]
    ],
    "M_G2C8_M M_G2C8H1_M": [
        [-0.207277, 0.0233626, 0.00125057]
    ],
    "M_G2C8_M M_G2C8H2_M": [
        [-0.206645, 0.0245656, 0.00131497]
    ],
    "M_G2C9_M M_G2C9H1_M": [
        [-0.207782, 0.0239814, 0.00128369]
    ],
    "M_G2C9_M M_G2C9H2_M": [
        [-0.207786, 0.0233735, 0.00125115]
    ],
    "M_G2C10_M M_G2C10H1_M": [
        [-0.279268, 0.03142, 0.00168187]
    ],
    "M_G2C11_M M_G2C11H1_M": [
        [-0.276834, 0.0321157, 0.00171912]
    ],
    "M_G2C12_M M_G2C12H1_M": [
        [-0.161958, 0.0213639, 0.00114358]
    ],
    "M_G2C12_M M_G2C12H2_M": [
        [-0.16155, 0.0209364, 0.0011207]
    ],
    "M_G2C13_M M_G2C13H1_M": [
        [-0.151132, 0.0188678, 0.00100997]
    ],
    "M_G2C13_M M_G2C13H2_M": [
        [-0.150609, 0.0196343, 0.001051]
    ],
    "M_G2C14_M M_G2C14H1_M": [
        [-0.12692, 0.0168496, 0.00090194]
    ],
    "M_G2C14_M M_G2C14H2_M": [
        [-0.126591, 0.0170661, 0.000913525]
    ],
    "M_G2C15_M M_G2C15H1_M": [
        [-0.111097, 0.0142156, 0.000760942]
    ],
    "M_G2C15_M M_G2C15H2_M": [
        [-0.110325, 0.0142549, 0.000763048]
    ],
    "M_G2C16_M M_G2C16H1_M": [
        [-0.0783962, 0.0109692, 0.000587169]
    ],
    "M_G2C16_M M_G2C16H2_M": [
        [-0.0777158, 0.0111493, 0.000596806]
    ],
    "M_G2C17_M M_G2C17H1_M": [
        [-0.0264161, 0.00529752, 0.00028357]
    ],
    "M_G2C17_M M_G2C17H2_M": [
        [-0.027182, 0.00534344, 0.000286028]
    ],
    "M_G2C18_M M_G2C18H1_M": [
        [-0.074829, 0.0108031, 0.000578279]
    ],
    "M_G2C18_M M_G2C18H2_M": [
        [-0.0751249, 0.0110179, 0.000589776]
    ],
    "M_G2C19_M M_G2C19H1_M": [
        [-0.0241614, 0.00495087, 0.000265014]
    ],
    "M_G2C19_M M_G2C19H2_M": [
        [-0.0247494, 0.00552155, 0.000295562]
    ],
    "M_G2C19_M M_G2C19H3_M": [
        [-0.0249333, 0.00543318, 0.000290832]
    ],
    "M_G3_M M_G3H1_M": [
        [-0.162648, 0.060583, 0.00324294]
    ],
    "M_G3_M M_G3H2_M": [
        [-0.179869, 0.0413452, 0.00221316]
    ],
    "M_G3C4_M M_G3C4H1_M": [
        [0.0317711, 0.0142379, 0.000762136]
    ],
    "M_G3C4_M M_G3C4H2_M": [
        [0.0326605, 0.0149793, 0.000801825]
    ],
    "M_G3C5_M M_G3C5H1_M": [
        [-0.0362211, 0.0117761, 0.000630362]
    ],
    "M_G3C5_M M_G3C5H2_M": [
        [-0.0376815, 0.0116604, 0.000624169]
    ],
    "M_G3N6C1_M M_G3N6C1H1_M": [
        [0.0107541, 0.00486487, 0.00026041]
    ],
    "M_G3N6C1_M M_G3N6C1H2_M": [
        [0.0114169, 0.00526122, 0.000281627]
    ],
    "M_G3N6C1_M M_G3N6C1H3_M": [
        [0.0115809, 0.00502694, 0.000269086]
    ],
    "M_G3N6C2_M M_G3N6C2H1_M": [
        [0.011166, 0.00540334, 0.000289234]
    ],
    "M_G3N6C2_M M_G3N6C2H2_M": [
        [0.0111765, 0.00496989, 0.000266032]
    ],
    "M_G3N6C2_M M_G3N6C2H3_M": [
        [0.0111588, 0.00525447, 0.000281265]
    ],
    "M_G3N6C3_M M_G3N6C3H1_M": [
        [0.0115003, 0.00480092, 0.000256987]
    ],
    "M_G3N6C3_M M_G3N6C3H2_M": [
        [0.0112354, 0.00530974, 0.000284224]
    ],
    "M_G3N6C3_M M_G3N6C3H3_M": [
        [0.0116219, 0.00499436, 0.000267342]
    ]
}