{
    "M_G1_M M_G1H1_M": [
        [-0.182912, 0.0690044, 0.00739804]
    ],
    "M_G1_M M_G1H2_M": [
        [0.0177097, 0.0531929, 0.00570288]
    ],
    "M_G1C3_M M_G1C3H1_M": [
        [-0.19687, 0.0308051, 0.00330266]
    ],
    "M_G1C3_M M_G1C3H2_M": [
        [-0.206523, 0.0305573, 0.00327608]
    ],
    "M_G1C4_M M_G1C4H1_M": [
        [-0.146408, 0.0249342, 0.00267322]
    ],
    "M_G1C4_M M_G1C4H2_M": [
        [-0.144609, 0.025687, 0.00275393]
    ],
    "M_G1C5_M M_G1C5H1_M": [
        [-0.183839, 0.0249366, 0.00267348]
    ],
    "M_G1C5_M M_G1C5H2_M": [
        [-0.181355, 0.0261058, 0.00279884]
    ],
    "M_G1C6_M M_G1C6H1_M": [
        [-0.19079, 0.0241027, 0.00258408]
    ],
    "M_G1C6_M M_G1C6H2_M": [
        [-0.188668, 0.026073, 0.00279532]
    ],
    "M_G1C7_M M_G1C7H1_M": [
        [-0.203438, 0.0246405, 0.00264173]
    ],
    "M_G1C7_M M_G1C7H2_M": [
        [-0.20023, 0.0254805, 0.0027318]
    ],
    "M_G1C8_M M_G1C8H1_M": [
        [-0.19505, 0.0243526, 0.00261087]
    ],
    "M_G1C8_M M_G1C8H2_M": [
        [-0.193673, 0.0243709, 0.00261283]
    ],
    "M_G1C9_M M_G1C9H1_M": [
        [-0.190592, 0.0240836, 0.00258203]
    ],
    "M_G1C9_M M_G1C9H2_M": [
        [-0.192397, 0.0247869, 0.00265744]
    ],
    "M_G1C10_M M_G1C10H1_M": [
        [-0.177092, 0.0234089, 0.0025097]
    ],
    "M_G1C10_M M_G1C10H2_M": [
        [-0.177643, 0.0232505, 0.00249271]
    ],
    "M_G1C11_M M_G1C11H1_M": [
        [-0.168258, 0.0225524, 0.00241787]
    ],
    "M_G1C11_M M_G1C11H2_M": [
        [-0.16867, 0.0224492, 0.0024068]
    ],
    "M_G1C12_M M_G1C12H1_M": [
        [-0.151558, 0.0220972, 0.00236906]
    ],
    "M_G1C12_M M_G1C12H2_M": [
        [-0.15053, 0.0201472, 0.00216]
    ],
    "M_G1C13_M M_G1C13H1_M": [
        [-0.137915, 0.0205433, 0.00220247]
    ],
    "M_G1C13_M M_G1C13H2_M": [
        [-0.138416, 0.0195022, 0.00209086]
    ],
    "M_G1C14_M M_G1C14H1_M": [
        [-0.118194, 0.0184137, 0.00197416]
    ],
    "M_G1C14_M M_G1C14H2_M": [
        [-0.118806, 0.0169248, 0.00181453]
    ],
    "M_G1C15_M M_G1C15H1_M": [
        [-0.101713, 0.0163332, 0.0017511]
    ],
    "M_G1C15_M M_G1C15H2_M": [
        [-0.10218, 0.0143487, 0.00153834]
    ],
    "M_G1C16_M M_G1C16H1_M": [
        [-0.076527, 0.0119424, 0.00128036]
    ],
    "M_G1C16_M M_G1C16H2_M": [
        [-0.075299, 0.0111026, 0.00119032]
    ],
    "M_G1C17_M M_G1C17H1_M": [
        [-0.0233133, 0.00526736, 0.000564721]
    ],
    "M_G1C17_M M_G1C17H2_M": [
        [-0.0232777, 0.0049312, 0.00052868]
    ],
    "M_G1C17_M M_G1C17H3_M": [
        [-0.0232769, 0.00483308, 0.00051816]
    ],
    "M_G2_M M_G2H1_M": [
        [-0.185701, 0.0682798, 0.00732036]
    ],
    "M_G2C3_M M_G2C3H1_M": [
        [-0.100676, 0.0318536, 0.00341507]
    ],
    "M_G2C3_M M_G2C3H2_M": [
        [-0.114631, 0.0345229, 0.00370124]
    ],
    "M_G2C4_M M_G2C4H1_M": [
        [-0.143464, 0.0278823, 0.0029893]
    ],
    "M_G2C4_M M_G2C4H2_M": [
        [-0.142981, 0.0284857, 0.00305399]
    ],
    "M_G2C5_M M_G2C5H1_M": [
        [-0.166012, 0.0286086, 0.00306716]
    ],
    "M_G2C5_M M_G2C5H2_M": [
        [-0.164981, 0.0270193, 0.00289677]
    ],
    "M_G2C6_M M_G2C6H1_M": [
        [-0.176613, 0.0269619, 0.00289062]
    ],
    "M_G2C6_M M_G2C6H2_M": [
        [-0.174747, 0.0276255, 0.00296176]
    ],
    "M_G2C7_M M_G2C7H1_M": [
        [-0.161863, 0.0265475, 0.00284619]
    ],
    "M_G2C7_M M_G2C7H2_M": [
        [-0.162515, 0.0251635, 0.00269781]
    ],
    "M_G2C8_M M_G2C8H1_M": [
        [-0.155771, 0.0251216, 0.00269332]
    ],
    "M_G2C8_M M_G2C8H2_M": [
        [-0.155853, 0.0249668, 0.00267672]
    ],
    "M_G2C9_M M_G2C9H1_M": [
        [-0.115574, 0.0194665, 0.00208703]
    ],
    "M_G2C9_M M_G2C9H2_M": [
        [-0.114231, 0.0234372, 0.00251274]
    ],
    "M_G2C10_M M_G2C10H1_M": [
        [-0.0919155, 0.0228525, 0.00245005]
    ],
    "M_G2C11_M M_G2C11H1_M": [
        [-0.00677717, 0.0223271, 0.00239372]
    ],
    "M_G2C12_M M_G2C12H1_M": [
        [-0.0487541, 0.0180578, 0.00193599]
    ],
    "M_G2C12_M M_G2C12H2_M": [
        [-0.050073, 0.020475, 0.00219515]
    ],
    "M_G2C13_M M_G2C13H1_M": [
        [-0.0926029, 0.0188594, 0.00202194]
    ],
    "M_G2C13_M M_G2C13H2_M": [
        [-0.0939544, 0.0185194, 0.00198549]
    ],
    "M_G2C14_M M_G2C14H1_M": [
        [-0.0973337, 0.0175854, 0.00188535]
    ],
    "M_G2C14_M M_G2C14H2_M": [
        [-0.0979239, 0.0178264, 0.00191119]
    ],
    "M_G2C15_M M_G2C15H1_M": [
        [-0.104961, 0.0170516, 0.00182813]
    ],
    "M_G2C15_M M_G2C15H2_M": [
        [-0.104658, 0.0178251, 0.00191105]
    ],
    "M_G2C16_M M_G2C16H1_M": [
        [-0.0967175, 0.0149081, 0.00159831]
    ],
    "M_G2C16_M M_G2C16H2_M": [
        [-0.0951381, 0.0147486, 0.00158122]
    ],
    "M_G2C17_M M_G2C17H1_M": [
        [-0.0883074, 0.0132335, 0.00141878]
    ],
    "M_G2C17_M M_G2C17H2_M": [
        [-0.0867942, 0.0118737, 0.00127299]
    ],
    "M_G2C18_M M_G2C18H1_M": [
        [-0.0671055, 0.0103582, 0.00111051]
    ],
    "M_G2C18_M M_G2C18H2_M": [
        [-0.0665611, 0.00883398, 0.000947102]
    ],
    "M_G2C19_M M_G2C19H1_M": [
        [-0.0215054, 0.00506716, 0.000543257]
    ],
    "M_G2C19_M M_G2C19H2_M": [
        [-0.0211499, 0.00452965, 0.000485629]
    ],
    "M_G2C19_M M_G2C19H3_M": [
        [-0.0208467, 0.0046757, 0.000501287]
    ],
    "M_G3_M M_G3H1_M": [
        [-0.121161, 0.0752099, 0.00806335]
    ],
    "M_G3_M M_G3H2_M": [
        [-0.111534, 0.0589874, 0.00632412]
    ],
    "M_G3C4_M M_G3C4H1_M": [
        [0.0910089, 0.0327612, 0.00351237]
    ],
    "M_G3C4_M M_G3C4H2_M": [
        [0.0531292, 0.0279301, 0.00299442]
    ],
    "M_G3C5_M M_G3C5H1_M": [
        [-0.00988268, 0.0285387, 0.00305967]
    ],
    "M_G3C6_M M_G3C6H1_M": [
        [0.00933379, 0.0220345, 0.00236235]
    ],
    "M_G3C6_M M_G3C6H2_M": [
        [0.0203558, 0.0226273, 0.0024259]
    ]
}