{
    "M_C3_M M_C3H3_M": [
        [-0.37853, 0.00850331, 0.00185557]
    ],
    "M_C4_M M_C4H41_M": [
        [-0.333711, 0.0101335, 0.00221131]
    ],
    "M_C4_M M_C4H42_M": [
        [-0.147923, 0.0192879, 0.00420896]
    ],
    "M_C6_M M_C6H6_M": [
        [-0.0189369, 0.0208209, 0.00454348]
    ],
    "M_C7_M M_C7H71_M": [
        [-0.295346, 0.0156601, 0.0034173]
    ],
    "M_C7_M M_C7H72_M": [
        [-0.344726, 0.00990998, 0.00216253]
    ],
    "M_C8_M M_C8H8_M": [
        [-0.414871, 0.00982404, 0.00214378]
    ],
    "M_C14_M M_C14H14_M": [
        [-0.410025, 0.0108186, 0.00236082]
    ],
    "M_C15_M M_C15H151_M": [
        [-0.380817, 0.00901568, 0.00196738]
    ],
    "M_C15_M M_C15H152_M": [
        [-0.305506, 0.0152726, 0.00333276]
    ],
    "M_C16_M M_C16H161_M": [
        [-0.0731614, 0.0150804, 0.00329081]
    ],
    "M_C16_M M_C16H162_M": [
        [-0.201307, 0.0136252, 0.00297326]
    ],
    "M_C17_M M_C17H17_M": [
        [-0.402759, 0.0115297, 0.00251599]
    ],
    "M_C18_M M_C18H181_M": [
        [0.116778, 0.0103976, 0.00226894]
    ],
    "M_C18_M M_C18H182_M": [
        [0.1179, 0.0109876, 0.0023977]
    ],
    "M_C18_M M_C18H183_M": [
        [0.117463, 0.00931072, 0.00203177]
    ],
    "M_C12_M M_C12H121_M": [
        [-0.069084, 0.0202302, 0.0044146]
    ],
    "M_C12_M M_C12H122_M": [
        [-0.407657, 0.00936677, 0.002044]
    ],
    "M_C11_M M_C11H111_M": [
        [-0.410888, 0.00978691, 0.00213568]
    ],
    "M_C11_M M_C11H112_M": [
        [-0.230579, 0.0169005, 0.00368799]
    ],
    "M_C9_M M_C9H9_M": [
        [-0.411881, 0.00989192, 0.00215859]
    ],
    "M_C19_M M_C19H191_M": [
        [0.121198, 0.00910731, 0.00198738]
    ],
    "M_C19_M M_C19H192_M": [
        [0.119064, 0.00950065, 0.00207321]
    ],
    "M_C19_M M_C19H193_M": [
        [0.114883, 0.0113963, 0.00248688]
    ],
    "M_C1_M M_C1H11_M": [
        [-0.194866, 0.0181909, 0.00396959]
    ],
    "M_C1_M M_C1H12_M": [
        [-0.365004, 0.00926873, 0.0020226]
    ],
    "M_C2_M M_C2H21_M": [
        [-0.238276, 0.0163823, 0.0035749]
    ],
    "M_C2_M M_C2H22_M": [
        [-0.3524, 0.00995966, 0.00217338]
    ],
    "M_C20_M M_C20H20_M": [
        [-0.393221, 0.0101076, 0.00220565]
    ],
    "M_C21_M M_C21H211_M": [
        [0.10553, 0.00723052, 0.00157783]
    ],
    "M_C21_M M_C21H212_M": [
        [0.103499, 0.00812533, 0.00177309]
    ],
    "M_C21_M M_C21H213_M": [
        [0.100782, 0.00603829, 0.00131766]
    ],
    "M_C22_M M_C22H221_M": [
        [-0.223919, 0.0236989, 0.00517152]
    ],
    "M_C22_M M_C22H222_M": [
        [-0.357429, 0.0111022, 0.00242271]
    ],
    "M_C23_M M_C23H231_M": [
        [-0.174009, 0.0208099, 0.00454109]
    ],
    "M_C23_M M_C23H232_M": [
        [-0.340758, 0.0114903, 0.0025074]
    ],
    "M_C24_M M_C24H241_M": [
        [-0.18775, 0.0180833, 0.0039461]
    ],
    "M_C24_M M_C24H242_M": [
        [-0.296331, 0.0117314, 0.00256001]
    ],
    "M_C25_M M_C25H25_M": [
        [-0.202231, 0.0154778, 0.00337753]
    ],
    "M_C26_M M_C26H261_M": [
        [0.0153104, 0.00856163, 0.0018683]
    ],
    "M_C26_M M_C26H262_M": [
        [0.0146846, 0.00613059, 0.0013378]
    ],
    "M_C26_M M_C26H263_M": [
        [0.0163906, 0.00532617, 0.00116227]
    ],
    "M_C27_M M_C27H271_M": [
        [0.0030435, 0.00643459, 0.00140414]
    ],
    "M_C27_M M_C27H272_M": [
        [0.00241981, 0.006385, 0.00139332]
    ],
    "M_C27_M M_C27H273_M": [
        [0.0024712, 0.00749982, 0.00163659]
    ]
}