{
    "M_G1_M M_G1H1_M": [
        [-0.131096, 0.0654411, 0.004639]
    ],
    "M_G1_M M_G1H2_M": [
        [0.171319, 0.0839533, 0.00595129]
    ],
    "M_G1C3_M M_G1C3H1_M": [
        [-0.224653, 0.0227458, 0.00161241]
    ],
    "M_G1C3_M M_G1C3H2_M": [
        [-0.208311, 0.0262858, 0.00186335]
    ],
    "M_G1C4_M M_G1C4H1_M": [
        [-0.21997, 0.0172491, 0.00122276]
    ],
    "M_G1C4_M M_G1C4H2_M": [
        [-0.218387, 0.0189843, 0.00134576]
    ],
    "M_G1C5_M M_G1C5H1_M": [
        [-0.241793, 0.0189349, 0.00134226]
    ],
    "M_G1C5_M M_G1C5H2_M": [
        [-0.242254, 0.0190969, 0.00135375]
    ],
    "M_G1C6_M M_G1C6H1_M": [
        [-0.260459, 0.0193506, 0.00137173]
    ],
    "M_G1C6_M M_G1C6H2_M": [
        [-0.25966, 0.0199007, 0.00141072]
    ],
    "M_G1C7_M M_G1C7H1_M": [
        [-0.26848, 0.02032, 0.00144045]
    ],
    "M_G1C7_M M_G1C7H2_M": [
        [-0.268381, 0.0198867, 0.00140973]
    ],
    "M_G1C8_M M_G1C8H1_M": [
        [-0.270592, 0.0199992, 0.00141771]
    ],
    "M_G1C8_M M_G1C8H2_M": [
        [-0.269932, 0.0201328, 0.00142718]
    ],
    "M_G1C9_M M_G1C9H1_M": [
        [-0.266701, 0.0199927, 0.00141725]
    ],
    "M_G1C9_M M_G1C9H2_M": [
        [-0.266918, 0.0197572, 0.00140055]
    ],
    "M_G1C10_M M_G1C10H1_M": [
        [-0.258611, 0.0199075, 0.00141121]
    ],
    "M_G1C10_M M_G1C10H2_M": [
        [-0.259012, 0.0195197, 0.00138372]
    ],
    "M_G1C11_M M_G1C11H1_M": [
        [-0.246357, 0.0192503, 0.00136462]
    ],
    "M_G1C11_M M_G1C11H2_M": [
        [-0.247101, 0.0186403, 0.00132138]
    ],
    "M_G1C12_M M_G1C12H1_M": [
        [-0.230587, 0.0185222, 0.00131301]
    ],
    "M_G1C12_M M_G1C12H2_M": [
        [-0.23051, 0.0191018, 0.00135409]
    ],
    "M_G1C13_M M_G1C13H1_M": [
        [-0.210153, 0.0185725, 0.00131657]
    ],
    "M_G1C13_M M_G1C13H2_M": [
        [-0.210514, 0.0182151, 0.00129123]
    ],
    "M_G1C14_M M_G1C14H1_M": [
        [-0.186427, 0.0172372, 0.00122191]
    ],
    "M_G1C14_M M_G1C14H2_M": [
        [-0.185993, 0.0177401, 0.00125757]
    ],
    "M_G1C15_M M_G1C15H1_M": [
        [-0.157092, 0.0151738, 0.00107564]
    ],
    "M_G1C15_M M_G1C15H2_M": [
        [-0.15612, 0.0154187, 0.001093]
    ],
    "M_G1C16_M M_G1C16H1_M": [
        [-0.117357, 0.0130272, 0.000923475]
    ],
    "M_G1C16_M M_G1C16H2_M": [
        [-0.117634, 0.0130145, 0.000922576]
    ],
    "M_G1C17_M M_G1C17H1_M": [
        [-0.0298735, 0.00621703, 0.000440713]
    ],
    "M_G1C17_M M_G1C17H2_M": [
        [-0.029382, 0.00553968, 0.000392697]
    ],
    "M_G1C17_M M_G1C17H3_M": [
        [-0.0301023, 0.00619176, 0.000438922]
    ],
    "M_G2_M M_G2H1_M": [
        [-0.209671, 0.0632993, 0.00448717]
    ],
    "M_G2C3_M M_G2C3H1_M": [
        [-0.245839, 0.0276425, 0.00195953]
    ],
    "M_G2C3_M M_G2C3H2_M": [
        [-0.219339, 0.031963, 0.0022658]
    ],
    "M_G2C4_M M_G2C4H1_M": [
        [-0.235354, 0.018792, 0.00133213]
    ],
    "M_G2C4_M M_G2C4H2_M": [
        [-0.230973, 0.0187294, 0.00132769]
    ],
    "M_G2C5_M M_G2C5H1_M": [
        [-0.23409, 0.0193963, 0.00137497]
    ],
    "M_G2C5_M M_G2C5H2_M": [
        [-0.234902, 0.0197309, 0.00139869]
    ],
    "M_G2C6_M M_G2C6H1_M": [
        [-0.247392, 0.0205682, 0.00145804]
    ],
    "M_G2C6_M M_G2C6H2_M": [
        [-0.247254, 0.0209305, 0.00148372]
    ],
    "M_G2C7_M M_G2C7H1_M": [
        [-0.230624, 0.0221202, 0.00156806]
    ],
    "M_G2C7_M M_G2C7H2_M": [
        [-0.230924, 0.0218017, 0.00154548]
    ],
    "M_G2C8_M M_G2C8H1_M": [
        [-0.210629, 0.0210502, 0.00149221]
    ],
    "M_G2C8_M M_G2C8H2_M": [
        [-0.210777, 0.0205311, 0.00145541]
    ],
    "M_G2C9_M M_G2C9H1_M": [
        [-0.135382, 0.0211161, 0.00149688]
    ],
    "M_G2C9_M M_G2C9H2_M": [
        [-0.13642, 0.0221362, 0.00156919]
    ],
    "M_G2C10_M M_G2C10H1_M": [
        [-0.0919877, 0.020201, 0.00143201]
    ],
    "M_G2C11_M M_G2C11H1_M": [
        [-0.0544004, 0.0184195, 0.00130572]
    ],
    "M_G2C12_M M_G2C12H1_M": [
        [-0.089588, 0.0192357, 0.00136358]
    ],
    "M_G2C12_M M_G2C12H2_M": [
        [-0.0889487, 0.0187127, 0.00132651]
    ],
    "M_G2C13_M M_G2C13H1_M": [
        [-0.147921, 0.0185497, 0.00131495]
    ],
    "M_G2C13_M M_G2C13H2_M": [
        [-0.146963, 0.0185196, 0.00131282]
    ],
    "M_G2C14_M M_G2C14H1_M": [
        [-0.161265, 0.0187867, 0.00133175]
    ],
    "M_G2C14_M M_G2C14H2_M": [
        [-0.161369, 0.0186184, 0.00131982]
    ],
    "M_G2C15_M M_G2C15H1_M": [
        [-0.167939, 0.0184432, 0.0013074]
    ],
    "M_G2C15_M M_G2C15H2_M": [
        [-0.168217, 0.017732, 0.00125699]
    ],
    "M_G2C16_M M_G2C16H1_M": [
        [-0.149962, 0.016883, 0.00119681]
    ],
    "M_G2C16_M M_G2C16H2_M": [
        [-0.149372, 0.0165012, 0.00116974]
    ],
    "M_G2C17_M M_G2C17H1_M": [
        [-0.133844, 0.0151829, 0.00107629]
    ],
    "M_G2C17_M M_G2C17H2_M": [
        [-0.133316, 0.0146982, 0.00104193]
    ],
    "M_G2C18_M M_G2C18H1_M": [
        [-0.0975396, 0.0112668, 0.000798681]
    ],
    "M_G2C18_M M_G2C18H2_M": [
        [-0.0980739, 0.011142, 0.000789836]
    ],
    "M_G2C19_M M_G2C19H1_M": [
        [-0.0303064, 0.00626823, 0.000444343]
    ],
    "M_G2C19_M M_G2C19H2_M": [
        [-0.0308139, 0.00586829, 0.000415992]
    ],
    "M_G2C19_M M_G2C19H3_M": [
        [-0.0306701, 0.006097, 0.000432205]
    ],
    "M_G3_M M_G3H1_M": [
        [-0.281001, 0.0429238, 0.00304278]
    ],
    "M_G3_M M_G3H2_M": [
        [-0.218185, 0.0540338, 0.00383035]
    ],
    "M_G3C4_M M_G3C4H1_M": [
        [0.00549626, 0.0448668, 0.00318052]
    ],
    "M_G3C4_M M_G3C4H2_M": [
        [0.000883733, 0.0413738, 0.00293291]
    ],
    "M_G3C5_M M_G3C5H1_M": [
        [-0.131014, 0.0342372, 0.00242701]
    ],
    "M_G3C5_M M_G3C5H2_M": [
        [-0.134198, 0.0274921, 0.00194886]
    ],
    "M_G3N6C1_M M_G3N6C1H1_M": [
        [0.0155405, 0.00869165, 0.000616135]
    ],
    "M_G3N6C1_M M_G3N6C1H2_M": [
        [0.0155267, 0.00878227, 0.000622559]
    ],
    "M_G3N6C1_M M_G3N6C1H3_M": [
        [0.0145102, 0.00886989, 0.00062877]
    ],
    "M_G3N6C2_M M_G3N6C2H1_M": [
        [0.0151155, 0.00896391, 0.000635435]
    ],
    "M_G3N6C2_M M_G3N6C2H2_M": [
        [0.0148628, 0.00866537, 0.000614272]
    ],
    "M_G3N6C2_M M_G3N6C2H3_M": [
        [0.014588, 0.00853365, 0.000604935]
    ],
    "M_G3N6C3_M M_G3N6C3H1_M": [
        [0.0154064, 0.00779926, 0.000552875]
    ],
    "M_G3N6C3_M M_G3N6C3H2_M": [
        [0.0155618, 0.00828422, 0.000587253]
    ],
    "M_G3N6C3_M M_G3N6C3H3_M": [
        [0.0148775, 0.00895039, 0.000634476]
    ]
}