{
    "M_G1_M M_G1H1_M": [
        [-0.187425, 0.109141, 0.0129526]
    ],
    "M_G1_M M_G1H2_M": [
        [-0.0232888, 0.133961, 0.0158983]
    ],
    "M_G1C3_M M_G1C3H1_M": [
        [-0.255328, 0.048719, 0.00578188]
    ],
    "M_G1C3_M M_G1C3H2_M": [
        [-0.232588, 0.0514529, 0.00610634]
    ],
    "M_G1C4_M M_G1C4H1_M": [
        [-0.211413, 0.0349887, 0.00415239]
    ],
    "M_G1C4_M M_G1C4H2_M": [
        [-0.198396, 0.0373187, 0.00442891]
    ],
    "M_G1C5_M M_G1C5H1_M": [
        [-0.239472, 0.028655, 0.00340073]
    ],
    "M_G1C5_M M_G1C5H2_M": [
        [-0.238966, 0.0284838, 0.0033804]
    ],
    "M_G1C6_M M_G1C6H1_M": [
        [-0.247531, 0.0284128, 0.00337198]
    ],
    "M_G1C6_M M_G1C6H2_M": [
        [-0.246168, 0.0279028, 0.00331146]
    ],
    "M_G1C7_M M_G1C7H1_M": [
        [-0.261007, 0.0274547, 0.00325828]
    ],
    "M_G1C7_M M_G1C7H2_M": [
        [-0.260659, 0.0260243, 0.00308851]
    ],
    "M_G1C8_M M_G1C8H1_M": [
        [-0.255654, 0.0267134, 0.0031703]
    ],
    "M_G1C8_M M_G1C8H2_M": [
        [-0.254367, 0.0249601, 0.00296222]
    ],
    "M_G1C9_M M_G1C9H1_M": [
        [-0.25725, 0.025802, 0.00306214]
    ],
    "M_G1C9_M M_G1C9H2_M": [
        [-0.254538, 0.0258259, 0.00306497]
    ],
    "M_G1C10_M M_G1C10H1_M": [
        [-0.24443, 0.0248008, 0.00294331]
    ],
    "M_G1C10_M M_G1C10H2_M": [
        [-0.242257, 0.0270443, 0.00320956]
    ],
    "M_G1C11_M M_G1C11H1_M": [
        [-0.236256, 0.0243316, 0.00288763]
    ],
    "M_G1C11_M M_G1C11H2_M": [
        [-0.236098, 0.0269408, 0.00319728]
    ],
    "M_G1C12_M M_G1C12H1_M": [
        [-0.215688, 0.0253948, 0.00301381]
    ],
    "M_G1C12_M M_G1C12H2_M": [
        [-0.216395, 0.0278208, 0.00330172]
    ],
    "M_G1C13_M M_G1C13H1_M": [
        [-0.200243, 0.0252584, 0.00299762]
    ],
    "M_G1C13_M M_G1C13H2_M": [
        [-0.201986, 0.0265674, 0.00315298]
    ],
    "M_G1C14_M M_G1C14H1_M": [
        [-0.174574, 0.0245814, 0.00291728]
    ],
    "M_G1C14_M M_G1C14H2_M": [
        [-0.176214, 0.0253081, 0.00300352]
    ],
    "M_G1C15_M M_G1C15H1_M": [
        [-0.150717, 0.0219179, 0.00260117]
    ],
    "M_G1C15_M M_G1C15H2_M": [
        [-0.152104, 0.0223348, 0.00265065]
    ],
    "M_G1C16_M M_G1C16H1_M": [
        [-0.113331, 0.0181395, 0.00215276]
    ],
    "M_G1C16_M M_G1C16H2_M": [
        [-0.114254, 0.0178824, 0.00212225]
    ],
    "M_G1C17_M M_G1C17H1_M": [
        [-0.0368536, 0.00865098, 0.00102668]
    ],
    "M_G1C17_M M_G1C17H2_M": [
        [-0.0373719, 0.00863969, 0.00102534]
    ],
    "M_G1C17_M M_G1C17H3_M": [
        [-0.0368373, 0.00715245, 0.00084884]
    ],
    "M_G2_M M_G2H1_M": [
        [-0.221112, 0.097161, 0.0115309]
    ],
    "M_G2C3_M M_G2C3H1_M": [
        [-0.100878, 0.0930301, 0.0110406]
    ],
    "M_G2C3_M M_G2C3H2_M": [
        [-0.122504, 0.0687795, 0.00816263]
    ],
    "M_G2C4_M M_G2C4H1_M": [
        [-0.230753, 0.0465335, 0.00552251]
    ],
    "M_G2C4_M M_G2C4H2_M": [
        [-0.226499, 0.0490447, 0.00582053]
    ],
    "M_G2C5_M M_G2C5H1_M": [
        [-0.226554, 0.0433164, 0.00514071]
    ],
    "M_G2C5_M M_G2C5H2_M": [
        [-0.227285, 0.042672, 0.00506424]
    ],
    "M_G2C6_M M_G2C6H1_M": [
        [-0.241273, 0.0422613, 0.0050155]
    ],
    "M_G2C6_M M_G2C6H2_M": [
        [-0.23962, 0.0435531, 0.00516881]
    ],
    "M_G2C7_M M_G2C7H1_M": [
        [-0.21897, 0.0369904, 0.00438995]
    ],
    "M_G2C7_M M_G2C7H2_M": [
        [-0.218945, 0.0368562, 0.00437403]
    ],
    "M_G2C8_M M_G2C8H1_M": [
        [-0.209679, 0.0343669, 0.0040786]
    ],
    "M_G2C8_M M_G2C8H2_M": [
        [-0.209343, 0.0353355, 0.00419355]
    ],
    "M_G2C9_M M_G2C9H1_M": [
        [-0.124957, 0.02914, 0.00345828]
    ],
    "M_G2C9_M M_G2C9H2_M": [
        [-0.122861, 0.0314594, 0.00373355]
    ],
    "M_G2C10_M M_G2C10H1_M": [
        [-0.0718181, 0.0375082, 0.00445141]
    ],
    "M_G2C11_M M_G2C11H1_M": [
        [-0.0647317, 0.0310754, 0.00368797]
    ],
    "M_G2C12_M M_G2C12H1_M": [
        [-0.106237, 0.0288451, 0.00342328]
    ],
    "M_G2C12_M M_G2C12H2_M": [
        [-0.106795, 0.0288633, 0.00342544]
    ],
    "M_G2C13_M M_G2C13H1_M": [
        [-0.163119, 0.0260361, 0.00308992]
    ],
    "M_G2C13_M M_G2C13H2_M": [
        [-0.161827, 0.0269619, 0.00319979]
    ],
    "M_G2C14_M M_G2C14H1_M": [
        [-0.170417, 0.0251938, 0.00298996]
    ],
    "M_G2C14_M M_G2C14H2_M": [
        [-0.171114, 0.0260003, 0.00308567]
    ],
    "M_G2C15_M M_G2C15H1_M": [
        [-0.176115, 0.0248818, 0.00295292]
    ],
    "M_G2C15_M M_G2C15H2_M": [
        [-0.175745, 0.0256942, 0.00304934]
    ],
    "M_G2C16_M M_G2C16H1_M": [
        [-0.159986, 0.0245149, 0.00290938]
    ],
    "M_G2C16_M M_G2C16H2_M": [
        [-0.159852, 0.0237482, 0.0028184]
    ],
    "M_G2C17_M M_G2C17H1_M": [
        [-0.145095, 0.0219756, 0.00260802]
    ],
    "M_G2C17_M M_G2C17H2_M": [
        [-0.142802, 0.020988, 0.00249082]
    ],
    "M_G2C18_M M_G2C18H1_M": [
        [-0.110488, 0.0178673, 0.00212046]
    ],
    "M_G2C18_M M_G2C18H2_M": [
        [-0.110247, 0.0180475, 0.00214184]
    ],
    "M_G2C19_M M_G2C19H1_M": [
        [-0.0358275, 0.00848475, 0.00100696]
    ],
    "M_G2C19_M M_G2C19H2_M": [
        [-0.036687, 0.00791463, 0.000939293]
    ],
    "M_G2C19_M M_G2C19H3_M": [
        [-0.0371498, 0.00777364, 0.000922561]
    ],
    "M_G3_M M_G3H1_M": [
        [-0.211494, 0.102878, 0.0122093]
    ],
    "M_G3_M M_G3H2_M": [
        [-0.215211, 0.0850943, 0.0100988]
    ],
    "M_G3C4_M M_G3C4H1_M": [
        [-0.0153126, 0.0853958, 0.0101346]
    ],
    "M_G3C4_M M_G3C4H2_M": [
        [-0.0244537, 0.0816644, 0.00969178]
    ],
    "M_G3C5_M M_G3C5H1_M": [
        [-0.110197, 0.074896, 0.00888852]
    ],
    "M_G3C5_M M_G3C5H2_M": [
        [-0.102497, 0.0747098, 0.00886642]
    ],
    "M_G3N6C1_M M_G3N6C1H1_M": [
        [0.00837976, 0.0207431, 0.00246175]
    ],
    "M_G3N6C1_M M_G3N6C1H2_M": [
        [0.0141069, 0.0222585, 0.00264159]
    ],
    "M_G3N6C1_M M_G3N6C1H3_M": [
        [0.0117685, 0.0221685, 0.00263092]
    ],
    "M_G3N6C2_M M_G3N6C2H1_M": [
        [0.0102833, 0.0160092, 0.00189995]
    ],
    "M_G3N6C2_M M_G3N6C2H2_M": [
        [0.00966064, 0.0226452, 0.00268749]
    ],
    "M_G3N6C2_M M_G3N6C2H3_M": [
        [0.00924008, 0.0174718, 0.00207352]
    ],
    "M_G3N6C3_M M_G3N6C3H1_M": [
        [0.0109988, 0.0189151, 0.0022448]
    ],
    "M_G3N6C3_M M_G3N6C3H2_M": [
        [0.0121454, 0.023607, 0.00280163]
    ],
    "M_G3N6C3_M M_G3N6C3H3_M": [
        [0.010952, 0.0208805, 0.00247806]
    ]
}