{
    "M_G1C1_M M_G1C1H1_M": [
        [-0.0081982, 0.105877, 0.0106411]
    ],
    "M_G1C1_M M_G1C1H2_M": [
        [0.0242523, 0.131814, 0.0132478]
    ],
    "M_G1C2_M M_G1C2H1_M": [
        [-0.0813421, 0.104565, 0.0105092]
    ],
    "M_G1C2_M M_G1C2H2_M": [
        [-0.0461825, 0.123784, 0.0124407]
    ],
    "M_G1C3_M M_G1C3H1_M": [
        [-0.199907, 0.0810233, 0.00814315]
    ],
    "M_G1C3_M M_G1C3H2_M": [
        [-0.210141, 0.0735588, 0.00739294]
    ],
    "M_G1C4_M M_G1C4H1_M": [
        [-0.330082, 0.0518287, 0.00520898]
    ],
    "M_G1C4_M M_G1C4H2_M": [
        [-0.326299, 0.0600189, 0.00603213]
    ],
    "M_G1C5_M M_G1C5H1_M": [
        [-0.353851, 0.0460661, 0.00462982]
    ],
    "M_G1C5_M M_G1C5H2_M": [
        [-0.353075, 0.0455077, 0.0045737]
    ],
    "M_G1C6_M M_G1C6H1_M": [
        [-0.360972, 0.0377575, 0.00379477]
    ],
    "M_G1C6_M M_G1C6H2_M": [
        [-0.360634, 0.034405, 0.00345783]
    ],
    "M_G1C7_M M_G1C7H1_M": [
        [-0.362248, 0.0346398, 0.00348143]
    ],
    "M_G1C7_M M_G1C7H2_M": [
        [-0.362566, 0.0338436, 0.00340141]
    ],
    "M_G1C8_M M_G1C8H1_M": [
        [-0.364798, 0.0343134, 0.00344862]
    ],
    "M_G1C8_M M_G1C8H2_M": [
        [-0.364653, 0.0349111, 0.0035087]
    ],
    "M_G1C9_M M_G1C9H1_M": [
        [-0.364889, 0.0351923, 0.00353696]
    ],
    "M_G1C9_M M_G1C9H2_M": [
        [-0.36566, 0.0353805, 0.00355588]
    ],
    "M_G1C10_M M_G1C10H1_M": [
        [-0.364825, 0.0355944, 0.00357737]
    ],
    "M_G1C10_M M_G1C10H2_M": [
        [-0.365755, 0.036327, 0.003651]
    ],
    "M_G1C11_M M_G1C11H1_M": [
        [-0.364134, 0.0372606, 0.00374483]
    ],
    "M_G1C11_M M_G1C11H2_M": [
        [-0.364869, 0.0378159, 0.00380065]
    ],
    "M_G1C12_M M_G1C12H1_M": [
        [-0.364104, 0.0386346, 0.00388293]
    ],
    "M_G1C12_M M_G1C12H2_M": [
        [-0.363533, 0.0400469, 0.00402486]
    ],
    "M_G1C13_M M_G1C13H1_M": [
        [-0.359156, 0.0425295, 0.00427437]
    ],
    "M_G1C13_M M_G1C13H2_M": [
        [-0.358668, 0.0426783, 0.00428933]
    ],
    "M_G1C14_M M_G1C14H1_M": [
        [-0.341089, 0.045759, 0.00459895]
    ],
    "M_G1C14_M M_G1C14H2_M": [
        [-0.341232, 0.0463808, 0.00466144]
    ],
    "M_G1C15_M M_G1C15H1_M": [
        [-0.291443, 0.0475387, 0.00477782]
    ],
    "M_G1C15_M M_G1C15H2_M": [
        [-0.290931, 0.0484996, 0.0048744]
    ],
    "M_G1C16_M M_G1C16H1_M": [
        [-0.0919085, 0.0207283, 0.00208327]
    ],
    "M_G1C16_M M_G1C16H2_M": [
        [-0.093357, 0.0204848, 0.0020588]
    ],
    "M_G1C16_M M_G1C16H3_M": [
        [-0.0924382, 0.0210515, 0.00211576]
    ],
    "M_G2C1_M M_G2C1H1_M": [
        [0.00997801, 0.117553, 0.0118146]
    ],
    "M_G2C1_M M_G2C1H2_M": [
        [-0.021315, 0.13223, 0.0132896]
    ],
    "M_G2C2_M M_G2C2H1_M": [
        [-0.081348, 0.127477, 0.0128119]
    ],
    "M_G2C2_M M_G2C2H2_M": [
        [-0.0696898, 0.10557, 0.0106102]
    ],
    "M_G2C3_M M_G2C3H1_M": [
        [-0.198919, 0.0756676, 0.00760488]
    ],
    "M_G2C3_M M_G2C3H2_M": [
        [-0.208208, 0.0730482, 0.00734162]
    ],
    "M_G2C4_M M_G2C4H1_M": [
        [-0.326132, 0.0441799, 0.00444025]
    ],
    "M_G2C4_M M_G2C4H2_M": [
        [-0.329317, 0.0403514, 0.00405547]
    ],
    "M_G2C5_M M_G2C5H1_M": [
        [-0.352015, 0.0397146, 0.00399147]
    ],
    "M_G2C5_M M_G2C5H2_M": [
        [-0.354157, 0.0375938, 0.00377832]
    ],
    "M_G2C6_M M_G2C6H1_M": [
        [-0.359234, 0.0380152, 0.00382068]
    ],
    "M_G2C6_M M_G2C6H2_M": [
        [-0.360663, 0.0364228, 0.00366063]
    ],
    "M_G2C7_M M_G2C7H1_M": [
        [-0.360585, 0.0368034, 0.00369888]
    ],
    "M_G2C7_M M_G2C7H2_M": [
        [-0.36157, 0.0362855, 0.00364683]
    ],
    "M_G2C8_M M_G2C8H1_M": [
        [-0.362342, 0.0363703, 0.00365536]
    ],
    "M_G2C8_M M_G2C8H2_M": [
        [-0.363481, 0.0367147, 0.00368997]
    ],
    "M_G2C9_M M_G2C9H1_M": [
        [-0.362761, 0.0367579, 0.00369431]
    ],
    "M_G2C9_M M_G2C9H2_M": [
        [-0.364107, 0.0371399, 0.0037327]
    ],
    "M_G2C10_M M_G2C10H1_M": [
        [-0.363222, 0.0369345, 0.00371205]
    ],
    "M_G2C10_M M_G2C10H2_M": [
        [-0.364693, 0.0369309, 0.0037117]
    ],
    "M_G2C11_M M_G2C11H1_M": [
        [-0.36224, 0.0378916, 0.00380824]
    ],
    "M_G2C11_M M_G2C11H2_M": [
        [-0.363933, 0.0382077, 0.00384002]
    ],
    "M_G2C12_M M_G2C12H1_M": [
        [-0.361517, 0.0398454, 0.00400461]
    ],
    "M_G2C12_M M_G2C12H2_M": [
        [-0.363227, 0.0400148, 0.00402164]
    ],
    "M_G2C13_M M_G2C13H1_M": [
        [-0.356764, 0.0429269, 0.00431432]
    ],
    "M_G2C13_M M_G2C13H2_M": [
        [-0.35833, 0.0429962, 0.00432128]
    ],
    "M_G2C14_M M_G2C14H1_M": [
        [-0.339847, 0.0459773, 0.00462089]
    ],
    "M_G2C14_M M_G2C14H2_M": [
        [-0.340823, 0.0463143, 0.00465476]
    ],
    "M_G2C15_M M_G2C15H1_M": [
        [-0.291087, 0.047986, 0.00482277]
    ],
    "M_G2C15_M M_G2C15H2_M": [
        [-0.291497, 0.0486756, 0.00489209]
    ],
    "M_G2C16_M M_G2C16H1_M": [
        [-0.0932587, 0.0211774, 0.00212841]
    ],
    "M_G2C16_M M_G2C16H2_M": [
        [-0.0932041, 0.0214408, 0.00215488]
    ],
    "M_G2C16_M M_G2C16H3_M": [
        [-0.0924961, 0.0211856, 0.00212923]
    ],
    "M_N1C1_M M_N1C1H1_M": [
        [-0.0174456, 0.0520803, 0.00523427]
    ],
    "M_N1C1_M M_N1C1H2_M": [
        [-0.0185445, 0.0505853, 0.00508402]
    ],
    "M_N1C1_M M_N1C1H3_M": [
        [-0.0177623, 0.0513038, 0.00515622]
    ],
    "M_N1C2_M M_N1C2H1_M": [
        [-0.00350248, 0.0486411, 0.00488861]
    ],
    "M_N1C2_M M_N1C2H2_M": [
        [-0.00491801, 0.0497798, 0.00500306]
    ],
    "M_N1C2_M M_N1C2H3_M": [
        [-0.00368408, 0.0498526, 0.00501037]
    ]
}