{
    "M_G1_M M_G1H1_M": [
        [-0.276866, 0.0703298, 0.00706841]
    ],
    "M_G1_M M_G1H2_M": [
        [-0.0095759, 0.105291, 0.0105821]
    ],
    "M_G1C3_M M_G1C3H1_M": [
        [-0.330003, 0.0548432, 0.00551195]
    ],
    "M_G1C3_M M_G1C3H2_M": [
        [-0.336143, 0.0499626, 0.00502143]
    ],
    "M_G1C4_M M_G1C4H1_M": [
        [-0.315833, 0.056238, 0.00565213]
    ],
    "M_G1C4_M M_G1C4H2_M": [
        [-0.317365, 0.0552402, 0.00555184]
    ],
    "M_G1C5_M M_G1C5H1_M": [
        [-0.345668, 0.0472521, 0.00474902]
    ],
    "M_G1C5_M M_G1C5H2_M": [
        [-0.344477, 0.0464279, 0.00466618]
    ],
    "M_G1C6_M M_G1C6H1_M": [
        [-0.349649, 0.0458064, 0.00460372]
    ],
    "M_G1C6_M M_G1C6H2_M": [
        [-0.350331, 0.0434983, 0.00437175]
    ],
    "M_G1C7_M M_G1C7H1_M": [
        [-0.356522, 0.0412054, 0.00414129]
    ],
    "M_G1C7_M M_G1C7H2_M": [
        [-0.356459, 0.0404977, 0.00407018]
    ],
    "M_G1C8_M M_G1C8H1_M": [
        [-0.354166, 0.041501, 0.00417101]
    ],
    "M_G1C8_M M_G1C8H2_M": [
        [-0.352976, 0.0407164, 0.00409215]
    ],
    "M_G1C9_M M_G1C9H1_M": [
        [-0.358244, 0.0401051, 0.00403072]
    ],
    "M_G1C9_M M_G1C9H2_M": [
        [-0.357228, 0.0402646, 0.00404675]
    ],
    "M_G1C10_M M_G1C10H1_M": [
        [-0.3532, 0.0430479, 0.00432647]
    ],
    "M_G1C10_M M_G1C10H2_M": [
        [-0.353123, 0.0425443, 0.00427586]
    ],
    "M_G1C11_M M_G1C11H1_M": [
        [-0.355662, 0.0440033, 0.0044225]
    ],
    "M_G1C11_M M_G1C11H2_M": [
        [-0.355484, 0.0431914, 0.0043409]
    ],
    "M_G1C12_M M_G1C12H1_M": [
        [-0.347861, 0.0472205, 0.00474584]
    ],
    "M_G1C12_M M_G1C12H2_M": [
        [-0.347447, 0.0473059, 0.00475442]
    ],
    "M_G1C13_M M_G1C13H1_M": [
        [-0.343446, 0.0493052, 0.00495536]
    ],
    "M_G1C13_M M_G1C13H2_M": [
        [-0.343474, 0.0495593, 0.0049809]
    ],
    "M_G1C14_M M_G1C14H1_M": [
        [-0.316222, 0.0536025, 0.00538726]
    ],
    "M_G1C14_M M_G1C14H2_M": [
        [-0.316937, 0.0529218, 0.00531884]
    ],
    "M_G1C15_M M_G1C15H1_M": [
        [-0.282331, 0.0520489, 0.00523111]
    ],
    "M_G1C15_M M_G1C15H2_M": [
        [-0.28113, 0.0522385, 0.00525016]
    ],
    "M_G1C16_M M_G1C16H1_M": [
        [-0.187291, 0.0461842, 0.00464169]
    ],
    "M_G1C16_M M_G1C16H2_M": [
        [-0.18864, 0.0471322, 0.00473696]
    ],
    "M_G1C17_M M_G1C17H1_M": [
        [-0.0664025, 0.0194617, 0.00195598]
    ],
    "M_G1C17_M M_G1C17H2_M": [
        [-0.0663077, 0.0184271, 0.00185199]
    ],
    "M_G1C17_M M_G1C17H3_M": [
        [-0.0660272, 0.018272, 0.00183641]
    ],
    "M_G2_M M_G2H1_M": [
        [-0.286981, 0.073783, 0.00741547]
    ],
    "M_G2C3_M M_G2C3H1_M": [
        [-0.330003, 0.0548432, 0.00551195]
    ],
    "M_G2C3_M M_G2C3H2_M": [
        [-0.336143, 0.0499626, 0.00502143]
    ],
    "M_G2C4_M M_G2C4H1_M": [
        [-0.315833, 0.056238, 0.00565213]
    ],
    "M_G2C4_M M_G2C4H2_M": [
        [-0.317365, 0.0552402, 0.00555184]
    ],
    "M_G2C5_M M_G2C5H1_M": [
        [-0.345668, 0.0472521, 0.00474902]
    ],
    "M_G2C5_M M_G2C5H2_M": [
        [-0.344477, 0.0464279, 0.00466618]
    ],
    "M_G2C6_M M_G2C6H1_M": [
        [-0.349649, 0.0458064, 0.00460372]
    ],
    "M_G2C6_M M_G2C6H2_M": [
        [-0.350331, 0.0434983, 0.00437175]
    ],
    "M_G2C7_M M_G2C7H1_M": [
        [-0.356522, 0.0412054, 0.00414129]
    ],
    "M_G2C7_M M_G2C7H2_M": [
        [-0.356459, 0.0404977, 0.00407018]
    ],
    "M_G2C8_M M_G2C8H1_M": [
        [-0.354166, 0.041501, 0.00417101]
    ],
    "M_G2C8_M M_G2C8H2_M": [
        [-0.352976, 0.0407164, 0.00409215]
    ],
    "M_G2C9_M M_G2C9H1_M": [
        [-0.358244, 0.0401051, 0.00403072]
    ],
    "M_G2C9_M M_G2C9H2_M": [
        [-0.357228, 0.0402646, 0.00404675]
    ],
    "M_G2C10_M M_G2C10H1_M": [
        [-0.3532, 0.0430479, 0.00432647]
    ],
    "M_G2C11_M M_G2C11H1_M": [
        [-0.355662, 0.0440033, 0.0044225]
    ],
    "M_G2C12_M M_G2C12H1_M": [
        [-0.347861, 0.0472205, 0.00474584]
    ],
    "M_G2C12_M M_G2C12H2_M": [
        [-0.347447, 0.0473059, 0.00475442]
    ],
    "M_G2C13_M M_G2C13H1_M": [
        [-0.343446, 0.0493052, 0.00495536]
    ],
    "M_G2C13_M M_G2C13H2_M": [
        [-0.343474, 0.0495593, 0.0049809]
    ],
    "M_G2C14_M M_G2C14H1_M": [
        [-0.316222, 0.0536025, 0.00538726]
    ],
    "M_G2C14_M M_G2C14H2_M": [
        [-0.316937, 0.0529218, 0.00531884]
    ],
    "M_G2C15_M M_G2C15H1_M": [
        [-0.282331, 0.0520489, 0.00523111]
    ],
    "M_G2C15_M M_G2C15H2_M": [
        [-0.28113, 0.0522385, 0.00525016]
    ],
    "M_G2C16_M M_G2C16H1_M": [
        [-0.187291, 0.0461842, 0.00464169]
    ],
    "M_G2C16_M M_G2C16H2_M": [
        [-0.18864, 0.0471322, 0.00473696]
    ],
    "M_G2C17_M M_G2C17H1_M": [
        [-0.0664025, 0.0194617, 0.00195598]
    ],
    "M_G2C17_M M_G2C17H2_M": [
        [-0.0663077, 0.0184271, 0.00185199]
    ],
    "M_G2C18_M M_G2C18H1_M": [
        [-0.184234, 0.0497064, 0.00499568]
    ],
    "M_G2C18_M M_G2C18H2_M": [
        [-0.184683, 0.0495856, 0.00498354]
    ],
    "M_G2C19_M M_G2C19H1_M": [
        [-0.060621, 0.020326, 0.00204284]
    ],
    "M_G2C19_M M_G2C19H2_M": [
        [-0.0609507, 0.0193232, 0.00194205]
    ],
    "M_G2C19_M M_G2C19H3_M": [
        [-0.0596964, 0.0194302, 0.00195281]
    ],
    "M_G3_M M_G3H1_M": [
        [-0.159663, 0.0912631, 0.00917229]
    ],
    "M_G3_M M_G3H2_M": [
        [-0.123307, 0.0987789, 0.00992766]
    ],
    "M_G3C4_M M_G3C4H1_M": [
        [-0.111358, 0.0284869, 0.00286305]
    ],
    "M_G3C4_M M_G3C4H2_M": [
        [-0.109917, 0.0288461, 0.00289914]
    ],
    "M_G3C5_M M_G3C5H1_M": [
        [-0.0998741, 0.0138746, 0.00139445]
    ],
    "M_G3C5_M M_G3C5H2_M": [
        [-0.0988612, 0.0144618, 0.00145347]
    ],
    "M_G3N6C1_M M_G3N6C1H1_M": [
        [0.0153932, 0.0058501, 0.000587957]
    ],
    "M_G3N6C1_M M_G3N6C1H2_M": [
        [0.0157325, 0.00598202, 0.000601216]
    ],
    "M_G3N6C1_M M_G3N6C1H3_M": [
        [0.014525, 0.00536564, 0.000539267]
    ],
    "M_G3N6C2_M M_G3N6C2H1_M": [
        [0.0161089, 0.00556261, 0.000559064]
    ],
    "M_G3N6C2_M M_G3N6C2H2_M": [
        [0.015153, 0.00496297, 0.000498798]
    ],
    "M_G3N6C2_M M_G3N6C2H3_M": [
        [0.0156019, 0.0059125, 0.000594228]
    ],
    "M_G3N6C3_M M_G3N6C3H1_M": [
        [0.015103, 0.00524863, 0.000527508]
    ],
    "M_G3N6C3_M M_G3N6C3H2_M": [
        [0.0153407, 0.0062088, 0.000624007]
    ],
    "M_G3N6C3_M M_G3N6C3H3_M": [
        [0.0159139, 0.00506684, 0.000509237]
    ]
}