{
    "M_G1_M M_G1H1_M": [
        [-0.257642, 0.108122, 0.0128318]
    ],
    "M_G1_M M_G1H2_M": [
        [0.0305082, 0.107433, 0.0127499]
    ],
    "M_G1C3_M M_G1C3H1_M": [
        [-0.245365, 0.0551916, 0.00655004]
    ],
    "M_G1C3_M M_G1C3H2_M": [
        [-0.225189, 0.0590625, 0.00700943]
    ],
    "M_G1C4_M M_G1C4H1_M": [
        [-0.189806, 0.0579609, 0.00687869]
    ],
    "M_G1C4_M M_G1C4H2_M": [
        [-0.175707, 0.0538261, 0.00638798]
    ],
    "M_G1C5_M M_G1C5H1_M": [
        [-0.221073, 0.0529812, 0.00628771]
    ],
    "M_G1C5_M M_G1C5H2_M": [
        [-0.207919, 0.0581742, 0.00690401]
    ],
    "M_G1C6_M M_G1C6H1_M": [
        [-0.187295, 0.0518587, 0.00615449]
    ],
    "M_G1C6_M M_G1C6H2_M": [
        [-0.188346, 0.0574178, 0.00681424]
    ],
    "M_G1C7_M M_G1C7H1_M": [
        [-0.201476, 0.0489403, 0.00580814]
    ],
    "M_G1C7_M M_G1C7H2_M": [
        [-0.196867, 0.0565203, 0.00670773]
    ],
    "M_G1C8_M M_G1C8H1_M": [
        [-0.176533, 0.0579913, 0.0068823]
    ],
    "M_G1C8_M M_G1C8H2_M": [
        [-0.179652, 0.0558646, 0.00662991]
    ],
    "M_G1C9_M M_G1C9H1_M": [
        [-0.17997, 0.0556951, 0.00660979]
    ],
    "M_G1C9_M M_G1C9H2_M": [
        [-0.180026, 0.0541235, 0.00642327]
    ],
    "M_G1C10_M M_G1C10H1_M": [
        [-0.157131, 0.0576095, 0.00683699]
    ],
    "M_G1C10_M M_G1C10H2_M": [
        [-0.155586, 0.0497727, 0.00590693]
    ],
    "M_G1C11_M M_G1C11H1_M": [
        [-0.150849, 0.0497377, 0.00590278]
    ],
    "M_G1C11_M M_G1C11H2_M": [
        [-0.152004, 0.046983, 0.00557586]
    ],
    "M_G1C12_M M_G1C12H1_M": [
        [-0.130936, 0.0439395, 0.00521466]
    ],
    "M_G1C12_M M_G1C12H2_M": [
        [-0.130563, 0.0451152, 0.00535419]
    ],
    "M_G1C13_M M_G1C13H1_M": [
        [-0.123084, 0.0389891, 0.00462716]
    ],
    "M_G1C13_M M_G1C13H2_M": [
        [-0.122438, 0.0405093, 0.00480757]
    ],
    "M_G1C14_M M_G1C14H1_M": [
        [-0.102737, 0.0317898, 0.00377276]
    ],
    "M_G1C14_M M_G1C14H2_M": [
        [-0.100497, 0.0340956, 0.0040464]
    ],
    "M_G1C15_M M_G1C15H1_M": [
        [-0.0892399, 0.0270004, 0.00320436]
    ],
    "M_G1C15_M M_G1C15H2_M": [
        [-0.0930526, 0.0281661, 0.00334271]
    ],
    "M_G1C16_M M_G1C16H1_M": [
        [-0.0648684, 0.0201373, 0.00238986]
    ],
    "M_G1C16_M M_G1C16H2_M": [
        [-0.0643608, 0.0206931, 0.00245582]
    ],
    "M_G1C17_M M_G1C17H1_M": [
        [-0.0230179, 0.00947066, 0.00112396]
    ],
    "M_G1C17_M M_G1C17H2_M": [
        [-0.0200735, 0.0100851, 0.00119688]
    ],
    "M_G1C17_M M_G1C17H3_M": [
        [-0.0241153, 0.0107755, 0.00127881]
    ],
    "M_G2_M M_G2H1_M": [
        [-0.239247, 0.102062, 0.0121126]
    ],
    "M_G2C3_M M_G2C3H1_M": [
        [-0.245365, 0.0551916, 0.00655004]
    ],
    "M_G2C3_M M_G2C3H2_M": [
        [-0.225189, 0.0590625, 0.00700943]
    ],
    "M_G2C4_M M_G2C4H1_M": [
        [-0.189806, 0.0579609, 0.00687869]
    ],
    "M_G2C4_M M_G2C4H2_M": [
        [-0.175707, 0.0538261, 0.00638798]
    ],
    "M_G2C5_M M_G2C5H1_M": [
        [-0.221073, 0.0529812, 0.00628771]
    ],
    "M_G2C5_M M_G2C5H2_M": [
        [-0.207919, 0.0581742, 0.00690401]
    ],
    "M_G2C6_M M_G2C6H1_M": [
        [-0.187295, 0.0518587, 0.00615449]
    ],
    "M_G2C6_M M_G2C6H2_M": [
        [-0.188346, 0.0574178, 0.00681424]
    ],
    "M_G2C7_M M_G2C7H1_M": [
        [-0.201476, 0.0489403, 0.00580814]
    ],
    "M_G2C7_M M_G2C7H2_M": [
        [-0.196867, 0.0565203, 0.00670773]
    ],
    "M_G2C8_M M_G2C8H1_M": [
        [-0.176533, 0.0579913, 0.0068823]
    ],
    "M_G2C8_M M_G2C8H2_M": [
        [-0.179652, 0.0558646, 0.00662991]
    ],
    "M_G2C9_M M_G2C9H1_M": [
        [-0.17997, 0.0556951, 0.00660979]
    ],
    "M_G2C9_M M_G2C9H2_M": [
        [-0.180026, 0.0541235, 0.00642327]
    ],
    "M_G2C10_M M_G2C10H1_M": [
        [-0.157131, 0.0576095, 0.00683699]
    ],
    "M_G2C11_M M_G2C11H1_M": [
        [-0.150849, 0.0497377, 0.00590278]
    ],
    "M_G2C12_M M_G2C12H1_M": [
        [-0.130936, 0.0439395, 0.00521466]
    ],
    "M_G2C12_M M_G2C12H2_M": [
        [-0.130563, 0.0451152, 0.00535419]
    ],
    "M_G2C13_M M_G2C13H1_M": [
        [-0.123084, 0.0389891, 0.00462716]
    ],
    "M_G2C13_M M_G2C13H2_M": [
        [-0.122438, 0.0405093, 0.00480757]
    ],
    "M_G2C14_M M_G2C14H1_M": [
        [-0.102737, 0.0317898, 0.00377276]
    ],
    "M_G2C14_M M_G2C14H2_M": [
        [-0.100497, 0.0340956, 0.0040464]
    ],
    "M_G2C15_M M_G2C15H1_M": [
        [-0.0892399, 0.0270004, 0.00320436]
    ],
    "M_G2C15_M M_G2C15H2_M": [
        [-0.0930526, 0.0281661, 0.00334271]
    ],
    "M_G2C16_M M_G2C16H1_M": [
        [-0.0648684, 0.0201373, 0.00238986]
    ],
    "M_G2C16_M M_G2C16H2_M": [
        [-0.0643608, 0.0206931, 0.00245582]
    ],
    "M_G2C17_M M_G2C17H1_M": [
        [-0.0230179, 0.00947066, 0.00112396]
    ],
    "M_G2C17_M M_G2C17H2_M": [
        [-0.0200735, 0.0100851, 0.00119688]
    ],
    "M_G2C18_M M_G2C18H1_M": [
        [-0.0609966, 0.0215107, 0.00255285]
    ],
    "M_G2C18_M M_G2C18H2_M": [
        [-0.0602743, 0.021601, 0.00256357]
    ],
    "M_G2C19_M M_G2C19H1_M": [
        [-0.0201843, 0.00958608, 0.00113766]
    ],
    "M_G2C19_M M_G2C19H2_M": [
        [-0.0184567, 0.00893958, 0.00106093]
    ],
    "M_G2C19_M M_G2C19H3_M": [
        [-0.0183531, 0.00979809, 0.00116282]
    ],
    "M_G3_M M_G3H1_M": [
        [-0.151096, 0.112549, 0.0133571]
    ],
    "M_G3_M M_G3H2_M": [
        [-0.256318, 0.0665911, 0.00790291]
    ],
    "M_G3C4_M M_G3C4H1_M": [
        [0.0759001, 0.0449809, 0.00533826]
    ],
    "M_G3C4_M M_G3C4H2_M": [
        [0.0742549, 0.0383135, 0.00454697]
    ],
    "M_G3C5_M M_G3C5H1_M": [
        [-0.0051695, 0.0320561, 0.00380436]
    ],
    "M_G3C5_M M_G3C5H2_M": [
        [0.00118311, 0.0314875, 0.00373688]
    ],
    "M_G3N6C1_M M_G3N6C1H1_M": [
        [0.0131794, 0.0104364, 0.00123857]
    ],
    "M_G3N6C1_M M_G3N6C1H2_M": [
        [0.0106747, 0.01479, 0.00175525]
    ],
    "M_G3N6C1_M M_G3N6C1H3_M": [
        [0.0133281, 0.0135847, 0.00161221]
    ],
    "M_G3N6C2_M M_G3N6C2H1_M": [
        [0.0142433, 0.0123159, 0.00146163]
    ],
    "M_G3N6C2_M M_G3N6C2H2_M": [
        [0.0140851, 0.0142613, 0.0016925]
    ],
    "M_G3N6C2_M M_G3N6C2H3_M": [
        [0.0131252, 0.0133682, 0.00158651]
    ],
    "M_G3N6C3_M M_G3N6C3H1_M": [
        [0.0112943, 0.012597, 0.00149499]
    ],
    "M_G3N6C3_M M_G3N6C3H2_M": [
        [0.0112759, 0.012537, 0.00148787]
    ],
    "M_G3N6C3_M M_G3N6C3H3_M": [
        [0.0121854, 0.0118335, 0.00140438]
    ]
}