{
    "M_G1_M M_G1H1_M": [
        [-0.167201, 0.150171, 0.00886433]
    ],
    "M_G1_M M_G1H2_M": [
        [0.00942079, 0.162706, 0.00960422]
    ],
    "M_G1C3_M M_G1C3H1_M": [
        [-0.21055, 0.0744759, 0.00439618]
    ],
    "M_G1C3_M M_G1C3H2_M": [
        [-0.173602, 0.0811147, 0.00478805]
    ],
    "M_G1C4_M M_G1C4H1_M": [
        [-0.135664, 0.0611731, 0.00361093]
    ],
    "M_G1C4_M M_G1C4H2_M": [
        [-0.139807, 0.0735957, 0.00434422]
    ],
    "M_G1C5_M M_G1C5H1_M": [
        [-0.151393, 0.0662092, 0.0039082]
    ],
    "M_G1C5_M M_G1C5H2_M": [
        [-0.155458, 0.0654438, 0.00386303]
    ],
    "M_G1C6_M M_G1C6H1_M": [
        [-0.175188, 0.0662811, 0.00391245]
    ],
    "M_G1C6_M M_G1C6H2_M": [
        [-0.174308, 0.0652528, 0.00385175]
    ],
    "M_G1C7_M M_G1C7H1_M": [
        [-0.185723, 0.0648232, 0.00382639]
    ],
    "M_G1C7_M M_G1C7H2_M": [
        [-0.183537, 0.0668921, 0.00394851]
    ],
    "M_G1C8_M M_G1C8H1_M": [
        [-0.182816, 0.0646891, 0.00381848]
    ],
    "M_G1C8_M M_G1C8H2_M": [
        [-0.185154, 0.06281, 0.00370756]
    ],
    "M_G1C9_M M_G1C9H1_M": [
        [-0.181862, 0.0608156, 0.00358983]
    ],
    "M_G1C9_M M_G1C9H2_M": [
        [-0.179587, 0.0642988, 0.00379544]
    ],
    "M_G1C10_M M_G1C10H1_M": [
        [-0.169748, 0.0615192, 0.00363137]
    ],
    "M_G1C10_M M_G1C10H2_M": [
        [-0.171097, 0.0629714, 0.00371709]
    ],
    "M_G1C11_M M_G1C11H1_M": [
        [-0.161198, 0.059769, 0.00352805]
    ],
    "M_G1C11_M M_G1C11H2_M": [
        [-0.160008, 0.0615244, 0.00363167]
    ],
    "M_G1C12_M M_G1C12H1_M": [
        [-0.147662, 0.0587604, 0.00346852]
    ],
    "M_G1C12_M M_G1C12H2_M": [
        [-0.149759, 0.0544911, 0.00321651]
    ],
    "M_G1C13_M M_G1C13H1_M": [
        [-0.136854, 0.0498896, 0.00294489]
    ],
    "M_G1C13_M M_G1C13H2_M": [
        [-0.135604, 0.0513858, 0.00303321]
    ],
    "M_G1C14_M M_G1C14H1_M": [
        [-0.119872, 0.0459867, 0.00271451]
    ],
    "M_G1C14_M M_G1C14H2_M": [
        [-0.125313, 0.0443583, 0.00261839]
    ],
    "M_G1C15_M M_G1C15H1_M": [
        [-0.107262, 0.0377179, 0.00222642]
    ],
    "M_G1C15_M M_G1C15H2_M": [
        [-0.102836, 0.0389367, 0.00229836]
    ],
    "M_G1C16_M M_G1C16H1_M": [
        [-0.0777663, 0.0286249, 0.00168968]
    ],
    "M_G1C16_M M_G1C16H2_M": [
        [-0.0800785, 0.0318706, 0.00188126]
    ],
    "M_G1C17_M M_G1C17H1_M": [
        [-0.0215516, 0.0211774, 0.00125006]
    ],
    "M_G1C17_M M_G1C17H2_M": [
        [-0.0192176, 0.0210457, 0.00124229]
    ],
    "M_G1C17_M M_G1C17H3_M": [
        [-0.0195503, 0.021578, 0.00127371]
    ],
    "M_G2_M M_G2H1_M": [
        [-0.211249, 0.137279, 0.00810332]
    ],
    "M_G2C3_M M_G2C3H1_M": [
        [-0.16744, 0.0958969, 0.00566061]
    ],
    "M_G2C3_M M_G2C3H2_M": [
        [-0.141027, 0.0989822, 0.00584273]
    ],
    "M_G2C4_M M_G2C4H1_M": [
        [-0.190844, 0.0755361, 0.00445876]
    ],
    "M_G2C4_M M_G2C4H2_M": [
        [-0.201258, 0.0767097, 0.00452803]
    ],
    "M_G2C5_M M_G2C5H1_M": [
        [-0.173994, 0.0663299, 0.00391533]
    ],
    "M_G2C5_M M_G2C5H2_M": [
        [-0.155123, 0.0750722, 0.00443137]
    ],
    "M_G2C6_M M_G2C6H1_M": [
        [-0.173127, 0.0666581, 0.0039347]
    ],
    "M_G2C6_M M_G2C6H2_M": [
        [-0.185922, 0.0645733, 0.00381164]
    ],
    "M_G2C7_M M_G2C7H1_M": [
        [-0.171678, 0.0610788, 0.00360536]
    ],
    "M_G2C7_M M_G2C7H2_M": [
        [-0.166935, 0.0624548, 0.00368659]
    ],
    "M_G2C8_M M_G2C8H1_M": [
        [-0.161161, 0.0587915, 0.00347036]
    ],
    "M_G2C8_M M_G2C8H2_M": [
        [-0.157499, 0.0614632, 0.00362806]
    ],
    "M_G2C9_M M_G2C9H1_M": [
        [-0.100441, 0.0526959, 0.00311054]
    ],
    "M_G2C9_M M_G2C9H2_M": [
        [-0.101123, 0.0555354, 0.00327815]
    ],
    "M_G2C10_M M_G2C10H1_M": [
        [-0.0740796, 0.0611446, 0.00360925]
    ],
    "M_G2C11_M M_G2C11H1_M": [
        [-0.0406546, 0.053313, 0.00314697]
    ],
    "M_G2C12_M M_G2C12H1_M": [
        [-0.0559016, 0.0528103, 0.0031173]
    ],
    "M_G2C12_M M_G2C12H2_M": [
        [-0.0570299, 0.0566712, 0.00334519]
    ],
    "M_G2C13_M M_G2C13H1_M": [
        [-0.100266, 0.0527996, 0.00311666]
    ],
    "M_G2C13_M M_G2C13H2_M": [
        [-0.0976477, 0.0508414, 0.00300107]
    ],
    "M_G2C14_M M_G2C14H1_M": [
        [-0.10341, 0.0482314, 0.00284701]
    ],
    "M_G2C14_M M_G2C14H2_M": [
        [-0.1043, 0.0499362, 0.00294764]
    ],
    "M_G2C15_M M_G2C15H1_M": [
        [-0.110313, 0.0487895, 0.00287995]
    ],
    "M_G2C15_M M_G2C15H2_M": [
        [-0.110953, 0.0475361, 0.00280597]
    ],
    "M_G2C16_M M_G2C16H1_M": [
        [-0.102303, 0.0427298, 0.00252226]
    ],
    "M_G2C16_M M_G2C16H2_M": [
        [-0.100525, 0.0414882, 0.00244897]
    ],
    "M_G2C17_M M_G2C17H1_M": [
        [-0.0950697, 0.0388572, 0.00229367]
    ],
    "M_G2C17_M M_G2C17H2_M": [
        [-0.0923825, 0.037584, 0.00221851]
    ],
    "M_G2C18_M M_G2C18H1_M": [
        [-0.0706092, 0.0303774, 0.00179312]
    ],
    "M_G2C18_M M_G2C18H2_M": [
        [-0.0706341, 0.0310981, 0.00183566]
    ],
    "M_G2C19_M M_G2C19H1_M": [
        [-0.0192286, 0.0207864, 0.00122698]
    ],
    "M_G2C19_M M_G2C19H2_M": [
        [-0.020787, 0.0197188, 0.00116396]
    ],
    "M_G2C19_M M_G2C19H3_M": [
        [-0.0224743, 0.0196188, 0.00115806]
    ],
    "M_G3_M M_G3H1_M": [
        [-0.121808, 0.150023, 0.00885557]
    ],
    "M_G3_M M_G3H2_M": [
        [-0.246496, 0.113146, 0.00667881]
    ],
    "M_G3C4_M M_G3C4H1_M": [
        [0.0406316, 0.123824, 0.00730908]
    ],
    "M_G3C4_M M_G3C4H2_M": [
        [0.0139158, 0.0951547, 0.00561681]
    ],
    "M_G3C5_M M_G3C5H1_M": [
        [-0.0171121, 0.0998398, 0.00589336]
    ],
    "M_G3C5_M M_G3C5H2_M": [
        [0.0233198, 0.12883, 0.0076046]
    ],
    "M_G3N6C1_M M_G3N6C1H1_M": [
        [-0.0128121, 0.0309875, 0.00182913]
    ],
    "M_G3N6C1_M M_G3N6C1H2_M": [
        [-0.00736211, 0.0341538, 0.00201604]
    ],
    "M_G3N6C1_M M_G3N6C1H3_M": [
        [-0.0152735, 0.0332093, 0.00196028]
    ],
    "M_G3N6C2_M M_G3N6C2H1_M": [
        [-0.0106845, 0.0339944, 0.00200662]
    ],
    "M_G3N6C2_M M_G3N6C2H2_M": [
        [-0.0101331, 0.0319604, 0.00188656]
    ],
    "M_G3N6C2_M M_G3N6C2H3_M": [
        [-0.00548385, 0.0348456, 0.00205687]
    ],
    "M_G3N6C3_M M_G3N6C3H1_M": [
        [-0.0146831, 0.0352181, 0.00207886]
    ],
    "M_G3N6C3_M M_G3N6C3H2_M": [
        [-0.0112114, 0.0344688, 0.00203463]
    ],
    "M_G3N6C3_M M_G3N6C3H3_M": [
        [-0.0112054, 0.0350373, 0.00206818]
    ]
}