{
    "M_G1_M M_G1H1_M": [
        [-0.172166, 0.0260084, 0.00230788]
    ],
    "M_G1_M M_G1H2_M": [
        [-0.0416883, 0.0237033, 0.00210333]
    ],
    "M_G1C3_M M_G1C3H1_M": [
        [-0.235843, 0.0166583, 0.00147818]
    ],
    "M_G1C3_M M_G1C3H2_M": [
        [-0.205661, 0.0188463, 0.00167234]
    ],
    "M_G1C4_M M_G1C4H1_M": [
        [-0.17595, 0.0126924, 0.00112627]
    ],
    "M_G1C4_M M_G1C4H2_M": [
        [-0.163028, 0.0133995, 0.00118901]
    ],
    "M_G1C5_M M_G1C5H1_M": [
        [-0.202992, 0.0112657, 0.000999665]
    ],
    "M_G1C5_M M_G1C5H2_M": [
        [-0.200899, 0.0120226, 0.00106684]
    ],
    "M_G1C6_M M_G1C6H1_M": [
        [-0.203437, 0.0118796, 0.00105415]
    ],
    "M_G1C6_M M_G1C6H2_M": [
        [-0.200657, 0.012152, 0.00107831]
    ],
    "M_G1C7_M M_G1C7H1_M": [
        [-0.215205, 0.0116008, 0.0010294]
    ],
    "M_G1C7_M M_G1C7H2_M": [
        [-0.213971, 0.0116857, 0.00103694]
    ],
    "M_G1C8_M M_G1C8H1_M": [
        [-0.206725, 0.0119006, 0.00105601]
    ],
    "M_G1C8_M M_G1C8H2_M": [
        [-0.204769, 0.0115408, 0.00102408]
    ],
    "M_G1C9_M M_G1C9H1_M": [
        [-0.205197, 0.01132, 0.00100449]
    ],
    "M_G1C9_M M_G1C9H2_M": [
        [-0.205352, 0.0119809, 0.00106314]
    ],
    "M_G1C10_M M_G1C10H1_M": [
        [-0.189281, 0.0108709, 0.000964639]
    ],
    "M_G1C10_M M_G1C10H2_M": [
        [-0.189528, 0.011815, 0.00104841]
    ],
    "M_G1C11_M M_G1C11H1_M": [
        [-0.182211, 0.0111099, 0.000985842]
    ],
    "M_G1C11_M M_G1C11H2_M": [
        [-0.181842, 0.0115635, 0.0010261]
    ],
    "M_G1C12_M M_G1C12H1_M": [
        [-0.163833, 0.01083, 0.000961006]
    ],
    "M_G1C12_M M_G1C12H2_M": [
        [-0.162727, 0.0108416, 0.000962039]
    ],
    "M_G1C13_M M_G1C13H1_M": [
        [-0.152722, 0.010211, 0.00090608]
    ],
    "M_G1C13_M M_G1C13H2_M": [
        [-0.151665, 0.0103258, 0.000916265]
    ],
    "M_G1C14_M M_G1C14H1_M": [
        [-0.131268, 0.00929321, 0.000824639]
    ],
    "M_G1C14_M M_G1C14H2_M": [
        [-0.131651, 0.00910611, 0.000808037]
    ],
    "M_G1C15_M M_G1C15H1_M": [
        [-0.114596, 0.00835337, 0.000741242]
    ],
    "M_G1C15_M M_G1C15H2_M": [
        [-0.115515, 0.00789888, 0.000700912]
    ],
    "M_G1C16_M M_G1C16H1_M": [
        [-0.0864299, 0.0063363, 0.000562256]
    ],
    "M_G1C16_M M_G1C16H2_M": [
        [-0.0869838, 0.00702571, 0.000623431]
    ],
    "M_G1C17_M M_G1C17H1_M": [
        [-0.029153, 0.00445196, 0.000395048]
    ],
    "M_G1C17_M M_G1C17H2_M": [
        [-0.0300609, 0.00456451, 0.000405035]
    ],
    "M_G1C17_M M_G1C17H3_M": [
        [-0.0291832, 0.00459931, 0.000408123]
    ],
    "M_G2_M M_G2H1_M": [
        [-0.192793, 0.0243993, 0.00216509]
    ],
    "M_G2C3_M M_G2C3H1_M": [
        [-0.0749521, 0.0177066, 0.00157121]
    ],
    "M_G2C3_M M_G2C3H2_M": [
        [-0.104041, 0.0153821, 0.00136494]
    ],
    "M_G2C4_M M_G2C4H1_M": [
        [-0.198979, 0.0127796, 0.001134]
    ],
    "M_G2C4_M M_G2C4H2_M": [
        [-0.204869, 0.012686, 0.0011257]
    ],
    "M_G2C5_M M_G2C5H1_M": [
        [-0.19628, 0.012169, 0.00107983]
    ],
    "M_G2C5_M M_G2C5H2_M": [
        [-0.198659, 0.0119571, 0.00106102]
    ],
    "M_G2C6_M M_G2C6H1_M": [
        [-0.206888, 0.0134463, 0.00119317]
    ],
    "M_G2C6_M M_G2C6H2_M": [
        [-0.206058, 0.0120783, 0.00107178]
    ],
    "M_G2C7_M M_G2C7H1_M": [
        [-0.183636, 0.0119846, 0.00106346]
    ],
    "M_G2C7_M M_G2C7H2_M": [
        [-0.183057, 0.0116121, 0.0010304]
    ],
    "M_G2C8_M M_G2C8H1_M": [
        [-0.174691, 0.012288, 0.00109038]
    ],
    "M_G2C8_M M_G2C8H2_M": [
        [-0.174814, 0.0115741, 0.00102704]
    ],
    "M_G2C9_M M_G2C9H1_M": [
        [-0.100385, 0.0119316, 0.00105876]
    ],
    "M_G2C9_M M_G2C9H2_M": [
        [-0.0999651, 0.0117593, 0.00104347]
    ],
    "M_G2C10_M M_G2C10H1_M": [
        [-0.0561289, 0.0127799, 0.00113403]
    ],
    "M_G2C11_M M_G2C11H1_M": [
        [-0.0472893, 0.0117226, 0.00104021]
    ],
    "M_G2C12_M M_G2C12H1_M": [
        [-0.0767073, 0.0110551, 0.000980981]
    ],
    "M_G2C12_M M_G2C12H2_M": [
        [-0.0767475, 0.0111265, 0.000987317]
    ],
    "M_G2C13_M M_G2C13H1_M": [
        [-0.117608, 0.0104014, 0.000922976]
    ],
    "M_G2C13_M M_G2C13H2_M": [
        [-0.116462, 0.0111376, 0.000988299]
    ],
    "M_G2C14_M M_G2C14H1_M": [
        [-0.123457, 0.00985461, 0.000874455]
    ],
    "M_G2C14_M M_G2C14H2_M": [
        [-0.123258, 0.0100378, 0.00089071]
    ],
    "M_G2C15_M M_G2C15H1_M": [
        [-0.128005, 0.00934952, 0.000829636]
    ],
    "M_G2C15_M M_G2C15H2_M": [
        [-0.127973, 0.00988311, 0.000876985]
    ],
    "M_G2C16_M M_G2C16H1_M": [
        [-0.116336, 0.00855129, 0.000758805]
    ],
    "M_G2C16_M M_G2C16H2_M": [
        [-0.116652, 0.00843366, 0.000748366]
    ],
    "M_G2C17_M M_G2C17H1_M": [
        [-0.105575, 0.00709457, 0.000629541]
    ],
    "M_G2C17_M M_G2C17H2_M": [
        [-0.105617, 0.00768303, 0.000681759]
    ],
    "M_G2C18_M M_G2C18H1_M": [
        [-0.082824, 0.00616693, 0.000547227]
    ],
    "M_G2C18_M M_G2C18H2_M": [
        [-0.0818984, 0.00664357, 0.000589522]
    ],
    "M_G2C19_M M_G2C19H1_M": [
        [-0.0270788, 0.00531228, 0.000471388]
    ],
    "M_G2C19_M M_G2C19H2_M": [
        [-0.0275455, 0.00547846, 0.000486135]
    ],
    "M_G2C19_M M_G2C19H3_M": [
        [-0.0278872, 0.00452198, 0.000401261]
    ],
    "M_G3_M M_G3H1_M": [
        [-0.227412, 0.0202938, 0.00180078]
    ],
    "M_G3_M M_G3H2_M": [
        [-0.246663, 0.0166945, 0.0014814]
    ],
    "M_G3C4_M M_G3C4H1_M": [
        [0.0351598, 0.0145008, 0.00128674]
    ],
    "M_G3C4_M M_G3C4H2_M": [
        [0.0337925, 0.0153732, 0.00136415]
    ],
    "M_G3C5_M M_G3C5H1_M": [
        [-0.074587, 0.0127274, 0.00112937]
    ],
    "M_G3C5_M M_G3C5H2_M": [
        [-0.0763293, 0.0121452, 0.00107771]
    ],
    "M_G3N6C1_M M_G3N6C1H1_M": [
        [0.0114917, 0.00852276, 0.000756272]
    ],
    "M_G3N6C1_M M_G3N6C1H2_M": [
        [0.0102454, 0.00825622, 0.000732621]
    ],
    "M_G3N6C1_M M_G3N6C1H3_M": [
        [0.0118039, 0.00768801, 0.0006822]
    ],
    "M_G3N6C2_M M_G3N6C2H1_M": [
        [0.0124371, 0.00726917, 0.000645035]
    ],
    "M_G3N6C2_M M_G3N6C2H2_M": [
        [0.0109607, 0.00826452, 0.000733357]
    ],
    "M_G3N6C2_M M_G3N6C2H3_M": [
        [0.0117568, 0.00699619, 0.000620812]
    ],
    "M_G3N6C3_M M_G3N6C3H1_M": [
        [0.0117434, 0.00734901, 0.000652119]
    ],
    "M_G3N6C3_M M_G3N6C3H2_M": [
        [0.0107397, 0.00769583, 0.000682895]
    ],
    "M_G3N6C3_M M_G3N6C3H3_M": [
        [0.0118302, 0.00724902, 0.000643246]
    ]
}