{
    "M_G1_M M_G1H1_M": [
        [-0.212759, 0.0765473, 0.016704]
    ],
    "M_G1_M M_G1H2_M": [
        [-0.0381935, 0.0735459, 0.016049]
    ],
    "M_G1C3_M M_G1C3H1_M": [
        [-0.261792, 0.0425348, 0.00928185]
    ],
    "M_G1C3_M M_G1C3H2_M": [
        [-0.234562, 0.0391574, 0.00854484]
    ],
    "M_G1C4_M M_G1C4H1_M": [
        [-0.200096, 0.0286907, 0.00626082]
    ],
    "M_G1C4_M M_G1C4H2_M": [
        [-0.186386, 0.0293619, 0.00640729]
    ],
    "M_G1C5_M M_G1C5H1_M": [
        [-0.229367, 0.0225037, 0.00491071]
    ],
    "M_G1C5_M M_G1C5H2_M": [
        [-0.225511, 0.0260998, 0.00569544]
    ],
    "M_G1C6_M M_G1C6H1_M": [
        [-0.227522, 0.0240765, 0.00525392]
    ],
    "M_G1C6_M M_G1C6H2_M": [
        [-0.228848, 0.0224703, 0.00490342]
    ],
    "M_G1C7_M M_G1C7H1_M": [
        [-0.244977, 0.0210481, 0.00459308]
    ],
    "M_G1C7_M M_G1C7H2_M": [
        [-0.244161, 0.0210182, 0.00458654]
    ],
    "M_G1C8_M M_G1C8H1_M": [
        [-0.236095, 0.022059, 0.00481367]
    ],
    "M_G1C8_M M_G1C8H2_M": [
        [-0.239215, 0.0188568, 0.00411489]
    ],
    "M_G1C9_M M_G1C9H1_M": [
        [-0.237517, 0.0196181, 0.00428103]
    ],
    "M_G1C9_M M_G1C9H2_M": [
        [-0.240841, 0.0213854, 0.00466668]
    ],
    "M_G1C10_M M_G1C10H1_M": [
        [-0.227024, 0.0194718, 0.00424909]
    ],
    "M_G1C10_M M_G1C10H2_M": [
        [-0.228133, 0.0217945, 0.00475594]
    ],
    "M_G1C11_M M_G1C11H1_M": [
        [-0.224315, 0.0184091, 0.0040172]
    ],
    "M_G1C11_M M_G1C11H2_M": [
        [-0.222218, 0.0209644, 0.00457482]
    ],
    "M_G1C12_M M_G1C12H1_M": [
        [-0.204946, 0.0196237, 0.00428225]
    ],
    "M_G1C12_M M_G1C12H2_M": [
        [-0.203899, 0.0188689, 0.00411752]
    ],
    "M_G1C13_M M_G1C13H1_M": [
        [-0.193106, 0.0209487, 0.00457139]
    ],
    "M_G1C13_M M_G1C13H2_M": [
        [-0.193249, 0.0183382, 0.00400171]
    ],
    "M_G1C14_M M_G1C14H1_M": [
        [-0.167801, 0.0209851, 0.00457933]
    ],
    "M_G1C14_M M_G1C14H2_M": [
        [-0.167347, 0.0198457, 0.00433068]
    ],
    "M_G1C15_M M_G1C15H1_M": [
        [-0.145953, 0.0189761, 0.00414092]
    ],
    "M_G1C15_M M_G1C15H2_M": [
        [-0.14591, 0.0182378, 0.00397982]
    ],
    "M_G1C16_M M_G1C16H1_M": [
        [-0.107918, 0.0139182, 0.0030372]
    ],
    "M_G1C16_M M_G1C16H2_M": [
        [-0.107272, 0.0158895, 0.00346737]
    ],
    "M_G1C17_M M_G1C17H1_M": [
        [-0.0377221, 0.00654929, 0.00142917]
    ],
    "M_G1C17_M M_G1C17H2_M": [
        [-0.0367278, 0.00549099, 0.00119823]
    ],
    "M_G1C17_M M_G1C17H3_M": [
        [-0.0370785, 0.00787065, 0.00171752]
    ],
    "M_G2_M M_G2H1_M": [
        [-0.225651, 0.0619342, 0.0135152]
    ],
    "M_G2C3_M M_G2C3H1_M": [
        [-0.0911459, 0.0446343, 0.00974]
    ],
    "M_G2C3_M M_G2C3H2_M": [
        [-0.137849, 0.0342357, 0.00747084]
    ],
    "M_G2C4_M M_G2C4H1_M": [
        [-0.225424, 0.0255574, 0.00557709]
    ],
    "M_G2C4_M M_G2C4H2_M": [
        [-0.233209, 0.0274796, 0.00599654]
    ],
    "M_G2C5_M M_G2C5H1_M": [
        [-0.223886, 0.0253126, 0.00552367]
    ],
    "M_G2C5_M M_G2C5H2_M": [
        [-0.230707, 0.0314548, 0.00686399]
    ],
    "M_G2C6_M M_G2C6H1_M": [
        [-0.234851, 0.0298316, 0.00650979]
    ],
    "M_G2C6_M M_G2C6H2_M": [
        [-0.235689, 0.029211, 0.00637436]
    ],
    "M_G2C7_M M_G2C7H1_M": [
        [-0.210184, 0.030336, 0.00661985]
    ],
    "M_G2C7_M M_G2C7H2_M": [
        [-0.207504, 0.0307435, 0.00670877]
    ],
    "M_G2C8_M M_G2C8H1_M": [
        [-0.200397, 0.0312711, 0.0068239]
    ],
    "M_G2C8_M M_G2C8H2_M": [
        [-0.197795, 0.028635, 0.00624867]
    ],
    "M_G2C9_M M_G2C9H1_M": [
        [-0.107721, 0.0335109, 0.00731269]
    ],
    "M_G2C9_M M_G2C9H2_M": [
        [-0.120629, 0.0284473, 0.00620771]
    ],
    "M_G2C10_M M_G2C10H1_M": [
        [-0.0604956, 0.0312384, 0.00681678]
    ],
    "M_G2C11_M M_G2C11H1_M": [
        [-0.0469042, 0.0291042, 0.00635105]
    ],
    "M_G2C12_M M_G2C12H1_M": [
        [-0.0899708, 0.0371842, 0.00811426]
    ],
    "M_G2C12_M M_G2C12H2_M": [
        [-0.0893189, 0.0228807, 0.00499299]
    ],
    "M_G2C13_M M_G2C13H1_M": [
        [-0.143395, 0.0272298, 0.00594203]
    ],
    "M_G2C13_M M_G2C13H2_M": [
        [-0.144969, 0.0269065, 0.00587149]
    ],
    "M_G2C14_M M_G2C14H1_M": [
        [-0.154575, 0.0240103, 0.00523949]
    ],
    "M_G2C14_M M_G2C14H2_M": [
        [-0.154019, 0.0259594, 0.0056648]
    ],
    "M_G2C15_M M_G2C15H1_M": [
        [-0.161091, 0.0216846, 0.00473197]
    ],
    "M_G2C15_M M_G2C15H2_M": [
        [-0.158212, 0.0258139, 0.00563305]
    ],
    "M_G2C16_M M_G2C16H1_M": [
        [-0.148015, 0.0163057, 0.0035582]
    ],
    "M_G2C16_M M_G2C16H2_M": [
        [-0.146174, 0.0199203, 0.00434696]
    ],
    "M_G2C17_M M_G2C17H1_M": [
        [-0.13249, 0.0152146, 0.0033201]
    ],
    "M_G2C17_M M_G2C17H2_M": [
        [-0.133868, 0.0159175, 0.00347348]
    ],
    "M_G2C18_M M_G2C18H1_M": [
        [-0.104696, 0.0118899, 0.00259459]
    ],
    "M_G2C18_M M_G2C18H2_M": [
        [-0.102503, 0.011229, 0.00245037]
    ],
    "M_G2C19_M M_G2C19H1_M": [
        [-0.0337743, 0.00665493, 0.00145222]
    ],
    "M_G2C19_M M_G2C19H2_M": [
        [-0.0326591, 0.00805843, 0.00175849]
    ],
    "M_G2C19_M M_G2C19H3_M": [
        [-0.0325804, 0.00544585, 0.00118838]
    ],
    "M_G3_M M_G3H1_M": [
        [-0.24324, 0.0518, 0.0113037]
    ],
    "M_G3_M M_G3H2_M": [
        [-0.236533, 0.0518585, 0.0113165]
    ],
    "M_G3C4_M M_G3C4H1_M": [
        [0.0595766, 0.0740306, 0.0161548]
    ],
    "M_G3C4_M M_G3C4H2_M": [
        [-0.091021, 0.0528559, 0.0115341]
    ],
    "M_G3C5_M M_G3C5H1_M": [
        [-0.116016, 0.0577975, 0.0126124]
    ]
}