{
    "M_G1_M M_G1H1_M": [
        [-0.0868785, 0.0656731, 0.00205329]
    ],
    "M_G1_M M_G1H2_M": [
        [0.0926846, 0.0464688, 0.00145286]
    ],
    "M_G1C3_M M_G1C3H1_M": [
        [-0.161683, 0.0433111, 0.00135413]
    ],
    "M_G1C3_M M_G1C3H2_M": [
        [-0.128439, 0.0359591, 0.00112427]
    ],
    "M_G1C4_M M_G1C4H1_M": [
        [-0.195946, 0.028133, 0.000879584]
    ],
    "M_G1C4_M M_G1C4H2_M": [
        [-0.153447, 0.0304122, 0.000950846]
    ],
    "M_G1C5_M M_G1C5H1_M": [
        [-0.27606, 0.0238977, 0.000747167]
    ],
    "M_G1C5_M M_G1C5H2_M": [
        [-0.26927, 0.0249014, 0.00077855]
    ],
    "M_G1C6_M M_G1C6H1_M": [
        [-0.288766, 0.0233728, 0.000730757]
    ],
    "M_G1C6_M M_G1C6H2_M": [
        [-0.284583, 0.0242226, 0.000757328]
    ],
    "M_G1C7_M M_G1C7H1_M": [
        [-0.318102, 0.0220588, 0.000689674]
    ],
    "M_G1C7_M M_G1C7H2_M": [
        [-0.316842, 0.022186, 0.000693652]
    ],
    "M_G1C8_M M_G1C8H1_M": [
        [-0.318435, 0.0235271, 0.000735581]
    ],
    "M_G1C8_M M_G1C8H2_M": [
        [-0.317472, 0.023311, 0.000728824]
    ],
    "M_G1C9_M M_G1C9H1_M": [
        [-0.325105, 0.022331, 0.000698183]
    ],
    "M_G1C9_M M_G1C9H2_M": [
        [-0.324638, 0.0223844, 0.000699854]
    ],
    "M_G1C10_M M_G1C10H1_M": [
        [-0.315563, 0.0229371, 0.000717135]
    ],
    "M_G1C10_M M_G1C10H2_M": [
        [-0.314708, 0.0230021, 0.000719168]
    ],
    "M_G1C11_M M_G1C11H1_M": [
        [-0.309191, 0.0224067, 0.000700551]
    ],
    "M_G1C11_M M_G1C11H2_M": [
        [-0.308547, 0.0229151, 0.000716448]
    ],
    "M_G1C12_M M_G1C12H1_M": [
        [-0.288737, 0.0226059, 0.00070678]
    ],
    "M_G1C12_M M_G1C12H2_M": [
        [-0.28887, 0.0230221, 0.000719793]
    ],
    "M_G1C13_M M_G1C13H1_M": [
        [-0.270912, 0.0212493, 0.000664364]
    ],
    "M_G1C13_M M_G1C13H2_M": [
        [-0.271323, 0.0214781, 0.000671518]
    ],
    "M_G1C14_M M_G1C14H1_M": [
        [-0.23716, 0.0206498, 0.000645621]
    ],
    "M_G1C14_M M_G1C14H2_M": [
        [-0.237559, 0.0209689, 0.000655599]
    ],
    "M_G1C15_M M_G1C15H1_M": [
        [-0.203117, 0.018927, 0.000591757]
    ],
    "M_G1C15_M M_G1C15H2_M": [
        [-0.20429, 0.0189719, 0.000593163]
    ],
    "M_G1C16_M M_G1C16H1_M": [
        [-0.144426, 0.0176066, 0.000550474]
    ],
    "M_G1C16_M M_G1C16H2_M": [
        [-0.14571, 0.0174542, 0.000545709]
    ],
    "M_G1C17_M M_G1C17H1_M": [
        [-0.0467831, 0.0147664, 0.000461675]
    ],
    "M_G1C17_M M_G1C17H2_M": [
        [-0.0464702, 0.0150412, 0.000470266]
    ],
    "M_G1C17_M M_G1C17H3_M": [
        [-0.0465054, 0.0149249, 0.000466633]
    ],
    "M_G2_M M_G2H1_M": [
        [-0.249211, 0.0319599, 0.000999235]
    ],
    "M_G2C3_M M_G2C3H1_M": [
        [-0.161969, 0.047661, 0.00149013]
    ],
    "M_G2C3_M M_G2C3H2_M": [
        [-0.159681, 0.0406317, 0.00127036]
    ],
    "M_G2C4_M M_G2C4H1_M": [
        [-0.237679, 0.0320134, 0.00100091]
    ],
    "M_G2C4_M M_G2C4H2_M": [
        [-0.19643, 0.0313266, 0.000979435]
    ],
    "M_G2C5_M M_G2C5H1_M": [
        [-0.254228, 0.027882, 0.000871738]
    ],
    "M_G2C5_M M_G2C5H2_M": [
        [-0.24982, 0.0261796, 0.000818513]
    ],
    "M_G2C6_M M_G2C6H1_M": [
        [-0.274307, 0.0243352, 0.000760845]
    ],
    "M_G2C6_M M_G2C6H2_M": [
        [-0.268136, 0.023421, 0.000732263]
    ],
    "M_G2C7_M M_G2C7H1_M": [
        [-0.26762, 0.024153, 0.00075515]
    ],
    "M_G2C7_M M_G2C7H2_M": [
        [-0.266053, 0.0238964, 0.000747128]
    ],
    "M_G2C8_M M_G2C8H1_M": [
        [-0.25722, 0.0241134, 0.000753913]
    ],
    "M_G2C8_M M_G2C8H2_M": [
        [-0.256854, 0.0234946, 0.000734564]
    ],
    "M_G2C9_M M_G2C9H1_M": [
        [-0.197489, 0.0214948, 0.00067204]
    ],
    "M_G2C9_M M_G2C9H2_M": [
        [-0.198499, 0.0206013, 0.000644104]
    ],
    "M_G2C10_M M_G2C10H1_M": [
        [-0.148033, 0.0175289, 0.000548045]
    ],
    "M_G2C11_M M_G2C11H1_M": [
        [-0.0880715, 0.0179285, 0.000560539]
    ],
    "M_G2C12_M M_G2C12H1_M": [
        [-0.141771, 0.022236, 0.000695215]
    ],
    "M_G2C12_M M_G2C12H2_M": [
        [-0.140339, 0.0219137, 0.000685138]
    ],
    "M_G2C13_M M_G2C13H1_M": [
        [-0.205321, 0.0227077, 0.000709963]
    ],
    "M_G2C13_M M_G2C13H2_M": [
        [-0.205131, 0.0233363, 0.000729615]
    ],
    "M_G2C14_M M_G2C14H1_M": [
        [-0.204958, 0.0227864, 0.000712423]
    ],
    "M_G2C14_M M_G2C14H2_M": [
        [-0.204114, 0.0226964, 0.000709609]
    ],
    "M_G2C15_M M_G2C15H1_M": [
        [-0.211881, 0.0215562, 0.00067396]
    ],
    "M_G2C15_M M_G2C15H2_M": [
        [-0.211401, 0.0216028, 0.000675417]
    ],
    "M_G2C16_M M_G2C16H1_M": [
        [-0.184944, 0.0199099, 0.000622489]
    ],
    "M_G2C16_M M_G2C16H2_M": [
        [-0.183885, 0.0210099, 0.00065688]
    ],
    "M_G2C17_M M_G2C17H1_M": [
        [-0.163941, 0.0184662, 0.000577349]
    ],
    "M_G2C17_M M_G2C17H2_M": [
        [-0.163082, 0.0188652, 0.000589824]
    ],
    "M_G2C18_M M_G2C18H1_M": [
        [-0.114356, 0.0170181, 0.000532077]
    ],
    "M_G2C18_M M_G2C18H2_M": [
        [-0.113854, 0.0161866, 0.00050608]
    ],
    "M_G2C19_M M_G2C19H1_M": [
        [-0.0412542, 0.0146662, 0.000458541]
    ],
    "M_G2C19_M M_G2C19H2_M": [
        [-0.0421788, 0.0148977, 0.000465779]
    ],
    "M_G2C19_M M_G2C19H3_M": [
        [-0.0404908, 0.0142859, 0.000446654]
    ],
    "M_G3_M M_G3H1_M": [
        [-0.303297, 0.0194125, 0.000606938]
    ],
    "M_G3_M M_G3H2_M": [
        [-0.261611, 0.0251147, 0.000785217]
    ],
    "M_G3C4_M M_G3C4H1_M": [
        [-0.0182902, 0.0388041, 0.00121322]
    ],
    "M_G3C4_M M_G3C4H2_M": [
        [0.0479856, 0.0494233, 0.00154523]
    ],
    "M_G3C5_M M_G3C5H1_M": [
        [-0.0199626, 0.0382169, 0.00119486]
    ],
    "M_G3C5_M M_G3C5H2_M": [
        [0.0414847, 0.0475597, 0.00148697]
    ],
    "M_G3N6C1_M M_G3N6C1H1_M": [
        [-0.00197485, 0.0156225, 0.000488442]
    ],
    "M_G3N6C1_M M_G3N6C1H2_M": [
        [-0.00132266, 0.0163115, 0.000509982]
    ],
    "M_G3N6C1_M M_G3N6C1H3_M": [
        [-0.00090605, 0.0159156, 0.000497606]
    ],
    "M_G3N6C2_M M_G3N6C2H1_M": [
        [-0.00129322, 0.016043, 0.000501589]
    ],
    "M_G3N6C2_M M_G3N6C2H2_M": [
        [-0.00135397, 0.0163975, 0.000512673]
    ],
    "M_G3N6C2_M M_G3N6C2H3_M": [
        [-0.00146597, 0.01648, 0.00051525]
    ],
    "M_G3N6C3_M M_G3N6C3H1_M": [
        [-0.00150068, 0.0161116, 0.000503732]
    ],
    "M_G3N6C3_M M_G3N6C3H2_M": [
        [-0.00157885, 0.0161437, 0.000504737]
    ],
    "M_G3N6C3_M M_G3N6C3H3_M": [
        [-0.00173465, 0.0161027, 0.000503456]
    ]
}