{
    "M_C3_M M_C3H3_M": [
        [-0.334038, 0.0179301, 0.00677694]
    ],
    "M_C4_M M_C4H41_M": [
        [-0.293153, 0.0241601, 0.00913166]
    ],
    "M_C4_M M_C4H42_M": [
        [-0.198, 0.0382191, 0.0144455]
    ],
    "M_C6_M M_C6H6_M": [
        [-0.0557355, 0.0531583, 0.0200919]
    ],
    "M_C7_M M_C7H71_M": [
        [-0.249907, 0.040168, 0.0151821]
    ],
    "M_C7_M M_C7H72_M": [
        [-0.315895, 0.0223059, 0.00843083]
    ],
    "M_C8_M M_C8H8_M": [
        [-0.366257, 0.0206526, 0.00780596]
    ],
    "M_C14_M M_C14H14_M": [
        [-0.360071, 0.023804, 0.00899706]
    ],
    "M_C15_M M_C15H151_M": [
        [-0.345856, 0.0222878, 0.00842399]
    ],
    "M_C15_M M_C15H152_M": [
        [-0.289303, 0.0283011, 0.0106968]
    ],
    "M_C16_M M_C16H161_M": [
        [-0.0288465, 0.0485455, 0.0183485]
    ],
    "M_C16_M M_C16H162_M": [
        [-0.173325, 0.0256792, 0.00970584]
    ],
    "M_C17_M M_C17H17_M": [
        [-0.358438, 0.02257, 0.00853065]
    ],
    "M_C18_M M_C18H181_M": [
        [0.0961274, 0.0145924, 0.00551542]
    ],
    "M_C18_M M_C18H182_M": [
        [0.102976, 0.0232541, 0.00878923]
    ],
    "M_C18_M M_C18H183_M": [
        [0.102119, 0.0230866, 0.00872591]
    ],
    "M_C12_M M_C12H121_M": [
        [-0.101619, 0.0446014, 0.0168577]
    ],
    "M_C12_M M_C12H122_M": [
        [-0.361626, 0.021527, 0.00813644]
    ],
    "M_C11_M M_C11H111_M": [
        [-0.36199, 0.0223357, 0.00844209]
    ],
    "M_C11_M M_C11H112_M": [
        [-0.177825, 0.0512695, 0.019378]
    ],
    "M_C9_M M_C9H9_M": [
        [-0.359941, 0.0237636, 0.00898179]
    ],
    "M_C19_M M_C19H191_M": [
        [0.103471, 0.00887392, 0.00335403]
    ],
    "M_C19_M M_C19H192_M": [
        [0.103954, 0.0154252, 0.00583018]
    ],
    "M_C19_M M_C19H193_M": [
        [0.100702, 0.0112495, 0.00425192]
    ],
    "M_C1_M M_C1H11_M": [
        [-0.212714, 0.0379906, 0.0143591]
    ],
    "M_C1_M M_C1H12_M": [
        [-0.333746, 0.0207331, 0.00783639]
    ],
    "M_C2_M M_C2H21_M": [
        [-0.172506, 0.049209, 0.0185993]
    ],
    "M_C2_M M_C2H22_M": [
        [-0.30872, 0.0204018, 0.00771116]
    ],
    "M_C20_M M_C20H20_M": [
        [-0.31279, 0.0792133, 0.0299398]
    ],
    "M_C21_M M_C21H211_M": [
        [0.0961533, 0.00876064, 0.00331121]
    ],
    "M_C21_M M_C21H212_M": [
        [0.0910859, 0.00907913, 0.00343159]
    ],
    "M_C21_M M_C21H213_M": [
        [0.0863528, 0.0102548, 0.00387597]
    ],
    "M_C22_M M_C22H221_M": [
        [-0.148655, 0.0463081, 0.0175028]
    ],
    "M_C22_M M_C22H222_M": [
        [-0.305233, 0.0557547, 0.0210733]
    ],
    "M_C23_M M_C23H231_M": [
        [-0.111047, 0.0403588, 0.0152542]
    ],
    "M_C23_M M_C23H232_M": [
        [-0.289171, 0.0370316, 0.0139966]
    ],
    "M_C24_M M_C24H241_M": [
        [-0.13059, 0.0222199, 0.00839833]
    ],
    "M_C24_M M_C24H242_M": [
        [-0.227705, 0.0350512, 0.0132481]
    ],
    "M_C25_M M_C25H25_M": [
        [-0.137849, 0.0165909, 0.00627079]
    ],
    "M_C26_M M_C26H261_M": [
        [0.00702313, 0.00365365, 0.00138095]
    ],
    "M_C26_M M_C26H262_M": [
        [0.00255604, 0.0101916, 0.00385207]
    ],
    "M_C26_M M_C26H263_M": [
        [0.00376994, 0.00954517, 0.00360774]
    ],
    "M_C27_M M_C27H271_M": [
        [0.00902108, 0.0146506, 0.0055374]
    ],
    "M_C27_M M_C27H272_M": [
        [0.00573553, 0.0160152, 0.00605316]
    ],
    "M_C27_M M_C27H273_M": [
        [-0.000147351, 0.0126056, 0.00476448]
    ]
}