{
    "M_G1_M M_G1H1_M": [
        [-0.244268, 0.0688483, 0.00631131]
    ],
    "M_G1_M M_G1H2_M": [
        [0.0080615, 0.0690035, 0.00632554]
    ],
    "M_G1C3_M M_G1C3H1_M": [
        [-0.258659, 0.0264908, 0.00242841]
    ],
    "M_G1C3_M M_G1C3H2_M": [
        [-0.244484, 0.0277777, 0.00254637]
    ],
    "M_G1C4_M M_G1C4H1_M": [
        [-0.212147, 0.0249818, 0.00229008]
    ],
    "M_G1C4_M M_G1C4H2_M": [
        [-0.199491, 0.0270465, 0.00247935]
    ],
    "M_G1C5_M M_G1C5H1_M": [
        [-0.24083, 0.0241369, 0.00221263]
    ],
    "M_G1C5_M M_G1C5H2_M": [
        [-0.236087, 0.0260442, 0.00238747]
    ],
    "M_G1C6_M M_G1C6H1_M": [
        [-0.22288, 0.0251147, 0.00230226]
    ],
    "M_G1C6_M M_G1C6H2_M": [
        [-0.219674, 0.0267547, 0.0024526]
    ],
    "M_G1C7_M M_G1C7H1_M": [
        [-0.234581, 0.0243946, 0.00223625]
    ],
    "M_G1C7_M M_G1C7H2_M": [
        [-0.233324, 0.0265841, 0.00243696]
    ],
    "M_G1C8_M M_G1C8H1_M": [
        [-0.217782, 0.0240217, 0.00220207]
    ],
    "M_G1C8_M M_G1C8H2_M": [
        [-0.216755, 0.0274569, 0.00251697]
    ],
    "M_G1C9_M M_G1C9H1_M": [
        [-0.216659, 0.0248329, 0.00227643]
    ],
    "M_G1C9_M M_G1C9H2_M": [
        [-0.217043, 0.025744, 0.00235995]
    ],
    "M_G1C10_M M_G1C10H1_M": [
        [-0.19692, 0.0245835, 0.00225356]
    ],
    "M_G1C10_M M_G1C10H2_M": [
        [-0.197455, 0.0250549, 0.00229678]
    ],
    "M_G1C11_M M_G1C11H1_M": [
        [-0.19078, 0.0240789, 0.00220731]
    ],
    "M_G1C11_M M_G1C11H2_M": [
        [-0.190468, 0.0229827, 0.00210682]
    ],
    "M_G1C12_M M_G1C12H1_M": [
        [-0.167328, 0.0218794, 0.00200568]
    ],
    "M_G1C12_M M_G1C12H2_M": [
        [-0.16654, 0.0223175, 0.00204584]
    ],
    "M_G1C13_M M_G1C13H1_M": [
        [-0.154353, 0.0197848, 0.00181367]
    ],
    "M_G1C13_M M_G1C13H2_M": [
        [-0.155295, 0.0200865, 0.00184132]
    ],
    "M_G1C14_M M_G1C14H1_M": [
        [-0.128869, 0.0183725, 0.00168421]
    ],
    "M_G1C14_M M_G1C14H2_M": [
        [-0.12898, 0.0171159, 0.00156901]
    ],
    "M_G1C15_M M_G1C15H1_M": [
        [-0.113125, 0.0171836, 0.00157522]
    ],
    "M_G1C15_M M_G1C15H2_M": [
        [-0.111456, 0.0150641, 0.00138093]
    ],
    "M_G1C16_M M_G1C16H1_M": [
        [-0.0794321, 0.0137047, 0.0012563]
    ],
    "M_G1C16_M M_G1C16H2_M": [
        [-0.0788943, 0.012661, 0.00116063]
    ],
    "M_G1C17_M M_G1C17H1_M": [
        [-0.0297914, 0.010644, 0.00097573]
    ],
    "M_G1C17_M M_G1C17H2_M": [
        [-0.0270193, 0.0107004, 0.0009809]
    ],
    "M_G1C17_M M_G1C17H3_M": [
        [-0.0270699, 0.00890611, 0.000816422]
    ],
    "M_G2_M M_G2H1_M": [
        [-0.221623, 0.0624281, 0.00572278]
    ],
    "M_G2C3_M M_G2C3H1_M": [
        [-0.118088, 0.0310582, 0.0028471]
    ],
    "M_G2C3_M M_G2C3H2_M": [
        [-0.107779, 0.0381971, 0.00350152]
    ],
    "M_G2C4_M M_G2C4H1_M": [
        [-0.180871, 0.0293346, 0.0026891]
    ],
    "M_G2C4_M M_G2C4H2_M": [
        [-0.168041, 0.0311305, 0.00285373]
    ],
    "M_G2C5_M M_G2C5H1_M": [
        [-0.182109, 0.0326694, 0.0029948]
    ],
    "M_G2C5_M M_G2C5H2_M": [
        [-0.17932, 0.0317392, 0.00290953]
    ],
    "M_G2C6_M M_G2C6H1_M": [
        [-0.199762, 0.0321478, 0.00294698]
    ],
    "M_G2C6_M M_G2C6H2_M": [
        [-0.196303, 0.0313835, 0.00287692]
    ],
    "M_G2C7_M M_G2C7H1_M": [
        [-0.173426, 0.0311099, 0.00285184]
    ],
    "M_G2C7_M M_G2C7H2_M": [
        [-0.170661, 0.0305266, 0.00279837]
    ],
    "M_G2C8_M M_G2C8H1_M": [
        [-0.170972, 0.0307631, 0.00282005]
    ],
    "M_G2C8_M M_G2C8H2_M": [
        [-0.169787, 0.0285364, 0.00261593]
    ],
    "M_G2C9_M M_G2C9H1_M": [
        [-0.121694, 0.0243881, 0.00223565]
    ],
    "M_G2C9_M M_G2C9H2_M": [
        [-0.117128, 0.024299, 0.00222748]
    ],
    "M_G2C10_M M_G2C10H1_M": [
        [-0.090197, 0.0249077, 0.00228328]
    ],
    "M_G2C11_M M_G2C11H1_M": [
        [0.0164568, 0.0288151, 0.00264148]
    ],
    "M_G2C12_M M_G2C12H1_M": [
        [-0.0550404, 0.023053, 0.00211326]
    ],
    "M_G2C12_M M_G2C12H2_M": [
        [-0.0594759, 0.0230465, 0.00211267]
    ],
    "M_G2C13_M M_G2C13H1_M": [
        [-0.107542, 0.0229701, 0.00210566]
    ],
    "M_G2C13_M M_G2C13H2_M": [
        [-0.110591, 0.0238485, 0.00218619]
    ],
    "M_G2C14_M M_G2C14H1_M": [
        [-0.114102, 0.0217231, 0.00199136]
    ],
    "M_G2C14_M M_G2C14H2_M": [
        [-0.114702, 0.0211726, 0.00194089]
    ],
    "M_G2C15_M M_G2C15H1_M": [
        [-0.121388, 0.0227858, 0.00208877]
    ],
    "M_G2C15_M M_G2C15H2_M": [
        [-0.122484, 0.0211231, 0.00193635]
    ],
    "M_G2C16_M M_G2C16H1_M": [
        [-0.108835, 0.0190532, 0.0017466]
    ],
    "M_G2C16_M M_G2C16H2_M": [
        [-0.10971, 0.0202012, 0.00185184]
    ],
    "M_G2C17_M M_G2C17H1_M": [
        [-0.100154, 0.0166638, 0.00152757]
    ],
    "M_G2C17_M M_G2C17H2_M": [
        [-0.0998839, 0.0181457, 0.00166341]
    ],
    "M_G2C18_M M_G2C18H1_M": [
        [-0.0746067, 0.012984, 0.00119024]
    ],
    "M_G2C18_M M_G2C18H2_M": [
        [-0.0713498, 0.0141913, 0.00130092]
    ],
    "M_G2C19_M M_G2C19H1_M": [
        [-0.0228872, 0.0107552, 0.000985926]
    ],
    "M_G2C19_M M_G2C19H2_M": [
        [-0.0224963, 0.00962554, 0.000882372]
    ],
    "M_G2C19_M M_G2C19H3_M": [
        [-0.024822, 0.00949698, 0.000870587]
    ],
    "M_G3_M M_G3H1_M": [
        [-0.151838, 0.0595965, 0.0054632]
    ],
    "M_G3_M M_G3H2_M": [
        [-0.243779, 0.0386912, 0.00354681]
    ],
    "M_G3C4_M M_G3C4H1_M": [
        [0.0756947, 0.0281353, 0.00257916]
    ],
    "M_G3C4_M M_G3C4H2_M": [
        [0.077234, 0.0234306, 0.00214788]
    ],
    "M_G3C5_M M_G3C5H1_M": [
        [0.00452175, 0.020817, 0.00190829]
    ],
    "M_G3C5_M M_G3C5H2_M": [
        [-3.45032e-05, 0.0191278, 0.00175344]
    ],
    "M_G3N6C1_M M_G3N6C1H1_M": [
        [0.013489, 0.0115683, 0.00106046]
    ],
    "M_G3N6C1_M M_G3N6C1H2_M": [
        [0.0133079, 0.0107366, 0.000984226]
    ],
    "M_G3N6C1_M M_G3N6C1H3_M": [
        [0.0107125, 0.0111686, 0.00102383]
    ],
    "M_G3N6C2_M M_G3N6C2H1_M": [
        [0.0112838, 0.0120135, 0.00110127]
    ],
    "M_G3N6C2_M M_G3N6C2H2_M": [
        [0.0131505, 0.0108414, 0.00099383]
    ],
    "M_G3N6C2_M M_G3N6C2H3_M": [
        [0.0112042, 0.0110402, 0.00101206]
    ],
    "M_G3N6C3_M M_G3N6C3H1_M": [
        [0.0117797, 0.0112199, 0.00102852]
    ],
    "M_G3N6C3_M M_G3N6C3H2_M": [
        [0.012716, 0.0109929, 0.00100772]
    ],
    "M_G3N6C3_M M_G3N6C3H3_M": [
        [0.0128801, 0.010916, 0.00100067]
    ]
}