{
    "M_G1_M M_G1H1_M": [
        [0.011658, 0.101294, 0.0063433]
    ],
    "M_G1_M M_G1H2_M": [
        [-0.175942, 0.0936172, 0.00586253]
    ],
    "M_G1C3_M M_G1C3H1_M": [
        [-0.260783, 0.0434201, 0.00271907]
    ],
    "M_G1C3_M M_G1C3H2_M": [
        [-0.245997, 0.0458851, 0.00287344]
    ],
    "M_G1C4_M M_G1C4H1_M": [
        [-0.29458, 0.0230844, 0.0014456]
    ],
    "M_G1C4_M M_G1C4H2_M": [
        [-0.278337, 0.026262, 0.00164459]
    ],
    "M_G1C5_M M_G1C5H1_M": [
        [-0.340038, 0.0170905, 0.00107025]
    ],
    "M_G1C5_M M_G1C5H2_M": [
        [-0.34138, 0.017065, 0.00106865]
    ],
    "M_G1C6_M M_G1C6H1_M": [
        [-0.380317, 0.0150508, 0.000942516]
    ],
    "M_G1C6_M M_G1C6H2_M": [
        [-0.37871, 0.0159176, 0.000996798]
    ],
    "M_G1C7_M M_G1C7H1_M": [
        [-0.403143, 0.0129482, 0.00081085]
    ],
    "M_G1C7_M M_G1C7H2_M": [
        [-0.401626, 0.0132323, 0.00082864]
    ],
    "M_G1C8_M M_G1C8H1_M": [
        [-0.410258, 0.0119245, 0.000746744]
    ],
    "M_G1C8_M M_G1C8H2_M": [
        [-0.410953, 0.01208, 0.000756478]
    ],
    "M_G1C9_M M_G1C9H1_M": [
        [-0.41251, 0.0112825, 0.000706536]
    ],
    "M_G1C9_M M_G1C9H2_M": [
        [-0.412222, 0.0112393, 0.000703834]
    ],
    "M_G1C10_M M_G1C10H1_M": [
        [-0.407559, 0.0117902, 0.000738332]
    ],
    "M_G1C10_M M_G1C10H2_M": [
        [-0.408076, 0.0113861, 0.000713025]
    ],
    "M_G1C11_M M_G1C11H1_M": [
        [-0.397734, 0.01247, 0.000780903]
    ],
    "M_G1C11_M M_G1C11H2_M": [
        [-0.397976, 0.0125632, 0.00078674]
    ],
    "M_G1C12_M M_G1C12H1_M": [
        [-0.381462, 0.014766, 0.000924681]
    ],
    "M_G1C12_M M_G1C12H2_M": [
        [-0.381697, 0.0153553, 0.000961589]
    ],
    "M_G1C13_M M_G1C13H1_M": [
        [-0.360311, 0.0173663, 0.00108752]
    ],
    "M_G1C13_M M_G1C13H2_M": [
        [-0.360494, 0.0171374, 0.00107319]
    ],
    "M_G1C14_M M_G1C14H1_M": [
        [-0.33029, 0.0195418, 0.00122376]
    ],
    "M_G1C14_M M_G1C14H2_M": [
        [-0.330758, 0.0200281, 0.00125421]
    ],
    "M_G1C15_M M_G1C15H1_M": [
        [-0.285523, 0.0222568, 0.00139378]
    ],
    "M_G1C15_M M_G1C15H2_M": [
        [-0.287316, 0.0212984, 0.00133376]
    ],
    "M_G1C16_M M_G1C16H1_M": [
        [-0.21365, 0.0214436, 0.00134285]
    ],
    "M_G1C16_M M_G1C16H2_M": [
        [-0.211992, 0.0212257, 0.00132921]
    ],
    "M_G1C17_M M_G1C17H1_M": [
        [-0.0537938, 0.0160022, 0.00100209]
    ],
    "M_G1C17_M M_G1C17H2_M": [
        [-0.0522753, 0.0151332, 0.00094768]
    ],
    "M_G1C17_M M_G1C17H3_M": [
        [-0.0526112, 0.0160079, 0.00100245]
    ],
    "M_G2_M M_G2H1_M": [
        [-0.205853, 0.0804791, 0.0050398]
    ],
    "M_G2C3_M M_G2C3H1_M": [
        [-0.208072, 0.0462118, 0.0028939]
    ],
    "M_G2C3_M M_G2C3H2_M": [
        [-0.143533, 0.0717952, 0.00449599]
    ],
    "M_G2C4_M M_G2C4H1_M": [
        [-0.276167, 0.0346122, 0.0021675]
    ],
    "M_G2C4_M M_G2C4H2_M": [
        [-0.268519, 0.0381266, 0.00238758]
    ],
    "M_G2C5_M M_G2C5H1_M": [
        [-0.29649, 0.021323, 0.0013353]
    ],
    "M_G2C5_M M_G2C5H2_M": [
        [-0.288227, 0.0211275, 0.00132305]
    ],
    "M_G2C6_M M_G2C6H1_M": [
        [-0.335508, 0.0177374, 0.00111076]
    ],
    "M_G2C6_M M_G2C6H2_M": [
        [-0.329285, 0.0183597, 0.00114973]
    ],
    "M_G2C7_M M_G2C7H1_M": [
        [-0.337718, 0.0178076, 0.00111515]
    ],
    "M_G2C7_M M_G2C7H2_M": [
        [-0.335188, 0.0177825, 0.00111358]
    ],
    "M_G2C8_M M_G2C8H1_M": [
        [-0.326786, 0.0164881, 0.00103252]
    ],
    "M_G2C8_M M_G2C8H2_M": [
        [-0.325262, 0.0168321, 0.00105407]
    ],
    "M_G2C9_M M_G2C9H1_M": [
        [-0.217949, 0.0197112, 0.00123436]
    ],
    "M_G2C9_M M_G2C9H2_M": [
        [-0.222123, 0.0213606, 0.00133765]
    ],
    "M_G2C10_M M_G2C10H1_M": [
        [-0.159718, 0.0196434, 0.00123012]
    ],
    "M_G2C11_M M_G2C11H1_M": [
        [-0.133501, 0.0187303, 0.00117294]
    ],
    "M_G2C12_M M_G2C12H1_M": [
        [-0.205794, 0.0211064, 0.00132174]
    ],
    "M_G2C12_M M_G2C12H2_M": [
        [-0.204528, 0.0209953, 0.00131478]
    ],
    "M_G2C13_M M_G2C13H1_M": [
        [-0.306613, 0.0203917, 0.00127698]
    ],
    "M_G2C13_M M_G2C13H2_M": [
        [-0.307163, 0.0195893, 0.00122673]
    ],
    "M_G2C14_M M_G2C14H1_M": [
        [-0.320905, 0.0209356, 0.00131104]
    ],
    "M_G2C14_M M_G2C14H2_M": [
        [-0.32081, 0.0205745, 0.00128843]
    ],
    "M_G2C15_M M_G2C15H1_M": [
        [-0.326143, 0.0207893, 0.00130187]
    ],
    "M_G2C15_M M_G2C15H2_M": [
        [-0.325532, 0.0209603, 0.00131259]
    ],
    "M_G2C16_M M_G2C16H1_M": [
        [-0.298805, 0.023655, 0.00148133]
    ],
    "M_G2C16_M M_G2C16H2_M": [
        [-0.299672, 0.0237922, 0.00148993]
    ],
    "M_G2C17_M M_G2C17H1_M": [
        [-0.270485, 0.0236474, 0.00148086]
    ],
    "M_G2C17_M M_G2C17H2_M": [
        [-0.269984, 0.0242932, 0.0015213]
    ],
    "M_G2C18_M M_G2C18H1_M": [
        [-0.193933, 0.0240717, 0.00150743]
    ],
    "M_G2C18_M M_G2C18H2_M": [
        [-0.194472, 0.0239491, 0.00149975]
    ],
    "M_G2C19_M M_G2C19H1_M": [
        [-0.066232, 0.0147919, 0.000926308]
    ],
    "M_G2C19_M M_G2C19H2_M": [
        [-0.067592, 0.0159713, 0.00100016]
    ],
    "M_G2C19_M M_G2C19H3_M": [
        [-0.0666974, 0.0166832, 0.00104474]
    ],
    "M_G3_M M_G3H1_M": [
        [-0.232499, 0.0756458, 0.00473712]
    ],
    "M_G3_M M_G3H2_M": [
        [-0.120456, 0.092242, 0.00577642]
    ],
    "M_G3C4_M M_G3C4H1_M": [
        [0.0562504, 0.0641104, 0.00401475]
    ],
    "M_G3C4_M M_G3C4H2_M": [
        [0.0353336, 0.0466163, 0.00291923]
    ],
    "M_G3C5_M M_G3C5H1_M": [
        [0.00986022, 0.0479426, 0.00300228]
    ],
    "M_G3C5_M M_G3C5H2_M": [
        [0.039343, 0.0677701, 0.00424393]
    ],
    "M_G3N6C1_M M_G3N6C1H1_M": [
        [-0.0127839, 0.0168981, 0.0010582]
    ],
    "M_G3N6C1_M M_G3N6C1H2_M": [
        [-0.011645, 0.0160738, 0.00100658]
    ],
    "M_G3N6C1_M M_G3N6C1H3_M": [
        [-0.0124128, 0.0168539, 0.00105543]
    ],
    "M_G3N6C2_M M_G3N6C2H1_M": [
        [-0.0130349, 0.015741, 0.000985737]
    ],
    "M_G3N6C2_M M_G3N6C2H2_M": [
        [-0.0109086, 0.0182074, 0.00114019]
    ],
    "M_G3N6C2_M M_G3N6C2H3_M": [
        [-0.0133534, 0.0169525, 0.00106161]
    ],
    "M_G3N6C3_M M_G3N6C3H1_M": [
        [-0.012081, 0.0153559, 0.000961621]
    ],
    "M_G3N6C3_M M_G3N6C3H2_M": [
        [-0.0122157, 0.0165116, 0.00103399]
    ],
    "M_G3N6C3_M M_G3N6C3H3_M": [
        [-0.0117822, 0.0169986, 0.0010645]
    ]
}