{
    "M_G1_M M_G1H1_M": [
        [-0.183547, 0.0264326, 0.0016618]
    ],
    "M_G1_M M_G1H2_M": [
        [-0.0450164, 0.0221333, 0.00139151]
    ],
    "M_G1C3_M M_G1C3H1_M": [
        [-0.254543, 0.0154773, 0.000973052]
    ],
    "M_G1C3_M M_G1C3H2_M": [
        [-0.225761, 0.017853, 0.00112241]
    ],
    "M_G1C4_M M_G1C4H1_M": [
        [-0.210813, 0.0165451, 0.00104018]
    ],
    "M_G1C4_M M_G1C4H2_M": [
        [-0.197144, 0.0169938, 0.00106839]
    ],
    "M_G1C5_M M_G1C5H1_M": [
        [-0.241268, 0.0168031, 0.0010564]
    ],
    "M_G1C5_M M_G1C5H2_M": [
        [-0.238227, 0.0167375, 0.00105228]
    ],
    "M_G1C6_M M_G1C6H1_M": [
        [-0.247005, 0.0183203, 0.00115179]
    ],
    "M_G1C6_M M_G1C6H2_M": [
        [-0.244283, 0.0188157, 0.00118293]
    ],
    "M_G1C7_M M_G1C7H1_M": [
        [-0.260446, 0.0185849, 0.00116843]
    ],
    "M_G1C7_M M_G1C7H2_M": [
        [-0.25921, 0.0188578, 0.00118558]
    ],
    "M_G1C8_M M_G1C8H1_M": [
        [-0.255131, 0.0199958, 0.00125713]
    ],
    "M_G1C8_M M_G1C8H2_M": [
        [-0.253836, 0.0204116, 0.00128327]
    ],
    "M_G1C9_M M_G1C9H1_M": [
        [-0.255351, 0.0204045, 0.00128282]
    ],
    "M_G1C9_M M_G1C9H2_M": [
        [-0.254792, 0.0204781, 0.00128745]
    ],
    "M_G1C10_M M_G1C10H1_M": [
        [-0.241495, 0.0207453, 0.00130424]
    ],
    "M_G1C10_M M_G1C10H2_M": [
        [-0.24096, 0.0210621, 0.00132416]
    ],
    "M_G1C11_M M_G1C11H1_M": [
        [-0.233605, 0.0206088, 0.00129566]
    ],
    "M_G1C11_M M_G1C11H2_M": [
        [-0.233093, 0.0203667, 0.00128044]
    ],
    "M_G1C12_M M_G1C12H1_M": [
        [-0.213694, 0.0201702, 0.00126809]
    ],
    "M_G1C12_M M_G1C12H2_M": [
        [-0.213407, 0.019764, 0.00124255]
    ],
    "M_G1C13_M M_G1C13H1_M": [
        [-0.199514, 0.0192305, 0.00120901]
    ],
    "M_G1C13_M M_G1C13H2_M": [
        [-0.199899, 0.0187242, 0.00117718]
    ],
    "M_G1C14_M M_G1C14H1_M": [
        [-0.174537, 0.0173667, 0.00109184]
    ],
    "M_G1C14_M M_G1C14H2_M": [
        [-0.174599, 0.0168344, 0.00105837]
    ],
    "M_G1C15_M M_G1C15H1_M": [
        [-0.152184, 0.0145485, 0.000914654]
    ],
    "M_G1C15_M M_G1C15H2_M": [
        [-0.152128, 0.0146738, 0.000922533]
    ],
    "M_G1C16_M M_G1C16H1_M": [
        [-0.114552, 0.0108599, 0.000682754]
    ],
    "M_G1C16_M M_G1C16H2_M": [
        [-0.114212, 0.0112155, 0.000705111]
    ],
    "M_G1C17_M M_G1C17H1_M": [
        [-0.0383967, 0.00540762, 0.000339974]
    ],
    "M_G1C17_M M_G1C17H2_M": [
        [-0.0389972, 0.00514645, 0.000323554]
    ],
    "M_G1C17_M M_G1C17H3_M": [
        [-0.0380714, 0.00561362, 0.000352925]
    ],
    "M_G2_M M_G2H1_M": [
        [-0.200575, 0.0246297, 0.00154846]
    ],
    "M_G2C3_M M_G2C3H1_M": [
        [-0.07786, 0.0170664, 0.00107296]
    ],
    "M_G2C3_M M_G2C3H2_M": [
        [-0.122808, 0.01492, 0.00093801]
    ],
    "M_G2C4_M M_G2C4H1_M": [
        [-0.226467, 0.0154058, 0.000968554]
    ],
    "M_G2C4_M M_G2C4H2_M": [
        [-0.230783, 0.0143699, 0.00090343]
    ],
    "M_G2C5_M M_G2C5H1_M": [
        [-0.229107, 0.0154275, 0.00096992]
    ],
    "M_G2C5_M M_G2C5H2_M": [
        [-0.231967, 0.0152107, 0.000956286]
    ],
    "M_G2C6_M M_G2C6H1_M": [
        [-0.245425, 0.0166787, 0.00104858]
    ],
    "M_G2C6_M M_G2C6H2_M": [
        [-0.243892, 0.0169535, 0.00106585]
    ],
    "M_G2C7_M M_G2C7H1_M": [
        [-0.223811, 0.0170471, 0.00107174]
    ],
    "M_G2C7_M M_G2C7H2_M": [
        [-0.222314, 0.0179584, 0.00112903]
    ],
    "M_G2C8_M M_G2C8H1_M": [
        [-0.213249, 0.0170307, 0.00107071]
    ],
    "M_G2C8_M M_G2C8H2_M": [
        [-0.212915, 0.0170725, 0.00107334]
    ],
    "M_G2C9_M M_G2C9H1_M": [
        [-0.125858, 0.0148397, 0.000932962]
    ],
    "M_G2C9_M M_G2C9H2_M": [
        [-0.125622, 0.0142785, 0.000897683]
    ],
    "M_G2C10_M M_G2C10H1_M": [
        [-0.0744538, 0.0137946, 0.000867257]
    ],
    "M_G2C11_M M_G2C11H1_M": [
        [-0.0641616, 0.0114449, 0.000719533]
    ],
    "M_G2C12_M M_G2C12H1_M": [
        [-0.10544, 0.0146659, 0.000922034]
    ],
    "M_G2C12_M M_G2C12H2_M": [
        [-0.105547, 0.0155022, 0.000974613]
    ],
    "M_G2C13_M M_G2C13H1_M": [
        [-0.160774, 0.0190144, 0.00119543]
    ],
    "M_G2C13_M M_G2C13H2_M": [
        [-0.160925, 0.0187648, 0.00117974]
    ],
    "M_G2C14_M M_G2C14H1_M": [
        [-0.170123, 0.0192796, 0.0012121]
    ],
    "M_G2C14_M M_G2C14H2_M": [
        [-0.170021, 0.019389, 0.00121897]
    ],
    "M_G2C15_M M_G2C15H1_M": [
        [-0.175249, 0.0192905, 0.00121278]
    ],
    "M_G2C15_M M_G2C15H2_M": [
        [-0.17547, 0.0190547, 0.00119796]
    ],
    "M_G2C16_M M_G2C16H1_M": [
        [-0.159711, 0.0173061, 0.00108803]
    ],
    "M_G2C16_M M_G2C16H2_M": [
        [-0.160042, 0.0169934, 0.00106837]
    ],
    "M_G2C17_M M_G2C17H1_M": [
        [-0.144616, 0.0152189, 0.000956803]
    ],
    "M_G2C17_M M_G2C17H2_M": [
        [-0.144185, 0.0154097, 0.000968799]
    ],
    "M_G2C18_M M_G2C18H1_M": [
        [-0.110748, 0.0113415, 0.000713033]
    ],
    "M_G2C18_M M_G2C18H2_M": [
        [-0.111382, 0.0113655, 0.000714545]
    ],
    "M_G2C19_M M_G2C19H1_M": [
        [-0.0383651, 0.0056259, 0.000353697]
    ],
    "M_G2C19_M M_G2C19H2_M": [
        [-0.037595, 0.00584769, 0.000367641]
    ],
    "M_G2C19_M M_G2C19H3_M": [
        [-0.0373687, 0.00566372, 0.000356075]
    ],
    "M_G3_M M_G3H1_M": [
        [-0.220572, 0.022939, 0.00144216]
    ],
    "M_G3_M M_G3H2_M": [
        [-0.240654, 0.0168464, 0.00105912]
    ],
    "M_G3C4_M M_G3C4H1_M": [
        [0.0324791, 0.0119847, 0.000753474]
    ],
    "M_G3C4_M M_G3C4H2_M": [
        [0.0301261, 0.0139978, 0.000880034]
    ],
    "M_G3C5_M M_G3C5H1_M": [
        [-0.0788957, 0.0120891, 0.000760035]
    ],
    "M_G3C5_M M_G3C5H2_M": [
        [-0.0809076, 0.0107571, 0.000676292]
    ],
    "M_G3N6C1_M M_G3N6C1H1_M": [
        [0.0124202, 0.00712616, 0.000448018]
    ],
    "M_G3N6C1_M M_G3N6C1H2_M": [
        [0.0116329, 0.00649061, 0.000408061]
    ],
    "M_G3N6C1_M M_G3N6C1H3_M": [
        [0.012066, 0.00610892, 0.000384064]
    ],
    "M_G3N6C2_M M_G3N6C2H1_M": [
        [0.0112257, 0.00729188, 0.000458437]
    ],
    "M_G3N6C2_M M_G3N6C2H2_M": [
        [0.0113554, 0.00613149, 0.000385484]
    ],
    "M_G3N6C2_M M_G3N6C2H3_M": [
        [0.011851, 0.00684777, 0.000430516]
    ],
    "M_G3N6C3_M M_G3N6C3H1_M": [
        [0.0116033, 0.00644637, 0.00040528]
    ],
    "M_G3N6C3_M M_G3N6C3H2_M": [
        [0.0113745, 0.00680087, 0.000427567]
    ],
    "M_G3N6C3_M M_G3N6C3H3_M": [
        [0.0118925, 0.00657177, 0.000413164]
    ]
}