{
    "M_G1_M M_G1H1_M": [
        [-0.0708691, 0.0502875, 0.00157225]
    ],
    "M_G1_M M_G1H2_M": [
        [0.0929097, 0.0340126, 0.00106341]
    ],
    "M_G1C3_M M_G1C3H1_M": [
        [-0.11519, 0.0349894, 0.00109395]
    ],
    "M_G1C3_M M_G1C3H2_M": [
        [-0.0784743, 0.0318473, 0.000995714]
    ],
    "M_G1C4_M M_G1C4H1_M": [
        [-0.126298, 0.0255785, 0.000799717]
    ],
    "M_G1C4_M M_G1C4H2_M": [
        [-0.0901221, 0.0251231, 0.000785481]
    ],
    "M_G1C5_M M_G1C5H1_M": [
        [-0.194365, 0.0211592, 0.000661549]
    ],
    "M_G1C5_M M_G1C5H2_M": [
        [-0.184328, 0.0208738, 0.000652625]
    ],
    "M_G1C6_M M_G1C6H1_M": [
        [-0.187157, 0.0185168, 0.000578932]
    ],
    "M_G1C6_M M_G1C6H2_M": [
        [-0.181087, 0.0189635, 0.0005929]
    ],
    "M_G1C7_M M_G1C7H1_M": [
        [-0.211038, 0.0173971, 0.000543926]
    ],
    "M_G1C7_M M_G1C7H2_M": [
        [-0.208506, 0.0175415, 0.000548439]
    ],
    "M_G1C8_M M_G1C8H1_M": [
        [-0.19664, 0.0165476, 0.000517364]
    ],
    "M_G1C8_M M_G1C8H2_M": [
        [-0.195984, 0.0165434, 0.000517235]
    ],
    "M_G1C9_M M_G1C9H1_M": [
        [-0.199884, 0.0157605, 0.000492757]
    ],
    "M_G1C9_M M_G1C9H2_M": [
        [-0.198799, 0.0164169, 0.00051328]
    ],
    "M_G1C10_M M_G1C10H1_M": [
        [-0.181216, 0.0163869, 0.000512341]
    ],
    "M_G1C10_M M_G1C10H2_M": [
        [-0.180536, 0.0162158, 0.000506991]
    ],
    "M_G1C11_M M_G1C11H1_M": [
        [-0.174786, 0.0162195, 0.000507106]
    ],
    "M_G1C11_M M_G1C11H2_M": [
        [-0.174032, 0.0157981, 0.000493931]
    ],
    "M_G1C12_M M_G1C12H1_M": [
        [-0.153705, 0.0151395, 0.000473342]
    ],
    "M_G1C12_M M_G1C12H2_M": [
        [-0.153909, 0.0154332, 0.000482523]
    ],
    "M_G1C13_M M_G1C13H1_M": [
        [-0.142052, 0.0153068, 0.000478572]
    ],
    "M_G1C13_M M_G1C13H2_M": [
        [-0.142604, 0.0151222, 0.000472798]
    ],
    "M_G1C14_M M_G1C14H1_M": [
        [-0.120795, 0.0149087, 0.000466124]
    ],
    "M_G1C14_M M_G1C14H2_M": [
        [-0.120388, 0.0152556, 0.000476969]
    ],
    "M_G1C15_M M_G1C15H1_M": [
        [-0.103907, 0.0146133, 0.000456889]
    ],
    "M_G1C15_M M_G1C15H2_M": [
        [-0.103852, 0.0143545, 0.000448797]
    ],
    "M_G1C16_M M_G1C16H1_M": [
        [-0.0740741, 0.0146931, 0.000459383]
    ],
    "M_G1C16_M M_G1C16H2_M": [
        [-0.0740942, 0.0147716, 0.000461838]
    ],
    "M_G1C17_M M_G1C17H1_M": [
        [-0.024654, 0.0142434, 0.000445323]
    ],
    "M_G1C17_M M_G1C17H2_M": [
        [-0.024281, 0.0147024, 0.000459675]
    ],
    "M_G1C17_M M_G1C17H3_M": [
        [-0.0252562, 0.0147268, 0.000460437]
    ],
    "M_G2_M M_G2H1_M": [
        [-0.239043, 0.028145, 0.00087996]
    ],
    "M_G2C3_M M_G2C3H1_M": [
        [-0.145062, 0.0329708, 0.00103084]
    ],
    "M_G2C3_M M_G2C3H2_M": [
        [-0.112843, 0.0321173, 0.00100416]
    ],
    "M_G2C4_M M_G2C4H1_M": [
        [-0.181566, 0.0233638, 0.000730476]
    ],
    "M_G2C4_M M_G2C4H2_M": [
        [-0.134562, 0.024778, 0.00077469]
    ],
    "M_G2C5_M M_G2C5H1_M": [
        [-0.190065, 0.0196788, 0.000615264]
    ],
    "M_G2C5_M M_G2C5H2_M": [
        [-0.180492, 0.0198519, 0.000620675]
    ],
    "M_G2C6_M M_G2C6H1_M": [
        [-0.19026, 0.0170937, 0.00053444]
    ],
    "M_G2C6_M M_G2C6H2_M": [
        [-0.183456, 0.0178892, 0.000559311]
    ],
    "M_G2C7_M M_G2C7H1_M": [
        [-0.180008, 0.0169786, 0.000530841]
    ],
    "M_G2C7_M M_G2C7H2_M": [
        [-0.177748, 0.0163825, 0.000512204]
    ],
    "M_G2C8_M M_G2C8H1_M": [
        [-0.165461, 0.0167965, 0.000525146]
    ],
    "M_G2C8_M M_G2C8H2_M": [
        [-0.164702, 0.0159801, 0.000499621]
    ],
    "M_G2C9_M M_G2C9H1_M": [
        [-0.130144, 0.016041, 0.000501526]
    ],
    "M_G2C9_M M_G2C9H2_M": [
        [-0.131967, 0.0161051, 0.000503531]
    ],
    "M_G2C10_M M_G2C10H1_M": [
        [-0.112195, 0.0164507, 0.000514334]
    ],
    "M_G2C11_M M_G2C11H1_M": [
        [-0.0392047, 0.0166474, 0.000520484]
    ],
    "M_G2C12_M M_G2C12H1_M": [
        [-0.0556371, 0.0167539, 0.000523815]
    ],
    "M_G2C12_M M_G2C12H2_M": [
        [-0.0543311, 0.0173698, 0.000543071]
    ],
    "M_G2C13_M M_G2C13H1_M": [
        [-0.0922747, 0.0159196, 0.000497729]
    ],
    "M_G2C13_M M_G2C13H2_M": [
        [-0.0922436, 0.0159466, 0.000498576]
    ],
    "M_G2C14_M M_G2C14H1_M": [
        [-0.0886044, 0.0153059, 0.000478543]
    ],
    "M_G2C14_M M_G2C14H2_M": [
        [-0.0900883, 0.0151905, 0.000474936]
    ],
    "M_G2C15_M M_G2C15H1_M": [
        [-0.0979738, 0.0149412, 0.00046714]
    ],
    "M_G2C15_M M_G2C15H2_M": [
        [-0.0989371, 0.0153619, 0.000480293]
    ],
    "M_G2C16_M M_G2C16H1_M": [
        [-0.0865104, 0.0150586, 0.00047081]
    ],
    "M_G2C16_M M_G2C16H2_M": [
        [-0.0867158, 0.0147837, 0.000462217]
    ],
    "M_G2C17_M M_G2C17H1_M": [
        [-0.0805695, 0.0145216, 0.000454023]
    ],
    "M_G2C17_M M_G2C17H2_M": [
        [-0.0802328, 0.014836, 0.000463851]
    ],
    "M_G2C18_M M_G2C18H1_M": [
        [-0.0598792, 0.0145262, 0.000454165]
    ],
    "M_G2C18_M M_G2C18H2_M": [
        [-0.0591848, 0.0147261, 0.000460415]
    ],
    "M_G2C19_M M_G2C19H1_M": [
        [-0.0221363, 0.014304, 0.000447219]
    ],
    "M_G2C19_M M_G2C19H2_M": [
        [-0.0205338, 0.0139966, 0.000437606]
    ],
    "M_G2C19_M M_G2C19H3_M": [
        [-0.0213978, 0.0143316, 0.00044808]
    ],
    "M_G3_M M_G3H1_M": [
        [-0.307286, 0.0159713, 0.000499347]
    ],
    "M_G3_M M_G3H2_M": [
        [-0.25974, 0.0229934, 0.000718895]
    ],
    "M_G3C4_M M_G3C4H1_M": [
        [-0.0255682, 0.0344333, 0.00107657]
    ],
    "M_G3C4_M M_G3C4H2_M": [
        [0.0371918, 0.0483438, 0.00151148]
    ],
    "M_G3C5_M M_G3C5H1_M": [
        [-0.0269217, 0.0346271, 0.00108263]
    ],
    "M_G3C5_M M_G3C5H2_M": [
        [0.0305627, 0.046756, 0.00146184]
    ],
    "M_G3N6C1_M M_G3N6C1H1_M": [
        [0.000239858, 0.015915, 0.000497588]
    ],
    "M_G3N6C1_M M_G3N6C1H2_M": [
        [-0.000441268, 0.0156309, 0.000488705]
    ],
    "M_G3N6C1_M M_G3N6C1H3_M": [
        [-0.000170498, 0.0157411, 0.000492149]
    ],
    "M_G3N6C2_M M_G3N6C2H1_M": [
        [-0.00026683, 0.0158781, 0.000496432]
    ],
    "M_G3N6C2_M M_G3N6C2H2_M": [
        [-0.00065267, 0.0160994, 0.000503353]
    ],
    "M_G3N6C2_M M_G3N6C2H3_M": [
        [-0.00130592, 0.0164465, 0.000514203]
    ],
    "M_G3N6C3_M M_G3N6C3H1_M": [
        [-0.000370924, 0.0166058, 0.000519186]
    ],
    "M_G3N6C3_M M_G3N6C3H2_M": [
        [0.000120249, 0.0161572, 0.00050516]
    ],
    "M_G3N6C3_M M_G3N6C3H3_M": [
        [-0.00133631, 0.0165787, 0.000518339]
    ]
}