{
    "M_G1C1_M M_G1C1H1_M": [
        [0.00174557, 0.0285319, 0.00549097]
    ],
    "M_G1C1_M M_G1C1H2_M": [
        [0.00410123, 0.0321136, 0.00618027]
    ],
    "M_G1C2_M M_G1C2H1_M": [
        [-0.0419777, 0.025549, 0.00491691]
    ],
    "M_G1C2_M M_G1C2H2_M": [
        [-0.0384382, 0.029923, 0.00575869]
    ],
    "M_G1C3_M M_G1C3H1_M": [
        [-0.123259, 0.0251292, 0.00483612]
    ],
    "M_G1C3_M M_G1C3H2_M": [
        [-0.122264, 0.0242375, 0.00466451]
    ],
    "M_G1C4_M M_G1C4H1_M": [
        [-0.213591, 0.019495, 0.00375181]
    ],
    "M_G1C4_M M_G1C4H2_M": [
        [-0.217203, 0.0201091, 0.00386999]
    ],
    "M_G1C5_M M_G1C5H1_M": [
        [-0.238014, 0.0217102, 0.00417814]
    ],
    "M_G1C5_M M_G1C5H2_M": [
        [-0.239858, 0.0227738, 0.00438283]
    ],
    "M_G1C6_M M_G1C6H1_M": [
        [-0.253829, 0.0212188, 0.00408356]
    ],
    "M_G1C6_M M_G1C6H2_M": [
        [-0.249986, 0.0216016, 0.00415723]
    ],
    "M_G1C7_M M_G1C7H1_M": [
        [-0.253633, 0.0219363, 0.00422164]
    ],
    "M_G1C7_M M_G1C7H2_M": [
        [-0.25086, 0.0231401, 0.00445331]
    ],
    "M_G1C8_M M_G1C8H1_M": [
        [-0.251906, 0.0200495, 0.00385853]
    ],
    "M_G1C8_M M_G1C8H2_M": [
        [-0.252011, 0.023962, 0.00461149]
    ],
    "M_G1C9_M M_G1C9H1_M": [
        [-0.243513, 0.0240674, 0.00463177]
    ],
    "M_G1C9_M M_G1C9H2_M": [
        [-0.242705, 0.0268777, 0.00517262]
    ],
    "M_G1C10_M M_G1C10H1_M": [
        [-0.234225, 0.0249697, 0.00480542]
    ],
    "M_G1C10_M M_G1C10H2_M": [
        [-0.23333, 0.0250622, 0.00482322]
    ],
    "M_G1C11_M M_G1C11H1_M": [
        [-0.221214, 0.0259693, 0.0049978]
    ],
    "M_G1C11_M M_G1C11H2_M": [
        [-0.218291, 0.0272624, 0.00524665]
    ],
    "M_G1C12_M M_G1C12H1_M": [
        [-0.204843, 0.0269938, 0.00519496]
    ],
    "M_G1C12_M M_G1C12H2_M": [
        [-0.203521, 0.0261779, 0.00503793]
    ],
    "M_G1C13_M M_G1C13H1_M": [
        [-0.185129, 0.0241133, 0.00464061]
    ],
    "M_G1C13_M M_G1C13H2_M": [
        [-0.182532, 0.0240341, 0.00462537]
    ],
    "M_G1C14_M M_G1C14H1_M": [
        [-0.158554, 0.0215171, 0.00414097]
    ],
    "M_G1C14_M M_G1C14H2_M": [
        [-0.156761, 0.0223807, 0.00430716]
    ],
    "M_G1C15_M M_G1C15H1_M": [
        [-0.120904, 0.0170078, 0.00327315]
    ],
    "M_G1C15_M M_G1C15H2_M": [
        [-0.116435, 0.0174961, 0.00336712]
    ],
    "M_G1C16_M M_G1C16H1_M": [
        [-0.0339715, 0.00625264, 0.00120332]
    ],
    "M_G1C16_M M_G1C16H2_M": [
        [-0.0331717, 0.00630451, 0.0012133]
    ],
    "M_G1C16_M M_G1C16H3_M": [
        [-0.0335513, 0.00633026, 0.00121826]
    ],
    "M_G2C1_M M_G2C1H1_M": [
        [0.00411769, 0.0312453, 0.00601315]
    ],
    "M_G2C1_M M_G2C1H2_M": [
        [0.00302465, 0.0289491, 0.00557125]
    ],
    "M_G2C2_M M_G2C2H1_M": [
        [-0.0395115, 0.0291662, 0.00561303]
    ],
    "M_G2C2_M M_G2C2H2_M": [
        [-0.0415193, 0.0264505, 0.00509041]
    ],
    "M_G2C3_M M_G2C3H1_M": [
        [-0.12155, 0.0244924, 0.00471357]
    ],
    "M_G2C3_M M_G2C3H2_M": [
        [-0.125911, 0.0206432, 0.00397278]
    ],
    "M_G2C4_M M_G2C4H1_M": [
        [-0.214316, 0.0224745, 0.00432522]
    ],
    "M_G2C4_M M_G2C4H2_M": [
        [-0.216097, 0.0233792, 0.00449932]
    ],
    "M_G2C5_M M_G2C5H1_M": [
        [-0.241137, 0.0231604, 0.00445723]
    ],
    "M_G2C5_M M_G2C5H2_M": [
        [-0.239742, 0.0245487, 0.00472439]
    ],
    "M_G2C6_M M_G2C6H1_M": [
        [-0.251848, 0.0232393, 0.0044724]
    ],
    "M_G2C6_M M_G2C6H2_M": [
        [-0.250526, 0.0217317, 0.00418226]
    ],
    "M_G2C7_M M_G2C7H1_M": [
        [-0.252712, 0.0207538, 0.00399407]
    ],
    "M_G2C7_M M_G2C7H2_M": [
        [-0.252169, 0.0219163, 0.00421779]
    ],
    "M_G2C8_M M_G2C8H1_M": [
        [-0.253947, 0.0217861, 0.00419275]
    ],
    "M_G2C8_M M_G2C8H2_M": [
        [-0.25395, 0.0207288, 0.00398926]
    ],
    "M_G2C9_M M_G2C9H1_M": [
        [-0.24822, 0.0229293, 0.00441275]
    ],
    "M_G2C9_M M_G2C9H2_M": [
        [-0.245357, 0.0232469, 0.00447387]
    ],
    "M_G2C10_M M_G2C10H1_M": [
        [-0.237622, 0.0220471, 0.00424297]
    ],
    "M_G2C10_M M_G2C10H2_M": [
        [-0.239769, 0.0225489, 0.00433955]
    ],
    "M_G2C11_M M_G2C11H1_M": [
        [-0.22247, 0.0229105, 0.00440914]
    ],
    "M_G2C11_M M_G2C11H2_M": [
        [-0.223747, 0.022184, 0.00426932]
    ],
    "M_G2C12_M M_G2C12H1_M": [
        [-0.206232, 0.0237002, 0.00456111]
    ],
    "M_G2C12_M M_G2C12H2_M": [
        [-0.208641, 0.023707, 0.00456242]
    ],
    "M_G2C13_M M_G2C13H1_M": [
        [-0.185543, 0.0232758, 0.00447944]
    ],
    "M_G2C13_M M_G2C13H2_M": [
        [-0.186003, 0.0226956, 0.00436776]
    ],
    "M_G2C14_M M_G2C14H1_M": [
        [-0.159614, 0.0215246, 0.00414241]
    ],
    "M_G2C14_M M_G2C14H2_M": [
        [-0.159676, 0.0213125, 0.0041016]
    ],
    "M_G2C15_M M_G2C15H1_M": [
        [-0.11858, 0.017235, 0.00331688]
    ],
    "M_G2C15_M M_G2C15H2_M": [
        [-0.117682, 0.0179393, 0.00345242]
    ],
    "M_G2C16_M M_G2C16H1_M": [
        [-0.0335354, 0.00738982, 0.00142217]
    ],
    "M_G2C16_M M_G2C16H2_M": [
        [-0.0334119, 0.00787093, 0.00151476]
    ],
    "M_G2C16_M M_G2C16H3_M": [
        [-0.034355, 0.00659195, 0.00126862]
    ],
    "M_N1C1_M M_N1C1H1_M": [
        [-0.00815648, 0.0144607, 0.00278296]
    ],
    "M_N1C1_M M_N1C1H2_M": [
        [-0.01216, 0.0137378, 0.00264385]
    ],
    "M_N1C1_M M_N1C1H3_M": [
        [-0.0113094, 0.0122962, 0.00236641]
    ],
    "M_N1C2_M M_N1C2H1_M": [
        [-0.00992915, 0.0125076, 0.0024071]
    ],
    "M_N1C2_M M_N1C2H2_M": [
        [-0.00975373, 0.0133766, 0.00257433]
    ],
    "M_N1C2_M M_N1C2H3_M": [
        [-0.0108181, 0.0142723, 0.00274671]
    ]
}