{
    "M_G1_M M_G1H1_M": [
        [-0.122876, 0.107596, 0.00569457]
    ],
    "M_G1_M M_G1H2_M": [
        [-0.144075, 0.0962561, 0.00509441]
    ],
    "M_G1C3_M M_G1C3H1_M": [
        [-0.284896, 0.0392511, 0.00207739]
    ],
    "M_G1C3_M M_G1C3H2_M": [
        [-0.283409, 0.0340946, 0.00180448]
    ],
    "M_G1C4_M M_G1C4H1_M": [
        [-0.264951, 0.0373959, 0.0019792]
    ],
    "M_G1C4_M M_G1C4H2_M": [
        [-0.266549, 0.035217, 0.00186388]
    ],
    "M_G1C5_M M_G1C5H1_M": [
        [-0.312216, 0.0302465, 0.00160081]
    ],
    "M_G1C5_M M_G1C5H2_M": [
        [-0.314201, 0.0297699, 0.00157559]
    ],
    "M_G1C6_M M_G1C6H1_M": [
        [-0.311565, 0.0342551, 0.00181297]
    ],
    "M_G1C6_M M_G1C6H2_M": [
        [-0.313804, 0.0334601, 0.0017709]
    ],
    "M_G1C7_M M_G1C7H1_M": [
        [-0.330354, 0.0315492, 0.00166976]
    ],
    "M_G1C7_M M_G1C7H2_M": [
        [-0.330999, 0.0309202, 0.00163647]
    ],
    "M_G1C8_M M_G1C8H1_M": [
        [-0.327187, 0.0327897, 0.00173542]
    ],
    "M_G1C8_M M_G1C8H2_M": [
        [-0.327737, 0.0332812, 0.00176143]
    ],
    "M_G1C9_M M_G1C9H1_M": [
        [-0.328429, 0.0313301, 0.00165816]
    ],
    "M_G1C9_M M_G1C9H2_M": [
        [-0.328452, 0.031903, 0.00168848]
    ],
    "M_G1C10_M M_G1C10H1_M": [
        [-0.315222, 0.0325776, 0.00172419]
    ],
    "M_G1C10_M M_G1C10H2_M": [
        [-0.315064, 0.033105, 0.0017521]
    ],
    "M_G1C11_M M_G1C11H1_M": [
        [-0.30656, 0.0305296, 0.0016158]
    ],
    "M_G1C11_M M_G1C11H2_M": [
        [-0.305765, 0.0315674, 0.00167072]
    ],
    "M_G1C12_M M_G1C12H1_M": [
        [-0.282975, 0.0310104, 0.00164124]
    ],
    "M_G1C12_M M_G1C12H2_M": [
        [-0.283446, 0.0313936, 0.00166152]
    ],
    "M_G1C13_M M_G1C13H1_M": [
        [-0.263942, 0.0304542, 0.00161181]
    ],
    "M_G1C13_M M_G1C13H2_M": [
        [-0.26465, 0.0310356, 0.00164258]
    ],
    "M_G1C14_M M_G1C14H1_M": [
        [-0.22889, 0.0313201, 0.00165764]
    ],
    "M_G1C14_M M_G1C14H2_M": [
        [-0.228978, 0.0305172, 0.00161514]
    ],
    "M_G1C15_M M_G1C15H1_M": [
        [-0.19488, 0.0279183, 0.00147759]
    ],
    "M_G1C15_M M_G1C15H2_M": [
        [-0.194847, 0.0276394, 0.00146283]
    ],
    "M_G1C16_M M_G1C16H1_M": [
        [-0.134686, 0.0243293, 0.00128764]
    ],
    "M_G1C16_M M_G1C16H2_M": [
        [-0.136965, 0.023993, 0.00126985]
    ],
    "M_G1C17_M M_G1C17H1_M": [
        [-0.0444843, 0.0154415, 0.000817249]
    ],
    "M_G1C17_M M_G1C17H2_M": [
        [-0.0439157, 0.0147193, 0.00077903]
    ],
    "M_G1C17_M M_G1C17H3_M": [
        [-0.043498, 0.0150703, 0.000797605]
    ],
    "M_G2_M M_G2H1_M": [
        [-0.077257, 0.128139, 0.00678181]
    ],
    "M_G2C3_M M_G2C3H1_M": [
        [-0.149007, 0.0726271, 0.00384383]
    ],
    "M_G2C3_M M_G2C3H2_M": [
        [-0.172669, 0.061399, 0.00324958]
    ],
    "M_G2C4_M M_G2C4H1_M": [
        [-0.257274, 0.0462076, 0.00244557]
    ],
    "M_G2C4_M M_G2C4H2_M": [
        [-0.233591, 0.051146, 0.00270693]
    ],
    "M_G2C5_M M_G2C5H1_M": [
        [-0.262031, 0.0433706, 0.00229542]
    ],
    "M_G2C5_M M_G2C5H2_M": [
        [-0.260474, 0.0468681, 0.00248053]
    ],
    "M_G2C6_M M_G2C6H1_M": [
        [-0.290818, 0.0420095, 0.00222338]
    ],
    "M_G2C6_M M_G2C6H2_M": [
        [-0.287454, 0.0434065, 0.00229732]
    ],
    "M_G2C7_M M_G2C7H1_M": [
        [-0.276364, 0.043199, 0.00228633]
    ],
    "M_G2C7_M M_G2C7H2_M": [
        [-0.275716, 0.0432061, 0.00228671]
    ],
    "M_G2C8_M M_G2C8H1_M": [
        [-0.276696, 0.0415547, 0.00219931]
    ],
    "M_G2C8_M M_G2C8H2_M": [
        [-0.276034, 0.0403942, 0.00213789]
    ],
    "M_G2C9_M M_G2C9H1_M": [
        [-0.200938, 0.0380611, 0.00201441]
    ],
    "M_G2C9_M M_G2C9H2_M": [
        [-0.201485, 0.0379164, 0.00200675]
    ],
    "M_G2C10_M M_G2C10H1_M": [
        [-0.136361, 0.0352667, 0.00186651]
    ],
    "M_G2C11_M M_G2C11H1_M": [
        [-0.0537046, 0.0369988, 0.00195819]
    ],
    "M_G2C12_M M_G2C12H1_M": [
        [-0.159785, 0.0392356, 0.00207657]
    ],
    "M_G2C12_M M_G2C12H2_M": [
        [-0.161283, 0.0390563, 0.00206708]
    ],
    "M_G2C13_M M_G2C13H1_M": [
        [-0.232179, 0.0396753, 0.00209984]
    ],
    "M_G2C13_M M_G2C13H2_M": [
        [-0.232957, 0.0396837, 0.00210028]
    ],
    "M_G2C14_M M_G2C14H1_M": [
        [-0.234698, 0.0343713, 0.00181912]
    ],
    "M_G2C14_M M_G2C14H2_M": [
        [-0.234386, 0.0350508, 0.00185509]
    ],
    "M_G2C15_M M_G2C15H1_M": [
        [-0.242466, 0.0314111, 0.00166245]
    ],
    "M_G2C15_M M_G2C15H2_M": [
        [-0.241644, 0.0321876, 0.00170355]
    ],
    "M_G2C16_M M_G2C16H1_M": [
        [-0.214357, 0.0302396, 0.00160045]
    ],
    "M_G2C16_M M_G2C16H2_M": [
        [-0.213906, 0.0307521, 0.00162757]
    ],
    "M_G2C17_M M_G2C17H1_M": [
        [-0.191491, 0.0287463, 0.00152141]
    ],
    "M_G2C17_M M_G2C17H2_M": [
        [-0.191468, 0.0278477, 0.00147386]
    ],
    "M_G2C18_M M_G2C18H1_M": [
        [-0.132976, 0.023078, 0.00122142]
    ],
    "M_G2C18_M M_G2C18H2_M": [
        [-0.13335, 0.0230519, 0.00122003]
    ],
    "M_G2C19_M M_G2C19H1_M": [
        [-0.0488257, 0.015484, 0.000819499]
    ],
    "M_G2C19_M M_G2C19H2_M": [
        [-0.0483849, 0.0153198, 0.000810811]
    ],
    "M_G2C19_M M_G2C19H3_M": [
        [-0.0493901, 0.0155064, 0.000820686]
    ],
    "M_G3_M M_G3H1_M": [
        [-0.0292917, 0.104695, 0.00554107]
    ],
    "M_G3_M M_G3H2_M": [
        [-0.0521124, 0.116896, 0.0061868]
    ],
    "M_G3C4_M M_G3C4H1_M": [
        [0.0584344, 0.0418372, 0.00221426]
    ],
    "M_G3C4_M M_G3C4H2_M": [
        [0.0452818, 0.0445167, 0.00235607]
    ],
    "M_G3C5_M M_G3C5H1_M": [
        [-0.0172391, 0.0363538, 0.00192405]
    ],
    "M_G3C5_M M_G3C5H2_M": [
        [-0.0412063, 0.0361761, 0.00191464]
    ],
    "M_G3N6C1_M M_G3N6C1H1_M": [
        [0.0150167, 0.0227042, 0.00120163]
    ],
    "M_G3N6C1_M M_G3N6C1H2_M": [
        [0.0131905, 0.021177, 0.0011208]
    ],
    "M_G3N6C1_M M_G3N6C1H3_M": [
        [0.0106592, 0.0215188, 0.0011389]
    ],
    "M_G3N6C2_M M_G3N6C2H1_M": [
        [0.0125822, 0.0222105, 0.0011755]
    ],
    "M_G3N6C2_M M_G3N6C2H2_M": [
        [0.0126273, 0.0248714, 0.00131633]
    ],
    "M_G3N6C2_M M_G3N6C2H3_M": [
        [0.0137197, 0.0212045, 0.00112226]
    ],
    "M_G3N6C3_M M_G3N6C3H1_M": [
        [0.0139451, 0.0220967, 0.00116948]
    ],
    "M_G3N6C3_M M_G3N6C3H2_M": [
        [0.0144731, 0.0219662, 0.00116257]
    ],
    "M_G3N6C3_M M_G3N6C3H3_M": [
        [0.0148227, 0.0221379, 0.00117166]
    ]
}