{
    "M_G1_M M_G1H1_M": [
        [-0.213379, 0.0395349, 0.00280256]
    ],
    "M_G1_M M_G1H2_M": [
        [-0.0339723, 0.0412437, 0.00292369]
    ],
    "M_G1C3_M M_G1C3H1_M": [
        [-0.224767, 0.0213603, 0.00151419]
    ],
    "M_G1C3_M M_G1C3H2_M": [
        [-0.230126, 0.0178188, 0.00126314]
    ],
    "M_G1C4_M M_G1C4H1_M": [
        [-0.157451, 0.0213799, 0.00151558]
    ],
    "M_G1C4_M M_G1C4H2_M": [
        [-0.159422, 0.0193428, 0.00137117]
    ],
    "M_G1C5_M M_G1C5H1_M": [
        [-0.19892, 0.0196326, 0.00139172]
    ],
    "M_G1C5_M M_G1C5H2_M": [
        [-0.196176, 0.0192363, 0.00136363]
    ],
    "M_G1C6_M M_G1C6H1_M": [
        [-0.194239, 0.0187677, 0.00133041]
    ],
    "M_G1C6_M M_G1C6H2_M": [
        [-0.193818, 0.0195366, 0.00138491]
    ],
    "M_G1C7_M M_G1C7H1_M": [
        [-0.20701, 0.0176483, 0.00125105]
    ],
    "M_G1C7_M M_G1C7H2_M": [
        [-0.205372, 0.0191815, 0.00135974]
    ],
    "M_G1C8_M M_G1C8H1_M": [
        [-0.192683, 0.0171085, 0.00121279]
    ],
    "M_G1C8_M M_G1C8H2_M": [
        [-0.19178, 0.0180078, 0.00127654]
    ],
    "M_G1C9_M M_G1C9H1_M": [
        [-0.192055, 0.0166647, 0.00118133]
    ],
    "M_G1C9_M M_G1C9H2_M": [
        [-0.190836, 0.0170968, 0.00121196]
    ],
    "M_G1C10_M M_G1C10H1_M": [
        [-0.172719, 0.0160819, 0.00114001]
    ],
    "M_G1C10_M M_G1C10H2_M": [
        [-0.171377, 0.0162721, 0.0011535]
    ],
    "M_G1C11_M M_G1C11H1_M": [
        [-0.164818, 0.0153627, 0.00108904]
    ],
    "M_G1C11_M M_G1C11H2_M": [
        [-0.165444, 0.0150261, 0.00106517]
    ],
    "M_G1C12_M M_G1C12H1_M": [
        [-0.144281, 0.0143698, 0.00101865]
    ],
    "M_G1C12_M M_G1C12H2_M": [
        [-0.143937, 0.0147429, 0.0010451]
    ],
    "M_G1C13_M M_G1C13H1_M": [
        [-0.13324, 0.0134137, 0.000950872]
    ],
    "M_G1C13_M M_G1C13H2_M": [
        [-0.132782, 0.0139635, 0.000989849]
    ],
    "M_G1C14_M M_G1C14H1_M": [
        [-0.111197, 0.0120113, 0.000851459]
    ],
    "M_G1C14_M M_G1C14H2_M": [
        [-0.11084, 0.0119882, 0.00084982]
    ],
    "M_G1C15_M M_G1C15H1_M": [
        [-0.0957577, 0.00988174, 0.000700498]
    ],
    "M_G1C15_M M_G1C15H2_M": [
        [-0.0958223, 0.0102338, 0.000725457]
    ],
    "M_G1C16_M M_G1C16H1_M": [
        [-0.0670022, 0.00779718, 0.000552727]
    ],
    "M_G1C16_M M_G1C16H2_M": [
        [-0.0676675, 0.00763228, 0.000541038]
    ],
    "M_G1C17_M M_G1C17H1_M": [
        [-0.0215403, 0.00444047, 0.000314777]
    ],
    "M_G1C17_M M_G1C17H2_M": [
        [-0.0219399, 0.00421098, 0.000298508]
    ],
    "M_G1C17_M M_G1C17H3_M": [
        [-0.023142, 0.00493101, 0.00034955]
    ],
    "M_G2_M M_G2H1_M": [
        [-0.197001, 0.0516887, 0.00366411]
    ],
    "M_G2C3_M M_G2C3H1_M": [
        [-0.0695921, 0.0296645, 0.00210286]
    ],
    "M_G2C3_M M_G2C3H2_M": [
        [-0.0921602, 0.0262987, 0.00186427]
    ],
    "M_G2C4_M M_G2C4H1_M": [
        [-0.132633, 0.0244451, 0.00173286]
    ],
    "M_G2C4_M M_G2C4H2_M": [
        [-0.136371, 0.0234853, 0.00166483]
    ],
    "M_G2C5_M M_G2C5H1_M": [
        [-0.161687, 0.0212889, 0.00150913]
    ],
    "M_G2C5_M M_G2C5H2_M": [
        [-0.159788, 0.0226571, 0.00160612]
    ],
    "M_G2C6_M M_G2C6H1_M": [
        [-0.175493, 0.0218395, 0.00154816]
    ],
    "M_G2C6_M M_G2C6H2_M": [
        [-0.174817, 0.0226382, 0.00160478]
    ],
    "M_G2C7_M M_G2C7H1_M": [
        [-0.158347, 0.0201193, 0.00142622]
    ],
    "M_G2C7_M M_G2C7H2_M": [
        [-0.159734, 0.0204429, 0.00144916]
    ],
    "M_G2C8_M M_G2C8H1_M": [
        [-0.155769, 0.0190329, 0.0013492]
    ],
    "M_G2C8_M M_G2C8H2_M": [
        [-0.156769, 0.0189599, 0.00134403]
    ],
    "M_G2C9_M M_G2C9H1_M": [
        [-0.114951, 0.0173022, 0.00122652]
    ],
    "M_G2C9_M M_G2C9H2_M": [
        [-0.113885, 0.0176872, 0.00125381]
    ],
    "M_G2C10_M M_G2C10H1_M": [
        [-0.0899528, 0.0175361, 0.0012431]
    ],
    "M_G2C11_M M_G2C11H1_M": [
        [-0.000439888, 0.0171912, 0.00121865]
    ],
    "M_G2C12_M M_G2C12H1_M": [
        [-0.0559429, 0.0179784, 0.00127445]
    ],
    "M_G2C12_M M_G2C12H2_M": [
        [-0.0563725, 0.0186621, 0.00132292]
    ],
    "M_G2C13_M M_G2C13H1_M": [
        [-0.100961, 0.0144744, 0.00102607]
    ],
    "M_G2C13_M M_G2C13H2_M": [
        [-0.102766, 0.0134544, 0.000953759]
    ],
    "M_G2C14_M M_G2C14H1_M": [
        [-0.101993, 0.0134621, 0.000954306]
    ],
    "M_G2C14_M M_G2C14H2_M": [
        [-0.103637, 0.0137883, 0.000977426]
    ],
    "M_G2C15_M M_G2C15H1_M": [
        [-0.109653, 0.0128715, 0.000912433]
    ],
    "M_G2C15_M M_G2C15H2_M": [
        [-0.110289, 0.0121862, 0.000863858]
    ],
    "M_G2C16_M M_G2C16H1_M": [
        [-0.0978044, 0.0108442, 0.000768722]
    ],
    "M_G2C16_M M_G2C16H2_M": [
        [-0.0975516, 0.0115136, 0.000816179]
    ],
    "M_G2C17_M M_G2C17H1_M": [
        [-0.0892664, 0.00946016, 0.000670613]
    ],
    "M_G2C17_M M_G2C17H2_M": [
        [-0.0891204, 0.010128, 0.000717957]
    ],
    "M_G2C18_M M_G2C18H1_M": [
        [-0.0652838, 0.00794294, 0.00056306]
    ],
    "M_G2C18_M M_G2C18H2_M": [
        [-0.0652653, 0.00785349, 0.000556719]
    ],
    "M_G2C19_M M_G2C19H1_M": [
        [-0.0208948, 0.00470234, 0.00033334]
    ],
    "M_G2C19_M M_G2C19H2_M": [
        [-0.021369, 0.00428461, 0.000303728]
    ],
    "M_G2C19_M M_G2C19H3_M": [
        [-0.0207697, 0.00487089, 0.000345288]
    ],
    "M_G3_M M_G3H1_M": [
        [-0.151557, 0.0493464, 0.00349807]
    ],
    "M_G3_M M_G3H2_M": [
        [-0.179288, 0.0312117, 0.00221254]
    ],
    "M_G3C4_M M_G3C4H1_M": [
        [0.00837335, 0.0118027, 0.000836673]
    ],
    "M_G3C4_M M_G3C4H2_M": [
        [0.00861082, 0.013457, 0.000953939]
    ],
    "M_G3C5_M M_G3C5H1_M": [
        [-0.0463673, 0.0110599, 0.000784015]
    ],
    "M_G3C5_M M_G3C5H2_M": [
        [-0.0491306, 0.00960337, 0.000680765]
    ],
    "M_G3N6C1_M M_G3N6C1H1_M": [
        [0.0111278, 0.00433785, 0.000307502]
    ],
    "M_G3N6C1_M M_G3N6C1H2_M": [
        [0.0111596, 0.00461054, 0.000326833]
    ],
    "M_G3N6C1_M M_G3N6C1H3_M": [
        [0.0109514, 0.004783, 0.000339058]
    ],
    "M_G3N6C2_M M_G3N6C2H1_M": [
        [0.0112119, 0.00451892, 0.000320338]
    ],
    "M_G3N6C2_M M_G3N6C2H2_M": [
        [0.0111991, 0.00481414, 0.000341266]
    ],
    "M_G3N6C2_M M_G3N6C2H3_M": [
        [0.0109276, 0.00509442, 0.000361134]
    ],
    "M_G3N6C3_M M_G3N6C3H1_M": [
        [0.0107005, 0.00420264, 0.000297917]
    ],
    "M_G3N6C3_M M_G3N6C3H2_M": [
        [0.0111545, 0.00479178, 0.00033968]
    ],
    "M_G3N6C3_M M_G3N6C3H3_M": [
        [0.011875, 0.00490052, 0.000347389]
    ]
}