{
    "M_G1_M M_G1H1_M": [
        [-0.175365, 0.0188222, 0.000832646]
    ],
    "M_G1_M M_G1H2_M": [
        [-0.0354265, 0.016536, 0.000731509]
    ],
    "M_G1C3_M M_G1C3H1_M": [
        [-0.239225, 0.010204, 0.000451399]
    ],
    "M_G1C3_M M_G1C3H2_M": [
        [-0.215256, 0.0108708, 0.000480894]
    ],
    "M_G1C4_M M_G1C4H1_M": [
        [-0.181671, 0.0090615, 0.000400857]
    ],
    "M_G1C4_M M_G1C4H2_M": [
        [-0.17268, 0.00901257, 0.000398693]
    ],
    "M_G1C5_M M_G1C5H1_M": [
        [-0.206786, 0.0083627, 0.000369944]
    ],
    "M_G1C5_M M_G1C5H2_M": [
        [-0.20485, 0.00832744, 0.000368384]
    ],
    "M_G1C6_M M_G1C6H1_M": [
        [-0.205054, 0.00848042, 0.000375152]
    ],
    "M_G1C6_M M_G1C6H2_M": [
        [-0.203623, 0.00854352, 0.000377943]
    ],
    "M_G1C7_M M_G1C7H1_M": [
        [-0.214908, 0.00850088, 0.000376057]
    ],
    "M_G1C7_M M_G1C7H2_M": [
        [-0.213584, 0.00860375, 0.000380607]
    ],
    "M_G1C8_M M_G1C8H1_M": [
        [-0.204321, 0.0086167, 0.00038118]
    ],
    "M_G1C8_M M_G1C8H2_M": [
        [-0.203782, 0.00886914, 0.000392348]
    ],
    "M_G1C9_M M_G1C9H1_M": [
        [-0.203598, 0.00872629, 0.000386028]
    ],
    "M_G1C9_M M_G1C9H2_M": [
        [-0.202994, 0.00881851, 0.000390108]
    ],
    "M_G1C10_M M_G1C10H1_M": [
        [-0.188745, 0.00896537, 0.000396604]
    ],
    "M_G1C10_M M_G1C10H2_M": [
        [-0.188599, 0.00854342, 0.000377939]
    ],
    "M_G1C11_M M_G1C11H1_M": [
        [-0.18258, 0.0089392, 0.000395447]
    ],
    "M_G1C11_M M_G1C11H2_M": [
        [-0.182304, 0.00850717, 0.000376335]
    ],
    "M_G1C12_M M_G1C12H1_M": [
        [-0.165847, 0.00833429, 0.000368687]
    ],
    "M_G1C12_M M_G1C12H2_M": [
        [-0.165866, 0.00828886, 0.000366677]
    ],
    "M_G1C13_M M_G1C13H1_M": [
        [-0.155592, 0.008208, 0.000363101]
    ],
    "M_G1C13_M M_G1C13H2_M": [
        [-0.15543, 0.00799913, 0.000353861]
    ],
    "M_G1C14_M M_G1C14H1_M": [
        [-0.135362, 0.00755955, 0.000334415]
    ],
    "M_G1C14_M M_G1C14H2_M": [
        [-0.134708, 0.00763325, 0.000337675]
    ],
    "M_G1C15_M M_G1C15H1_M": [
        [-0.117204, 0.00693873, 0.000306951]
    ],
    "M_G1C15_M M_G1C15H2_M": [
        [-0.117197, 0.00750898, 0.000332178]
    ],
    "M_G1C16_M M_G1C16H1_M": [
        [-0.0870097, 0.00627861, 0.000277749]
    ],
    "M_G1C16_M M_G1C16H2_M": [
        [-0.0872368, 0.00687737, 0.000304237]
    ],
    "M_G1C17_M M_G1C17H1_M": [
        [-0.028548, 0.00641124, 0.000283616]
    ],
    "M_G1C17_M M_G1C17H2_M": [
        [-0.0279685, 0.00624112, 0.000276091]
    ],
    "M_G1C17_M M_G1C17H3_M": [
        [-0.0283523, 0.00599407, 0.000265162]
    ],
    "M_G2_M M_G2H1_M": [
        [-0.196262, 0.0155658, 0.000688589]
    ],
    "M_G2C3_M M_G2C3H1_M": [
        [-0.0910606, 0.0120423, 0.000532722]
    ],
    "M_G2C3_M M_G2C3H2_M": [
        [-0.120309, 0.0104246, 0.000461157]
    ],
    "M_G2C4_M M_G2C4H1_M": [
        [-0.207168, 0.00860877, 0.00038083]
    ],
    "M_G2C4_M M_G2C4H2_M": [
        [-0.21204, 0.00848159, 0.000375203]
    ],
    "M_G2C5_M M_G2C5H1_M": [
        [-0.212976, 0.00820451, 0.000362946]
    ],
    "M_G2C5_M M_G2C5H2_M": [
        [-0.215609, 0.00815574, 0.000360789]
    ],
    "M_G2C6_M M_G2C6H1_M": [
        [-0.22471, 0.00796982, 0.000352564]
    ],
    "M_G2C6_M M_G2C6H2_M": [
        [-0.223737, 0.0082494, 0.000364932]
    ],
    "M_G2C7_M M_G2C7H1_M": [
        [-0.219834, 0.00835258, 0.000369496]
    ],
    "M_G2C7_M M_G2C7H2_M": [
        [-0.219223, 0.00834281, 0.000369064]
    ],
    "M_G2C8_M M_G2C8H1_M": [
        [-0.220762, 0.00856979, 0.000379105]
    ],
    "M_G2C8_M M_G2C8H2_M": [
        [-0.219819, 0.00845585, 0.000374065]
    ],
    "M_G2C9_M M_G2C9H1_M": [
        [-0.211358, 0.00862917, 0.000381732]
    ],
    "M_G2C9_M M_G2C9H2_M": [
        [-0.210037, 0.00876877, 0.000387908]
    ],
    "M_G2C10_M M_G2C10H1_M": [
        [-0.204726, 0.00912387, 0.000403616]
    ],
    "M_G2C10_M M_G2C10H2_M": [
        [-0.20547, 0.00869774, 0.000384765]
    ],
    "M_G2C11_M M_G2C11H1_M": [
        [-0.191682, 0.00887513, 0.000392613]
    ],
    "M_G2C11_M M_G2C11H2_M": [
        [-0.191153, 0.00890749, 0.000394044]
    ],
    "M_G2C12_M M_G2C12H1_M": [
        [-0.182245, 0.00862781, 0.000381672]
    ],
    "M_G2C12_M M_G2C12H2_M": [
        [-0.182145, 0.00851481, 0.000376673]
    ],
    "M_G2C13_M M_G2C13H1_M": [
        [-0.165635, 0.00807944, 0.000357413]
    ],
    "M_G2C13_M M_G2C13H2_M": [
        [-0.166442, 0.00826703, 0.000365712]
    ],
    "M_G2C14_M M_G2C14H1_M": [
        [-0.152452, 0.00797624, 0.000352848]
    ],
    "M_G2C14_M M_G2C14H2_M": [
        [-0.152863, 0.00789526, 0.000349266]
    ],
    "M_G2C15_M M_G2C15H1_M": [
        [-0.129538, 0.0074648, 0.000330223]
    ],
    "M_G2C15_M M_G2C15H2_M": [
        [-0.129197, 0.00725729, 0.000321044]
    ],
    "M_G2C16_M M_G2C16H1_M": [
        [-0.10304, 0.00711886, 0.00031492]
    ],
    "M_G2C16_M M_G2C16H2_M": [
        [-0.103287, 0.00677106, 0.000299534]
    ],
    "M_G2C17_M M_G2C17H1_M": [
        [-0.0264749, 0.00636777, 0.000281693]
    ],
    "M_G2C17_M M_G2C17H2_M": [
        [-0.0267074, 0.00678757, 0.000300265]
    ],
    "M_G2C17_M M_G2C17H3_M": [
        [-0.0270769, 0.00631918, 0.000279544]
    ],
    "M_G3_M M_G3H1_M": [
        [-0.22977, 0.0133582, 0.000590932]
    ],
    "M_G3_M M_G3H2_M": [
        [-0.246966, 0.0108806, 0.00048133]
    ],
    "M_G3C4_M M_G3C4H1_M": [
        [0.0328279, 0.0110748, 0.00048992]
    ],
    "M_G3C4_M M_G3C4H2_M": [
        [0.0294822, 0.0103249, 0.000456746]
    ],
    "M_G3C5_M M_G3C5H1_M": [
        [-0.0691015, 0.00903129, 0.000399521]
    ],
    "M_G3C5_M M_G3C5H2_M": [
        [-0.0706542, 0.00935921, 0.000414027]
    ],
    "M_G3N6C1_M M_G3N6C1H1_M": [
        [0.00963824, 0.00731743, 0.000323704]
    ],
    "M_G3N6C1_M M_G3N6C1H2_M": [
        [0.0100545, 0.00736079, 0.000325622]
    ],
    "M_G3N6C1_M M_G3N6C1H3_M": [
        [0.0105921, 0.00739586, 0.000327174]
    ],
    "M_G3N6C2_M M_G3N6C2H1_M": [
        [0.0101831, 0.00715796, 0.000316649]
    ],
    "M_G3N6C2_M M_G3N6C2H2_M": [
        [0.00951539, 0.00666251, 0.000294732]
    ],
    "M_G3N6C2_M M_G3N6C2H3_M": [
        [0.0106598, 0.00718937, 0.000318039]
    ],
    "M_G3N6C3_M M_G3N6C3H1_M": [
        [0.0107722, 0.00716668, 0.000317035]
    ],
    "M_G3N6C3_M M_G3N6C3H2_M": [
        [0.00972719, 0.00727034, 0.000321621]
    ],
    "M_G3N6C3_M M_G3N6C3H3_M": [
        [0.0106301, 0.00708836, 0.000313571]
    ]
}