{
    "M_G1_M M_G1H1_M": [
        [-0.335915, 0.0108425, 0.00361417]
    ],
    "M_G1C1_M M_G1C1H1_M": [
        [-0.158546, 0.00506988, 0.00168996]
    ],
    "M_G1C2_M M_G1C2H1_M": [
        [-0.154289, 0.00567159, 0.00189053]
    ],
    "M_G1C3_M M_G1C3H1_M": [
        [-0.26841, 0.00735248, 0.00245083]
    ],
    "M_G1C3_M M_G1C3H2_M": [
        [-0.277551, 0.00528918, 0.00176306]
    ],
    "M_G1C4_M M_G1C4H1_M": [
        [-0.235767, 0.00562436, 0.00187479]
    ],
    "M_G1C4_M M_G1C4H2_M": [
        [-0.240344, 0.00503435, 0.00167812]
    ],
    "M_G1C5_M M_G1C5H1_M": [
        [-0.256273, 0.00486085, 0.00162028]
    ],
    "M_G1C5_M M_G1C5H2_M": [
        [-0.251661, 0.004244, 0.00141467]
    ],
    "M_G1C6_M M_G1C6H1_M": [
        [-0.240492, 0.00357968, 0.00119323]
    ],
    "M_G1C6_M M_G1C6H2_M": [
        [-0.236806, 0.0053411, 0.00178037]
    ],
    "M_G1C7_M M_G1C7H1_M": [
        [-0.24607, 0.00355324, 0.00118441]
    ],
    "M_G1C7_M M_G1C7H2_M": [
        [-0.241563, 0.00320291, 0.00106764]
    ],
    "M_G1C8_M M_G1C8H1_M": [
        [-0.227288, 0.00500486, 0.00166829]
    ],
    "M_G1C8_M M_G1C8H2_M": [
        [-0.225359, 0.00448933, 0.00149644]
    ],
    "M_G1C9_M M_G1C9H1_M": [
        [-0.223928, 0.00449332, 0.00149777]
    ],
    "M_G1C9_M M_G1C9H2_M": [
        [-0.224774, 0.00638863, 0.00212954]
    ],
    "M_G1C10_M M_G1C10H1_M": [
        [-0.200727, 0.00473518, 0.00157839]
    ],
    "M_G1C10_M M_G1C10H2_M": [
        [-0.203293, 0.00571996, 0.00190665]
    ],
    "M_G1C11_M M_G1C11H1_M": [
        [-0.192149, 0.00434285, 0.00144762]
    ],
    "M_G1C11_M M_G1C11H2_M": [
        [-0.194684, 0.00509006, 0.00169669]
    ],
    "M_G1C12_M M_G1C12H1_M": [
        [-0.166578, 0.00309808, 0.00103269]
    ],
    "M_G1C12_M M_G1C12H2_M": [
        [-0.168854, 0.00544294, 0.00181431]
    ],
    "M_G1C13_M M_G1C13H1_M": [
        [-0.150502, 0.00363058, 0.00121019]
    ],
    "M_G1C13_M M_G1C13H2_M": [
        [-0.150742, 0.00431597, 0.00143866]
    ],
    "M_G1C14_M M_G1C14H1_M": [
        [-0.110941, 0.00552321, 0.00184107]
    ],
    "M_G1C14_M M_G1C14H2_M": [
        [-0.109595, 0.00523973, 0.00174658]
    ],
    "M_G1C15_M M_G1C15H1_M": [
        [-0.0432353, 0.00439378, 0.00146459]
    ],
    "M_G1C15_M M_G1C15H2_M": [
        [-0.0438141, 0.00494645, 0.00164882]
    ],
    "M_G1C15_M M_G1C15H3_M": [
        [-0.0409359, 0.00535542, 0.00178514]
    ],
    "M_G2_M M_G2H1_M": [
        [-0.347984, 0.010828, 0.00360934]
    ],
    "M_G2C3_M M_G2C3H1_M": [
        [-0.127312, 0.0139794, 0.00465979]
    ],
    "M_G2C3_M M_G2C3H2_M": [
        [-0.0746105, 0.018893, 0.00629766]
    ],
    "M_G2C4_M M_G2C4H1_M": [
        [-0.206912, 0.0107115, 0.0035705]
    ],
    "M_G2C4_M M_G2C4H2_M": [
        [-0.11397, 0.0141312, 0.00471041]
    ],
    "M_G2C5_M M_G2C5H1_M": [
        [-0.230542, 0.00706742, 0.00235581]
    ],
    "M_G2C5_M M_G2C5H2_M": [
        [-0.201683, 0.00517728, 0.00172576]
    ],
    "M_G2C6_M M_G2C6H1_M": [
        [-0.22927, 0.00504145, 0.00168048]
    ],
    "M_G2C6_M M_G2C6H2_M": [
        [-0.218644, 0.00569019, 0.00189673]
    ],
    "M_G2C7_M M_G2C7H1_M": [
        [-0.236706, 0.00459594, 0.00153198]
    ],
    "M_G2C7_M M_G2C7H2_M": [
        [-0.230681, 0.00585696, 0.00195232]
    ],
    "M_G2C8_M M_G2C8H1_M": [
        [-0.236675, 0.00544619, 0.0018154]
    ],
    "M_G2C8_M M_G2C8H2_M": [
        [-0.234197, 0.00573126, 0.00191042]
    ],
    "M_G2C9_M M_G2C9H1_M": [
        [-0.232724, 0.00444031, 0.0014801]
    ],
    "M_G2C9_M M_G2C9H2_M": [
        [-0.231037, 0.00739049, 0.0024635]
    ],
    "M_G2C10_M M_G2C10H1_M": [
        [-0.226517, 0.00345058, 0.00115019]
    ],
    "M_G2C10_M M_G2C10H2_M": [
        [-0.225778, 0.00659193, 0.00219731]
    ],
    "M_G2C11_M M_G2C11H1_M": [
        [-0.214627, 0.0066837, 0.0022279]
    ],
    "M_G2C11_M M_G2C11H2_M": [
        [-0.214813, 0.003737, 0.00124567]
    ],
    "M_G2C12_M M_G2C12H1_M": [
        [-0.203723, 0.00434084, 0.00144695]
    ],
    "M_G2C12_M M_G2C12H2_M": [
        [-0.206205, 0.00232167, 0.000773891]
    ],
    "M_G2C13_M M_G2C13H1_M": [
        [-0.187199, 0.00329557, 0.00109852]
    ],
    "M_G2C13_M M_G2C13H2_M": [
        [-0.189224, 0.00248496, 0.000828321]
    ],
    "M_G2C14_M M_G2C14H1_M": [
        [-0.17422, 0.00235721, 0.000785735]
    ],
    "M_G2C14_M M_G2C14H2_M": [
        [-0.17429, 0.00474054, 0.00158018]
    ],
    "M_G2C15_M M_G2C15H1_M": [
        [-0.155949, 0.00391652, 0.00130551]
    ],
    "M_G2C15_M M_G2C15H2_M": [
        [-0.156364, 0.00415024, 0.00138341]
    ],
    "M_G2C16_M M_G2C16H1_M": [
        [-0.140071, 0.00412853, 0.00137618]
    ],
    "M_G2C16_M M_G2C16H2_M": [
        [-0.142131, 0.00592804, 0.00197601]
    ],
    "M_G2C17_M M_G2C17H1_M": [
        [-0.124551, 0.00312642, 0.00104214]
    ],
    "M_G2C17_M M_G2C17H2_M": [
        [-0.123705, 0.0043994, 0.00146647]
    ],
    "M_G2C18_M M_G2C18H1_M": [
        [-0.112553, 0.00518151, 0.00172717]
    ],
    "M_G2C18_M M_G2C18H2_M": [
        [-0.109645, 0.00401234, 0.00133745]
    ],
    "M_G2C19_M M_G2C19H1_M": [
        [-0.0964942, 0.00461436, 0.00153812]
    ],
    "M_G2C19_M M_G2C19H2_M": [
        [-0.0937012, 0.00404874, 0.00134958]
    ],
    "M_G2C20_M M_G2C20H1_M": [
        [-0.0873105, 0.00382948, 0.00127649]
    ],
    "M_G2C20_M M_G2C20H2_M": [
        [-0.0864413, 0.00563543, 0.00187848]
    ],
    "M_G2C21_M M_G2C21H1_M": [
        [-0.0769879, 0.00344836, 0.00114945]
    ],
    "M_G2C21_M M_G2C21H2_M": [
        [-0.0799696, 0.00579289, 0.00193096]
    ],
    "M_G2C22_M M_G2C22H1_M": [
        [-0.0739015, 0.00637267, 0.00212422]
    ],
    "M_G2C22_M M_G2C22H2_M": [
        [-0.0738829, 0.00657167, 0.00219056]
    ],
    "M_G2C23_M M_G2C23H1_M": [
        [-0.0677201, 0.00382644, 0.00127548]
    ],
    "M_G2C23_M M_G2C23H2_M": [
        [-0.0709943, 0.00400986, 0.00133662]
    ],
    "M_G2C24_M M_G2C24H1_M": [
        [-0.0581783, 0.00565768, 0.00188589]
    ],
    "M_G2C24_M M_G2C24H2_M": [
        [-0.0618614, 0.0050316, 0.0016772]
    ],
    "M_G2C25_M M_G2C25H1_M": [
        [-0.0210645, 0.00545504, 0.00181835]
    ],
    "M_G2C25_M M_G2C25H2_M": [
        [-0.0153865, 0.00481126, 0.00160375]
    ],
    "M_G2C25_M M_G2C25H3_M": [
        [-0.0178005, 0.00517308, 0.00172436]
    ],
    "M_G3_M M_G3H1_M": [
        [-0.335723, 0.0105773, 0.00352578]
    ],
    "M_G3_M M_G3H2_M": [
        [-0.304778, 0.0141338, 0.00471125]
    ],
    "M_G4C1_M M_G4C1H1_M": [
        [-0.330158, 0.00966789, 0.00322263]
    ],
    "M_G4C2_M M_G4C2H1_M": [
        [-0.308137, 0.0093932, 0.00313107]
    ],
    "M_G4C3_M M_G4C3H1_M": [
        [-0.301261, 0.00905122, 0.00301707]
    ],
    "M_G4C4_M M_G4C4H1_M": [
        [-0.318595, 0.0103673, 0.00345576]
    ],
    "M_G4C5_M M_G4C5H1_M": [
        [-0.326044, 0.00942494, 0.00314165]
    ],
    "M_G4C5C1_M M_G4C5C1H1_M": [
        [0.323104, 0.0150761, 0.00502536]
    ],
    "M_G4C5C1_M M_G4C5C1H2_M": [
        [0.0554476, 0.0112332, 0.00374441]
    ],
    "M_G5C1_M M_G5C1H1_M": [
        [-0.128813, 0.00895125, 0.00298375]
    ],
    "M_G5C2_M M_G5C2H1_M": [
        [-0.159015, 0.00782356, 0.00260785]
    ],
    "M_G5C3_M M_G5C3H1_M": [
        [-0.149592, 0.00805202, 0.00268401]
    ],
    "M_G5C4_M M_G5C4H1_M": [
        [0.0464509, 0.0119543, 0.00398476]
    ],
    "M_G5C5_M M_G5C5H1_M": [
        [-0.137083, 0.00830529, 0.00276843]
    ],
    "M_G5C5C1_M M_G5C5C1H1_M": [
        [0.0500806, 0.0104973, 0.00349908]
    ],
    "M_G5C5C1_M M_G5C5C1H2_M": [
        [0.0729525, 0.0126051, 0.0042017]
    ],
    "M_G6C1_M M_G6C1H1_M": [
        [-0.210976, 0.0107259, 0.00357531]
    ],
    "M_G6C2_M M_G6C2H1_M": [
        [0.434003, 0.0102161, 0.00340537]
    ],
    "M_G6C3_M M_G6C3H1_M": [
        [0.429611, 0.00990331, 0.0033011]
    ],
    "M_G6C4_M M_G6C4H1_M": [
        [-0.199364, 0.0110834, 0.00369448]
    ],
    "M_G6C5_M M_G6C5H1_M": [
        [0.439063, 0.00859967, 0.00286656]
    ],