{
    "M_G1_M M_G1H1_M": [
        [-0.172782, 0.00791272, 0.000575566]
    ],
    "M_G1_M M_G1H2_M": [
        [-0.039387, 0.00663462, 0.000482598]
    ],
    "M_G1C3_M M_G1C3H1_M": [
        [-0.238143, 0.00596472, 0.000433869]
    ],
    "M_G1C3_M M_G1C3H2_M": [
        [-0.209393, 0.00573364, 0.000417061]
    ],
    "M_G1C4_M M_G1C4H1_M": [
        [-0.181462, 0.00569962, 0.000414586]
    ],
    "M_G1C4_M M_G1C4H2_M": [
        [-0.169231, 0.00517171, 0.000376187]
    ],
    "M_G1C5_M M_G1C5H1_M": [
        [-0.209002, 0.00512384, 0.000372704]
    ],
    "M_G1C5_M M_G1C5H2_M": [
        [-0.205848, 0.00495425, 0.000360369]
    ],
    "M_G1C6_M M_G1C6H1_M": [
        [-0.209398, 0.00453355, 0.000329767]
    ],
    "M_G1C6_M M_G1C6H2_M": [
        [-0.206976, 0.00511437, 0.000372016]
    ],
    "M_G1C7_M M_G1C7H1_M": [
        [-0.221167, 0.00488693, 0.000355472]
    ],
    "M_G1C7_M M_G1C7H2_M": [
        [-0.220017, 0.00525899, 0.000382536]
    ],
    "M_G1C8_M M_G1C8H1_M": [
        [-0.212308, 0.00501725, 0.000364951]
    ],
    "M_G1C8_M M_G1C8H2_M": [
        [-0.212106, 0.00524787, 0.000381727]
    ],
    "M_G1C9_M M_G1C9H1_M": [
        [-0.211865, 0.00502398, 0.000365441]
    ],
    "M_G1C9_M M_G1C9H2_M": [
        [-0.211633, 0.00513284, 0.00037336]
    ],
    "M_G1C10_M M_G1C10H1_M": [
        [-0.196597, 0.00527986, 0.000384053]
    ],
    "M_G1C10_M M_G1C10H2_M": [
        [-0.19558, 0.00550789, 0.00040064]
    ],
    "M_G1C11_M M_G1C11H1_M": [
        [-0.188869, 0.00564817, 0.000410844]
    ],
    "M_G1C11_M M_G1C11H2_M": [
        [-0.188409, 0.0049532, 0.000360292]
    ],
    "M_G1C12_M M_G1C12H1_M": [
        [-0.169803, 0.00584257, 0.000424985]
    ],
    "M_G1C12_M M_G1C12H2_M": [
        [-0.169441, 0.00542137, 0.000394346]
    ],
    "M_G1C13_M M_G1C13H1_M": [
        [-0.157636, 0.00569699, 0.000414395]
    ],
    "M_G1C13_M M_G1C13H2_M": [
        [-0.157863, 0.00580224, 0.000422051]
    ],
    "M_G1C14_M M_G1C14H1_M": [
        [-0.136196, 0.00559415, 0.000406914]
    ],
    "M_G1C14_M M_G1C14H2_M": [
        [-0.135886, 0.0053647, 0.000390224]
    ],
    "M_G1C15_M M_G1C15H1_M": [
        [-0.118409, 0.00488939, 0.000355651]
    ],
    "M_G1C15_M M_G1C15H2_M": [
        [-0.118812, 0.00540225, 0.000392956]
    ],
    "M_G1C16_M M_G1C16H1_M": [
        [-0.0890068, 0.00525393, 0.000382167]
    ],
    "M_G1C16_M M_G1C16H2_M": [
        [-0.08943, 0.00590799, 0.000429743]
    ],
    "M_G1C17_M M_G1C17H1_M": [
        [-0.0298929, 0.00544962, 0.000396401]
    ],
    "M_G1C17_M M_G1C17H2_M": [
        [-0.0293967, 0.0057696, 0.000419677]
    ],
    "M_G1C17_M M_G1C17H3_M": [
        [-0.0300579, 0.00544933, 0.00039638]
    ],
    "M_G2_M M_G2H1_M": [
        [-0.193858, 0.00690324, 0.000502137]
    ],
    "M_G2C3_M M_G2C3H1_M": [
        [-0.0763351, 0.00661991, 0.000481527]
    ],
    "M_G2C3_M M_G2C3H2_M": [
        [-0.107397, 0.00548116, 0.000398696]
    ],
    "M_G2C4_M M_G2C4H1_M": [
        [-0.202359, 0.00511836, 0.000372306]
    ],
    "M_G2C4_M M_G2C4H2_M": [
        [-0.20791, 0.00502912, 0.000365815]
    ],
    "M_G2C5_M M_G2C5H1_M": [
        [-0.200706, 0.00494969, 0.000360037]
    ],
    "M_G2C5_M M_G2C5H2_M": [
        [-0.203267, 0.00556861, 0.000405057]
    ],
    "M_G2C6_M M_G2C6H1_M": [
        [-0.212815, 0.00494022, 0.000359348]
    ],
    "M_G2C6_M M_G2C6H2_M": [
        [-0.211089, 0.00529928, 0.000385466]
    ],
    "M_G2C7_M M_G2C7H1_M": [
        [-0.189315, 0.0052036, 0.000378506]
    ],
    "M_G2C7_M M_G2C7H2_M": [
        [-0.188494, 0.00518586, 0.000377216]
    ],
    "M_G2C8_M M_G2C8H1_M": [
        [-0.180209, 0.00535567, 0.000389567]
    ],
    "M_G2C8_M M_G2C8H2_M": [
        [-0.180008, 0.00522521, 0.000380078]
    ],
    "M_G2C9_M M_G2C9H1_M": [
        [-0.103716, 0.00559579, 0.000407034]
    ],
    "M_G2C9_M M_G2C9H2_M": [
        [-0.105037, 0.00521961, 0.000379671]
    ],
    "M_G2C10_M M_G2C10H1_M": [
        [-0.0597209, 0.00580843, 0.000422501]
    ],
    "M_G2C11_M M_G2C11H1_M": [
        [-0.0507032, 0.00515032, 0.00037463]
    ],
    "M_G2C12_M M_G2C12H1_M": [
        [-0.080891, 0.00572437, 0.000416387]
    ],
    "M_G2C12_M M_G2C12H2_M": [
        [-0.0807885, 0.00557933, 0.000405836]
    ],
    "M_G2C13_M M_G2C13H1_M": [
        [-0.1243, 0.00599674, 0.000436199]
    ],
    "M_G2C13_M M_G2C13H2_M": [
        [-0.12282, 0.00550935, 0.000400746]
    ],
    "M_G2C14_M M_G2C14H1_M": [
        [-0.130349, 0.00589427, 0.000428745]
    ],
    "M_G2C14_M M_G2C14H2_M": [
        [-0.129704, 0.00552214, 0.000401677]
    ],
    "M_G2C15_M M_G2C15H1_M": [
        [-0.134332, 0.00553958, 0.000402945]
    ],
    "M_G2C15_M M_G2C15H2_M": [
        [-0.134177, 0.0058635, 0.000426507]
    ],
    "M_G2C16_M M_G2C16H1_M": [
        [-0.122019, 0.0050993, 0.000370919]
    ],
    "M_G2C16_M M_G2C16H2_M": [
        [-0.121336, 0.00555427, 0.000404014]
    ],
    "M_G2C17_M M_G2C17H1_M": [
        [-0.11064, 0.00522865, 0.000380329]
    ],
    "M_G2C17_M M_G2C17H2_M": [
        [-0.10994, 0.00573469, 0.000417138]
    ],
    "M_G2C18_M M_G2C18H1_M": [
        [-0.0853842, 0.00502972, 0.000365858]
    ],
    "M_G2C18_M M_G2C18H2_M": [
        [-0.0853523, 0.00550507, 0.000400435]
    ],
    "M_G2C19_M M_G2C19H1_M": [
        [-0.0279329, 0.00523287, 0.000380635]
    ],
    "M_G2C19_M M_G2C19H2_M": [
        [-0.0284156, 0.00550323, 0.000400301]
    ],
    "M_G2C19_M M_G2C19H3_M": [
        [-0.028395, 0.00581923, 0.000423287]
    ],
    "M_G3_M M_G3H1_M": [
        [-0.22665, 0.00612344, 0.000445415]
    ],
    "M_G3_M M_G3H2_M": [
        [-0.246194, 0.00596359, 0.000433788]
    ],
    "M_G3C4_M M_G3C4H1_M": [
        [0.030951, 0.00646024, 0.000469913]
    ],
    "M_G3C4_M M_G3C4H2_M": [
        [0.0325653, 0.00625833, 0.000455227]
    ],
    "M_G3C5_M M_G3C5H1_M": [
        [-0.0766751, 0.00559668, 0.000407098]
    ],
    "M_G3C5_M M_G3C5H2_M": [
        [-0.0780308, 0.00543188, 0.000395111]
    ],
    "M_G3N6C1_M M_G3N6C1H1_M": [
        [0.011561, 0.00590366, 0.000429428]
    ],
    "M_G3N6C1_M M_G3N6C1H2_M": [
        [0.0112924, 0.00558588, 0.000406313]
    ],
    "M_G3N6C1_M M_G3N6C1H3_M": [
        [0.0110033, 0.00544731, 0.000396234]
    ],
    "M_G3N6C2_M M_G3N6C2H1_M": [
        [0.010922, 0.00552929, 0.000402197]
    ],
    "M_G3N6C2_M M_G3N6C2H2_M": [
        [0.0114495, 0.00605536, 0.000440463]
    ],
    "M_G3N6C2_M M_G3N6C2H3_M": [
        [0.0113887, 0.00522288, 0.000379908]
    ],
    "M_G3N6C3_M M_G3N6C3H1_M": [
        [0.0115281, 0.00513307, 0.000373376]
    ],
    "M_G3N6C3_M M_G3N6C3H2_M": [
        [0.0116588, 0.00551932, 0.000401471]
    ],
    "M_G3N6C3_M M_G3N6C3H3_M": [
        [0.0113144, 0.00523986, 0.000381143]
    ]
}