{
    "M_C3_M M_C3H1_M": [
        [-0.376314, 0.00756589, 0.000718122]
    ],
    "M_C4_M M_C4H1_M": [
        [-0.336005, 0.00756246, 0.000717797]
    ],
    "M_C4_M M_C4H2_M": [
        [-0.167742, 0.0178161, 0.00169103]
    ],
    "M_C6_M M_C6H1_M": [
        [-0.0458771, 0.0189821, 0.0018017]
    ],
    "M_C7_M M_C7H1_M": [
        [-0.276095, 0.0103379, 0.000981234]
    ],
    "M_C7_M M_C7H2_M": [
        [-0.341052, 0.00784981, 0.000745071]
    ],
    "M_C8_M M_C8H1_M": [
        [-0.411067, 0.00929587, 0.000882325]
    ],
    "M_C14_M M_C14H1_M": [
        [-0.406678, 0.0095298, 0.000904528]
    ],
    "M_C15_M M_C15H1_M": [
        [-0.378843, 0.00952896, 0.000904449]
    ],
    "M_C15_M M_C15H2_M": [
        [-0.314428, 0.0138728, 0.00131674]
    ],
    "M_C16_M M_C16H1_M": [
        [-0.0683962, 0.010493, 0.000995949]
    ],
    "M_C16_M M_C16H2_M": [
        [-0.186738, 0.0107591, 0.00102121]
    ],
    "M_C17_M M_C17H1_M": [
        [-0.398232, 0.00953261, 0.000904795]
    ],
    "M_C18_M M_C18H1_M": [
        [0.115667, 0.00732911, 0.000695648]
    ],
    "M_C18_M M_C18H2_M": [
        [0.117026, 0.00733374, 0.000696088]
    ],
    "M_C18_M M_C18H3_M": [
        [0.116989, 0.00938611, 0.00089089]
    ],
    "M_C12_M M_C12H1_M": [
        [-0.0906976, 0.0180076, 0.00170921]
    ],
    "M_C12_M M_C12H2_M": [
        [-0.403667, 0.00917304, 0.000870666]
    ],
    "M_C11_M M_C11H1_M": [
        [-0.407556, 0.00929436, 0.000882182]
    ],
    "M_C11_M M_C11H2_M": [
        [-0.20968, 0.0117185, 0.00111227]
    ],
    "M_C9_M M_C9H1_M": [
        [-0.409242, 0.00930889, 0.00088356]
    ],
    "M_C19_M M_C19H1_M": [
        [0.116199, 0.0118934, 0.00112887]
    ],
    "M_C19_M M_C19H2_M": [
        [0.118397, 0.0107553, 0.00102085]
    ],
    "M_C19_M M_C19H3_M": [
        [0.119222, 0.00981234, 0.000931346]
    ],
    "M_C1_M M_C1H1_M": [
        [-0.213961, 0.0172008, 0.00163263]
    ],
    "M_C1_M M_C1H2_M": [
        [-0.361659, 0.00778985, 0.000739379]
    ],
    "M_C2_M M_C2H1_M": [
        [-0.218385, 0.0105181, 0.000998333]
    ],
    "M_C2_M M_C2H2_M": [
        [-0.347093, 0.00776132, 0.000736672]
    ],
    "M_C20_M M_C20H1_M": [
        [-0.381837, 0.00925058, 0.000878027]
    ],
    "M_C21_M M_C21H1_M": [
        [0.0981853, 0.0151858, 0.00144138]
    ],
    "M_C21_M M_C21H2_M": [
        [0.0985076, 0.0155321, 0.00147424]
    ],
    "M_C21_M M_C21H3_M": [
        [0.0969637, 0.0159639, 0.00151523]
    ],
    "M_C22_M M_C22H1_M": [
        [-0.172723, 0.0254808, 0.00241854]
    ],
    "M_C22_M M_C22H2_M": [
        [-0.336782, 0.0524435, 0.00497772]
    ],
    "M_C23_M M_C23H1_M": [
        [-0.122219, 0.0210102, 0.0019942]
    ],
    "M_C23_M M_C23H2_M": [
        [-0.317833, 0.0435876, 0.00413716]
    ],
    "M_C24_M M_C24H1_M": [
        [-0.145016, 0.0174787, 0.001659]
    ],
    "M_C24_M M_C24H2_M": [
        [-0.270382, 0.0361999, 0.00343594]
    ],
    "M_C25_M M_C25H1_M": [
        [-0.163664, 0.013271, 0.00125963]
    ],
    "M_C26_M M_C26H1_M": [
        [0.0111396, 0.00591809, 0.00056172]
    ],
    "M_C26_M M_C26H2_M": [
        [0.0123526, 0.00581944, 0.000552356]
    ],
    "M_C26_M M_C26H3_M": [
        [0.0123253, 0.00591231, 0.000561172]
    ],
    "M_C27_M M_C27H1_M": [
        [-0.00328133, 0.006402, 0.000607651]
    ],
    "M_C27_M M_C27H2_M": [
        [-0.00301096, 0.00624859, 0.00059309]
    ],
    "M_C27_M M_C27H3_M": [
        [-0.0041939, 0.00600975, 0.00057042]
    ]
}