{
    "M_C3_M M_C3H3_M": [
        [-0.359738, 0.0205966, 0.00294237]
    ],
    "M_C4_M M_C4H41_M": [
        [-0.312092, 0.0229042, 0.00327203]
    ],
    "M_C4_M M_C4H42_M": [
        [-0.183737, 0.0322413, 0.00460591]
    ],
    "M_C6_M M_C6H6_M": [
        [-0.0396081, 0.0331548, 0.00473641]
    ],
    "M_C7_M M_C7H71_M": [
        [-0.266005, 0.0169902, 0.00242718]
    ],
    "M_C7_M M_C7H72_M": [
        [-0.325011, 0.021856, 0.00312229]
    ],
    "M_C8_M M_C8H8_M": [
        [-0.392488, 0.0197462, 0.00282089]
    ],
    "M_C14_M M_C14H14_M": [
        [-0.389836, 0.0189785, 0.00271122]
    ],
    "M_C15_M M_C15H151_M": [
        [-0.358795, 0.0223885, 0.00319836]
    ],
    "M_C15_M M_C15H152_M": [
        [-0.31848, 0.0264346, 0.00377637]
    ],
    "M_C16_M M_C16H161_M": [
        [-0.0834465, 0.0242513, 0.00346447]
    ],
    "M_C16_M M_C16H162_M": [
        [-0.153095, 0.022443, 0.00320614]
    ],
    "M_C17_M M_C17H17_M": [
        [-0.387093, 0.0183826, 0.00262608]
    ],
    "M_C18_M M_C18H181_M": [
        [0.108037, 0.020287, 0.00289814]
    ],
    "M_C18_M M_C18H182_M": [
        [0.11334, 0.019727, 0.00281814]
    ],
    "M_C18_M M_C18H183_M": [
        [0.115426, 0.0176437, 0.00252053]
    ],
    "M_C12_M M_C12H121_M": [
        [-0.10945, 0.0324954, 0.00464221]
    ],
    "M_C12_M M_C12H122_M": [
        [-0.383984, 0.0199873, 0.00285533]
    ],
    "M_C11_M M_C11H111_M": [
        [-0.388411, 0.0200849, 0.00286928]
    ],
    "M_C11_M M_C11H112_M": [
        [-0.210731, 0.0203226, 0.00290323]
    ],
    "M_C9_M M_C9H9_M": [
        [-0.389041, 0.0196517, 0.00280739]
    ],
    "M_C19_M M_C19H191_M": [
        [0.113278, 0.0141033, 0.00201476]
    ],
    "M_C19_M M_C19H192_M": [
        [0.11003, 0.0136481, 0.00194973]
    ],
    "M_C19_M M_C19H193_M": [
        [0.112194, 0.0107061, 0.00152945]
    ],
    "M_C1_M M_C1H11_M": [
        [-0.19683, 0.0321464, 0.00459235]
    ],
    "M_C1_M M_C1H12_M": [
        [-0.355415, 0.021541, 0.00307729]
    ],
    "M_C2_M M_C2H21_M": [
        [-0.212669, 0.0196862, 0.00281231]
    ],
    "M_C2_M M_C2H22_M": [
        [-0.339456, 0.0212355, 0.00303365]
    ],
    "M_C20_M M_C20H20_M": [
        [-0.365631, 0.0262154, 0.00374506]
    ],
    "M_C21_M M_C21H211_M": [
        [0.101941, 0.0144146, 0.00205923]
    ],
    "M_C21_M M_C21H212_M": [
        [0.105544, 0.0141208, 0.00201725]
    ],
    "M_C21_M M_C21H213_M": [
        [0.102609, 0.0138532, 0.00197903]
    ],
    "M_C22_M M_C22H221_M": [
        [-0.212449, 0.034917, 0.00498815]
    ],
    "M_C22_M M_C22H222_M": [
        [-0.346276, 0.0235023, 0.00335747]
    ],
    "M_C23_M M_C23H231_M": [
        [-0.173843, 0.0293044, 0.00418634]
    ],
    "M_C23_M M_C23H232_M": [
        [-0.32191, 0.02336, 0.00333715]
    ],
    "M_C24_M M_C24H241_M": [
        [-0.182964, 0.0241375, 0.00344821]
    ],
    "M_C24_M M_C24H242_M": [
        [-0.27493, 0.0286921, 0.00409886]
    ],
    "M_C25_M M_C25H25_M": [
        [-0.157089, 0.0175773, 0.00251104]
    ],
    "M_C26_M M_C26H261_M": [
        [0.00771657, 0.0113954, 0.00162792]
    ],
    "M_C26_M M_C26H262_M": [
        [0.0142778, 0.00948434, 0.00135491]
    ],
    "M_C26_M M_C26H263_M": [
        [0.0144539, 0.012508, 0.00178686]
    ],
    "M_C27_M M_C27H271_M": [
        [0.00447638, 0.0113496, 0.00162137]
    ],
    "M_C27_M M_C27H272_M": [
        [0.011809, 0.0163361, 0.00233372]
    ],
    "M_C27_M M_C27H273_M": [
        [0.00937685, 0.0129342, 0.00184774]
    ]
}