{
    "M_G1_M M_G1H1_M": [
        [-0.0762825, 0.0615611, 0.00436395]
    ],
    "M_G1_M M_G1H2_M": [
        [-0.162227, 0.0411259, 0.00291533]
    ],
    "M_G1C3_M M_G1C3H1_M": [
        [-0.250356, 0.0272392, 0.00193093]
    ],
    "M_G1C3_M M_G1C3H2_M": [
        [-0.253647, 0.0211783, 0.00150129]
    ],
    "M_G1C4_M M_G1C4H1_M": [
        [-0.222524, 0.0270188, 0.00191531]
    ],
    "M_G1C4_M M_G1C4H2_M": [
        [-0.230439, 0.0254927, 0.00180713]
    ],
    "M_G1C5_M M_G1C5H1_M": [
        [-0.261513, 0.0257452, 0.00182503]
    ],
    "M_G1C5_M M_G1C5H2_M": [
        [-0.264526, 0.0245676, 0.00174155]
    ],
    "M_G1C6_M M_G1C6H1_M": [
        [-0.254282, 0.0281367, 0.00199456]
    ],
    "M_G1C6_M M_G1C6H2_M": [
        [-0.254124, 0.0284103, 0.00201395]
    ],
    "M_G1C7_M M_G1C7H1_M": [
        [-0.268459, 0.0270965, 0.00192082]
    ],
    "M_G1C7_M M_G1C7H2_M": [
        [-0.2673, 0.0272281, 0.00193015]
    ],
    "M_G1C8_M M_G1C8H1_M": [
        [-0.257819, 0.0289723, 0.00205379]
    ],
    "M_G1C8_M M_G1C8H2_M": [
        [-0.258614, 0.0290909, 0.0020622]
    ],
    "M_G1C9_M M_G1C9H1_M": [
        [-0.256713, 0.0284412, 0.00201614]
    ],
    "M_G1C9_M M_G1C9H2_M": [
        [-0.256671, 0.0286611, 0.00203173]
    ],
    "M_G1C10_M M_G1C10H1_M": [
        [-0.241365, 0.0287117, 0.00203532]
    ],
    "M_G1C10_M M_G1C10H2_M": [
        [-0.240535, 0.0286868, 0.00203355]
    ],
    "M_G1C11_M M_G1C11H1_M": [
        [-0.231653, 0.0273088, 0.00193587]
    ],
    "M_G1C11_M M_G1C11H2_M": [
        [-0.230969, 0.0283651, 0.00201075]
    ],
    "M_G1C12_M M_G1C12H1_M": [
        [-0.208449, 0.0267853, 0.00189876]
    ],
    "M_G1C12_M M_G1C12H2_M": [
        [-0.208523, 0.0277466, 0.00196691]
    ],
    "M_G1C13_M M_G1C13H1_M": [
        [-0.191078, 0.0262083, 0.00185785]
    ],
    "M_G1C13_M M_G1C13H2_M": [
        [-0.191965, 0.0262155, 0.00185836]
    ],
    "M_G1C14_M M_G1C14H1_M": [
        [-0.16335, 0.0244274, 0.00173161]
    ],
    "M_G1C14_M M_G1C14H2_M": [
        [-0.163203, 0.0240799, 0.00170698]
    ],
    "M_G1C15_M M_G1C15H1_M": [
        [-0.137471, 0.0217737, 0.0015435]
    ],
    "M_G1C15_M M_G1C15H2_M": [
        [-0.137904, 0.018986, 0.00134589]
    ],
    "M_G1C16_M M_G1C16H1_M": [
        [-0.0966707, 0.0154995, 0.00109873]
    ],
    "M_G1C16_M M_G1C16H2_M": [
        [-0.0978844, 0.0157941, 0.00111961]
    ],
    "M_G1C17_M M_G1C17H1_M": [
        [-0.0297345, 0.0106294, 0.0007535]
    ],
    "M_G1C17_M M_G1C17H2_M": [
        [-0.0300824, 0.00978061, 0.000693329]
    ],
    "M_G1C17_M M_G1C17H3_M": [
        [-0.0319611, 0.0105669, 0.000749067]
    ],
    "M_G2_M M_G2H1_M": [
        [-0.0191636, 0.0714148, 0.00506246]
    ],
    "M_G2C3_M M_G2C3H1_M": [
        [-0.162509, 0.0313305, 0.00222096]
    ],
    "M_G2C3_M M_G2C3H2_M": [
        [-0.137977, 0.0349015, 0.0024741]
    ],
    "M_G2C4_M M_G2C4H1_M": [
        [-0.225174, 0.026148, 0.00185359]
    ],
    "M_G2C4_M M_G2C4H2_M": [
        [-0.187098, 0.0301291, 0.00213579]
    ],
    "M_G2C5_M M_G2C5H1_M": [
        [-0.226029, 0.026957, 0.00191093]
    ],
    "M_G2C5_M M_G2C5H2_M": [
        [-0.219195, 0.0289014, 0.00204877]
    ],
    "M_G2C6_M M_G2C6H1_M": [
        [-0.237657, 0.0287857, 0.00204057]
    ],
    "M_G2C6_M M_G2C6H2_M": [
        [-0.234622, 0.0299491, 0.00212304]
    ],
    "M_G2C7_M M_G2C7H1_M": [
        [-0.22143, 0.0299945, 0.00212625]
    ],
    "M_G2C7_M M_G2C7H2_M": [
        [-0.220931, 0.0308284, 0.00218537]
    ],
    "M_G2C8_M M_G2C8H1_M": [
        [-0.218528, 0.0293957, 0.00208381]
    ],
    "M_G2C8_M M_G2C8H2_M": [
        [-0.219641, 0.0290474, 0.00205912]
    ],
    "M_G2C9_M M_G2C9H1_M": [
        [-0.162107, 0.0292374, 0.00207259]
    ],
    "M_G2C9_M M_G2C9H2_M": [
        [-0.160786, 0.0302575, 0.0021449]
    ],
    "M_G2C10_M M_G2C10H1_M": [
        [-0.116686, 0.0322729, 0.00228777]
    ],
    "M_G2C11_M M_G2C11H1_M": [
        [-0.0318997, 0.042645, 0.00302303]
    ],
    "M_G2C12_M M_G2C12H1_M": [
        [-0.108943, 0.0346319, 0.00245499]
    ],
    "M_G2C12_M M_G2C12H2_M": [
        [-0.110755, 0.0333578, 0.00236467]
    ],
    "M_G2C13_M M_G2C13H1_M": [
        [-0.161093, 0.0300247, 0.00212839]
    ],
    "M_G2C13_M M_G2C13H2_M": [
        [-0.162372, 0.0305914, 0.00216857]
    ],
    "M_G2C14_M M_G2C14H1_M": [
        [-0.158916, 0.0292311, 0.00207214]
    ],
    "M_G2C14_M M_G2C14H2_M": [
        [-0.161341, 0.0298252, 0.00211425]
    ],
    "M_G2C15_M M_G2C15H1_M": [
        [-0.168257, 0.0270973, 0.00192088]
    ],
    "M_G2C15_M M_G2C15H2_M": [
        [-0.168038, 0.027241, 0.00193106]
    ],
    "M_G2C16_M M_G2C16H1_M": [
        [-0.147447, 0.0247796, 0.00175658]
    ],
    "M_G2C16_M M_G2C16H2_M": [
        [-0.147127, 0.0240281, 0.00170331]
    ],
    "M_G2C17_M M_G2C17H1_M": [
        [-0.131866, 0.0206079, 0.00146086]
    ],
    "M_G2C17_M M_G2C17H2_M": [
        [-0.131266, 0.0208634, 0.00147897]
    ],
    "M_G2C18_M M_G2C18H1_M": [
        [-0.093642, 0.0156175, 0.00110709]
    ],
    "M_G2C18_M M_G2C18H2_M": [
        [-0.0931872, 0.0150255, 0.00106513]
    ],
    "M_G2C19_M M_G2C19H1_M": [
        [-0.0323129, 0.0112032, 0.000794173]
    ],
    "M_G2C19_M M_G2C19H2_M": [
        [-0.032929, 0.0116266, 0.00082419]
    ],
    "M_G2C19_M M_G2C19H3_M": [
        [-0.0313218, 0.0100352, 0.000711373]
    ],
    "M_G3_M M_G3H1_M": [
        [-0.00272547, 0.0625059, 0.00443092]
    ],
    "M_G3_M M_G3H2_M": [
        [0.00430434, 0.0622886, 0.00441552]
    ],
    "M_G3C4_M M_G3C4H1_M": [
        [0.0518393, 0.0260817, 0.00184888]
    ],
    "M_G3C4_M M_G3C4H2_M": [
        [0.0369705, 0.025453, 0.00180431]
    ],
    "M_G3C5_M M_G3C5H1_M": [
        [-0.0291531, 0.0235652, 0.00167049]
    ],
    "M_G3C5_M M_G3C5H2_M": [
        [-0.0562828, 0.0227608, 0.00161347]
    ],
    "M_G3N6C1_M M_G3N6C1H1_M": [
        [0.014529, 0.0133191, 0.000944168]
    ],
    "M_G3N6C1_M M_G3N6C1H2_M": [
        [0.0153799, 0.015494, 0.00109834]
    ],
    "M_G3N6C1_M M_G3N6C1H3_M": [
        [0.0134934, 0.0128753, 0.000912705]
    ],
    "M_G3N6C2_M M_G3N6C2H1_M": [
        [0.0160794, 0.0145344, 0.00103031]
    ],
    "M_G3N6C2_M M_G3N6C2H2_M": [
        [0.0141188, 0.0146671, 0.00103972]
    ],
    "M_G3N6C2_M M_G3N6C2H3_M": [
        [0.0137191, 0.0151027, 0.0010706]
    ],
    "M_G3N6C3_M M_G3N6C3H1_M": [
        [0.012891, 0.0137605, 0.000975457]
    ],
    "M_G3N6C3_M M_G3N6C3H2_M": [
        [0.0147659, 0.0130977, 0.000928473]
    ],
    "M_G3N6C3_M M_G3N6C3H3_M": [
        [0.0148362, 0.0146133, 0.00103591]
    ]
}