{
    "M_G1_M M_G1H1_M": [
        [-0.245275, 0.0414271, 0.00539335]
    ],
    "M_G1_M M_G1H2_M": [
        [0.0126136, 0.0406584, 0.00529328]
    ],
    "M_G1C3_M M_G1C3H1_M": [
        [-0.257498, 0.0161097, 0.0020973]
    ],
    "M_G1C3_M M_G1C3H2_M": [
        [-0.246603, 0.0163076, 0.00212307]
    ],
    "M_G1C4_M M_G1C4H1_M": [
        [-0.2112, 0.0133014, 0.00173169]
    ],
    "M_G1C4_M M_G1C4H2_M": [
        [-0.203632, 0.0154294, 0.00200874]
    ],
    "M_G1C5_M M_G1C5H1_M": [
        [-0.241527, 0.0132612, 0.00172647]
    ],
    "M_G1C5_M M_G1C5H2_M": [
        [-0.237628, 0.0133479, 0.00173775]
    ],
    "M_G1C6_M M_G1C6H1_M": [
        [-0.223533, 0.0145815, 0.00189836]
    ],
    "M_G1C6_M M_G1C6H2_M": [
        [-0.222443, 0.0138466, 0.00180268]
    ],
    "M_G1C7_M M_G1C7H1_M": [
        [-0.236473, 0.0140199, 0.00182523]
    ],
    "M_G1C7_M M_G1C7H2_M": [
        [-0.235677, 0.01379, 0.0017953]
    ],
    "M_G1C8_M M_G1C8H1_M": [
        [-0.221272, 0.0145891, 0.00189933]
    ],
    "M_G1C8_M M_G1C8H2_M": [
        [-0.221058, 0.0147545, 0.00192087]
    ],
    "M_G1C9_M M_G1C9H1_M": [
        [-0.222697, 0.0141539, 0.00184268]
    ],
    "M_G1C9_M M_G1C9H2_M": [
        [-0.22321, 0.0146436, 0.00190644]
    ],
    "M_G1C10_M M_G1C10H1_M": [
        [-0.204168, 0.0139124, 0.00181124]
    ],
    "M_G1C10_M M_G1C10H2_M": [
        [-0.203113, 0.0150942, 0.0019651]
    ],
    "M_G1C11_M M_G1C11H1_M": [
        [-0.197325, 0.0142658, 0.00185725]
    ],
    "M_G1C11_M M_G1C11H2_M": [
        [-0.197712, 0.0142498, 0.00185516]
    ],
    "M_G1C12_M M_G1C12H1_M": [
        [-0.173981, 0.0144188, 0.00187717]
    ],
    "M_G1C12_M M_G1C12H2_M": [
        [-0.174348, 0.0136419, 0.00177602]
    ],
    "M_G1C13_M M_G1C13H1_M": [
        [-0.16266, 0.0132748, 0.00172824]
    ],
    "M_G1C13_M M_G1C13H2_M": [
        [-0.162705, 0.0126437, 0.00164608]
    ],
    "M_G1C14_M M_G1C14H1_M": [
        [-0.136539, 0.0117692, 0.00153221]
    ],
    "M_G1C14_M M_G1C14H2_M": [
        [-0.136499, 0.0107003, 0.00139306]
    ],
    "M_G1C15_M M_G1C15H1_M": [
        [-0.118678, 0.00940788, 0.0012248]
    ],
    "M_G1C15_M M_G1C15H2_M": [
        [-0.118228, 0.00848009, 0.00110401]
    ],
    "M_G1C16_M M_G1C16H1_M": [
        [-0.0831325, 0.00685022, 0.000891823]
    ],
    "M_G1C16_M M_G1C16H2_M": [
        [-0.082222, 0.00656322, 0.000854458]
    ],
    "M_G1C17_M M_G1C17H1_M": [
        [-0.0285084, 0.00325675, 0.000423993]
    ],
    "M_G1C17_M M_G1C17H2_M": [
        [-0.0275366, 0.00304139, 0.000395955]
    ],
    "M_G1C17_M M_G1C17H3_M": [
        [-0.0274437, 0.00313437, 0.00040806]
    ],
    "M_G2_M M_G2H1_M": [
        [-0.22444, 0.043164, 0.00561948]
    ],
    "M_G2C3_M M_G2C3H1_M": [
        [-0.127023, 0.0223636, 0.00291149]
    ],
    "M_G2C3_M M_G2C3H2_M": [
        [-0.119598, 0.0258947, 0.0033712]
    ],
    "M_G2C4_M M_G2C4H1_M": [
        [-0.185553, 0.0180953, 0.00235581]
    ],
    "M_G2C4_M M_G2C4H2_M": [
        [-0.173595, 0.0213868, 0.00278432]
    ],
    "M_G2C5_M M_G2C5H1_M": [
        [-0.189941, 0.0194118, 0.0025272]
    ],
    "M_G2C5_M M_G2C5H2_M": [
        [-0.185144, 0.0204449, 0.0026617]
    ],
    "M_G2C6_M M_G2C6H1_M": [
        [-0.204536, 0.0179443, 0.00233615]
    ],
    "M_G2C6_M M_G2C6H2_M": [
        [-0.202712, 0.0174719, 0.00227465]
    ],
    "M_G2C7_M M_G2C7H1_M": [
        [-0.179985, 0.0170486, 0.00221953]
    ],
    "M_G2C7_M M_G2C7H2_M": [
        [-0.17865, 0.0156766, 0.00204093]
    ],
    "M_G2C8_M M_G2C8H1_M": [
        [-0.176998, 0.0153685, 0.0020008]
    ],
    "M_G2C8_M M_G2C8H2_M": [
        [-0.176684, 0.014059, 0.00183033]
    ],
    "M_G2C9_M M_G2C9H1_M": [
        [-0.123399, 0.0101351, 0.00131948]
    ],
    "M_G2C9_M M_G2C9H2_M": [
        [-0.123526, 0.012079, 0.00157255]
    ],
    "M_G2C10_M M_G2C10H1_M": [
        [-0.0929343, 0.0116119, 0.00151174]
    ],
    "M_G2C11_M M_G2C11H1_M": [
        [0.0133553, 0.0158306, 0.00206097]
    ],
    "M_G2C12_M M_G2C12H1_M": [
        [-0.0601551, 0.0132188, 0.00172094]
    ],
    "M_G2C12_M M_G2C12H2_M": [
        [-0.0610183, 0.0122434, 0.00159395]
    ],
    "M_G2C13_M M_G2C13H1_M": [
        [-0.114345, 0.0135959, 0.00177003]
    ],
    "M_G2C13_M M_G2C13H2_M": [
        [-0.114521, 0.0135975, 0.00177024]
    ],
    "M_G2C14_M M_G2C14H1_M": [
        [-0.119567, 0.0119511, 0.00155589]
    ],
    "M_G2C14_M M_G2C14H2_M": [
        [-0.119709, 0.0126824, 0.00165111]
    ],
    "M_G2C15_M M_G2C15H1_M": [
        [-0.128668, 0.0119872, 0.00156059]
    ],
    "M_G2C15_M M_G2C15H2_M": [
        [-0.127841, 0.0118865, 0.00154749]
    ],
    "M_G2C16_M M_G2C16H1_M": [
        [-0.115723, 0.0109515, 0.00142576]
    ],
    "M_G2C16_M M_G2C16H2_M": [
        [-0.115133, 0.0109676, 0.00142786]
    ],
    "M_G2C17_M M_G2C17H1_M": [
        [-0.105597, 0.00920165, 0.00119795]
    ],
    "M_G2C17_M M_G2C17H2_M": [
        [-0.105498, 0.00955596, 0.00124408]
    ],
    "M_G2C18_M M_G2C18H1_M": [
        [-0.0776321, 0.00679339, 0.000884424]
    ],
    "M_G2C18_M M_G2C18H2_M": [
        [-0.07794, 0.00665982, 0.000867035]
    ],
    "M_G2C19_M M_G2C19H1_M": [
        [-0.0250843, 0.00277752, 0.000361603]
    ],
    "M_G2C19_M M_G2C19H2_M": [
        [-0.0251009, 0.002731, 0.000355547]
    ],
    "M_G2C19_M M_G2C19H3_M": [
        [-0.0247439, 0.00324616, 0.000422614]
    ],
    "M_G3_M M_G3H1_M": [
        [-0.152686, 0.0465989, 0.00606666]
    ],
    "M_G3_M M_G3H2_M": [
        [-0.226594, 0.0316968, 0.00412657]
    ],
    "M_G3C4_M M_G3C4H1_M": [
        [0.0514833, 0.0218639, 0.00284643]
    ],
    "M_G3C4_M M_G3C4H2_M": [
        [0.051598, 0.0205298, 0.00267276]
    ],
    "M_G3C5_M M_G3C5H1_M": [
        [-0.00572496, 0.0121301, 0.00157921]
    ],
    "M_G3C5_M M_G3C5H2_M": [
        [-0.00913177, 0.0144875, 0.00188612]
    ],
    "M_G3N6C1_M M_G3N6C1H1_M": [
        [0.0118218, 0.00417248, 0.000543211]
    ],
    "M_G3N6C1_M M_G3N6C1H2_M": [
        [0.0128652, 0.00350423, 0.000456212]
    ],
    "M_G3N6C1_M M_G3N6C1H3_M": [
        [0.0121833, 0.00461666, 0.000601037]
    ],
    "M_G3N6C2_M M_G3N6C2H1_M": [
        [0.0127976, 0.00359491, 0.000468017]
    ],
    "M_G3N6C2_M M_G3N6C2H2_M": [
        [0.0121572, 0.00391902, 0.000510213]
    ],
    "M_G3N6C2_M M_G3N6C2H3_M": [
        [0.0126051, 0.00349845, 0.000455459]
    ],
    "M_G3N6C3_M M_G3N6C3H1_M": [
        [0.0125406, 0.00403957, 0.000525908]
    ],
    "M_G3N6C3_M M_G3N6C3H2_M": [
        [0.0114104, 0.00447935, 0.000583162]
    ],
    "M_G3N6C3_M M_G3N6C3H3_M": [
        [0.0128442, 0.00366864, 0.000477616]
    ]
}