{
    "M_G1_M M_G1H1_M": [
        [-0.1033, 0.129702, 0.00382303]
    ],
    "M_G1_M M_G1H2_M": [
        [-0.152353, 0.125188, 0.00369]
    ],
    "M_G1C3_M M_G1C3H1_M": [
        [-0.269031, 0.0859914, 0.00253465]
    ],
    "M_G1C3_M M_G1C3H2_M": [
        [-0.26772, 0.083872, 0.00247218]
    ],
    "M_G1C4_M M_G1C4H1_M": [
        [-0.258308, 0.0947092, 0.00279161]
    ],
    "M_G1C4_M M_G1C4H2_M": [
        [-0.261495, 0.091438, 0.00269519]
    ],
    "M_G1C5_M M_G1C5H1_M": [
        [-0.298609, 0.0885012, 0.00260862]
    ],
    "M_G1C5_M M_G1C5H2_M": [
        [-0.300555, 0.0882903, 0.00260241]
    ],
    "M_G1C6_M M_G1C6H1_M": [
        [-0.29946, 0.0946398, 0.00278956]
    ],
    "M_G1C6_M M_G1C6H2_M": [
        [-0.299727, 0.0948118, 0.00279463]
    ],
    "M_G1C7_M M_G1C7H1_M": [
        [-0.315921, 0.0913831, 0.00269357]
    ],
    "M_G1C7_M M_G1C7H2_M": [
        [-0.315625, 0.0919267, 0.00270959]
    ],
    "M_G1C8_M M_G1C8H1_M": [
        [-0.315353, 0.0950526, 0.00280173]
    ],
    "M_G1C8_M M_G1C8H2_M": [
        [-0.315325, 0.0951615, 0.00280494]
    ],
    "M_G1C9_M M_G1C9H1_M": [
        [-0.320967, 0.0946416, 0.00278962]
    ],
    "M_G1C9_M M_G1C9H2_M": [
        [-0.320992, 0.0949254, 0.00279798]
    ],
    "M_G1C10_M M_G1C10H1_M": [
        [-0.317141, 0.097483, 0.00287337]
    ],
    "M_G1C10_M M_G1C10H2_M": [
        [-0.317088, 0.097579, 0.0028762]
    ],
    "M_G1C11_M M_G1C11H1_M": [
        [-0.316676, 0.0978413, 0.00288393]
    ],
    "M_G1C11_M M_G1C11H2_M": [
        [-0.316589, 0.0976785, 0.00287913]
    ],
    "M_G1C12_M M_G1C12H1_M": [
        [-0.308918, 0.0997572, 0.0029404]
    ],
    "M_G1C12_M M_G1C12H2_M": [
        [-0.308594, 0.099901, 0.00294464]
    ],
    "M_G1C13_M M_G1C13H1_M": [
        [-0.300183, 0.100142, 0.00295176]
    ],
    "M_G1C13_M M_G1C13H2_M": [
        [-0.300281, 0.100098, 0.00295045]
    ],
    "M_G1C14_M M_G1C14H1_M": [
        [-0.280515, 0.099615, 0.00293621]
    ],
    "M_G1C14_M M_G1C14H2_M": [
        [-0.280236, 0.09988, 0.00294402]
    ],
    "M_G1C15_M M_G1C15H1_M": [
        [-0.249861, 0.0937632, 0.00276372]
    ],
    "M_G1C15_M M_G1C15H2_M": [
        [-0.24973, 0.0937236, 0.00276256]
    ],
    "M_G1C16_M M_G1C16H1_M": [
        [-0.189702, 0.0785534, 0.00231541]
    ],
    "M_G1C16_M M_G1C16H2_M": [
        [-0.190476, 0.0787556, 0.00232137]
    ],
    "M_G1C17_M M_G1C17H1_M": [
        [-0.0573484, 0.026495, 0.000780954]
    ],
    "M_G1C17_M M_G1C17H2_M": [
        [-0.0573431, 0.0261838, 0.000771784]
    ],
    "M_G1C17_M M_G1C17H3_M": [
        [-0.05757, 0.0262162, 0.000772738]
    ],
    "M_G2_M M_G2H1_M": [
        [-0.050598, 0.149488, 0.00440623]
    ],
    "M_G2C3_M M_G2C3H1_M": [
        [-0.156181, 0.110483, 0.00325655]
    ],
    "M_G2C3_M M_G2C3H2_M": [
        [-0.17138, 0.101136, 0.00298105]
    ],
    "M_G2C4_M M_G2C4H1_M": [
        [-0.256801, 0.0871429, 0.00256859]
    ],
    "M_G2C4_M M_G2C4H2_M": [
        [-0.230108, 0.092078, 0.00271405]
    ],
    "M_G2C5_M M_G2C5H1_M": [
        [-0.272358, 0.0893204, 0.00263277]
    ],
    "M_G2C5_M M_G2C5H2_M": [
        [-0.268018, 0.0907255, 0.00267419]
    ],
    "M_G2C6_M M_G2C6H1_M": [
        [-0.29644, 0.0916735, 0.00270213]
    ],
    "M_G2C6_M M_G2C6H2_M": [
        [-0.293341, 0.0923888, 0.00272321]
    ],
    "M_G2C7_M M_G2C7H1_M": [
        [-0.304244, 0.093461, 0.00275482]
    ],
    "M_G2C7_M M_G2C7H2_M": [
        [-0.302448, 0.0935067, 0.00275616]
    ],
    "M_G2C8_M M_G2C8H1_M": [
        [-0.315658, 0.0939677, 0.00276975]
    ],
    "M_G2C8_M M_G2C8H2_M": [
        [-0.313782, 0.0940387, 0.00277185]
    ],
    "M_G2C9_M M_G2C9H1_M": [
        [-0.317228, 0.0960016, 0.0028297]
    ],
    "M_G2C9_M M_G2C9H2_M": [
        [-0.315833, 0.0959607, 0.0028285]
    ],
    "M_G2C10_M M_G2C10H1_M": [
        [-0.319737, 0.0964847, 0.00284394]
    ],
    "M_G2C10_M M_G2C10H2_M": [
        [-0.320713, 0.0966396, 0.00284851]
    ],
    "M_G2C11_M M_G2C11H1_M": [
        [-0.317964, 0.0986661, 0.00290824]
    ],
    "M_G2C11_M M_G2C11H2_M": [
        [-0.317161, 0.0983208, 0.00289806]
    ],
    "M_G2C12_M M_G2C12H1_M": [
        [-0.31676, 0.0992388, 0.00292512]
    ],
    "M_G2C12_M M_G2C12H2_M": [
        [-0.316245, 0.0988768, 0.00291445]
    ],
    "M_G2C13_M M_G2C13H1_M": [
        [-0.310094, 0.100947, 0.00297548]
    ],
    "M_G2C13_M M_G2C13H2_M": [
        [-0.309127, 0.10117, 0.00298204]
    ],
    "M_G2C14_M M_G2C14H1_M": [
        [-0.301094, 0.101916, 0.00300403]
    ],
    "M_G2C14_M M_G2C14H2_M": [
        [-0.30076, 0.101765, 0.00299958]
    ],
    "M_G2C15_M M_G2C15H1_M": [
        [-0.278822, 0.102062, 0.00300832]
    ],
    "M_G2C15_M M_G2C15H2_M": [
        [-0.278521, 0.101636, 0.00299577]
    ],
    "M_G2C16_M M_G2C16H1_M": [
        [-0.235524, 0.0945937, 0.00278821]
    ],
    "M_G2C16_M M_G2C16H2_M": [
        [-0.235843, 0.0942925, 0.00277933]
    ],
    "M_G2C17_M M_G2C17H1_M": [
        [-0.0695106, 0.0322169, 0.000949613]
    ],
    "M_G2C17_M M_G2C17H2_M": [
        [-0.0694624, 0.0321498, 0.000947633]
    ],
    "M_G2C17_M M_G2C17H3_M": [
        [-0.0696963, 0.032503, 0.000958045]
    ],
    "M_G3_M M_G3H1_M": [
        [-0.038565, 0.145044, 0.00427526]
    ],
    "M_G3_M M_G3H2_M": [
        [-0.0384055, 0.154358, 0.0045498]
    ],
    "M_G3C4_M M_G3C4H1_M": [
        [0.0436255, 0.0544615, 0.00160528]
    ],
    "M_G3C4_M M_G3C4H2_M": [
        [0.0278796, 0.0568377, 0.00167532]
    ],
    "M_G3C5_M M_G3C5H1_M": [
        [-0.0258844, 0.0514574, 0.00151674]
    ],
    "M_G3C5_M M_G3C5H2_M": [
        [-0.0552718, 0.0443124, 0.00130613]
    ],
    "M_G3N6C1_M M_G3N6C1H1_M": [
        [0.0121805, 0.0134322, 0.000395922]
    ],
    "M_G3N6C1_M M_G3N6C1H2_M": [
        [0.0120909, 0.0142017, 0.000418602]
    ],
    "M_G3N6C1_M M_G3N6C1H3_M": [
        [0.012567, 0.0142777, 0.000420843]
    ],
    "M_G3N6C2_M M_G3N6C2H1_M": [
        [0.0120925, 0.0136336, 0.000401858]
    ],
    "M_G3N6C2_M M_G3N6C2H2_M": [
        [0.0127333, 0.0135667, 0.000399886]
    ],
    "M_G3N6C2_M M_G3N6C2H3_M": [
        [0.012622, 0.0139237, 0.000410408]
    ],
    "M_G3N6C3_M M_G3N6C3H1_M": [
        [0.0123285, 0.0138339, 0.000407763]
    ],
    "M_G3N6C3_M M_G3N6C3H2_M": [
        [0.0126925, 0.0142695, 0.000420601]
    ],
    "M_G3N6C3_M M_G3N6C3H3_M": [
        [0.0134022, 0.0145355, 0.000428441]
    ]
}