{
    "M_G1_M M_G1H1_M": [
        [-0.166752, 0.0280084, 0.00198546]
    ],
    "M_G1_M M_G1H2_M": [
        [-0.0377945, 0.0230573, 0.00163449]
    ],
    "M_G1C3_M M_G1C3H1_M": [
        [-0.230322, 0.0169632, 0.00120249]
    ],
    "M_G1C3_M M_G1C3H2_M": [
        [-0.203106, 0.0179425, 0.00127191]
    ],
    "M_G1C4_M M_G1C4H1_M": [
        [-0.173779, 0.0128182, 0.000908658]
    ],
    "M_G1C4_M M_G1C4H2_M": [
        [-0.162525, 0.0133467, 0.000946122]
    ],
    "M_G1C5_M M_G1C5H1_M": [
        [-0.201191, 0.0114738, 0.000813355]
    ],
    "M_G1C5_M M_G1C5H2_M": [
        [-0.199098, 0.0125121, 0.000886961]
    ],
    "M_G1C6_M M_G1C6H1_M": [
        [-0.201398, 0.0124834, 0.000884923]
    ],
    "M_G1C6_M M_G1C6H2_M": [
        [-0.19975, 0.0125197, 0.000887495]
    ],
    "M_G1C7_M M_G1C7H1_M": [
        [-0.212462, 0.0119362, 0.000846132]
    ],
    "M_G1C7_M M_G1C7H2_M": [
        [-0.211594, 0.0123877, 0.000878141]
    ],
    "M_G1C8_M M_G1C8H1_M": [
        [-0.202733, 0.0122643, 0.00086939]
    ],
    "M_G1C8_M M_G1C8H2_M": [
        [-0.201822, 0.0129903, 0.000920861]
    ],
    "M_G1C9_M M_G1C9H1_M": [
        [-0.201241, 0.012378, 0.000877453]
    ],
    "M_G1C9_M M_G1C9H2_M": [
        [-0.201035, 0.0123751, 0.000877247]
    ],
    "M_G1C10_M M_G1C10H1_M": [
        [-0.185525, 0.012047, 0.000853986]
    ],
    "M_G1C10_M M_G1C10H2_M": [
        [-0.184753, 0.0125252, 0.000887887]
    ],
    "M_G1C11_M M_G1C11H1_M": [
        [-0.177268, 0.0114335, 0.000810501]
    ],
    "M_G1C11_M M_G1C11H2_M": [
        [-0.177569, 0.0112333, 0.00079631]
    ],
    "M_G1C12_M M_G1C12H1_M": [
        [-0.157842, 0.0112313, 0.000796165]
    ],
    "M_G1C12_M M_G1C12H2_M": [
        [-0.159124, 0.0110381, 0.00078247]
    ],
    "M_G1C13_M M_G1C13H1_M": [
        [-0.146545, 0.0106639, 0.000755944]
    ],
    "M_G1C13_M M_G1C13H2_M": [
        [-0.147675, 0.010838, 0.000768282]
    ],
    "M_G1C14_M M_G1C14H1_M": [
        [-0.12671, 0.00995778, 0.000705888]
    ],
    "M_G1C14_M M_G1C14H2_M": [
        [-0.127704, 0.010255, 0.000726957]
    ],
    "M_G1C15_M M_G1C15H1_M": [
        [-0.109748, 0.00926588, 0.000656841]
    ],
    "M_G1C15_M M_G1C15H2_M": [
        [-0.110871, 0.00920462, 0.000652498]
    ],
    "M_G1C16_M M_G1C16H1_M": [
        [-0.0821909, 0.00878407, 0.000622686]
    ],
    "M_G1C16_M M_G1C16H2_M": [
        [-0.0831182, 0.00741071, 0.000525331]
    ],
    "M_G1C17_M M_G1C17H1_M": [
        [-0.0271461, 0.00707511, 0.000501542]
    ],
    "M_G1C17_M M_G1C17H2_M": [
        [-0.0278821, 0.00733628, 0.000520055]
    ],
    "M_G1C17_M M_G1C17H3_M": [
        [-0.0277257, 0.00676095, 0.000479271]
    ],
    "M_G2_M M_G2H1_M": [
        [-0.187697, 0.0251113, 0.00178009]
    ],
    "M_G2C3_M M_G2C3H1_M": [
        [-0.0768658, 0.0184827, 0.0013102]
    ],
    "M_G2C3_M M_G2C3H2_M": [
        [-0.105385, 0.0162508, 0.00115199]
    ],
    "M_G2C4_M M_G2C4H1_M": [
        [-0.196084, 0.0152025, 0.00107768]
    ],
    "M_G2C4_M M_G2C4H2_M": [
        [-0.200846, 0.0137987, 0.000978161]
    ],
    "M_G2C5_M M_G2C5H1_M": [
        [-0.194104, 0.0149234, 0.00105789]
    ],
    "M_G2C5_M M_G2C5H2_M": [
        [-0.196702, 0.0137139, 0.00097215]
    ],
    "M_G2C6_M M_G2C6H1_M": [
        [-0.205464, 0.0147206, 0.00104352]
    ],
    "M_G2C6_M M_G2C6H2_M": [
        [-0.203643, 0.0147822, 0.00104788]
    ],
    "M_G2C7_M M_G2C7H1_M": [
        [-0.182698, 0.0141401, 0.00100236]
    ],
    "M_G2C7_M M_G2C7H2_M": [
        [-0.181595, 0.0137545, 0.000975029]
    ],
    "M_G2C8_M M_G2C8H1_M": [
        [-0.173852, 0.0137497, 0.000974688]
    ],
    "M_G2C8_M M_G2C8H2_M": [
        [-0.172539, 0.0132039, 0.000935999]
    ],
    "M_G2C9_M M_G2C9H1_M": [
        [-0.101517, 0.0159804, 0.00113282]
    ],
    "M_G2C9_M M_G2C9H2_M": [
        [-0.100804, 0.0166298, 0.00117886]
    ],
    "M_G2C10_M M_G2C10H1_M": [
        [-0.0582864, 0.0142035, 0.00100686]
    ],
    "M_G2C11_M M_G2C11H1_M": [
        [-0.0475902, 0.0137125, 0.000972054]
    ],
    "M_G2C12_M M_G2C12H1_M": [
        [-0.0756143, 0.0164503, 0.00116613]
    ],
    "M_G2C12_M M_G2C12H2_M": [
        [-0.0762265, 0.016163, 0.00114577]
    ],
    "M_G2C13_M M_G2C13H1_M": [
        [-0.114625, 0.0113268, 0.000802939]
    ],
    "M_G2C13_M M_G2C13H2_M": [
        [-0.11502, 0.0115117, 0.000816044]
    ],
    "M_G2C14_M M_G2C14H1_M": [
        [-0.120226, 0.0109841, 0.000778645]
    ],
    "M_G2C14_M M_G2C14H2_M": [
        [-0.120159, 0.0107866, 0.000764639]
    ],
    "M_G2C15_M M_G2C15H1_M": [
        [-0.124455, 0.0101785, 0.000721535]
    ],
    "M_G2C15_M M_G2C15H2_M": [
        [-0.12355, 0.00994555, 0.000705021]
    ],
    "M_G2C16_M M_G2C16H1_M": [
        [-0.112179, 0.0103643, 0.000734708]
    ],
    "M_G2C16_M M_G2C16H2_M": [
        [-0.111992, 0.00952278, 0.000675052]
    ],
    "M_G2C17_M M_G2C17H1_M": [
        [-0.101653, 0.00855107, 0.000606169]
    ],
    "M_G2C17_M M_G2C17H2_M": [
        [-0.10183, 0.00894082, 0.000633798]
    ],
    "M_G2C18_M M_G2C18H1_M": [
        [-0.0791207, 0.00752513, 0.000533442]
    ],
    "M_G2C18_M M_G2C18H2_M": [
        [-0.0796815, 0.00746762, 0.000529365]
    ],
    "M_G2C19_M M_G2C19H1_M": [
        [-0.0258982, 0.00726173, 0.000514771]
    ],
    "M_G2C19_M M_G2C19H2_M": [
        [-0.0264316, 0.00683227, 0.000484327]
    ],
    "M_G2C19_M M_G2C19H3_M": [
        [-0.0264713, 0.00702818, 0.000498214]
    ],
    "M_G3_M M_G3H1_M": [
        [-0.221379, 0.0211593, 0.00149994]
    ],
    "M_G3_M M_G3H2_M": [
        [-0.242439, 0.0153495, 0.0010881]
    ],
    "M_G3C4_M M_G3C4H1_M": [
        [0.0348602, 0.0162529, 0.00115214]
    ],
    "M_G3C4_M M_G3C4H2_M": [
        [0.0348469, 0.0155704, 0.00110376]
    ],
    "M_G3C5_M M_G3C5H1_M": [
        [-0.0715585, 0.0130424, 0.000924548]
    ],
    "M_G3C5_M M_G3C5H2_M": [
        [-0.0723413, 0.0127909, 0.000906724]
    ],
    "M_G3N6C1_M M_G3N6C1H1_M": [
        [0.010451, 0.00889132, 0.000630289]
    ],
    "M_G3N6C1_M M_G3N6C1H2_M": [
        [0.0108787, 0.00892923, 0.000632977]
    ],
    "M_G3N6C1_M M_G3N6C1H3_M": [
        [0.0104635, 0.00913042, 0.000647238]
    ],
    "M_G3N6C2_M M_G3N6C2H1_M": [
        [0.011038, 0.00967382, 0.000685759]
    ],
    "M_G3N6C2_M M_G3N6C2H2_M": [
        [0.0098073, 0.00936254, 0.000663693]
    ],
    "M_G3N6C2_M M_G3N6C2H3_M": [
        [0.0112888, 0.00905284, 0.000641739]
    ],
    "M_G3N6C3_M M_G3N6C3H1_M": [
        [0.0104114, 0.00992846, 0.00070381]
    ],
    "M_G3N6C3_M M_G3N6C3H2_M": [
        [0.0110504, 0.00931384, 0.00066024]
    ],
    "M_G3N6C3_M M_G3N6C3H3_M": [
        [0.0106522, 0.00927002, 0.000657135]
    ]
}