{
    "M_G1_M M_G1H1_M": [
        [-0.203185, 0.0499825, 0.00502343]
    ],
    "M_G1_M M_G1H2_M": [
        [-0.0167689, 0.101253, 0.0101763]
    ],
    "M_G1C3_M M_G1C3H1_M": [
        [-0.309588, 0.0263639, 0.00264968]
    ],
    "M_G1C3_M M_G1C3H2_M": [
        [-0.293914, 0.0279075, 0.00280481]
    ],
    "M_G1C4_M M_G1C4H1_M": [
        [-0.309112, 0.0198765, 0.00199766]
    ],
    "M_G1C4_M M_G1C4H2_M": [
        [-0.297156, 0.0209069, 0.00210122]
    ],
    "M_G1C5_M M_G1C5H1_M": [
        [-0.344322, 0.0168737, 0.00169587]
    ],
    "M_G1C5_M M_G1C5H2_M": [
        [-0.341932, 0.0169556, 0.0017041]
    ],
    "M_G1C6_M M_G1C6H1_M": [
        [-0.363016, 0.0170738, 0.00171598]
    ],
    "M_G1C6_M M_G1C6H2_M": [
        [-0.360847, 0.0167659, 0.00168504]
    ],
    "M_G1C7_M M_G1C7H1_M": [
        [-0.376712, 0.015121, 0.00151972]
    ],
    "M_G1C7_M M_G1C7H2_M": [
        [-0.376093, 0.0152926, 0.00153696]
    ],
    "M_G1C8_M M_G1C8H1_M": [
        [-0.377501, 0.0154819, 0.00155599]
    ],
    "M_G1C8_M M_G1C8H2_M": [
        [-0.377517, 0.0155867, 0.00156653]
    ],
    "M_G1C9_M M_G1C9H1_M": [
        [-0.377362, 0.0147602, 0.00148346]
    ],
    "M_G1C9_M M_G1C9H2_M": [
        [-0.376875, 0.0146165, 0.00146901]
    ],
    "M_G1C10_M M_G1C10H1_M": [
        [-0.367598, 0.0156767, 0.00157557]
    ],
    "M_G1C10_M M_G1C10H2_M": [
        [-0.36744, 0.0154104, 0.0015488]
    ],
    "M_G1C11_M M_G1C11H1_M": [
        [-0.357089, 0.0162184, 0.00163001]
    ],
    "M_G1C11_M M_G1C11H2_M": [
        [-0.358656, 0.0154895, 0.00155675]
    ],
    "M_G1C12_M M_G1C12H1_M": [
        [-0.337613, 0.0187497, 0.00188441]
    ],
    "M_G1C12_M M_G1C12H2_M": [
        [-0.337718, 0.0181988, 0.00182905]
    ],
    "M_G1C13_M M_G1C13H1_M": [
        [-0.318488, 0.019755, 0.00198546]
    ],
    "M_G1C13_M M_G1C13H2_M": [
        [-0.318601, 0.0191606, 0.00192572]
    ],
    "M_G1C14_M M_G1C14H1_M": [
        [-0.286308, 0.0225869, 0.00227007]
    ],
    "M_G1C14_M M_G1C14H2_M": [
        [-0.284699, 0.0214766, 0.00215848]
    ],
    "M_G1C15_M M_G1C15H1_M": [
        [-0.245937, 0.0222067, 0.00223186]
    ],
    "M_G1C15_M M_G1C15H2_M": [
        [-0.245991, 0.0207913, 0.00208961]
    ],
    "M_G1C16_M M_G1C16H1_M": [
        [-0.18109, 0.0225938, 0.00227077]
    ],
    "M_G1C16_M M_G1C16H2_M": [
        [-0.181809, 0.020453, 0.0020556]
    ],
    "M_G1C17_M M_G1C17H1_M": [
        [-0.0556056, 0.0118427, 0.00119024]
    ],
    "M_G1C17_M M_G1C17H2_M": [
        [-0.0574857, 0.0106709, 0.00107247]
    ],
    "M_G1C17_M M_G1C17H3_M": [
        [-0.0544775, 0.0105611, 0.00106143]
    ],
    "M_G2_M M_G2H1_M": [
        [-0.225921, 0.0458222, 0.0046053]
    ],
    "M_G2C3_M M_G2C3H1_M": [
        [-0.0994172, 0.0653253, 0.00656544]
    ],
    "M_G2C3_M M_G2C3H2_M": [
        [-0.168544, 0.0412916, 0.00414996]
    ],
    "M_G2C4_M M_G2C4H1_M": [
        [-0.295359, 0.0218613, 0.00219715]
    ],
    "M_G2C4_M M_G2C4H2_M": [
        [-0.29823, 0.0193584, 0.00194559]
    ],
    "M_G2C5_M M_G2C5H1_M": [
        [-0.3083, 0.018714, 0.00188082]
    ],
    "M_G2C5_M M_G2C5H2_M": [
        [-0.310761, 0.0173388, 0.00174261]
    ],
    "M_G2C6_M M_G2C6H1_M": [
        [-0.339211, 0.0166455, 0.00167293]
    ],
    "M_G2C6_M M_G2C6H2_M": [
        [-0.339131, 0.0163493, 0.00164317]
    ],
    "M_G2C7_M M_G2C7H1_M": [
        [-0.32753, 0.0167121, 0.00167963]
    ],
    "M_G2C7_M M_G2C7H2_M": [
        [-0.327244, 0.0168807, 0.00169658]
    ],
    "M_G2C8_M M_G2C8H1_M": [
        [-0.31408, 0.0160793, 0.00161603]
    ],
    "M_G2C8_M M_G2C8H2_M": [
        [-0.314798, 0.0156162, 0.00156948]
    ],
    "M_G2C9_M M_G2C9H1_M": [
        [-0.210431, 0.0170146, 0.00171003]
    ],
    "M_G2C9_M M_G2C9H2_M": [
        [-0.211686, 0.0192369, 0.00193338]
    ],
    "M_G2C10_M M_G2C10H1_M": [
        [-0.136783, 0.0175308, 0.00176191]
    ],
    "M_G2C11_M M_G2C11H1_M": [
        [-0.107572, 0.0170892, 0.00171753]
    ],
    "M_G2C12_M M_G2C12H1_M": [
        [-0.189668, 0.021688, 0.00217973]
    ],
    "M_G2C12_M M_G2C12H2_M": [
        [-0.187231, 0.0204191, 0.0020522]
    ],
    "M_G2C13_M M_G2C13H1_M": [
        [-0.275649, 0.0199779, 0.00200786]
    ],
    "M_G2C13_M M_G2C13H2_M": [
        [-0.27557, 0.0201258, 0.00202272]
    ],
    "M_G2C14_M M_G2C14H1_M": [
        [-0.288615, 0.0184111, 0.00185038]
    ],
    "M_G2C14_M M_G2C14H2_M": [
        [-0.288816, 0.0189668, 0.00190623]
    ],
    "M_G2C15_M M_G2C15H1_M": [
        [-0.293168, 0.0184376, 0.00185305]
    ],
    "M_G2C15_M M_G2C15H2_M": [
        [-0.293555, 0.0181356, 0.0018227]
    ],
    "M_G2C16_M M_G2C16H1_M": [
        [-0.263955, 0.0210592, 0.00211653]
    ],
    "M_G2C16_M M_G2C16H2_M": [
        [-0.263745, 0.0214279, 0.00215359]
    ],
    "M_G2C17_M M_G2C17H1_M": [
        [-0.235744, 0.0216502, 0.00217593]
    ],
    "M_G2C17_M M_G2C17H2_M": [
        [-0.234909, 0.0215598, 0.00216684]
    ],
    "M_G2C18_M M_G2C18H1_M": [
        [-0.17288, 0.020186, 0.00202877]
    ],
    "M_G2C18_M M_G2C18H2_M": [
        [-0.172585, 0.0224305, 0.00225435]
    ],
    "M_G2C19_M M_G2C19H1_M": [
        [-0.0644644, 0.0132879, 0.00133549]
    ],
    "M_G2C19_M M_G2C19H2_M": [
        [-0.0640275, 0.0121524, 0.00122136]
    ],
    "M_G2C19_M M_G2C19H3_M": [
        [-0.0635972, 0.0122712, 0.0012333]
    ],
    "M_G3_M M_G3H1_M": [
        [-0.209824, 0.0592328, 0.00595312]
    ],
    "M_G3_M M_G3H2_M": [
        [-0.224567, 0.0449884, 0.00452151]
    ],
    "M_G3C4_M M_G3C4H1_M": [
        [0.0358572, 0.0227607, 0.00228753]
    ],
    "M_G3C4_M M_G3C4H2_M": [
        [0.0385423, 0.0195436, 0.00196421]
    ],
    "M_G3C5_M M_G3C5H1_M": [
        [-0.0650826, 0.0247278, 0.00248524]
    ],
    "M_G3C5_M M_G3C5H2_M": [
        [-0.0677064, 0.0248247, 0.00249498]
    ],
    "M_G3N6C1_M M_G3N6C1H1_M": [
        [0.00999774, 0.011762, 0.00118213]
    ],
    "M_G3N6C1_M M_G3N6C1H2_M": [
        [0.0120179, 0.0113962, 0.00114536]
    ],
    "M_G3N6C1_M M_G3N6C1H3_M": [
        [0.0108478, 0.0116512, 0.00117099]
    ],
    "M_G3N6C2_M M_G3N6C2H1_M": [
        [0.0119515, 0.0108431, 0.00108978]
    ],
    "M_G3N6C2_M M_G3N6C2H2_M": [
        [0.0101399, 0.00963924, 0.00096878]
    ],
    "M_G3N6C2_M M_G3N6C2H3_M": [
        [0.00852397, 0.0101165, 0.00101675]
    ],
    "M_G3N6C3_M M_G3N6C3H1_M": [
        [0.0126568, 0.0112618, 0.00113186]
    ],
    "M_G3N6C3_M M_G3N6C3H2_M": [
        [0.0105669, 0.010835, 0.00108896]
    ],
    "M_G3N6C3_M M_G3N6C3H3_M": [
        [0.00966022, 0.0117866, 0.0011846]
    ]
}