{
    "M_N1C2_M M_N1C2H1_M": [
        [-0.0866534, 0.10381, 0.0104333]
    ],
    "M_N1C2_M M_N1C2H2_M": [
        [-0.149045, 0.0785999, 0.00789959]
    ],
    "M_N1C3_M M_N1C3H1_M": [
        [-0.267523, 0.0469939, 0.00472306]
    ],
    "M_N1C3_M M_N1C3H2_M": [
        [-0.212841, 0.0770916, 0.007748]
    ],
    "M_N1C4_M M_N1C4H1_M": [
        [-0.319237, 0.0295718, 0.00297208]
    ],
    "M_N1C4_M M_N1C4H2_M": [
        [-0.310228, 0.0254793, 0.00256076]
    ],
    "M_N1C5_M M_N1C5H1_M": [
        [-0.353079, 0.0181101, 0.00182014]
    ],
    "M_N1C5_M M_N1C5H2_M": [
        [-0.348447, 0.0182805, 0.00183726]
    ],
    "M_N1C6_M M_N1C6H1_M": [
        [-0.372329, 0.0147666, 0.0014841]
    ],
    "M_N1C6_M M_N1C6H2_M": [
        [-0.37326, 0.016148, 0.00162293]
    ],
    "M_N1C7_M M_N1C7H1_M": [
        [-0.38727, 0.0142795, 0.00143514]
    ],
    "M_N1C7_M M_N1C7H2_M": [
        [-0.387048, 0.0147224, 0.00147966]
    ],
    "M_N1C8_M M_N1C8H1_M": [
        [-0.390509, 0.0133076, 0.00133746]
    ],
    "M_N1C8_M M_N1C8H2_M": [
        [-0.390218, 0.0143081, 0.00143802]
    ],
    "M_N1C9_M M_N1C9H1_M": [
        [-0.391264, 0.0130939, 0.00131599]
    ],
    "M_N1C9_M M_N1C9H2_M": [
        [-0.392041, 0.0132001, 0.00132666]
    ],
    "M_N1C10_M M_N1C10H1_M": [
        [-0.38478, 0.0132994, 0.00133664]
    ],
    "M_N1C10_M M_N1C10H2_M": [
        [-0.385142, 0.0134967, 0.00135647]
    ],
    "M_N1C11_M M_N1C11H1_M": [
        [-0.374115, 0.0147396, 0.00148138]
    ],
    "M_N1C11_M M_N1C11H2_M": [
        [-0.374241, 0.0140611, 0.0014132]
    ],
    "M_N1C12_M M_N1C12H1_M": [
        [-0.356412, 0.0168267, 0.00169115]
    ],
    "M_N1C12_M M_N1C12H2_M": [
        [-0.357409, 0.0164242, 0.00165069]
    ],
    "M_N1C13_M M_N1C13H1_M": [
        [-0.337284, 0.0190177, 0.00191135]
    ],
    "M_N1C13_M M_N1C13H2_M": [
        [-0.335545, 0.019512, 0.00196103]
    ],
    "M_N1C14_M M_N1C14H1_M": [
        [-0.308875, 0.0225956, 0.00227095]
    ],
    "M_N1C14_M M_N1C14H2_M": [
        [-0.308248, 0.0226164, 0.00227303]
    ],
    "M_N1C15_M M_N1C15H1_M": [
        [-0.274179, 0.0250256, 0.00251517]
    ],
    "M_N1C15_M M_N1C15H2_M": [
        [-0.27374, 0.0253177, 0.00254452]
    ],
    "M_N1C16_M M_N1C16H1_M": [
        [-0.225279, 0.025737, 0.00258666]
    ],
    "M_N1C16_M M_N1C16H2_M": [
        [-0.224655, 0.0254595, 0.00255878]
    ],
    "M_N1C17_M M_N1C17H1_M": [
        [-0.169972, 0.0242696, 0.00243919]
    ],
    "M_N1C17_M M_N1C17H2_M": [
        [-0.169391, 0.023007, 0.00231229]
    ],
    "M_N1C18_M M_N1C18H1_M": [
        [-0.0402067, 0.0113798, 0.00114372]
    ],
    "M_N1C18_M M_N1C18H2_M": [
        [-0.0376983, 0.0114871, 0.00115449]
    ],
    "M_N1C18_M M_N1C18H3_M": [
        [-0.0393488, 0.0102576, 0.00103092]
    ],
    "M_G2_M M_G2H1_M": [
        [-0.327554, 0.0668917, 0.00672287]
    ],
    "M_G2C1_M M_G2C1H1_M": [
        [-0.319248, 0.0646783, 0.00650041]
    ],
    "M_G2C2_M M_G2C2H1_M": [
        [-0.155636, 0.0872276, 0.00876671]
    ],
    "M_G2C3_M M_G2C3H1_M": [
        [-0.15079, 0.0880293, 0.00884728]
    ],
    "M_G2C4_M M_G2C4H1_M": [
        [-0.345025, 0.0260075, 0.00261385]
    ],
    "M_G2C4_M M_G2C4H2_M": [
        [-0.339038, 0.0228344, 0.00229495]
    ],
    "M_G2C5_M M_G2C5H1_M": [
        [-0.346441, 0.016887, 0.00169721]
    ],
    "M_G2C5_M M_G2C5H2_M": [
        [-0.341278, 0.0199358, 0.00200362]
    ],
    "M_G2C6_M M_G2C6H1_M": [
        [-0.379343, 0.0151369, 0.00152132]
    ],
    "M_G2C6_M M_G2C6H2_M": [
        [-0.37557, 0.0161342, 0.00162155]
    ],
    "M_G2C7_M M_G2C7H1_M": [
        [-0.384987, 0.0144909, 0.0014564]
    ],
    "M_G2C7_M M_G2C7H2_M": [
        [-0.383219, 0.0149677, 0.00150431]
    ],
    "M_G2C8_M M_G2C8H1_M": [
        [-0.395531, 0.0135962, 0.00136647]
    ],
    "M_G2C8_M M_G2C8H2_M": [
        [-0.395395, 0.013851, 0.00139208]
    ],
    "M_G2C9_M M_G2C9H1_M": [
        [-0.393868, 0.0140915, 0.00141625]
    ],
    "M_G2C9_M M_G2C9H2_M": [
        [-0.393911, 0.0133796, 0.0013447]
    ],
    "M_G2C10_M M_G2C10H1_M": [
        [-0.394154, 0.0137387, 0.00138079]
    ],
    "M_G2C10_M M_G2C10H2_M": [
        [-0.393715, 0.0131219, 0.0013188]
    ],
    "M_G2C11_M M_G2C11H1_M": [
        [-0.383034, 0.0145557, 0.00146291]
    ],
    "M_G2C11_M M_G2C11H2_M": [
        [-0.382491, 0.0143452, 0.00144175]
    ],
    "M_G2C12_M M_G2C12H1_M": [
        [-0.373041, 0.0148472, 0.0014922]
    ],
    "M_G2C12_M M_G2C12H2_M": [
        [-0.372563, 0.0143717, 0.00144441]
    ],
    "M_G2C13_M M_G2C13H1_M": [
        [-0.347808, 0.0185414, 0.00186348]
    ],
    "M_G2C13_M M_G2C13H2_M": [
        [-0.347165, 0.0185712, 0.00186647]
    ],
    "M_G2C14_M M_G2C14H1_M": [
        [-0.316864, 0.0185974, 0.00186911]
    ],
    "M_G2C14_M M_G2C14H2_M": [
        [-0.317336, 0.0189881, 0.00190837]
    ],
    "M_G2C15_M M_G2C15H1_M": [
        [-0.249609, 0.023178, 0.00232948]
    ],
    "M_G2C15_M M_G2C15H2_M": [
        [-0.251445, 0.0240518, 0.0024173]
    ],
    "M_G2C16_M M_G2C16H1_M": [
        [-0.0915641, 0.0135543, 0.00136226]
    ],
    "M_G2C16_M M_G2C16H2_M": [
        [-0.0941121, 0.0128758, 0.00129407]
    ],
    "M_G2C16_M M_G2C16H3_M": [
        [-0.0924665, 0.0134563, 0.00135241]
    ],
    "M_G3_M M_G3H1_M": [
        [-0.338314, 0.0487433, 0.00489889]
    ],
    "M_G3_M M_G3H2_M": [
        [-0.32083, 0.0661211, 0.00664542]
    ],
    "M_G3C4_M M_G3C4H1_M": [
        [0.0268023, 0.0306186, 0.00307728]
    ],
    "M_G3C4_M M_G3C4H2_M": [
        [0.0760256, 0.0317783, 0.00319384]
    ],
    "M_G3C5_M M_G3C5H1_M": [
        [-0.0482471, 0.0382381, 0.00384308]
    ],
    "M_G3C5_M M_G3C5H2_M": [
        [-0.0845671, 0.0296395, 0.00297888]
    ],
    "M_G3N6C1_M M_G3N6C1H1_M": [
        [0.0128798, 0.0116257, 0.00116843]
    ],
    "M_G3N6C1_M M_G3N6C1H2_M": [
        [0.0121796, 0.0128671, 0.00129319]
    ],
    "M_G3N6C1_M M_G3N6C1H3_M": [
        [0.0106576, 0.00975186, 0.000980098]
    ],
    "M_G3N6C2_M M_G3N6C2H1_M": [
        [0.0132122, 0.0121703, 0.00122316]
    ],
    "M_G3N6C2_M M_G3N6C2H2_M": [
        [0.0108684, 0.0113982, 0.00114557]
    ],
    "M_G3N6C2_M M_G3N6C2H3_M": [
        [0.0127175, 0.00981433, 0.000986378]
    ],
    "M_G3N6C3_M M_G3N6C3H1_M": [
        [0.0145076, 0.0116834, 0.00117422]
    ],
    "M_G3N6C3_M M_G3N6C3H2_M": [
        [0.0108184, 0.0112228, 0.00112793]
    ],
    "M_G3N6C3_M M_G3N6C3H3_M": [
        [0.0141215, 0.0113145, 0.00113715]
    ]
}