{
    "M_G1_M M_G1H1_M": [
        [-0.179092, 0.0299072, 0.0023718]
    ],
    "M_G1_M M_G1H2_M": [
        [-0.0254628, 0.027599, 0.00218874]
    ],
    "M_G2_M M_G2H1_M": [
        [-0.194699, 0.0280844, 0.00222724]
    ],
    "M_G3_M M_G3H1_M": [
        [-0.204526, 0.02659, 0.00210872]
    ],
    "M_G3_M M_G3H2_M": [
        [-0.216084, 0.0194039, 0.00153883]
    ],
    "M_G3C4_M M_G3C4H1_M": [
        [0.0874402, 0.0149084, 0.00118232]
    ],
    "M_G3C4_M M_G3C4H2_M": [
        [0.0613803, 0.0149969, 0.00118933]
    ],
    "M_G3C5_M M_G3C5H1_M": [
        [-0.0102424, 0.0124114, 0.000984287]
    ],
    "M_G3C5_M M_G3C5H2_M": [
        [-0.000389118, 0.0129143, 0.00102417]
    ],
    "M_G1C3_M M_G1C3H1_M": [
        [-0.250735, 0.0158107, 0.00125387]
    ],
    "M_G1C3_M M_G1C3H2_M": [
        [-0.233942, 0.0170674, 0.00135353]
    ],
    "M_G1C4_M M_G1C4H1_M": [
        [-0.214498, 0.0121227, 0.000961393]
    ],
    "M_G1C4_M M_G1C4H2_M": [
        [-0.205713, 0.012661, 0.00100408]
    ],
    "M_G1C5_M M_G1C5H1_M": [
        [-0.245585, 0.0108156, 0.000857736]
    ],
    "M_G1C5_M M_G1C5H2_M": [
        [-0.243453, 0.0115372, 0.000914959]
    ],
    "M_G1C6_M M_G1C6H1_M": [
        [-0.250587, 0.0113204, 0.000897768]
    ],
    "M_G1C6_M M_G1C6H2_M": [
        [-0.24903, 0.0117811, 0.000934302]
    ],
    "M_G1C7_M M_G1C7H1_M": [
        [-0.263309, 0.0113276, 0.000898334]
    ],
    "M_G1C7_M M_G1C7H2_M": [
        [-0.262968, 0.0114591, 0.000908766]
    ],
    "M_G1C8_M M_G1C8H1_M": [
        [-0.258662, 0.0118854, 0.000942577]
    ],
    "M_G1C8_M M_G1C8H2_M": [
        [-0.258663, 0.0113026, 0.000896353]
    ],
    "M_G1C9_M M_G1C9H1_M": [
        [-0.259914, 0.0117099, 0.000928654]
    ],
    "M_G1C9_M M_G1C9H2_M": [
        [-0.259816, 0.011446, 0.000907727]
    ],
    "M_G1C10_M M_G1C10H1_M": [
        [-0.24733, 0.0118339, 0.000938492]
    ],
    "M_G1C10_M M_G1C10H2_M": [
        [-0.247319, 0.0116594, 0.000924648]
    ],
    "M_G1C11_M M_G1C11H1_M": [
        [-0.239689, 0.0114597, 0.000908811]
    ],
    "M_G1C11_M M_G1C11H2_M": [
        [-0.240053, 0.0113872, 0.000903064]
    ],
    "M_G1C12_M M_G1C12H1_M": [
        [-0.220444, 0.0116477, 0.000923725]
    ],
    "M_G1C12_M M_G1C12H2_M": [
        [-0.220601, 0.0109667, 0.000869718]
    ],
    "M_G1C13_M M_G1C13H1_M": [
        [-0.205949, 0.0102944, 0.000816397]
    ],
    "M_G1C13_M M_G1C13H2_M": [
        [-0.206334, 0.00998065, 0.000791517]
    ],
    "M_G1C14_M M_G1C14H1_M": [
        [-0.179804, 0.00946286, 0.000750454]
    ],
    "M_G1C14_M M_G1C14H2_M": [
        [-0.179764, 0.0092534, 0.000733842]
    ],
    "M_G1C15_M M_G1C15H1_M": [
        [-0.155357, 0.00817854, 0.0006486]
    ],
    "M_G1C15_M M_G1C15H2_M": [
        [-0.155349, 0.00791627, 0.000627801]
    ],
    "M_G1C16_M M_G1C16H1_M": [
        [-0.115856, 0.00643927, 0.000510668]
    ],
    "M_G1C16_M M_G1C16H2_M": [
        [-0.115973, 0.00613949, 0.000486893]
    ],
    "M_G1C17_M M_G1C17H1_M": [
        [-0.0373559, 0.00315641, 0.000250319]
    ],
    "M_G1C17_M M_G1C17H2_M": [
        [-0.03728, 0.00296708, 0.000235305]
    ],
    "M_G1C17_M M_G1C17H3_M": [
        [-0.0372602, 0.00337456, 0.00026762]
    ],
    "M_G2C3_M M_G2C3H1_M": [
        [-0.095238, 0.0235502, 0.00186766]
    ],
    "M_G2C3_M M_G2C3H2_M": [
        [-0.132957, 0.0164251, 0.00130259]
    ],
    "M_G2C4_M M_G2C4H1_M": [
        [-0.229146, 0.0123797, 0.000981777]
    ],
    "M_G2C4_M M_G2C4H2_M": [
        [-0.229751, 0.0118953, 0.000943358]
    ],
    "M_G2C5_M M_G2C5H1_M": [
        [-0.231709, 0.0109566, 0.000868917]
    ],
    "M_G2C5_M M_G2C5H2_M": [
        [-0.233218, 0.0113589, 0.000900817]
    ],
    "M_G2C6_M M_G2C6H1_M": [
        [-0.247966, 0.0107962, 0.000856191]
    ],
    "M_G2C6_M M_G2C6H2_M": [
        [-0.246333, 0.0105338, 0.000835386]
    ],
    "M_G2C7_M M_G2C7H1_M": [
        [-0.22587, 0.0100446, 0.00079659]
    ],
    "M_G2C7_M M_G2C7H2_M": [
        [-0.225797, 0.0106515, 0.000844715]
    ],
    "M_G2C8_M M_G2C8H1_M": [
        [-0.216333, 0.0096875, 0.000768268]
    ],
    "M_G2C8_M M_G2C8H2_M": [
        [-0.215896, 0.00993727, 0.000788077]
    ],
    "M_G2C9_M M_G2C9H1_M": [
        [-0.128266, 0.0104348, 0.000827534]
    ],
    "M_G2C9_M M_G2C9H2_M": [
        [-0.127988, 0.0103886, 0.000823871]
    ],
    "M_G2C10_M M_G2C10H1_M": [
        [-0.077371, 0.0113075, 0.000896746]
    ],
    "M_G2C11_M M_G2C11H1_M": [
        [-0.0714721, 0.0110646, 0.000877482]
    ],
    "M_G2C12_M M_G2C12H1_M": [
        [-0.112733, 0.0110807, 0.000878758]
    ],
    "M_G2C12_M M_G2C12H2_M": [
        [-0.113408, 0.0097106, 0.000770101]
    ],
    "M_G2C13_M M_G2C13H1_M": [
        [-0.17042, 0.0106044, 0.000840984]
    ],
    "M_G2C13_M M_G2C13H2_M": [
        [-0.169785, 0.0101653, 0.000806162]
    ],
    "M_G2C14_M M_G2C14H1_M": [
        [-0.177967, 0.0106781, 0.000846831]
    ],
    "M_G2C14_M M_G2C14H2_M": [
        [-0.178571, 0.0100711, 0.000798688]
    ],
    "M_G2C15_M M_G2C15H1_M": [
        [-0.183124, 0.0104194, 0.000826314]
    ],
    "M_G2C15_M M_G2C15H2_M": [
        [-0.183037, 0.00988249, 0.000783732]
    ],
    "M_G2C16_M M_G2C16H1_M": [
        [-0.165056, 0.0093885, 0.000744556]
    ],
    "M_G2C16_M M_G2C16H2_M": [
        [-0.16485, 0.00913165, 0.000724187]
    ],
    "M_G2C17_M M_G2C17H1_M": [
        [-0.1482, 0.00840996, 0.000666953]
    ],
    "M_G2C17_M M_G2C17H2_M": [
        [-0.148324, 0.00803436, 0.000637166]
    ],
    "M_G2C18_M M_G2C18H1_M": [
        [-0.112098, 0.00643482, 0.000510314]
    ],
    "M_G2C18_M M_G2C18H2_M": [
        [-0.112471, 0.00659104, 0.000522703]
    ],
    "M_G2C19_M M_G2C19H1_M": [
        [-0.0375172, 0.00331594, 0.000262971]
    ],
    "M_G2C19_M M_G2C19H2_M": [
        [-0.0379385, 0.00321887, 0.000255273]
    ],
    "M_G2C19_M M_G2C19H3_M": [
        [-0.0378078, 0.00307757, 0.000244067]
    ]
}