{
    "M_G1_M M_G1H1_M": [
        [-0.170938, 0.0170344, 0.00120754]
    ],
    "M_G1_M M_G1H2_M": [
        [-0.0381416, 0.0152922, 0.00108403]
    ],
    "M_G1C3_M M_G1C3H1_M": [
        [-0.234454, 0.0103404, 0.00073301]
    ],
    "M_G1C3_M M_G1C3H2_M": [
        [-0.205175, 0.0118043, 0.000836785]
    ],
    "M_G1C4_M M_G1C4H1_M": [
        [-0.176617, 0.00779679, 0.0005527]
    ],
    "M_G1C4_M M_G1C4H2_M": [
        [-0.164806, 0.0077309, 0.000548029]
    ],
    "M_G1C5_M M_G1C5H1_M": [
        [-0.203455, 0.00745295, 0.000528326]
    ],
    "M_G1C5_M M_G1C5H2_M": [
        [-0.201652, 0.00726286, 0.00051485]
    ],
    "M_G1C6_M M_G1C6H1_M": [
        [-0.204296, 0.00777591, 0.000551219]
    ],
    "M_G1C6_M M_G1C6H2_M": [
        [-0.201369, 0.00779338, 0.000552458]
    ],
    "M_G1C7_M M_G1C7H1_M": [
        [-0.215362, 0.00740318, 0.000524798]
    ],
    "M_G1C7_M M_G1C7H2_M": [
        [-0.214043, 0.00788824, 0.000559182]
    ],
    "M_G1C8_M M_G1C8H1_M": [
        [-0.205881, 0.00815452, 0.000578059]
    ],
    "M_G1C8_M M_G1C8H2_M": [
        [-0.204957, 0.00792955, 0.000562111]
    ],
    "M_G1C9_M M_G1C9H1_M": [
        [-0.204683, 0.00811764, 0.000575444]
    ],
    "M_G1C9_M M_G1C9H2_M": [
        [-0.204448, 0.00798071, 0.000565737]
    ],
    "M_G1C10_M M_G1C10H1_M": [
        [-0.188378, 0.00812544, 0.000575997]
    ],
    "M_G1C10_M M_G1C10H2_M": [
        [-0.188487, 0.00831429, 0.000589385]
    ],
    "M_G1C11_M M_G1C11H1_M": [
        [-0.180816, 0.00760678, 0.00053923]
    ],
    "M_G1C11_M M_G1C11H2_M": [
        [-0.181108, 0.00788592, 0.000559018]
    ],
    "M_G1C12_M M_G1C12H1_M": [
        [-0.161749, 0.00720374, 0.00051066]
    ],
    "M_G1C12_M M_G1C12H2_M": [
        [-0.161911, 0.00712679, 0.000505205]
    ],
    "M_G1C13_M M_G1C13H1_M": [
        [-0.150231, 0.00646352, 0.000458187]
    ],
    "M_G1C13_M M_G1C13H2_M": [
        [-0.150048, 0.00662852, 0.000469883]
    ],
    "M_G1C14_M M_G1C14H1_M": [
        [-0.129104, 0.00605455, 0.000429196]
    ],
    "M_G1C14_M M_G1C14H2_M": [
        [-0.12894, 0.00620337, 0.000439746]
    ],
    "M_G1C15_M M_G1C15H1_M": [
        [-0.112241, 0.00547809, 0.000388332]
    ],
    "M_G1C15_M M_G1C15H2_M": [
        [-0.112306, 0.00569994, 0.000404058]
    ],
    "M_G1C16_M M_G1C16H1_M": [
        [-0.0840777, 0.00502068, 0.000355907]
    ],
    "M_G1C16_M M_G1C16H2_M": [
        [-0.0844984, 0.00473014, 0.00033531]
    ],
    "M_G1C17_M M_G1C17H1_M": [
        [-0.0286536, 0.00451193, 0.000319842]
    ],
    "M_G1C17_M M_G1C17H2_M": [
        [-0.0279297, 0.0045255, 0.000320805]
    ],
    "M_G1C17_M M_G1C17H3_M": [
        [-0.0283968, 0.00460505, 0.000326443]
    ],
    "M_G2_M M_G2H1_M": [
        [-0.192694, 0.0146332, 0.00103732]
    ],
    "M_G2C3_M M_G2C3H1_M": [
        [-0.074815, 0.0122627, 0.000869276]
    ],
    "M_G2C3_M M_G2C3H2_M": [
        [-0.106217, 0.00997473, 0.00070709]
    ],
    "M_G2C4_M M_G2C4H1_M": [
        [-0.19901, 0.0091797, 0.000650732]
    ],
    "M_G2C4_M M_G2C4H2_M": [
        [-0.204379, 0.00782648, 0.000554804]
    ],
    "M_G2C5_M M_G2C5H1_M": [
        [-0.197294, 0.00878639, 0.00062285]
    ],
    "M_G2C5_M M_G2C5H2_M": [
        [-0.198869, 0.008282, 0.000587096]
    ],
    "M_G2C6_M M_G2C6H1_M": [
        [-0.208522, 0.00906575, 0.000642654]
    ],
    "M_G2C6_M M_G2C6H2_M": [
        [-0.206516, 0.00827358, 0.000586499]
    ],
    "M_G2C7_M M_G2C7H1_M": [
        [-0.185451, 0.00907961, 0.000643637]
    ],
    "M_G2C7_M M_G2C7H2_M": [
        [-0.183987, 0.00856624, 0.000607245]
    ],
    "M_G2C8_M M_G2C8H1_M": [
        [-0.176115, 0.00872851, 0.000618748]
    ],
    "M_G2C8_M M_G2C8H2_M": [
        [-0.175366, 0.00832388, 0.000590064]
    ],
    "M_G2C9_M M_G2C9H1_M": [
        [-0.101809, 0.0119684, 0.000848416]
    ],
    "M_G2C9_M M_G2C9H2_M": [
        [-0.102531, 0.0123408, 0.000874814]
    ],
    "M_G2C10_M M_G2C10H1_M": [
        [-0.0579912, 0.00950869, 0.000674053]
    ],
    "M_G2C11_M M_G2C11H1_M": [
        [-0.0483172, 0.00871477, 0.000617774]
    ],
    "M_G2C12_M M_G2C12H1_M": [
        [-0.0772746, 0.0119943, 0.00085025]
    ],
    "M_G2C12_M M_G2C12H2_M": [
        [-0.0770173, 0.0125065, 0.00088656]
    ],
    "M_G2C13_M M_G2C13H1_M": [
        [-0.116885, 0.00729657, 0.00051724]
    ],
    "M_G2C13_M M_G2C13H2_M": [
        [-0.116959, 0.00772806, 0.000547828]
    ],
    "M_G2C14_M M_G2C14H1_M": [
        [-0.122374, 0.00722211, 0.000511962]
    ],
    "M_G2C14_M M_G2C14H2_M": [
        [-0.12281, 0.00728496, 0.000516417]
    ],
    "M_G2C15_M M_G2C15H1_M": [
        [-0.126427, 0.00648124, 0.000459443]
    ],
    "M_G2C15_M M_G2C15H2_M": [
        [-0.126857, 0.00634819, 0.000450011]
    ],
    "M_G2C16_M M_G2C16H1_M": [
        [-0.114961, 0.00582179, 0.000412696]
    ],
    "M_G2C16_M M_G2C16H2_M": [
        [-0.11496, 0.00597169, 0.000423322]
    ],
    "M_G2C17_M M_G2C17H1_M": [
        [-0.103849, 0.00550333, 0.000390121]
    ],
    "M_G2C17_M M_G2C17H2_M": [
        [-0.103497, 0.00535671, 0.000379727]
    ],
    "M_G2C18_M M_G2C18H1_M": [
        [-0.0801303, 0.00480644, 0.00034072]
    ],
    "M_G2C18_M M_G2C18H2_M": [
        [-0.080576, 0.00500405, 0.000354728]
    ],
    "M_G2C19_M M_G2C19H1_M": [
        [-0.0266301, 0.00486895, 0.000345151]
    ],
    "M_G2C19_M M_G2C19H2_M": [
        [-0.0260999, 0.00461136, 0.000326891]
    ],
    "M_G2C19_M M_G2C19H3_M": [
        [-0.0264942, 0.00426596, 0.000302406]
    ],
    "M_G3_M M_G3H1_M": [
        [-0.22534, 0.0121161, 0.000858887]
    ],
    "M_G3_M M_G3H2_M": [
        [-0.245676, 0.0118162, 0.000837626]
    ],
    "M_G3C4_M M_G3C4H1_M": [
        [0.0278194, 0.0101438, 0.000719075]
    ],
    "M_G3C4_M M_G3C4H2_M": [
        [0.02868, 0.0104441, 0.000740362]
    ],
    "M_G3C5_M M_G3C5H1_M": [
        [-0.080976, 0.00774419, 0.000548971]
    ],
    "M_G3C5_M M_G3C5H2_M": [
        [-0.081311, 0.00878144, 0.0006225]
    ],
    "M_G3N6C1_M M_G3N6C1H1_M": [
        [0.0111517, 0.00544395, 0.000385912]
    ],
    "M_G3N6C1_M M_G3N6C1H2_M": [
        [0.0115957, 0.00560124, 0.000397061]
    ],
    "M_G3N6C1_M M_G3N6C1H3_M": [
        [0.0126089, 0.00558586, 0.000395971]
    ],
    "M_G3N6C2_M M_G3N6C2H1_M": [
        [0.0111912, 0.00563595, 0.000399522]
    ],
    "M_G3N6C2_M M_G3N6C2H2_M": [
        [0.0121449, 0.00597617, 0.00042364]
    ],
    "M_G3N6C2_M M_G3N6C2H3_M": [
        [0.0116023, 0.00542468, 0.000384546]
    ],
    "M_G3N6C3_M M_G3N6C3H1_M": [
        [0.0121386, 0.00542452, 0.000384534]
    ],
    "M_G3N6C3_M M_G3N6C3H2_M": [
        [0.0108332, 0.00574025, 0.000406915]
    ],
    "M_G3N6C3_M M_G3N6C3H3_M": [
        [0.0121192, 0.00560327, 0.000397205]
    ]
}