{
    "M_G1_M M_G1H1_M": [
        [-0.155159, 0.0503313, 0.00805946]
    ],
    "M_G1_M M_G1H2_M": [
        [-0.0234652, 0.0435962, 0.00698097]
    ],
    "M_G2_M M_G2H1_M": [
        [-0.1782, 0.0473608, 0.0075838]
    ],
    "M_G3_M M_G3H1_M": [
        [-0.189783, 0.0421104, 0.00674306]
    ],
    "M_G3_M M_G3H2_M": [
        [-0.208069, 0.0349921, 0.00560322]
    ],
    "M_G3C4_M M_G3C4H1_M": [
        [0.106042, 0.0379747, 0.00608082]
    ],
    "M_G3C4_M M_G3C4H2_M": [
        [0.0592023, 0.0210328, 0.00336794]
    ],
    "M_G3C5_M M_G3C5H1_M": [
        [-0.0196559, 0.0285433, 0.00457058]
    ],
    "M_G3C5_M M_G3C5H2_M": [
        [0.00635654, 0.0266356, 0.00426511]
    ],
    "M_G1C3_M M_G1C3H1_M": [
        [-0.234552, 0.0233197, 0.00373414]
    ],
    "M_G1C3_M M_G1C3H2_M": [
        [-0.211872, 0.0285771, 0.00457599]
    ],
    "M_G1C4_M M_G1C4H1_M": [
        [-0.190435, 0.0157699, 0.0025252]
    ],
    "M_G1C4_M M_G1C4H2_M": [
        [-0.18347, 0.0176058, 0.00281918]
    ],
    "M_G1C5_M M_G1C5H1_M": [
        [-0.220324, 0.0143318, 0.00229493]
    ],
    "M_G1C5_M M_G1C5H2_M": [
        [-0.22132, 0.0132009, 0.00211384]
    ],
    "M_G1C6_M M_G1C6H1_M": [
        [-0.227419, 0.0142543, 0.00228251]
    ],
    "M_G1C6_M M_G1C6H2_M": [
        [-0.224589, 0.0139513, 0.002234]
    ],
    "M_G1C7_M M_G1C7H1_M": [
        [-0.238351, 0.013897, 0.00222531]
    ],
    "M_G1C7_M M_G1C7H2_M": [
        [-0.237897, 0.0149112, 0.0023877]
    ],
    "M_G1C8_M M_G1C8H1_M": [
        [-0.231515, 0.0144702, 0.00231709]
    ],
    "M_G1C8_M M_G1C8H2_M": [
        [-0.231423, 0.0149195, 0.00238903]
    ],
    "M_G1C9_M M_G1C9H1_M": [
        [-0.231483, 0.014259, 0.00228327]
    ],
    "M_G1C9_M M_G1C9H2_M": [
        [-0.231035, 0.015674, 0.00250984]
    ],
    "M_G1C10_M M_G1C10H1_M": [
        [-0.216705, 0.0150374, 0.0024079]
    ],
    "M_G1C10_M M_G1C10H2_M": [
        [-0.216682, 0.0159449, 0.00255323]
    ],
    "M_G1C11_M M_G1C11H1_M": [
        [-0.207496, 0.0145374, 0.00232784]
    ],
    "M_G1C11_M M_G1C11H2_M": [
        [-0.208442, 0.0148797, 0.00238265]
    ],
    "M_G1C12_M M_G1C12H1_M": [
        [-0.188505, 0.0149306, 0.00239082]
    ],
    "M_G1C12_M M_G1C12H2_M": [
        [-0.1892, 0.0156382, 0.00250411]
    ],
    "M_G1C13_M M_G1C13H1_M": [
        [-0.174899, 0.014526, 0.00232602]
    ],
    "M_G1C13_M M_G1C13H2_M": [
        [-0.175952, 0.0144107, 0.00230756]
    ],
    "M_G1C14_M M_G1C14H1_M": [
        [-0.151539, 0.0131221, 0.00210121]
    ],
    "M_G1C14_M M_G1C14H2_M": [
        [-0.152265, 0.0135737, 0.00217354]
    ],
    "M_G1C15_M M_G1C15H1_M": [
        [-0.130808, 0.0111218, 0.00178092]
    ],
    "M_G1C15_M M_G1C15H2_M": [
        [-0.130699, 0.0119312, 0.00191051]
    ],
    "M_G1C16_M M_G1C16H1_M": [
        [-0.0980515, 0.00946126, 0.00151501]
    ],
    "M_G1C16_M M_G1C16H2_M": [
        [-0.0979588, 0.00883782, 0.00141518]
    ],
    "M_G1C17_M M_G1C17H1_M": [
        [-0.0320247, 0.00439052, 0.000703046]
    ],
    "M_G1C17_M M_G1C17H2_M": [
        [-0.0310676, 0.00387038, 0.000619757]
    ],
    "M_G1C17_M M_G1C17H3_M": [
        [-0.031126, 0.00500021, 0.000800674]
    ],
    "M_G2C3_M M_G2C3H1_M": [
        [-0.0981547, 0.0293064, 0.00469277]
    ],
    "M_G2C3_M M_G2C3H2_M": [
        [-0.114147, 0.0268489, 0.00429927]
    ],
    "M_G2C4_M M_G2C4H1_M": [
        [-0.208306, 0.0209405, 0.00335316]
    ],
    "M_G2C4_M M_G2C4H2_M": [
        [-0.204704, 0.0222202, 0.00355808]
    ],
    "M_G2C5_M M_G2C5H1_M": [
        [-0.210399, 0.0188711, 0.00302179]
    ],
    "M_G2C5_M M_G2C5H2_M": [
        [-0.211525, 0.0194683, 0.00311742]
    ],
    "M_G2C6_M M_G2C6H1_M": [
        [-0.225987, 0.0181063, 0.00289934]
    ],
    "M_G2C6_M M_G2C6H2_M": [
        [-0.224003, 0.0178774, 0.00286268]
    ],
    "M_G2C7_M M_G2C7H1_M": [
        [-0.205268, 0.0154305, 0.00247085]
    ],
    "M_G2C7_M M_G2C7H2_M": [
        [-0.204977, 0.0172275, 0.0027586]
    ],
    "M_G2C8_M M_G2C8H1_M": [
        [-0.195641, 0.0135179, 0.00216459]
    ],
    "M_G2C8_M M_G2C8H2_M": [
        [-0.196316, 0.015377, 0.00246229]
    ],
    "M_G2C9_M M_G2C9H1_M": [
        [-0.115673, 0.0142904, 0.00228829]
    ],
    "M_G2C9_M M_G2C9H2_M": [
        [-0.114299, 0.0151446, 0.00242508]
    ],
    "M_G2C10_M M_G2C10H1_M": [
        [-0.0691693, 0.0149021, 0.00238625]
    ],
    "M_G2C11_M M_G2C11H1_M": [
        [-0.0605989, 0.016076, 0.00257421]
    ],
    "M_G2C12_M M_G2C12H1_M": [
        [-0.0940914, 0.0147672, 0.00236464]
    ],
    "M_G2C12_M M_G2C12H2_M": [
        [-0.0938032, 0.0162282, 0.00259859]
    ],
    "M_G2C13_M M_G2C13H1_M": [
        [-0.142541, 0.0132626, 0.00212372]
    ],
    "M_G2C13_M M_G2C13H2_M": [
        [-0.14284, 0.015552, 0.00249032]
    ],
    "M_G2C14_M M_G2C14H1_M": [
        [-0.147627, 0.0134984, 0.00216147]
    ],
    "M_G2C14_M M_G2C14H2_M": [
        [-0.150516, 0.0143985, 0.00230561]
    ],
    "M_G2C15_M M_G2C15H1_M": [
        [-0.153039, 0.0138448, 0.00221695]
    ],
    "M_G2C15_M M_G2C15H2_M": [
        [-0.153664, 0.013683, 0.00219103]
    ],
    "M_G2C16_M M_G2C16H1_M": [
        [-0.137065, 0.0121306, 0.00194245]
    ],
    "M_G2C16_M M_G2C16H2_M": [
        [-0.137251, 0.011673, 0.00186918]
    ],
    "M_G2C17_M M_G2C17H1_M": [
        [-0.123022, 0.0103373, 0.00165529]
    ],
    "M_G2C17_M M_G2C17H2_M": [
        [-0.123275, 0.0105307, 0.00168627]
    ],
    "M_G2C18_M M_G2C18H1_M": [
        [-0.0940592, 0.00723017, 0.00115775]
    ],
    "M_G2C18_M M_G2C18H2_M": [
        [-0.0946246, 0.00853732, 0.00136707]
    ],
    "M_G2C19_M M_G2C19H1_M": [
        [-0.0322732, 0.00412356, 0.000660298]
    ],
    "M_G2C19_M M_G2C19H2_M": [
        [-0.0308493, 0.00351455, 0.000562778]
    ],
    "M_G2C19_M M_G2C19H3_M": [
        [-0.0309291, 0.00442888, 0.000709188]
    ]
}