{
    "M_G1_M M_G1H1_M": [
        [-0.141865, 0.0942937, 0.00836722]
    ],
    "M_G1_M M_G1H2_M": [
        [0.18569, 0.148975, 0.0132194]
    ],
    "M_G1C3_M M_G1C3H1_M": [
        [-0.210085, 0.0500961, 0.00444531]
    ],
    "M_G1C3_M M_G1C3H2_M": [
        [-0.197995, 0.0435831, 0.00386737]
    ],
    "M_G1C4_M M_G1C4H1_M": [
        [-0.199785, 0.0395947, 0.00351346]
    ],
    "M_G1C4_M M_G1C4H2_M": [
        [-0.19746, 0.0405179, 0.00359538]
    ],
    "M_G1C5_M M_G1C5H1_M": [
        [-0.216029, 0.0390436, 0.00346456]
    ],
    "M_G1C5_M M_G1C5H2_M": [
        [-0.217081, 0.0390532, 0.00346541]
    ],
    "M_G1C6_M M_G1C6H1_M": [
        [-0.232996, 0.03907, 0.0034669]
    ],
    "M_G1C6_M M_G1C6H2_M": [
        [-0.232331, 0.0365167, 0.00324033]
    ],
    "M_G1C7_M M_G1C7H1_M": [
        [-0.23906, 0.0380725, 0.00337839]
    ],
    "M_G1C7_M M_G1C7H2_M": [
        [-0.238139, 0.0363751, 0.00322777]
    ],
    "M_G1C8_M M_G1C8H1_M": [
        [-0.241085, 0.0361038, 0.00320369]
    ],
    "M_G1C8_M M_G1C8H2_M": [
        [-0.239571, 0.0372789, 0.00330797]
    ],
    "M_G1C9_M M_G1C9H1_M": [
        [-0.234499, 0.0356396, 0.0031625]
    ],
    "M_G1C9_M M_G1C9H2_M": [
        [-0.235122, 0.0359208, 0.00318746]
    ],
    "M_G1C10_M M_G1C10H1_M": [
        [-0.227334, 0.0345243, 0.00306354]
    ],
    "M_G1C10_M M_G1C10H2_M": [
        [-0.226227, 0.036709, 0.00325739]
    ],
    "M_G1C11_M M_G1C11H1_M": [
        [-0.213796, 0.0346904, 0.00307827]
    ],
    "M_G1C11_M M_G1C11H2_M": [
        [-0.213011, 0.0334878, 0.00297156]
    ],
    "M_G1C12_M M_G1C12H1_M": [
        [-0.198948, 0.0321241, 0.00285055]
    ],
    "M_G1C12_M M_G1C12H2_M": [
        [-0.197308, 0.0304745, 0.00270417]
    ],
    "M_G1C13_M M_G1C13H1_M": [
        [-0.178614, 0.0293675, 0.00260594]
    ],
    "M_G1C13_M M_G1C13H2_M": [
        [-0.179816, 0.0271641, 0.00241043]
    ],
    "M_G1C14_M M_G1C14H1_M": [
        [-0.15682, 0.0260681, 0.00231317]
    ],
    "M_G1C14_M M_G1C14H2_M": [
        [-0.158566, 0.0252986, 0.00224489]
    ],
    "M_G1C15_M M_G1C15H1_M": [
        [-0.132213, 0.0208877, 0.00185348]
    ],
    "M_G1C15_M M_G1C15H2_M": [
        [-0.133829, 0.0210871, 0.00187117]
    ],
    "M_G1C16_M M_G1C16H1_M": [
        [-0.100001, 0.0161743, 0.00143524]
    ],
    "M_G1C16_M M_G1C16H2_M": [
        [-0.101635, 0.0172263, 0.00152858]
    ],
    "M_G1C17_M M_G1C17H1_M": [
        [-0.0264282, 0.00741953, 0.000658377]
    ],
    "M_G1C17_M M_G1C17H2_M": [
        [-0.025425, 0.00804262, 0.000713667]
    ],
    "M_G1C17_M M_G1C17H3_M": [
        [-0.0249555, 0.00767554, 0.000681094]
    ],
    "M_G2_M M_G2H1_M": [
        [-0.235024, 0.0753136, 0.006683]
    ],
    "M_G2C3_M M_G2C3H1_M": [
        [-0.24537, 0.0523177, 0.00464244]
    ],
    "M_G2C3_M M_G2C3H2_M": [
        [-0.215622, 0.0593335, 0.005265]
    ],
    "M_G2C4_M M_G2C4H1_M": [
        [-0.222099, 0.0376661, 0.00334232]
    ],
    "M_G2C4_M M_G2C4H2_M": [
        [-0.218502, 0.0360791, 0.0032015]
    ],
    "M_G2C5_M M_G2C5H1_M": [
        [-0.218306, 0.0354032, 0.00314152]
    ],
    "M_G2C5_M M_G2C5H2_M": [
        [-0.214877, 0.0384551, 0.00341234]
    ],
    "M_G2C6_M M_G2C6H1_M": [
        [-0.225484, 0.036424, 0.0032321]
    ],
    "M_G2C6_M M_G2C6H2_M": [
        [-0.222984, 0.0352569, 0.00312854]
    ],
    "M_G2C7_M M_G2C7H1_M": [
        [-0.205107, 0.0340115, 0.00301803]
    ],
    "M_G2C7_M M_G2C7H2_M": [
        [-0.205043, 0.0373181, 0.00331145]
    ],
    "M_G2C8_M M_G2C8H1_M": [
        [-0.186139, 0.0323895, 0.0028741]
    ],
    "M_G2C8_M M_G2C8H2_M": [
        [-0.186814, 0.0343011, 0.00304373]
    ],
    "M_G2C9_M M_G2C9H1_M": [
        [-0.115866, 0.0330169, 0.00292978]
    ],
    "M_G2C9_M M_G2C9H2_M": [
        [-0.118201, 0.0315248, 0.00279737]
    ],
    "M_G2C10_M M_G2C10H1_M": [
        [-0.0764896, 0.0401032, 0.00355859]
    ],
    "M_G2C11_M M_G2C11H1_M": [
        [-0.0448677, 0.0383755, 0.00340527]
    ],
    "M_G2C12_M M_G2C12H1_M": [
        [-0.0752602, 0.0333128, 0.00295603]
    ],
    "M_G2C12_M M_G2C12H2_M": [
        [-0.0717037, 0.0318198, 0.00282355]
    ],
    "M_G2C13_M M_G2C13H1_M": [
        [-0.123689, 0.0327684, 0.00290772]
    ],
    "M_G2C13_M M_G2C13H2_M": [
        [-0.123341, 0.0317607, 0.00281831]
    ],
    "M_G2C14_M M_G2C14H1_M": [
        [-0.135371, 0.0299193, 0.00265491]
    ],
    "M_G2C14_M M_G2C14H2_M": [
        [-0.135433, 0.0297925, 0.00264366]
    ],
    "M_G2C15_M M_G2C15H1_M": [
        [-0.141665, 0.0274205, 0.00243317]
    ],
    "M_G2C15_M M_G2C15H2_M": [
        [-0.141017, 0.0284318, 0.00252292]
    ],
    "M_G2C16_M M_G2C16H1_M": [
        [-0.127232, 0.025265, 0.00224191]
    ],
    "M_G2C16_M M_G2C16H2_M": [
        [-0.127736, 0.024946, 0.0022136]
    ],
    "M_G2C17_M M_G2C17H1_M": [
        [-0.114406, 0.0215581, 0.00191297]
    ],
    "M_G2C17_M M_G2C17H2_M": [
        [-0.1142, 0.0210025, 0.00186367]
    ],
    "M_G2C18_M M_G2C18H1_M": [
        [-0.0848318, 0.016849, 0.00149511]
    ],
    "M_G2C18_M M_G2C18H2_M": [
        [-0.0846296, 0.0164124, 0.00145637]
    ],
    "M_G2C19_M M_G2C19H1_M": [
        [-0.0264708, 0.00732105, 0.000649639]
    ],
    "M_G2C19_M M_G2C19H2_M": [
        [-0.0260304, 0.00764504, 0.000678388]
    ],
    "M_G2C19_M M_G2C19H3_M": [
        [-0.025953, 0.00794459, 0.000704968]
    ],
    "M_G3_M M_G3H1_M": [
        [-0.281732, 0.0833501, 0.00739612]
    ],
    "M_G3_M M_G3H2_M": [
        [-0.242576, 0.0719791, 0.00638712]
    ],
    "M_G3C4_M M_G3C4H1_M": [
        [0.00486328, 0.0797953, 0.00708069]
    ],
    "M_G3C4_M M_G3C4H2_M": [
        [0.00590382, 0.0672282, 0.00596553]
    ],
    "M_G3C5_M M_G3C5H1_M": [
        [-0.130737, 0.0523669, 0.00464681]
    ],
    "M_G3C5_M M_G3C5H2_M": [
        [-0.127441, 0.0659607, 0.00585307]
    ],
    "M_G3N6C1_M M_G3N6C1H1_M": [
        [0.0143173, 0.0214135, 0.00190014]
    ],
    "M_G3N6C1_M M_G3N6C1H2_M": [
        [0.0121744, 0.0189119, 0.00167816]
    ],
    "M_G3N6C1_M M_G3N6C1H3_M": [
        [0.0104944, 0.0216726, 0.00192313]
    ],
    "M_G3N6C2_M M_G3N6C2H1_M": [
        [0.0127005, 0.0204191, 0.0018119]
    ],
    "M_G3N6C2_M M_G3N6C2H2_M": [
        [0.0131408, 0.0200238, 0.00177682]
    ],
    "M_G3N6C2_M M_G3N6C2H3_M": [
        [0.0158919, 0.0210497, 0.00186785]
    ],
    "M_G3N6C3_M M_G3N6C3H1_M": [
        [0.0147809, 0.0195352, 0.00173347]
    ],
    "M_G3N6C3_M M_G3N6C3H2_M": [
        [0.0124608, 0.0214419, 0.00190266]
    ],
    "M_G3N6C3_M M_G3N6C3H3_M": [
        [0.0114918, 0.0209297, 0.00185721]
    ]
}