{
    "M_G1_M M_G1H1_M": [
        [-0.176955, 0.107137, 0.00678953]
    ],
    "M_G1_M M_G1H2_M": [
        [-0.0289691, 0.122781, 0.00778094]
    ],
    "M_G1C3_M M_G1C3H1_M": [
        [-0.261301, 0.0488731, 0.00309721]
    ],
    "M_G1C3_M M_G1C3H2_M": [
        [-0.243342, 0.0498348, 0.00315815]
    ],
    "M_G1C4_M M_G1C4H1_M": [
        [-0.229141, 0.0383679, 0.00243147]
    ],
    "M_G1C4_M M_G1C4H2_M": [
        [-0.216144, 0.0403127, 0.00255472]
    ],
    "M_G1C5_M M_G1C5H1_M": [
        [-0.260166, 0.029623, 0.00187728]
    ],
    "M_G1C5_M M_G1C5H2_M": [
        [-0.255788, 0.03097, 0.00196264]
    ],
    "M_G1C6_M M_G1C6H1_M": [
        [-0.268111, 0.0288787, 0.00183011]
    ],
    "M_G1C6_M M_G1C6H2_M": [
        [-0.264367, 0.030856, 0.00195542]
    ],
    "M_G1C7_M M_G1C7H1_M": [
        [-0.281198, 0.0278021, 0.00176189]
    ],
    "M_G1C7_M M_G1C7H2_M": [
        [-0.28006, 0.0284236, 0.00180127]
    ],
    "M_G1C8_M M_G1C8H1_M": [
        [-0.278945, 0.0277855, 0.00176083]
    ],
    "M_G1C8_M M_G1C8H2_M": [
        [-0.278299, 0.0283885, 0.00179905]
    ],
    "M_G1C9_M M_G1C9H1_M": [
        [-0.281642, 0.0273403, 0.00173262]
    ],
    "M_G1C9_M M_G1C9H2_M": [
        [-0.280262, 0.0280062, 0.00177482]
    ],
    "M_G1C10_M M_G1C10H1_M": [
        [-0.271505, 0.0284553, 0.00180328]
    ],
    "M_G1C10_M M_G1C10H2_M": [
        [-0.27076, 0.0293789, 0.00186181]
    ],
    "M_G1C11_M M_G1C11H1_M": [
        [-0.265313, 0.0289249, 0.00183304]
    ],
    "M_G1C11_M M_G1C11H2_M": [
        [-0.264729, 0.0286543, 0.00181589]
    ],
    "M_G1C12_M M_G1C12H1_M": [
        [-0.247856, 0.0304988, 0.00193278]
    ],
    "M_G1C12_M M_G1C12H2_M": [
        [-0.247517, 0.0296836, 0.00188112]
    ],
    "M_G1C13_M M_G1C13H1_M": [
        [-0.233915, 0.0305697, 0.00193728]
    ],
    "M_G1C13_M M_G1C13H2_M": [
        [-0.23325, 0.0288161, 0.00182614]
    ],
    "M_G1C14_M M_G1C14H1_M": [
        [-0.207335, 0.0301189, 0.00190871]
    ],
    "M_G1C14_M M_G1C14H2_M": [
        [-0.207288, 0.029097, 0.00184395]
    ],
    "M_G1C15_M M_G1C15H1_M": [
        [-0.180782, 0.0277365, 0.00175773]
    ],
    "M_G1C15_M M_G1C15H2_M": [
        [-0.181208, 0.0272264, 0.0017254]
    ],
    "M_G1C16_M M_G1C16H1_M": [
        [-0.13705, 0.0241576, 0.00153092]
    ],
    "M_G1C16_M M_G1C16H2_M": [
        [-0.137253, 0.0241731, 0.00153191]
    ],
    "M_G1C17_M M_G1C17H1_M": [
        [-0.0441513, 0.0127141, 0.000805721]
    ],
    "M_G1C17_M M_G1C17H2_M": [
        [-0.0444239, 0.0127942, 0.000810799]
    ],
    "M_G1C17_M M_G1C17H3_M": [
        [-0.0448226, 0.0113856, 0.000721533]
    ],
    "M_G2_M M_G2H1_M": [
        [-0.202974, 0.108353, 0.00686657]
    ],
    "M_G2C3_M M_G2C3H1_M": [
        [-0.105206, 0.0812717, 0.00515038]
    ],
    "M_G2C3_M M_G2C3H2_M": [
        [-0.142678, 0.057031, 0.00361419]
    ],
    "M_G2C4_M M_G2C4H1_M": [
        [-0.243039, 0.040422, 0.00256164]
    ],
    "M_G2C4_M M_G2C4H2_M": [
        [-0.238, 0.0409941, 0.00259789]
    ],
    "M_G2C5_M M_G2C5H1_M": [
        [-0.245774, 0.0333963, 0.00211641]
    ],
    "M_G2C5_M M_G2C5H2_M": [
        [-0.246404, 0.0315752, 0.002001]
    ],
    "M_G2C6_M M_G2C6H1_M": [
        [-0.264277, 0.0320323, 0.00202996]
    ],
    "M_G2C6_M M_G2C6H2_M": [
        [-0.261361, 0.0309795, 0.00196325]
    ],
    "M_G2C7_M M_G2C7H1_M": [
        [-0.242899, 0.0306238, 0.00194071]
    ],
    "M_G2C7_M M_G2C7H2_M": [
        [-0.242379, 0.0294396, 0.00186566]
    ],
    "M_G2C8_M M_G2C8H1_M": [
        [-0.233263, 0.0287946, 0.00182479]
    ],
    "M_G2C8_M M_G2C8H2_M": [
        [-0.232457, 0.0277894, 0.00176108]
    ],
    "M_G2C9_M M_G2C9H1_M": [
        [-0.139483, 0.0292201, 0.00185175]
    ],
    "M_G2C9_M M_G2C9H2_M": [
        [-0.140064, 0.0275262, 0.0017444]
    ],
    "M_G2C10_M M_G2C10H1_M": [
        [-0.0843406, 0.030884, 0.00195719]
    ],
    "M_G2C11_M M_G2C11H1_M": [
        [-0.0785055, 0.0291045, 0.00184442]
    ],
    "M_G2C12_M M_G2C12H1_M": [
        [-0.125781, 0.0297477, 0.00188519]
    ],
    "M_G2C12_M M_G2C12H2_M": [
        [-0.12484, 0.0295871, 0.00187501]
    ],
    "M_G2C13_M M_G2C13H1_M": [
        [-0.189782, 0.0315311, 0.0019982]
    ],
    "M_G2C13_M M_G2C13H2_M": [
        [-0.188843, 0.0302493, 0.00191697]
    ],
    "M_G2C14_M M_G2C14H1_M": [
        [-0.199592, 0.0316457, 0.00200547]
    ],
    "M_G2C14_M M_G2C14H2_M": [
        [-0.199836, 0.0304688, 0.00193088]
    ],
    "M_G2C15_M M_G2C15H1_M": [
        [-0.205331, 0.0303157, 0.00192118]
    ],
    "M_G2C15_M M_G2C15H2_M": [
        [-0.206199, 0.0307222, 0.00194694]
    ],
    "M_G2C16_M M_G2C16H1_M": [
        [-0.188143, 0.0298204, 0.00188979]
    ],
    "M_G2C16_M M_G2C16H2_M": [
        [-0.188713, 0.0289731, 0.0018361]
    ],
    "M_G2C17_M M_G2C17H1_M": [
        [-0.171073, 0.0277291, 0.00175726]
    ],
    "M_G2C17_M M_G2C17H2_M": [
        [-0.170189, 0.0281876, 0.00178631]
    ],
    "M_G2C18_M M_G2C18H1_M": [
        [-0.131796, 0.0234204, 0.00148421]
    ],
    "M_G2C18_M M_G2C18H2_M": [
        [-0.131543, 0.0237197, 0.00150317]
    ],
    "M_G2C19_M M_G2C19H1_M": [
        [-0.0441669, 0.0124747, 0.000790553]
    ],
    "M_G2C19_M M_G2C19H2_M": [
        [-0.046205, 0.0131566, 0.000833763]
    ],
    "M_G2C19_M M_G2C19H3_M": [
        [-0.0467201, 0.011946, 0.000757045]
    ],
    "M_G3_M M_G3H1_M": [
        [-0.186077, 0.118739, 0.0075248]
    ],
    "M_G3_M M_G3H2_M": [
        [-0.196729, 0.0976213, 0.0061865]
    ],
    "M_G3C4_M M_G3C4H1_M": [
        [0.0208861, 0.0685727, 0.00434562]
    ],
    "M_G3C4_M M_G3C4H2_M": [
        [0.0237854, 0.0851955, 0.00539904]
    ],
    "M_G3C5_M M_G3C5H1_M": [
        [-0.0906894, 0.0621461, 0.00393835]
    ],
    "M_G3C5_M M_G3C5H2_M": [
        [-0.0898848, 0.0606649, 0.00384448]
    ],
    "M_G3N6C1_M M_G3N6C1H1_M": [
        [0.0121695, 0.018054, 0.00114412]
    ],
    "M_G3N6C1_M M_G3N6C1H2_M": [
        [0.0120999, 0.0182009, 0.00115344]
    ],
    "M_G3N6C1_M M_G3N6C1H3_M": [
        [0.0111156, 0.0173306, 0.00109828]
    ],
    "M_G3N6C2_M M_G3N6C2H1_M": [
        [0.0149871, 0.0161032, 0.0010205]
    ],
    "M_G3N6C2_M M_G3N6C2H2_M": [
        [0.0132026, 0.0171219, 0.00108506]
    ],
    "M_G3N6C2_M M_G3N6C2H3_M": [
        [0.0134693, 0.017688, 0.00112093]
    ],
    "M_G3N6C3_M M_G3N6C3H1_M": [
        [0.015044, 0.0180088, 0.00114126]
    ],
    "M_G3N6C3_M M_G3N6C3H2_M": [
        [0.0133308, 0.016147, 0.00102328]
    ],
    "M_G3N6C3_M M_G3N6C3H3_M": [
        [0.0119236, 0.0164046, 0.0010396]
    ]
}