{
    "M_G1_M M_G1H1_M": [
        [0.0164137, 0.178618, 0.0113195]
    ],
    "M_G1_M M_G1H2_M": [
        [-0.194723, 0.137551, 0.00871692]
    ],
    "M_G1C3_M M_G1C3H1_M": [
        [-0.248952, 0.0630122, 0.00399324]
    ],
    "M_G1C3_M M_G1C3H2_M": [
        [-0.233941, 0.0594159, 0.00376533]
    ],
    "M_G1C4_M M_G1C4H1_M": [
        [-0.222065, 0.0423734, 0.0026853]
    ],
    "M_G1C4_M M_G1C4H2_M": [
        [-0.212845, 0.0420415, 0.00266427]
    ],
    "M_G1C5_M M_G1C5H1_M": [
        [-0.255299, 0.0322408, 0.00204318]
    ],
    "M_G1C5_M M_G1C5H2_M": [
        [-0.252534, 0.0326334, 0.00206806]
    ],
    "M_G1C6_M M_G1C6H1_M": [
        [-0.26235, 0.0322838, 0.0020459]
    ],
    "M_G1C6_M M_G1C6H2_M": [
        [-0.260212, 0.0326702, 0.00207039]
    ],
    "M_G1C7_M M_G1C7H1_M": [
        [-0.275972, 0.0310065, 0.00196496]
    ],
    "M_G1C7_M M_G1C7H2_M": [
        [-0.274833, 0.0312111, 0.00197793]
    ],
    "M_G1C8_M M_G1C8H1_M": [
        [-0.273885, 0.0312654, 0.00198137]
    ],
    "M_G1C8_M M_G1C8H2_M": [
        [-0.27311, 0.0313257, 0.00198519]
    ],
    "M_G1C9_M M_G1C9H1_M": [
        [-0.275084, 0.0308038, 0.00195211]
    ],
    "M_G1C9_M M_G1C9H2_M": [
        [-0.275441, 0.031189, 0.00197652]
    ],
    "M_G1C10_M M_G1C10H1_M": [
        [-0.263981, 0.0319836, 0.00202688]
    ],
    "M_G1C10_M M_G1C10H2_M": [
        [-0.264529, 0.0317522, 0.00201221]
    ],
    "M_G1C11_M M_G1C11H1_M": [
        [-0.257191, 0.031859, 0.00201898]
    ],
    "M_G1C11_M M_G1C11H2_M": [
        [-0.258165, 0.0313605, 0.00198739]
    ],
    "M_G1C12_M M_G1C12H1_M": [
        [-0.240411, 0.0325108, 0.00206029]
    ],
    "M_G1C12_M M_G1C12H2_M": [
        [-0.240031, 0.0330186, 0.00209247]
    ],
    "M_G1C13_M M_G1C13H1_M": [
        [-0.226078, 0.0324042, 0.00205353]
    ],
    "M_G1C13_M M_G1C13H2_M": [
        [-0.225618, 0.032261, 0.00204446]
    ],
    "M_G1C14_M M_G1C14H1_M": [
        [-0.199654, 0.0327579, 0.00207595]
    ],
    "M_G1C14_M M_G1C14H2_M": [
        [-0.198901, 0.0324424, 0.00205595]
    ],
    "M_G1C15_M M_G1C15H1_M": [
        [-0.173624, 0.0299435, 0.00189759]
    ],
    "M_G1C15_M M_G1C15H2_M": [
        [-0.172993, 0.0293227, 0.00185825]
    ],
    "M_G1C16_M M_G1C16H1_M": [
        [-0.132181, 0.0272213, 0.00172508]
    ],
    "M_G1C16_M M_G1C16H2_M": [
        [-0.131185, 0.0251232, 0.00159212]
    ],
    "M_G1C17_M M_G1C17H1_M": [
        [-0.0420586, 0.0123954, 0.000785525]
    ],
    "M_G1C17_M M_G1C17H2_M": [
        [-0.0423183, 0.0133443, 0.00084566]
    ],
    "M_G1C17_M M_G1C17H3_M": [
        [-0.0420016, 0.0133695, 0.000847255]
    ],
    "M_G2_M M_G2H1_M": [
        [-0.226739, 0.124926, 0.00791687]
    ],
    "M_G2C3_M M_G2C3H1_M": [
        [-0.114938, 0.106589, 0.00675477]
    ],
    "M_G2C3_M M_G2C3H2_M": [
        [-0.142578, 0.0719368, 0.00455881]
    ],
    "M_G2C4_M M_G2C4H1_M": [
        [-0.235916, 0.0451094, 0.00285869]
    ],
    "M_G2C4_M M_G2C4H2_M": [
        [-0.227815, 0.0485053, 0.0030739]
    ],
    "M_G2C5_M M_G2C5H1_M": [
        [-0.240088, 0.0342297, 0.00216922]
    ],
    "M_G2C5_M M_G2C5H2_M": [
        [-0.241695, 0.0331329, 0.00209971]
    ],
    "M_G2C6_M M_G2C6H1_M": [
        [-0.25684, 0.0318401, 0.00201779]
    ],
    "M_G2C6_M M_G2C6H2_M": [
        [-0.255144, 0.0315159, 0.00199724]
    ],
    "M_G2C7_M M_G2C7H1_M": [
        [-0.239874, 0.0281104, 0.00178143]
    ],
    "M_G2C7_M M_G2C7H2_M": [
        [-0.238578, 0.0282305, 0.00178903]
    ],
    "M_G2C8_M M_G2C8H1_M": [
        [-0.229027, 0.0271252, 0.00171899]
    ],
    "M_G2C8_M M_G2C8H2_M": [
        [-0.226366, 0.0275348, 0.00174494]
    ],
    "M_G2C9_M M_G2C9H1_M": [
        [-0.138986, 0.0267571, 0.00169566]
    ],
    "M_G2C9_M M_G2C9H2_M": [
        [-0.138313, 0.0268816, 0.00170355]
    ],
    "M_G2C10_M M_G2C10H1_M": [
        [-0.0847517, 0.0285228, 0.00180756]
    ],
    "M_G2C11_M M_G2C11H1_M": [
        [-0.0750636, 0.0306083, 0.00193972]
    ],
    "M_G2C12_M M_G2C12H1_M": [
        [-0.118671, 0.0341888, 0.00216662]
    ],
    "M_G2C12_M M_G2C12H2_M": [
        [-0.118533, 0.0339041, 0.00214859]
    ],
    "M_G2C13_M M_G2C13H1_M": [
        [-0.180824, 0.0360454, 0.00228429]
    ],
    "M_G2C13_M M_G2C13H2_M": [
        [-0.180329, 0.0358292, 0.00227058]
    ],
    "M_G2C14_M M_G2C14H1_M": [
        [-0.191813, 0.0364295, 0.00230862]
    ],
    "M_G2C14_M M_G2C14H2_M": [
        [-0.191187, 0.0359022, 0.00227521]
    ],
    "M_G2C15_M M_G2C15H1_M": [
        [-0.197278, 0.0360851, 0.0022868]
    ],
    "M_G2C15_M M_G2C15H2_M": [
        [-0.196628, 0.0359048, 0.00227537]
    ],
    "M_G2C16_M M_G2C16H1_M": [
        [-0.178625, 0.0349549, 0.00221517]
    ],
    "M_G2C16_M M_G2C16H2_M": [
        [-0.180069, 0.034198, 0.00216721]
    ],
    "M_G2C17_M M_G2C17H1_M": [
        [-0.161419, 0.0320254, 0.00202953]
    ],
    "M_G2C17_M M_G2C17H2_M": [
        [-0.162304, 0.0308253, 0.00195348]
    ],
    "M_G2C18_M M_G2C18H1_M": [
        [-0.123416, 0.0265396, 0.00168188]
    ],
    "M_G2C18_M M_G2C18H2_M": [
        [-0.124219, 0.0257041, 0.00162893]
    ],
    "M_G2C19_M M_G2C19H1_M": [
        [-0.0435771, 0.0137724, 0.000872789]
    ],
    "M_G2C19_M M_G2C19H2_M": [
        [-0.0424171, 0.0129941, 0.000823467]
    ],
    "M_G2C19_M M_G2C19H3_M": [
        [-0.0426799, 0.0131476, 0.000833194]
    ],
    "M_G3_M M_G3H1_M": [
        [-0.154235, 0.175365, 0.0111133]
    ],
    "M_G3_M M_G3H2_M": [
        [-0.174693, 0.130271, 0.00825559]
    ],
    "M_G3C4_M M_G3C4H1_M": [
        [0.0249713, 0.093673, 0.00593629]
    ],
    "M_G3C4_M M_G3C4H2_M": [
        [0.0193145, 0.085021, 0.00538798]
    ],
    "M_G3C5_M M_G3C5H1_M": [
        [0.0180225, 0.0926819, 0.00587347]
    ],
    "M_G3C6_M M_G3C6H1_M": [
        [0.00574971, 0.0779931, 0.00494261]
    ],
    "M_G3C6_M M_G3C6H2_M": [
        [0.0244836, 0.0885713, 0.00561298]
    ]
}