{
    "M_G1_M M_G1H1_M": [
        [-0.186834, 0.0187961, 0.00223069]
    ],
    "M_G1_M M_G1H2_M": [
        [-0.0406198, 0.0152734, 0.00181262]
    ],
    "M_G1C3_M M_G1C3H1_M": [
        [-0.253022, 0.0097301, 0.00115475]
    ],
    "M_G1C3_M M_G1C3H2_M": [
        [-0.228948, 0.0103485, 0.00122814]
    ],
    "M_G1C4_M M_G1C4H1_M": [
        [-0.195617, 0.00895608, 0.00106289]
    ],
    "M_G1C4_M M_G1C4H2_M": [
        [-0.185654, 0.00960791, 0.00114025]
    ],
    "M_G1C5_M M_G1C5H1_M": [
        [-0.220613, 0.00863215, 0.00102445]
    ],
    "M_G1C5_M M_G1C5H2_M": [
        [-0.217675, 0.00794365, 0.000942738]
    ],
    "M_G1C6_M M_G1C6H1_M": [
        [-0.219501, 0.00855076, 0.00101479]
    ],
    "M_G1C6_M M_G1C6H2_M": [
        [-0.215948, 0.00871955, 0.00103482]
    ],
    "M_G1C7_M M_G1C7H1_M": [
        [-0.228802, 0.00804918, 0.000955262]
    ],
    "M_G1C7_M M_G1C7H2_M": [
        [-0.225511, 0.00883119, 0.00104807]
    ],
    "M_G1C8_M M_G1C8H1_M": [
        [-0.217686, 0.00850439, 0.00100929]
    ],
    "M_G1C8_M M_G1C8H2_M": [
        [-0.217285, 0.00872571, 0.00103555]
    ],
    "M_G1C9_M M_G1C9H1_M": [
        [-0.21693, 0.00887582, 0.00105337]
    ],
    "M_G1C9_M M_G1C9H2_M": [
        [-0.217076, 0.00885541, 0.00105094]
    ],
    "M_G1C10_M M_G1C10H1_M": [
        [-0.203216, 0.00981179, 0.00116444]
    ],
    "M_G1C10_M M_G1C10H2_M": [
        [-0.202932, 0.00916726, 0.00108795]
    ],
    "M_G1C11_M M_G1C11H1_M": [
        [-0.197336, 0.00863988, 0.00102537]
    ],
    "M_G1C11_M M_G1C11H2_M": [
        [-0.197719, 0.00916766, 0.001088]
    ],
    "M_G1C12_M M_G1C12H1_M": [
        [-0.181063, 0.0090425, 0.00107315]
    ],
    "M_G1C12_M M_G1C12H2_M": [
        [-0.180664, 0.00870186, 0.00103272]
    ],
    "M_G1C13_M M_G1C13H1_M": [
        [-0.170773, 0.0085291, 0.00101222]
    ],
    "M_G1C13_M M_G1C13H2_M": [
        [-0.170259, 0.0092427, 0.00109691]
    ],
    "M_G1C14_M M_G1C14H1_M": [
        [-0.149012, 0.00894219, 0.00106124]
    ],
    "M_G1C14_M M_G1C14H2_M": [
        [-0.148281, 0.00930698, 0.00110454]
    ],
    "M_G1C15_M M_G1C15H1_M": [
        [-0.129649, 0.00783452, 0.000929786]
    ],
    "M_G1C15_M M_G1C15H2_M": [
        [-0.128959, 0.00804346, 0.000954582]
    ],
    "M_G1C16_M M_G1C16H1_M": [
        [-0.0944578, 0.00680365, 0.000807445]
    ],
    "M_G1C16_M M_G1C16H2_M": [
        [-0.0954411, 0.00683056, 0.000810638]
    ],
    "M_G1C17_M M_G1C17H1_M": [
        [-0.0321865, 0.00682382, 0.000809839]
    ],
    "M_G1C17_M M_G1C17H2_M": [
        [-0.0313988, 0.0062569, 0.000742558]
    ],
    "M_G1C17_M M_G1C17H3_M": [
        [-0.0308117, 0.00670787, 0.000796077]
    ],
    "M_G2_M M_G2H1_M": [
        [-0.206518, 0.0178072, 0.00211333]
    ],
    "M_G2C3_M M_G2C3H1_M": [
        [-0.0928468, 0.0122211, 0.00145038]
    ],
    "M_G2C3_M M_G2C3H2_M": [
        [-0.131295, 0.0105649, 0.00125382]
    ],
    "M_G2C4_M M_G2C4H1_M": [
        [-0.22061, 0.00972199, 0.00115379]
    ],
    "M_G2C4_M M_G2C4H2_M": [
        [-0.225612, 0.00945219, 0.00112177]
    ],
    "M_G2C5_M M_G2C5H1_M": [
        [-0.226971, 0.00948218, 0.00112533]
    ],
    "M_G2C5_M M_G2C5H2_M": [
        [-0.230655, 0.00847892, 0.00100626]
    ],
    "M_G2C6_M M_G2C6H1_M": [
        [-0.24036, 0.010178, 0.0012079]
    ],
    "M_G2C6_M M_G2C6H2_M": [
        [-0.238874, 0.00830736, 0.000985902]
    ],
    "M_G2C7_M M_G2C7H1_M": [
        [-0.235648, 0.00965123, 0.00114539]
    ],
    "M_G2C7_M M_G2C7H2_M": [
        [-0.234737, 0.00832841, 0.0009884]
    ],
    "M_G2C8_M M_G2C8H1_M": [
        [-0.236667, 0.00862271, 0.00102333]
    ],
    "M_G2C8_M M_G2C8H2_M": [
        [-0.235902, 0.00833784, 0.000989519]
    ],
    "M_G2C9_M M_G2C9H1_M": [
        [-0.227628, 0.00890865, 0.00105726]
    ],
    "M_G2C9_M M_G2C9H2_M": [
        [-0.227079, 0.00832244, 0.000987692]
    ],
    "M_G2C10_M M_G2C10H1_M": [
        [-0.221596, 0.0082496, 0.000979047]
    ],
    "M_G2C10_M M_G2C10H2_M": [
        [-0.222588, 0.00904764, 0.00107376]
    ],
    "M_G2C11_M M_G2C11H1_M": [
        [-0.209243, 0.00952753, 0.00113071]
    ],
    "M_G2C11_M M_G2C11H2_M": [
        [-0.209141, 0.00861128, 0.00102197]
    ],
    "M_G2C12_M M_G2C12H1_M": [
        [-0.200258, 0.00909274, 0.00107911]
    ],
    "M_G2C12_M M_G2C12H2_M": [
        [-0.20006, 0.00866284, 0.00102809]
    ],
    "M_G2C13_M M_G2C13H1_M": [
        [-0.182883, 0.00831436, 0.000986733]
    ],
    "M_G2C13_M M_G2C13H2_M": [
        [-0.184161, 0.00770218, 0.00091408]
    ],
    "M_G2C14_M M_G2C14H1_M": [
        [-0.1696, 0.0079572, 0.000944346]
    ],
    "M_G2C14_M M_G2C14H2_M": [
        [-0.169135, 0.0080153, 0.000951242]
    ],
    "M_G2C15_M M_G2C15H1_M": [
        [-0.142841, 0.00878186, 0.00104222]
    ],
    "M_G2C15_M M_G2C15H2_M": [
        [-0.14317, 0.00666832, 0.000791384]
    ],
    "M_G2C16_M M_G2C16H1_M": [
        [-0.115303, 0.00750707, 0.000890925]
    ],
    "M_G2C16_M M_G2C16H2_M": [
        [-0.114898, 0.00739512, 0.00087764]
    ],
    "M_G2C17_M M_G2C17H1_M": [
        [-0.0284923, 0.00671012, 0.000796345]
    ],
    "M_G2C17_M M_G2C17H2_M": [
        [-0.0304574, 0.00625593, 0.000742442]
    ],
    "M_G2C17_M M_G2C17H3_M": [
        [-0.0300382, 0.00597626, 0.000709252]
    ],
    "M_G3_M M_G3H1_M": [
        [-0.239515, 0.0143025, 0.00169739]
    ],
    "M_G3_M M_G3H2_M": [
        [-0.254151, 0.0108657, 0.00128952]
    ],
    "M_G3C4_M M_G3C4H1_M": [
        [0.0385811, 0.0120074, 0.00142501]
    ],
    "M_G3C4_M M_G3C4H2_M": [
        [0.0342809, 0.0101172, 0.00120069]
    ],
    "M_G3C5_M M_G3C5H1_M": [
        [-0.0661884, 0.00942703, 0.00111878]
    ],
    "M_G3C5_M M_G3C5H2_M": [
        [-0.0675813, 0.0108878, 0.00129215]
    ],
    "M_G3N6C1_M M_G3N6C1H1_M": [
        [0.00919672, 0.00758569, 0.000900255]
    ],
    "M_G3N6C1_M M_G3N6C1H2_M": [
        [0.00981265, 0.00732834, 0.000869714]
    ],
    "M_G3N6C1_M M_G3N6C1H3_M": [
        [0.0115198, 0.0078772, 0.000934852]
    ],
    "M_G3N6C2_M M_G3N6C2H1_M": [
        [0.0104475, 0.00739871, 0.000878066]
    ],
    "M_G3N6C2_M M_G3N6C2H2_M": [
        [0.00969067, 0.00808482, 0.000959491]
    ],
    "M_G3N6C2_M M_G3N6C2H3_M": [
        [0.0110325, 0.00826018, 0.000980303]
    ],
    "M_G3N6C3_M M_G3N6C3H1_M": [
        [0.00730882, 0.0089136, 0.00105785]
    ],
    "M_G3N6C3_M M_G3N6C3H2_M": [
        [0.0101923, 0.0084276, 0.00100017]
    ],
    "M_G3N6C3_M M_G3N6C3H3_M": [
        [0.0122118, 0.00787977, 0.000935157]
    ]
}