{
    "M_C3_M M_C3H3_M": [
        [-0.386926, 0.0225203, 0.0028373]
    ],
    "M_C4_M M_C4H41_M": [
        [0.374271, 0.0378558, 0.00476938]
    ],
    "M_C4_M M_C4H42_M": [
        [0.360245, 0.0351798, 0.00443224]
    ],
    "M_C6_M M_C6H6_M": [
        [0.0998691, 0.0312615, 0.00393858]
    ],
    "M_C7_M M_C7H71_M": [
        [-0.265039, 0.0247198, 0.00311441]
    ],
    "M_C7_M M_C7H72_M": [
        [-0.297498, 0.0235348, 0.0029651]
    ],
    "M_C8_M M_C8H8_M": [
        [0.642232, 0.0364209, 0.0045886]
    ],
    "M_C14_M M_C14H14_M": [
        [0.651141, 0.0370274, 0.00466501]
    ],
    "M_C15_M M_C15H151_M": [
        [0.413781, 0.034444, 0.00433953]
    ],
    "M_C15_M M_C15H152_M": [
        [-0.197087, 0.0299975, 0.00377933]
    ],
    "M_C16_M M_C16H161_M": [
        [0.154508, 0.0304009, 0.00383016]
    ],
    "M_C16_M M_C16H162_M": [
        [0.113151, 0.0328747, 0.00414182]
    ],
    "M_C17_M M_C17H17_M": [
        [0.103993, 0.017275, 0.00217644]
    ],
    "M_C18_M M_C18H181_M": [
        [-0.29362, 0.0176892, 0.00222863]
    ],
    "M_C18_M M_C18H182_M": [
        [-0.29309, 0.0173374, 0.00218431]
    ],
    "M_C18_M M_C18H183_M": [
        [-0.207614, 0.029015, 0.00365554]
    ],
    "M_C12_M M_C12H121_M": [
        [0.0979553, 0.015808, 0.00199161]
    ],
    "M_C12_M M_C12H122_M": [
        [0.102162, 0.0167429, 0.0021094]
    ],
    "M_C11_M M_C11H111_M": [
        [0.132389, 0.0335155, 0.00422255]
    ],
    "M_C11_M M_C11H112_M": [
        [-0.279498, 0.0176511, 0.00222383]
    ],
    "M_C9_M M_C9H9_M": [
        [-0.170388, 0.0254943, 0.00321198]
    ],
    "M_C19_M M_C19H191_M": [
        [0.374788, 0.0379978, 0.00478727]
    ],
    "M_C19_M M_C19H192_M": [
        [-0.243212, 0.0234261, 0.00295141]
    ],
    "M_C19_M M_C19H193_M": [
        [-0.335777, 0.0202244, 0.00254803]
    ],
    "M_C1_M M_C1H11_M": [
        [-0.369004, 0.0185575, 0.00233802]
    ],
    "M_C1_M M_C1H12_M": [
        [0.527181, 0.033951, 0.00427743]
    ],
    "M_C2_M M_C2H21_M": [
        [-0.323393, 0.0207221, 0.00261074]
    ],
    "M_C2_M M_C2H22_M": [
        [-0.205587, 0.0285848, 0.00360134]
    ],
    "M_C20_M M_C20H20_M": [
        [-0.391895, 0.0195255, 0.00245998]
    ],
    "M_C21_M M_C21H211_M": [
        [0.0931547, 0.0171976, 0.0021667]
    ],
    "M_C21_M M_C21H212_M": [
        [0.096779, 0.0151529, 0.00190909]
    ],
    "M_C21_M M_C21H213_M": [
        [0.0904807, 0.0172666, 0.00217539]
    ],
    "M_C22_M M_C22H221_M": [
        [-0.285024, 0.0417294, 0.00525741]
    ],
    "M_C22_M M_C22H222_M": [
        [-0.354809, 0.0203477, 0.00256357]
    ],
    "M_C23_M M_C23H231_M": [
        [-0.251268, 0.0365734, 0.00460782]
    ],
    "M_C23_M M_C23H232_M": [
        [-0.344702, 0.0218357, 0.00275104]
    ],
    "M_C24_M M_C24H241_M": [
        [-0.250306, 0.0332071, 0.0041837]
    ],
    "M_C24_M M_C24H242_M": [
        [-0.320358, 0.0217675, 0.00274245]
    ],
    "M_C25_M M_C25H25_M": [
        [-0.248657, 0.0260941, 0.00328755]
    ],
    "M_C26_M M_C26H261_M": [
        [0.0123055, 0.018231, 0.00229689]
    ],
    "M_C26_M M_C26H262_M": [
        [0.0150606, 0.0154093, 0.00194139]
    ],
    "M_C26_M M_C26H263_M": [
        [0.0105475, 0.01699, 0.00214054]
    ],
    "M_C27_M M_C27H271_M": [
        [-0.000492201, 0.0165358, 0.00208332]
    ],
    "M_C27_M M_C27H272_M": [
        [-0.00301278, 0.0151277, 0.00190592]
    ],
    "M_C27_M M_C27H273_M": [
        [-0.000876644, 0.0149396, 0.00188222]
    ]
}