{
    "M_G1_M M_G1H1_M": [
        [-0.193058, 0.0718858, 0.00637884]
    ],
    "M_G1_M M_G1H2_M": [
        [-0.00247347, 0.0881655, 0.00782342]
    ],
    "M_G1C3_M M_G1C3H1_M": [
        [-0.223074, 0.0358077, 0.00317742]
    ],
    "M_G1C3_M M_G1C3H2_M": [
        [-0.18219, 0.0428243, 0.00380004]
    ],
    "M_G1C4_M M_G1C4H1_M": [
        [-0.155774, 0.0350904, 0.00311377]
    ],
    "M_G1C4_M M_G1C4H2_M": [
        [-0.14787, 0.0281899, 0.00250145]
    ],
    "M_G1C5_M M_G1C5H1_M": [
        [-0.177842, 0.0282774, 0.00250922]
    ],
    "M_G1C5_M M_G1C5H2_M": [
        [-0.179963, 0.0259863, 0.00230591]
    ],
    "M_G1C6_M M_G1C6H1_M": [
        [-0.203308, 0.0269255, 0.00238925]
    ],
    "M_G1C6_M M_G1C6H2_M": [
        [-0.205048, 0.0266582, 0.00236553]
    ],
    "M_G1C7_M M_G1C7H1_M": [
        [-0.218095, 0.0268467, 0.00238226]
    ],
    "M_G1C7_M M_G1C7H2_M": [
        [-0.218538, 0.0268651, 0.00238389]
    ],
    "M_G1C8_M M_G1C8H1_M": [
        [-0.218592, 0.0264821, 0.00234991]
    ],
    "M_G1C8_M M_G1C8H2_M": [
        [-0.217529, 0.025271, 0.00224244]
    ],
    "M_G1C9_M M_G1C9H1_M": [
        [-0.214536, 0.0275334, 0.0024432]
    ],
    "M_G1C9_M M_G1C9H2_M": [
        [-0.215781, 0.0264657, 0.00234845]
    ],
    "M_G1C10_M M_G1C10H1_M": [
        [-0.20462, 0.0279742, 0.00248231]
    ],
    "M_G1C10_M M_G1C10H2_M": [
        [-0.204731, 0.0279082, 0.00247645]
    ],
    "M_G1C11_M M_G1C11H1_M": [
        [-0.194721, 0.0263406, 0.00233735]
    ],
    "M_G1C11_M M_G1C11H2_M": [
        [-0.194322, 0.0272643, 0.00241932]
    ],
    "M_G1C12_M M_G1C12H1_M": [
        [-0.179006, 0.0246572, 0.00218798]
    ],
    "M_G1C12_M M_G1C12H2_M": [
        [-0.179179, 0.0262507, 0.00232937]
    ],
    "M_G1C13_M M_G1C13H1_M": [
        [-0.164475, 0.0220401, 0.00195574]
    ],
    "M_G1C13_M M_G1C13H2_M": [
        [-0.164882, 0.024327, 0.00215867]
    ],
    "M_G1C14_M M_G1C14H1_M": [
        [-0.145249, 0.0205813, 0.0018263]
    ],
    "M_G1C14_M M_G1C14H2_M": [
        [-0.146181, 0.0214875, 0.00190671]
    ],
    "M_G1C15_M M_G1C15H1_M": [
        [-0.125137, 0.0182184, 0.00161662]
    ],
    "M_G1C15_M M_G1C15H2_M": [
        [-0.124733, 0.0182339, 0.001618]
    ],
    "M_G1C16_M M_G1C16H1_M": [
        [-0.093031, 0.0147064, 0.00130499]
    ],
    "M_G1C16_M M_G1C16H2_M": [
        [-0.0922426, 0.0142857, 0.00126765]
    ],
    "M_G1C17_M M_G1C17H1_M": [
        [-0.0241083, 0.0112075, 0.000994504]
    ],
    "M_G1C17_M M_G1C17H2_M": [
        [-0.023743, 0.00998226, 0.000885783]
    ],
    "M_G1C17_M M_G1C17H3_M": [
        [-0.0230489, 0.0100043, 0.000887741]
    ],
    "M_G2_M M_G2H1_M": [
        [-0.221502, 0.0633572, 0.00562205]
    ],
    "M_G2C3_M M_G2C3H1_M": [
        [-0.143087, 0.054499, 0.00483601]
    ],
    "M_G2C3_M M_G2C3H2_M": [
        [-0.190279, 0.0363008, 0.00322118]
    ],
    "M_G2C4_M M_G2C4H1_M": [
        [-0.218131, 0.0340155, 0.00301839]
    ],
    "M_G2C4_M M_G2C4H2_M": [
        [-0.214205, 0.0360465, 0.00319861]
    ],
    "M_G2C5_M M_G2C5H1_M": [
        [-0.19714, 0.0279711, 0.00248203]
    ],
    "M_G2C5_M M_G2C5H2_M": [
        [-0.180252, 0.0324545, 0.00287987]
    ],
    "M_G2C6_M M_G2C6H1_M": [
        [-0.210783, 0.0271237, 0.00240684]
    ],
    "M_G2C6_M M_G2C6H2_M": [
        [-0.198954, 0.0280628, 0.00249017]
    ],
    "M_G2C7_M M_G2C7H1_M": [
        [-0.1931, 0.0269296, 0.00238961]
    ],
    "M_G2C7_M M_G2C7H2_M": [
        [-0.190078, 0.0273572, 0.00242756]
    ],
    "M_G2C8_M M_G2C8H1_M": [
        [-0.183195, 0.0266919, 0.00236852]
    ],
    "M_G2C8_M M_G2C8H2_M": [
        [-0.179127, 0.0258261, 0.0022917]
    ],
    "M_G2C9_M M_G2C9H1_M": [
        [-0.111546, 0.0267384, 0.00237265]
    ],
    "M_G2C9_M M_G2C9H2_M": [
        [-0.111582, 0.0241878, 0.00214632]
    ],
    "M_G2C10_M M_G2C10H1_M": [
        [-0.0836032, 0.0303437, 0.00269257]
    ],
    "M_G2C11_M M_G2C11H1_M": [
        [-0.0470544, 0.0260883, 0.00231496]
    ],
    "M_G2C12_M M_G2C12H1_M": [
        [-0.0689247, 0.0250986, 0.00222714]
    ],
    "M_G2C12_M M_G2C12H2_M": [
        [-0.0667468, 0.026704, 0.00236959]
    ],
    "M_G2C13_M M_G2C13H1_M": [
        [-0.11876, 0.0240035, 0.00212996]
    ],
    "M_G2C13_M M_G2C13H2_M": [
        [-0.120587, 0.0242744, 0.00215401]
    ],
    "M_G2C14_M M_G2C14H1_M": [
        [-0.127123, 0.0224216, 0.0019896]
    ],
    "M_G2C14_M M_G2C14H2_M": [
        [-0.126985, 0.0228249, 0.00202538]
    ],
    "M_G2C15_M M_G2C15H1_M": [
        [-0.132973, 0.0222671, 0.00197589]
    ],
    "M_G2C15_M M_G2C15H2_M": [
        [-0.134319, 0.0221726, 0.0019675]
    ],
    "M_G2C16_M M_G2C16H1_M": [
        [-0.122168, 0.0204757, 0.00181692]
    ],
    "M_G2C16_M M_G2C16H2_M": [
        [-0.122733, 0.0204678, 0.00181623]
    ],
    "M_G2C17_M M_G2C17H1_M": [
        [-0.111128, 0.0192581, 0.00170888]
    ],
    "M_G2C17_M M_G2C17H2_M": [
        [-0.112291, 0.0167189, 0.00148357]
    ],
    "M_G2C18_M M_G2C18H1_M": [
        [-0.0837211, 0.0151578, 0.00134504]
    ],
    "M_G2C18_M M_G2C18H2_M": [
        [-0.0827293, 0.014264, 0.00126573]
    ],
    "M_G2C19_M M_G2C19H1_M": [
        [-0.027064, 0.0100126, 0.000888478]
    ],
    "M_G2C19_M M_G2C19H2_M": [
        [-0.0235917, 0.0102131, 0.000906264]
    ],
    "M_G2C19_M M_G2C19H3_M": [
        [-0.023884, 0.0107231, 0.000951521]
    ],
    "M_G3_M M_G3H1_M": [
        [-0.249165, 0.0559196, 0.00496206]
    ],
    "M_G3_M M_G3H2_M": [
        [-0.107083, 0.0929313, 0.00824632]
    ],
    "M_G3C4_M M_G3C4H1_M": [
        [-0.0662235, 0.0567679, 0.00503734]
    ],
    "M_G3C4_M M_G3C4H2_M": [
        [-0.12926, 0.0676845, 0.00600603]
    ],
    "M_G3C5_M M_G3C5H1_M": [
        [-0.153158, 0.0592032, 0.00525343]
    ]
}