{
    "M_G1_M M_G1H1_M": [
        [-0.13041, 0.217017, 0.0153839]
    ],
    "M_G1_M M_G1H2_M": [
        [-0.126857, 0.209229, 0.0148319]
    ],
    "M_G1C3_M M_G1C3H1_M": [
        [-0.293994, 0.118861, 0.00842583]
    ],
    "M_G1C3_M M_G1C3H2_M": [
        [-0.286358, 0.12929, 0.0091651]
    ],
    "M_G1C4_M M_G1C4H1_M": [
        [-0.29128, 0.116501, 0.00825852]
    ],
    "M_G1C4_M M_G1C4H2_M": [
        [-0.288237, 0.131619, 0.00933022]
    ],
    "M_G1C5_M M_G1C5H1_M": [
        [-0.329477, 0.102397, 0.00725875]
    ],
    "M_G1C5_M M_G1C5H2_M": [
        [-0.330791, 0.107962, 0.00765323]
    ],
    "M_G1C6_M M_G1C6H1_M": [
        [-0.331916, 0.104559, 0.00741198]
    ],
    "M_G1C6_M M_G1C6H2_M": [
        [-0.333211, 0.110222, 0.00781346]
    ],
    "M_G1C7_M M_G1C7H1_M": [
        [-0.345878, 0.0982794, 0.00696684]
    ],
    "M_G1C7_M M_G1C7H2_M": [
        [-0.347405, 0.102302, 0.00725197]
    ],
    "M_G1C8_M M_G1C8H1_M": [
        [-0.346665, 0.0994913, 0.00705275]
    ],
    "M_G1C8_M M_G1C8H2_M": [
        [-0.348434, 0.10373, 0.00735319]
    ],
    "M_G1C9_M M_G1C9H1_M": [
        [-0.353247, 0.0971836, 0.00688916]
    ],
    "M_G1C9_M M_G1C9H2_M": [
        [-0.354828, 0.100359, 0.00711424]
    ],
    "M_G1C10_M M_G1C10H1_M": [
        [-0.352304, 0.0983826, 0.00697416]
    ],
    "M_G1C10_M M_G1C10H2_M": [
        [-0.353325, 0.101506, 0.00719559]
    ],
    "M_G1C11_M M_G1C11H1_M": [
        [-0.353844, 0.0989025, 0.00701101]
    ],
    "M_G1C11_M M_G1C11H2_M": [
        [-0.355749, 0.0993422, 0.00704218]
    ],
    "M_G1C12_M M_G1C12H1_M": [
        [-0.349723, 0.100346, 0.00711331]
    ],
    "M_G1C12_M M_G1C12H2_M": [
        [-0.350877, 0.101775, 0.00721467]
    ],
    "M_G1C13_M M_G1C13H1_M": [
        [-0.344813, 0.101868, 0.00722126]
    ],
    "M_G1C13_M M_G1C13H2_M": [
        [-0.346648, 0.102629, 0.00727518]
    ],
    "M_G1C14_M M_G1C14H1_M": [
        [-0.32909, 0.10382, 0.00735959]
    ],
    "M_G1C14_M M_G1C14H2_M": [
        [-0.330332, 0.104513, 0.00740873]
    ],
    "M_G1C15_M M_G1C15H1_M": [
        [-0.298477, 0.102562, 0.00727042]
    ],
    "M_G1C15_M M_G1C15H2_M": [
        [-0.300428, 0.10214, 0.0072405]
    ],
    "M_G1C16_M M_G1C16H1_M": [
        [-0.232203, 0.093174, 0.00660493]
    ],
    "M_G1C16_M M_G1C16H2_M": [
        [-0.23261, 0.0942873, 0.00668385]
    ],
    "M_G1C17_M M_G1C17H1_M": [
        [-0.0729937, 0.0380727, 0.0026989]
    ],
    "M_G1C17_M M_G1C17H2_M": [
        [-0.0732662, 0.0390205, 0.00276609]
    ],
    "M_G1C17_M M_G1C17H3_M": [
        [-0.0735607, 0.038669, 0.00274118]
    ],
    "M_G2_M M_G2H1_M": [
        [-0.127844, 0.205811, 0.0145896]
    ],
    "M_G2C3_M M_G2C3H1_M": [
        [-0.187439, 0.160929, 0.011408]
    ],
    "M_G2C3_M M_G2C3H2_M": [
        [-0.222723, 0.148122, 0.0105001]
    ],
    "M_G2C4_M M_G2C4H1_M": [
        [-0.300829, 0.108392, 0.00768374]
    ],
    "M_G2C4_M M_G2C4H2_M": [
        [-0.283909, 0.120618, 0.00855041]
    ],
    "M_G2C5_M M_G2C5H1_M": [
        [-0.318767, 0.103269, 0.00732056]
    ],
    "M_G2C5_M M_G2C5H2_M": [
        [-0.320944, 0.0993514, 0.00704284]
    ],
    "M_G2C6_M M_G2C6H1_M": [
        [-0.343324, 0.0938928, 0.00665588]
    ],
    "M_G2C6_M M_G2C6H2_M": [
        [-0.343858, 0.0924877, 0.00655628]
    ],
    "M_G2C7_M M_G2C7H1_M": [
        [-0.351308, 0.0908888, 0.00644294]
    ],
    "M_G2C7_M M_G2C7H2_M": [
        [-0.352335, 0.0882253, 0.00625412]
    ],
    "M_G2C8_M M_G2C8H1_M": [
        [-0.361036, 0.086975, 0.00616549]
    ],
    "M_G2C8_M M_G2C8H2_M": [
        [-0.361581, 0.085957, 0.00609333]
    ],
    "M_G2C9_M M_G2C9H1_M": [
        [-0.363118, 0.0868663, 0.00615779]
    ],
    "M_G2C9_M M_G2C9H2_M": [
        [-0.363615, 0.0859734, 0.0060945]
    ],
    "M_G2C10_M M_G2C10H1_M": [
        [-0.366434, 0.0856331, 0.00607037]
    ],
    "M_G2C10_M M_G2C10H2_M": [
        [-0.366283, 0.0857678, 0.00607992]
    ],
    "M_G2C11_M M_G2C11H1_M": [
        [-0.365569, 0.0857655, 0.00607975]
    ],
    "M_G2C11_M M_G2C11H2_M": [
        [-0.366019, 0.0853531, 0.00605052]
    ],
    "M_G2C12_M M_G2C12H1_M": [
        [-0.365336, 0.0861539, 0.00610729]
    ],
    "M_G2C12_M M_G2C12H2_M": [
        [-0.366154, 0.0859661, 0.00609398]
    ],
    "M_G2C13_M M_G2C13H1_M": [
        [-0.361613, 0.0865575, 0.0061359]
    ],
    "M_G2C13_M M_G2C13H2_M": [
        [-0.362397, 0.0874667, 0.00620035]
    ],
    "M_G2C14_M M_G2C14H1_M": [
        [-0.354719, 0.0882471, 0.00625567]
    ],
    "M_G2C14_M M_G2C14H2_M": [
        [-0.355674, 0.089128, 0.00631812]
    ],
    "M_G2C15_M M_G2C15H1_M": [
        [-0.333298, 0.0898453, 0.00636896]
    ],
    "M_G2C15_M M_G2C15H2_M": [
        [-0.334452, 0.0896701, 0.00635654]
    ],
    "M_G2C16_M M_G2C16H1_M": [
        [-0.284033, 0.0883857, 0.0062655]
    ],
    "M_G2C16_M M_G2C16H2_M": [
        [-0.285865, 0.089108, 0.0063167]
    ],
    "M_G2C17_M M_G2C17H1_M": [
        [-0.0817786, 0.0319489, 0.0022648]
    ],
    "M_G2C17_M M_G2C17H2_M": [
        [-0.0821988, 0.0322939, 0.00228925]
    ],
    "M_G2C17_M M_G2C17H3_M": [
        [-0.0815333, 0.0321218, 0.00227706]
    ],
    "M_G3_M M_G3H1_M": [
        [-0.089865, 0.203893, 0.0144536]
    ],
    "M_G3_M M_G3H2_M": [
        [-0.0167719, 0.257653, 0.0182646]
    ],
    "M_G3C4_M M_G3C4H1_M": [
        [-0.00518694, 0.13025, 0.00923315]
    ],
    "M_G3C4_M M_G3C4H2_M": [
        [-0.0180886, 0.111715, 0.00791928]
    ],
    "M_G3C5_M M_G3C5H1_M": [
        [-0.0622088, 0.115776, 0.00820715]
    ],
    "M_G3C5_M M_G3C5H2_M": [
        [-0.087932, 0.0910856, 0.00645688]
    ],
    "M_G3N6C1_M M_G3N6C1H1_M": [
        [0.0103254, 0.0198079, 0.00140414]
    ],
    "M_G3N6C1_M M_G3N6C1H2_M": [
        [0.0116762, 0.0193065, 0.0013686]
    ],
    "M_G3N6C1_M M_G3N6C1H3_M": [
        [0.0102906, 0.0188783, 0.00133824]
    ],
    "M_G3N6C2_M M_G3N6C2H1_M": [
        [0.00901027, 0.0181248, 0.00128483]
    ],
    "M_G3N6C2_M M_G3N6C2H2_M": [
        [0.0113597, 0.0187787, 0.00133118]
    ],
    "M_G3N6C2_M M_G3N6C2H3_M": [
        [0.0118417, 0.0191748, 0.00135926]
    ],
    "M_G3N6C3_M M_G3N6C3H1_M": [
        [0.010577, 0.0176709, 0.00125265]
    ],
    "M_G3N6C3_M M_G3N6C3H2_M": [
        [0.0111719, 0.0190928, 0.00135345]
    ],
    "M_G3N6C3_M M_G3N6C3H3_M": [
        [0.011099, 0.0186984, 0.0013255]
    ]
}