{
    "M_C3_M M_C3H3_M": [
        [-0.392943, 0.00391564, 0.000611521]
    ],
    "M_C4_M M_C4H41_M": [
        [-0.332739, 0.00571854, 0.000893087]
    ],
    "M_C4_M M_C4H42_M": [
        [-0.249811, 0.00967488, 0.00151096]
    ],
    "M_C6_M M_C6H6_M": [
        [-0.0704994, 0.0109105, 0.00170393]
    ],
    "M_C7_M M_C7H71_M": [
        [-0.325317, 0.00655932, 0.00102439]
    ],
    "M_C7_M M_C7H72_M": [
        [-0.368621, 0.00521176, 0.00081394]
    ],
    "M_C8_M M_C8H8_M": [
        [-0.442245, 0.00425076, 0.000663858]
    ],
    "M_C14_M M_C14H14_M": [
        [-0.439706, 0.00433873, 0.000677595]
    ],
    "M_C15_M M_C15H151_M": [
        [-0.407495, 0.00501039, 0.000782491]
    ],
    "M_C15_M M_C15H152_M": [
        [-0.370295, 0.00702819, 0.00109762]
    ],
    "M_C16_M M_C16H161_M": [
        [-0.0746864, 0.00879031, 0.00137282]
    ],
    "M_C16_M M_C16H162_M": [
        [-0.189962, 0.0080762, 0.00126129]
    ],
    "M_C17_M M_C17H17_M": [
        [-0.43715, 0.00419576, 0.000655268]
    ],
    "M_C18_M M_C18H181_M": [
        [0.123207, 0.00555841, 0.000868077]
    ],
    "M_C18_M M_C18H182_M": [
        [0.122611, 0.00596245, 0.000931179]
    ],
    "M_C18_M M_C18H183_M": [
        [0.123855, 0.00671624, 0.0010489]
    ],
    "M_C12_M M_C12H121_M": [
        [-0.132196, 0.0103678, 0.00161918]
    ],
    "M_C12_M M_C12H122_M": [
        [-0.433778, 0.00415291, 0.000648576]
    ],
    "M_C11_M M_C11H111_M": [
        [-0.438473, 0.0042183, 0.000658787]
    ],
    "M_C11_M M_C11H112_M": [
        [-0.243279, 0.00788446, 0.00123135]
    ],
    "M_C9_M M_C9H9_M": [
        [-0.437985, 0.00448942, 0.00070113]
    ],
    "M_C19_M M_C19H191_M": [
        [0.123341, 0.00494836, 0.000772803]
    ],
    "M_C19_M M_C19H192_M": [
        [0.123487, 0.00433717, 0.000677351]
    ],
    "M_C19_M M_C19H193_M": [
        [0.12268, 0.00455125, 0.000710786]
    ],
    "M_C1_M M_C1H11_M": [
        [-0.268184, 0.00933889, 0.00145849]
    ],
    "M_C1_M M_C1H12_M": [
        [-0.389495, 0.00465879, 0.000727581]
    ],
    "M_C2_M M_C2H21_M": [
        [-0.230292, 0.00782095, 0.00122143]
    ],
    "M_C2_M M_C2H22_M": [
        [-0.358448, 0.00509169, 0.000795188]
    ],
    "M_C20_M M_C20H20_M": [
        [-0.423835, 0.00459997, 0.000718394]
    ],
    "M_C21_M M_C21H211_M": [
        [0.109473, 0.00444946, 0.000694889]
    ],
    "M_C21_M M_C21H212_M": [
        [0.108353, 0.00518625, 0.000809956]
    ],
    "M_C21_M M_C21H213_M": [
        [0.109056, 0.00459002, 0.000716841]
    ],
    "M_C22_M M_C22H221_M": [
        [-0.243977, 0.0212754, 0.00332266]
    ],
    "M_C22_M M_C22H222_M": [
        [-0.380928, 0.0044425, 0.000693802]
    ],
    "M_C23_M M_C23H231_M": [
        [-0.178835, 0.015025, 0.00234651]
    ],
    "M_C23_M M_C23H232_M": [
        [-0.358497, 0.00372841, 0.00058228]
    ],
    "M_C24_M M_C24H241_M": [
        [-0.214479, 0.00599995, 0.000937035]
    ],
    "M_C24_M M_C24H242_M": [
        [-0.296573, 0.0045427, 0.000709451]
    ],
    "M_C25_M M_C25H25_M": [
        [-0.20914, 0.00407869, 0.000636985]
    ],
    "M_C26_M M_C26H261_M": [
        [0.00475223, 0.00350833, 0.000547909]
    ],
    "M_C26_M M_C26H262_M": [
        [0.00537745, 0.00425334, 0.000664261]
    ],
    "M_C26_M M_C26H263_M": [
        [0.00559927, 0.00380942, 0.000594931]
    ],
    "M_C27_M M_C27H271_M": [
        [0.00752949, 0.00411909, 0.000643294]
    ],
    "M_C27_M M_C27H272_M": [
        [0.00777586, 0.00317844, 0.000496389]
    ],
    "M_C27_M M_C27H273_M": [
        [0.00832224, 0.00362214, 0.000565683]
    ]
}