{
    "M_G1_M M_G1H1_M": [
        [0.0103581, 0.0269687, 0.00315644]
    ],
    "M_G1_M M_G1H2_M": [
        [-0.247863, 0.0278478, 0.00325933]
    ],
    "M_G1C3_M M_G1C3H1_M": [
        [-0.304623, 0.00986962, 0.00115515]
    ],
    "M_G1C3_M M_G1C3H2_M": [
        [-0.303068, 0.00987584, 0.00115588]
    ],
    "M_G1C4_M M_G1C4H1_M": [
        [-0.280693, 0.0097815, 0.00114484]
    ],
    "M_G1C4_M M_G1C4H2_M": [
        [-0.27852, 0.0102275, 0.00119704]
    ],
    "M_G1C5_M M_G1C5H1_M": [
        [-0.321361, 0.0108208, 0.00126648]
    ],
    "M_G1C5_M M_G1C5H2_M": [
        [-0.320111, 0.0109639, 0.00128323]
    ],
    "M_G1C6_M M_G1C6H1_M": [
        [-0.327216, 0.0121501, 0.00142206]
    ],
    "M_G1C6_M M_G1C6H2_M": [
        [-0.326855, 0.0125484, 0.00146868]
    ],
    "M_G1C7_M M_G1C7H1_M": [
        [-0.343364, 0.0122429, 0.00143293]
    ],
    "M_G1C7_M M_G1C7H2_M": [
        [-0.342834, 0.0118757, 0.00138995]
    ],
    "M_G1C8_M M_G1C8H1_M": [
        [-0.341557, 0.0125096, 0.00146414]
    ],
    "M_G1C8_M M_G1C8H2_M": [
        [-0.341217, 0.0127704, 0.00149466]
    ],
    "M_G1C9_M M_G1C9H1_M": [
        [-0.341724, 0.0114353, 0.0013384]
    ],
    "M_G1C9_M M_G1C9H2_M": [
        [-0.341605, 0.0115915, 0.00135669]
    ],
    "M_G1C10_M M_G1C10H1_M": [
        [-0.326764, 0.0106893, 0.00125109]
    ],
    "M_G1C10_M M_G1C10H2_M": [
        [-0.326438, 0.0112396, 0.0013155]
    ],
    "M_G1C11_M M_G1C11H1_M": [
        [-0.31547, 0.00935677, 0.00109513]
    ],
    "M_G1C11_M M_G1C11H2_M": [
        [-0.315591, 0.009874, 0.00115566]
    ],
    "M_G1C12_M M_G1C12H1_M": [
        [-0.291732, 0.00903416, 0.00105737]
    ],
    "M_G1C12_M M_G1C12H2_M": [
        [-0.291764, 0.00905852, 0.00106022]
    ],
    "M_G1C13_M M_G1C13H1_M": [
        [-0.273888, 0.00769104, 0.000900168]
    ],
    "M_G1C13_M M_G1C13H2_M": [
        [-0.273612, 0.00747306, 0.000874655]
    ],
    "M_G1C14_M M_G1C14H1_M": [
        [-0.244157, 0.00705188, 0.00082536]
    ],
    "M_G1C14_M M_G1C14H2_M": [
        [-0.243903, 0.00746703, 0.00087395]
    ],
    "M_G1C15_M M_G1C15H1_M": [
        [-0.219879, 0.00664978, 0.000778298]
    ],
    "M_G1C15_M M_G1C15H2_M": [
        [-0.220173, 0.00696004, 0.000814612]
    ],
    "M_G1C16_M M_G1C16H1_M": [
        [-0.181556, 0.00680948, 0.00079699]
    ],
    "M_G1C16_M M_G1C16H2_M": [
        [-0.181191, 0.00676992, 0.000792359]
    ],
    "M_G1C17_M M_G1C17H1_M": [
        [-0.148132, 0.00585405, 0.000685165]
    ],
    "M_G1C17_M M_G1C17H2_M": [
        [-0.148214, 0.00587094, 0.000687141]
    ],
    "M_G1C18_M M_G1C18H1_M": [
        [-0.100866, 0.0050838, 0.000595014]
    ],
    "M_G1C18_M M_G1C18H2_M": [
        [-0.101568, 0.00463094, 0.000542011]
    ],
    "M_G1C19_M M_G1C19H1_M": [
        [-0.0292536, 0.00258781, 0.000302881]
    ],
    "M_G1C19_M M_G1C19H2_M": [
        [-0.0291196, 0.00236909, 0.000277281]
    ],
    "M_G1C19_M M_G1C19H3_M": [
        [-0.0290398, 0.00225396, 0.000263806]
    ],
    "M_G2_M M_G2H1_M": [
        [-0.218465, 0.0361254, 0.00422816]
    ],
    "M_G2C3_M M_G2C3H1_M": [
        [-0.10598, 0.0141506, 0.0016562]
    ],
    "M_G2C3_M M_G2C3H2_M": [
        [-0.0877082, 0.0170029, 0.00199004]
    ],
    "M_G2C4_M M_G2C4H1_M": [
        [-0.133237, 0.00954959, 0.00111769]
    ],
    "M_G2C4_M M_G2C4H2_M": [
        [-0.11423, 0.0125057, 0.00146368]
    ],
    "M_G2C5_M M_G2C5H1_M": [
        [-0.151441, 0.0114948, 0.00134537]
    ],
    "M_G2C6_M M_G2C6H1_M": [
        [-0.0657977, 0.0155641, 0.00182165]
    ],
    "M_G2C7_M M_G2C7H1_M": [
        [-0.0136693, 0.00929597, 0.00108801]
    ],
    "M_G2C7_M M_G2C7H2_M": [
        [-0.0177466, 0.00891184, 0.00104305]
    ],
    "M_G2C8_M M_G2C8H1_M": [
        [-0.0833072, 0.0088212, 0.00103244]
    ],
    "M_G2C9_M M_G2C9H1_M": [
        [-0.069906, 0.0093771, 0.00109751]
    ],
    "M_G2C10_M M_G2C10H1_M": [
        [-0.0435325, 0.00497723, 0.000582541]
    ],
    "M_G2C10_M M_G2C10H2_M": [
        [-0.0420647, 0.0053395, 0.000624942]
    ],
    "M_G2C11_M M_G2C11H1_M": [
        [-0.0845413, 0.00816976, 0.000956198]
    ],
    "M_G2C12_M M_G2C12H1_M": [
        [-0.0845061, 0.0062256, 0.000728651]
    ],
    "M_G2C13_M M_G2C13H1_M": [
        [-0.0454263, 0.00355592, 0.000416189]
    ],
    "M_G2C13_M M_G2C13H2_M": [
        [-0.0457041, 0.0037202, 0.000435416]
    ],
    "M_G2C14_M M_G2C14H1_M": [
        [-0.082855, 0.00750382, 0.000878256]
    ],
    "M_G2C15_M M_G2C15H1_M": [
        [-0.0673151, 0.00554264, 0.000648717]
    ],
    "M_G2C16_M M_G2C16H1_M": [
        [-0.0387391, 0.0096249, 0.00112651]
    ],
    "M_G2C16_M M_G2C16H2_M": [
        [-0.0401082, 0.0101658, 0.00118982]
    ],
    "M_G2C17_M M_G2C17H1_M": [
        [-0.0659278, 0.00486265, 0.000569131]
    ],
    "M_G2C18_M M_G2C18H1_M": [
        [-0.0488974, 0.0050753, 0.000594019]
    ],
    "M_G2C19_M M_G2C19H1_M": [
        [-0.0388538, 0.0104612, 0.0012244]
    ],
    "M_G2C19_M M_G2C19H2_M": [
        [-0.0387033, 0.0108964, 0.00127533]
    ],
    "M_G2C20_M M_G2C20H1_M": [
        [-0.0587124, 0.00566123, 0.000662597]
    ],
    "M_G2C21_M M_G2C21H1_M": [
        [-0.0215157, 0.00546526, 0.00063966]
    ],
    "M_G2C22_M M_G2C22H1_M": [
        [-0.0308404, 0.00296013, 0.000346457]
    ],
    "M_G2C22_M M_G2C22H2_M": [
        [-0.0305678, 0.00261431, 0.000305982]
    ],
    "M_G2C23_M M_G2C23H1_M": [
        [-0.017506, 0.00236955, 0.000277335]
    ],
    "M_G2C23_M M_G2C23H2_M": [
        [-0.0173733, 0.00201568, 0.000235918]
    ],
    "M_G2C23_M M_G2C23H3_M": [
        [-0.0173827, 0.00258376, 0.000302406]
    ],
    "M_G3_M M_G3H1_M": [
        [-0.126405, 0.0385613, 0.00451326]
    ],
    "M_G3_M M_G3H2_M": [
        [-0.206354, 0.0228843, 0.0026784]
    ],
    "M_G3C4_M M_G3C4H1_M": [
        [0.130694, 0.018831, 0.002204]
    ],
    "M_G3C4_M M_G3C4H2_M": [
        [0.135097, 0.0163069, 0.00190858]
    ],
    "M_G3C5_M M_G3C5H1_M": [
        [0.0144373, 0.0104737, 0.00122586]
    ],
    "M_G3C5_M M_G3C5H2_M": [
        [0.00369603, 0.00904879, 0.00105908]
    ]
}