{
    "M_C1_M M_C1H1_M": [
        [-0.010518, 0.00355914, 0.000918967]
    ],
    "M_C1_M M_C1H2_M": [
        [-0.010048, 0.00493115, 0.00127322]
    ],
    "M_C1_M M_C1H3_M": [
        [-0.0107308, 0.0055186, 0.0014249]
    ],
    "M_C2_M M_C2H1_M": [
        [-0.032296, 0.00417665, 0.00107841]
    ],
    "M_C2_M M_C2H2_M": [
        [-0.0312716, 0.00572838, 0.00147906]
    ],
    "M_C3_M M_C3H1_M": [
        [-0.0346257, 0.0061928, 0.00159898]
    ],
    "M_C3_M M_C3H2_M": [
        [-0.0327831, 0.00527861, 0.00136293]
    ],
    "M_C4_M M_C4H1_M": [
        [-0.0302123, 0.00653508, 0.00168735]
    ],
    "M_C4_M M_C4H2_M": [
        [-0.0318366, 0.00907624, 0.00234347]
    ],
    "M_C5_M M_C5H1_M": [
        [-0.0276549, 0.0100054, 0.00258338]
    ],
    "M_C5_M M_C5H2_M": [
        [-0.0262404, 0.00715138, 0.00184648]
    ],
    "M_C6_M M_C6H1_M": [
        [-0.023519, 0.00950259, 0.00245356]
    ],
    "M_C6_M M_C6H2_M": [
        [-0.0214298, 0.00954125, 0.00246354]
    ],
    "M_C7_M M_C7H1_M": [
        [-0.0143187, 0.010475, 0.00270462]
    ],
    "M_C7_M M_C7H2_M": [
        [-0.0188299, 0.00717987, 0.00185383]
    ],
    "M_C8_M M_C8H1_M": [
        [-0.0105898, 0.00803566, 0.0020748]
    ],
    "M_C8_M M_C8H2_M": [
        [-0.0124629, 0.00906716, 0.00234113]
    ],
    "M_C9_M M_C9H1_M": [
        [-0.00913512, 0.00775821, 0.00200316]
    ],
    "M_C9_M M_C9H2_M": [
        [-0.00708761, 0.0110675, 0.00285763]
    ],
    "M_C10_M M_C10H1_M": [
        [-0.0050767, 0.0133819, 0.00345518]
    ],
    "M_C10_M M_C10H2_M": [
        [-0.0029691, 0.00733957, 0.00189507]
    ],
    "M_C11_M M_C11H1_M": [
        [0.00112025, 0.0103212, 0.00266493]
    ],
    "M_C11_M M_C11H2_M": [
        [-0.00198198, 0.00963361, 0.00248739]
    ],
    "M_C12_M M_C12H1_M": [
        [0.00328758, 0.0100497, 0.00259482]
    ],
    "M_C12_M M_C12H2_M": [
        [0.00197851, 0.00962253, 0.00248453]
    ],
    "M_C13_M M_C13H1_M": [
        [0.00541106, 0.0102644, 0.00265026]
    ],
    "M_C13_M M_C13H2_M": [
        [0.00820274, 0.00897385, 0.00231704]
    ],
    "M_C14_M M_C14H1_M": [
        [0.0131689, 0.00757241, 0.00195519]
    ],
    "M_C14_M M_C14H2_M": [
        [0.00756851, 0.0105703, 0.00272923]
    ],
    "M_C15_M M_C15H1_M": [
        [0.0115337, 0.0098558, 0.00254476]
    ],
    "M_C15_M M_C15H2_M": [
        [0.00938649, 0.00767048, 0.00198051]
    ],
    "M_C16_M M_C16H1_M": [
        [0.00785643, 0.0102681, 0.00265121]
    ],
    "M_C16_M M_C16H2_M": [
        [0.0121869, 0.00980792, 0.00253239]
    ],
    "M_C17_M M_C17H1_M": [
        [0.00893965, 0.0100973, 0.00260712]
    ],
    "M_C17_M M_C17H2_M": [
        [0.00724518, 0.00811939, 0.00209642]
    ],
    "M_C18_M M_C18H1_M": [
        [0.0056562, 0.0106326, 0.00274534]
    ],
    "M_C18_M M_C18H2_M": [
        [0.00308587, 0.00804857, 0.00207813]
    ],
    "M_C19_M M_C19H1_M": [
        [0.00177485, 0.00912967, 0.00235727]
    ],
    "M_C19_M M_C19H2_M": [
        [-0.00127479, 0.00933339, 0.00240987]
    ],
    "M_C20_M M_C20H1_M": [
        [-0.00525102, 0.0107112, 0.00276563]
    ],
    "M_C20_M M_C20H2_M": [
        [-0.00458114, 0.00719733, 0.00185834]
    ],
    "M_C21_M M_C21H1_M": [
        [-0.00920185, 0.0107778, 0.00278282]
    ],
    "M_C21_M M_C21H2_M": [
        [-0.00963241, 0.0101276, 0.00261494]
    ],
    "M_C22_M M_C22H1_M": [
        [-0.0161701, 0.0109131, 0.00281774]
    ],
    "M_C22_M M_C22H2_M": [
        [-0.0138529, 0.0092722, 0.00239407]
    ],
    "M_C23_M M_C23H1_M": [
        [-0.0185284, 0.00980805, 0.00253243]
    ],
    "M_C23_M M_C23H2_M": [
        [-0.0215992, 0.00748124, 0.00193165]
    ],
    "M_C24_M M_C24H1_M": [
        [-0.0258948, 0.00684905, 0.00176842]
    ],
    "M_C24_M M_C24H2_M": [
        [-0.0257341, 0.00857782, 0.00221478]
    ],
    "M_C25_M M_C25H1_M": [
        [-0.0320642, 0.00671626, 0.00173413]
    ],
    "M_C25_M M_C25H2_M": [
        [-0.0341386, 0.00944867, 0.00243964]
    ],
    "M_C26_M M_C26H1_M": [
        [-0.0378119, 0.00730836, 0.00188701]
    ],
    "M_C26_M M_C26H2_M": [
        [-0.0358105, 0.00742422, 0.00191693]
    ],
    "M_C27_M M_C27H1_M": [
        [-0.04067, 0.00816831, 0.00210905]
    ],
    "M_C27_M M_C27H2_M": [
        [-0.0405637, 0.00700314, 0.0018082]
    ],
    "M_C28_M M_C28H1_M": [
        [-0.0411296, 0.00721562, 0.00186306]
    ],
    "M_C28_M M_C28H2_M": [
        [-0.0405638, 0.00882951, 0.00227977]
    ],
    "M_C29_M M_C29H1_M": [
        [-0.0366787, 0.00779809, 0.00201346]
    ],
    "M_C29_M M_C29H2_M": [
        [-0.0359575, 0.00664817, 0.00171655]
    ],
    "M_C30_M M_C30H1_M": [
        [-0.0132146, 0.0043587, 0.00112541]
    ],
    "M_C30_M M_C30H2_M": [
        [-0.0121495, 0.00488421, 0.0012611]
    ],
    "M_C30_M M_C30H3_M": [
        [-0.0110007, 0.00506523, 0.00130784]
    ]
}