{
    "M_C3_M M_C3H3_M": [
        [-0.389491, 0.0297401, 0.00272627]
    ],
    "M_C4_M M_C4H41_M": [
        [-0.339726, 0.0320136, 0.00293468]
    ],
    "M_C4_M M_C4H42_M": [
        [-0.199009, 0.032538, 0.00298276]
    ],
    "M_C6_M M_C6H6_M": [
        [-0.0416743, 0.0330773, 0.00303219]
    ],
    "M_C7_M M_C7H71_M": [
        [-0.292906, 0.0324953, 0.00297884]
    ],
    "M_C7_M M_C7H72_M": [
        [-0.352723, 0.0317048, 0.00290637]
    ],
    "M_C8_M M_C8H8_M": [
        [-0.424321, 0.0299941, 0.00274955]
    ],
    "M_C14_M M_C14H14_M": [
        [-0.421901, 0.0298062, 0.00273233]
    ],
    "M_C15_M M_C15H151_M": [
        [-0.385473, 0.0299634, 0.00274674]
    ],
    "M_C15_M M_C15H152_M": [
        [-0.351135, 0.0341193, 0.00312771]
    ],
    "M_C16_M M_C16H161_M": [
        [-0.0958171, 0.0343244, 0.00314651]
    ],
    "M_C16_M M_C16H162_M": [
        [-0.165992, 0.0312994, 0.00286921]
    ],
    "M_C17_M M_C17H17_M": [
        [-0.420931, 0.0300797, 0.00275741]
    ],
    "M_C18_M M_C18H181_M": [
        [0.121961, 0.0107136, 0.000982118]
    ],
    "M_C18_M M_C18H182_M": [
        [0.121236, 0.0120386, 0.00110357]
    ],
    "M_C18_M M_C18H183_M": [
        [0.12232, 0.0127136, 0.00116545]
    ],
    "M_C12_M M_C12H121_M": [
        [-0.119916, 0.0326262, 0.00299084]
    ],
    "M_C12_M M_C12H122_M": [
        [-0.415385, 0.0298546, 0.00273676]
    ],
    "M_C11_M M_C11H111_M": [
        [-0.420985, 0.0306534, 0.00280999]
    ],
    "M_C11_M M_C11H112_M": [
        [-0.235358, 0.0335858, 0.0030788]
    ],
    "M_C9_M M_C9H9_M": [
        [-0.419523, 0.0297001, 0.0027226]
    ],
    "M_C19_M M_C19H191_M": [
        [0.121234, 0.0112532, 0.00103158]
    ],
    "M_C19_M M_C19H192_M": [
        [0.119647, 0.0103551, 0.000949255]
    ],
    "M_C19_M M_C19H193_M": [
        [0.12125, 0.0104778, 0.000960499]
    ],
    "M_C1_M M_C1H11_M": [
        [-0.214315, 0.0325166, 0.0029808]
    ],
    "M_C1_M M_C1H12_M": [
        [-0.385828, 0.0310539, 0.0028467]
    ],
    "M_C2_M M_C2H21_M": [
        [-0.230891, 0.0321398, 0.00294625]
    ],
    "M_C2_M M_C2H22_M": [
        [-0.369774, 0.0313546, 0.00287427]
    ],
    "M_C20_M M_C20H20_M": [
        [-0.405746, 0.0312101, 0.00286102]
    ],
    "M_C21_M M_C21H211_M": [
        [0.11581, 0.0115644, 0.00106011]
    ],
    "M_C21_M M_C21H212_M": [
        [0.115563, 0.0118401, 0.00108538]
    ],
    "M_C21_M M_C21H213_M": [
        [0.115659, 0.0118385, 0.00108524]
    ],
    "M_C22_M M_C22H221_M": [
        [-0.343958, 0.0623289, 0.00571368]
    ],
    "M_C22_M M_C22H222_M": [
        [-0.391387, 0.0319179, 0.00292591]
    ],
    "M_C23_M M_C23H231_M": [
        [-0.29374, 0.0572638, 0.00524937]
    ],
    "M_C23_M M_C23H232_M": [
        [-0.380495, 0.0353541, 0.00324091]
    ],
    "M_C24_M M_C24H241_M": [
        [-0.281535, 0.0499457, 0.00457852]
    ],
    "M_C24_M M_C24H242_M": [
        [-0.340187, 0.0371122, 0.00340207]
    ],
    "M_C25_M M_C25H25_M": [
        [-0.220146, 0.0361903, 0.00331756]
    ],
    "M_C26_M M_C26H261_M": [
        [0.0213752, 0.00690952, 0.000633395]
    ],
    "M_C26_M M_C26H262_M": [
        [0.0198745, 0.00775604, 0.000710995]
    ],
    "M_C26_M M_C26H263_M": [
        [0.0205831, 0.00753903, 0.000691102]
    ],
    "M_C27_M M_C27H271_M": [
        [0.0236816, 0.00830578, 0.000761389]
    ],
    "M_C27_M M_C27H272_M": [
        [0.0237259, 0.0078453, 0.000719177]
    ],
    "M_C27_M M_C27H273_M": [
        [0.0233899, 0.00907494, 0.000831898]
    ]
}