{
    "M_G1_M M_G1H1_M": [
        [-0.105142, 0.103253, 0.00321569]
    ],
    "M_G1_M M_G1H2_M": [
        [-0.162771, 0.102361, 0.00318789]
    ],
    "M_G1C3_M M_G1C3H1_M": [
        [-0.296905, 0.0636952, 0.00198371]
    ],
    "M_G1C3_M M_G1C3H2_M": [
        [-0.294972, 0.0639579, 0.00199189]
    ],
    "M_G1C4_M M_G1C4H1_M": [
        [-0.29031, 0.0729064, 0.00227058]
    ],
    "M_G1C4_M M_G1C4H2_M": [
        [-0.293246, 0.0723518, 0.0022533]
    ],
    "M_G1C5_M M_G1C5H1_M": [
        [-0.326056, 0.0707371, 0.00220302]
    ],
    "M_G1C5_M M_G1C5H2_M": [
        [-0.329108, 0.0705342, 0.0021967]
    ],
    "M_G1C6_M M_G1C6H1_M": [
        [-0.328275, 0.0773802, 0.00240991]
    ],
    "M_G1C6_M M_G1C6H2_M": [
        [-0.329305, 0.0774784, 0.00241297]
    ],
    "M_G1C7_M M_G1C7H1_M": [
        [-0.341642, 0.0757999, 0.00236069]
    ],
    "M_G1C7_M M_G1C7H2_M": [
        [-0.341818, 0.0761745, 0.00237236]
    ],
    "M_G1C8_M M_G1C8H1_M": [
        [-0.340191, 0.0803113, 0.00250119]
    ],
    "M_G1C8_M M_G1C8H2_M": [
        [-0.340541, 0.0804912, 0.0025068]
    ],
    "M_G1C9_M M_G1C9H1_M": [
        [-0.343508, 0.0810391, 0.00252386]
    ],
    "M_G1C9_M M_G1C9H2_M": [
        [-0.343852, 0.0810177, 0.00252319]
    ],
    "M_G1C10_M M_G1C10H1_M": [
        [-0.338132, 0.0848067, 0.0026412]
    ],
    "M_G1C10_M M_G1C10H2_M": [
        [-0.338376, 0.084763, 0.00263984]
    ],
    "M_G1C11_M M_G1C11H1_M": [
        [-0.335625, 0.0860904, 0.00268118]
    ],
    "M_G1C11_M M_G1C11H2_M": [
        [-0.335937, 0.0861752, 0.00268382]
    ],
    "M_G1C12_M M_G1C12H1_M": [
        [-0.325634, 0.089128, 0.00277578]
    ],
    "M_G1C12_M M_G1C12H2_M": [
        [-0.325749, 0.0893095, 0.00278143]
    ],
    "M_G1C13_M M_G1C13H1_M": [
        [-0.315059, 0.0900175, 0.00280348]
    ],
    "M_G1C13_M M_G1C13H2_M": [
        [-0.315061, 0.0903288, 0.00281318]
    ],
    "M_G1C14_M M_G1C14H1_M": [
        [-0.291135, 0.0906803, 0.00282412]
    ],
    "M_G1C14_M M_G1C14H2_M": [
        [-0.291325, 0.0908324, 0.00282886]
    ],
    "M_G1C15_M M_G1C15H1_M": [
        [-0.255726, 0.0848672, 0.00264308]
    ],
    "M_G1C15_M M_G1C15H2_M": [
        [-0.255558, 0.0846839, 0.00263737]
    ],
    "M_G1C16_M M_G1C16H1_M": [
        [-0.18813, 0.0692782, 0.00215758]
    ],
    "M_G1C16_M M_G1C16H2_M": [
        [-0.188787, 0.0697398, 0.00217196]
    ],
    "M_G1C17_M M_G1C17H1_M": [
        [-0.0562765, 0.0222183, 0.00069196]
    ],
    "M_G1C17_M M_G1C17H2_M": [
        [-0.05626, 0.0220514, 0.000686763]
    ],
    "M_G1C17_M M_G1C17H3_M": [
        [-0.0564981, 0.0221825, 0.000690845]
    ],
    "M_G2_M M_G2H1_M": [
        [-0.0568226, 0.115311, 0.00359121]
    ],
    "M_G2C3_M M_G2C3H1_M": [
        [-0.174178, 0.0882566, 0.00274864]
    ],
    "M_G2C3_M M_G2C3H2_M": [
        [-0.20082, 0.0768896, 0.00239463]
    ],
    "M_G2C4_M M_G2C4H1_M": [
        [-0.285285, 0.0682073, 0.00212423]
    ],
    "M_G2C4_M M_G2C4H2_M": [
        [-0.259943, 0.0709712, 0.00221031]
    ],
    "M_G2C5_M M_G2C5H1_M": [
        [-0.302301, 0.0717416, 0.0022343]
    ],
    "M_G2C5_M M_G2C5H2_M": [
        [-0.300843, 0.0730782, 0.00227593]
    ],
    "M_G2C6_M M_G2C6H1_M": [
        [-0.326868, 0.0747093, 0.00232673]
    ],
    "M_G2C6_M M_G2C6H2_M": [
        [-0.324711, 0.0759115, 0.00236417]
    ],
    "M_G2C7_M M_G2C7H1_M": [
        [-0.333543, 0.0771333, 0.00240222]
    ],
    "M_G2C7_M M_G2C7H2_M": [
        [-0.332871, 0.0769806, 0.00239746]
    ],
    "M_G2C8_M M_G2C8H1_M": [
        [-0.343591, 0.0779412, 0.00242738]
    ],
    "M_G2C8_M M_G2C8H2_M": [
        [-0.342621, 0.0778086, 0.00242325]
    ],
    "M_G2C9_M M_G2C9H1_M": [
        [-0.344293, 0.0805423, 0.00250839]
    ],
    "M_G2C9_M M_G2C9H2_M": [
        [-0.343554, 0.0801639, 0.0024966]
    ],
    "M_G2C10_M M_G2C10H1_M": [
        [-0.345959, 0.0814114, 0.00253546]
    ],
    "M_G2C10_M M_G2C10H2_M": [
        [-0.346603, 0.0816174, 0.00254187]
    ],
    "M_G2C11_M M_G2C11H1_M": [
        [-0.342447, 0.0844919, 0.00263139]
    ],
    "M_G2C11_M M_G2C11H2_M": [
        [-0.341905, 0.0843144, 0.00262587]
    ],
    "M_G2C12_M M_G2C12H1_M": [
        [-0.339635, 0.0860305, 0.00267931]
    ],
    "M_G2C12_M M_G2C12H2_M": [
        [-0.339242, 0.0857664, 0.00267109]
    ],
    "M_G2C13_M M_G2C13H1_M": [
        [-0.330653, 0.0889825, 0.00277125]
    ],
    "M_G2C13_M M_G2C13H2_M": [
        [-0.33026, 0.0889303, 0.00276962]
    ],
    "M_G2C14_M M_G2C14H1_M": [
        [-0.319069, 0.0906657, 0.00282367]
    ],
    "M_G2C14_M M_G2C14H2_M": [
        [-0.319127, 0.0905622, 0.00282045]
    ],
    "M_G2C15_M M_G2C15H1_M": [
        [-0.291591, 0.09156, 0.00285152]
    ],
    "M_G2C15_M M_G2C15H2_M": [
        [-0.291526, 0.0915441, 0.00285103]
    ],
    "M_G2C16_M M_G2C16H1_M": [
        [-0.242484, 0.0847699, 0.00264005]
    ],
    "M_G2C16_M M_G2C16H2_M": [
        [-0.242061, 0.0843235, 0.00262615]
    ],
    "M_G2C17_M M_G2C17H1_M": [
        [-0.0690553, 0.0285062, 0.000887788]
    ],
    "M_G2C17_M M_G2C17H2_M": [
        [-0.0687498, 0.0285158, 0.00088809]
    ],
    "M_G2C17_M M_G2C17H3_M": [
        [-0.0687914, 0.0282372, 0.000879411]
    ],
    "M_G3_M M_G3H1_M": [
        [-0.0437624, 0.108101, 0.00336667]
    ],
    "M_G3_M M_G3H2_M": [
        [-0.0303382, 0.125839, 0.00391909]
    ],
    "M_G3C4_M M_G3C4H1_M": [
        [0.0443462, 0.0391431, 0.00121906]
    ],
    "M_G3C4_M M_G3C4H2_M": [
        [0.0281973, 0.0444339, 0.00138384]
    ],
    "M_G3C5_M M_G3C5H1_M": [
        [-0.0584906, 0.0365148, 0.00113721]
    ],
    "M_G3C5_M M_G3C5H2_M": [
        [-0.0271684, 0.0347859, 0.00108336]
    ],
    "M_G3N6C1_M M_G3N6C1H1_M": [
        [0.0128041, 0.00929919, 0.000289612]
    ],
    "M_G3N6C1_M M_G3N6C1H2_M": [
        [0.013148, 0.00962264, 0.000299685]
    ],
    "M_G3N6C1_M M_G3N6C1H3_M": [
        [0.0128564, 0.00953435, 0.000296935]
    ],
    "M_G3N6C2_M M_G3N6C2H1_M": [
        [0.0131037, 0.00987781, 0.000307632]
    ],
    "M_G3N6C2_M M_G3N6C2H2_M": [
        [0.0129893, 0.00965538, 0.000300705]
    ],
    "M_G3N6C2_M M_G3N6C2H3_M": [
        [0.0123426, 0.00992778, 0.000309188]
    ],
    "M_G3N6C3_M M_G3N6C3H1_M": [
        [0.0129456, 0.00995309, 0.000309976]
    ],
    "M_G3N6C3_M M_G3N6C3H2_M": [
        [0.0131019, 0.00961116, 0.000299327]
    ],
    "M_G3N6C3_M M_G3N6C3H3_M": [
        [0.0129442, 0.00995689, 0.000310095]
    ]
}