{
    "M_G1_M M_G1H1_M": [
        [-0.0037238, 0.13939, 0.0123688]
    ],
    "M_G1_M M_G1H2_M": [
        [-0.169194, 0.0785094, 0.00696658]
    ],
    "M_G1C3_M M_G1C3H1_M": [
        [-0.239869, 0.033414, 0.00296501]
    ],
    "M_G1C3_M M_G1C3H2_M": [
        [-0.223609, 0.0428539, 0.00380267]
    ],
    "M_G1C4_M M_G1C4H1_M": [
        [-0.19634, 0.0333636, 0.00296054]
    ],
    "M_G1C4_M M_G1C4H2_M": [
        [-0.211506, 0.0324333, 0.00287799]
    ],
    "M_G1C5_M M_G1C5H1_M": [
        [-0.228347, 0.0277314, 0.00246076]
    ],
    "M_G1C5_M M_G1C5H2_M": [
        [-0.223157, 0.0311217, 0.0027616]
    ],
    "M_G1C6_M M_G1C6H1_M": [
        [-0.211514, 0.029689, 0.00263447]
    ],
    "M_G1C6_M M_G1C6H2_M": [
        [-0.212844, 0.0298418, 0.00264803]
    ],
    "M_G1C7_M M_G1C7H1_M": [
        [-0.206275, 0.0259615, 0.00230371]
    ],
    "M_G1C7_M M_G1C7H2_M": [
        [-0.20617, 0.0281717, 0.00249983]
    ],
    "M_G1C8_M M_G1C8H1_M": [
        [-0.18967, 0.0264784, 0.00234958]
    ],
    "M_G1C8_M M_G1C8H2_M": [
        [-0.188523, 0.028611, 0.00253881]
    ],
    "M_G1C9_M M_G1C9H1_M": [
        [-0.152349, 0.0245791, 0.00218104]
    ],
    "M_G1C9_M M_G1C9H2_M": [
        [-0.150706, 0.0266793, 0.00236741]
    ],
    "M_G1C10_M M_G1C10H1_M": [
        [-0.115648, 0.0263291, 0.00233633]
    ],
    "M_G1C11_M M_G1C11H1_M": [
        [-0.0481766, 0.0316364, 0.00280727]
    ],
    "M_G1C12_M M_G1C12H1_M": [
        [-0.0725725, 0.024238, 0.00215078]
    ],
    "M_G1C12_M M_G1C12H2_M": [
        [-0.0711696, 0.0224906, 0.00199572]
    ],
    "M_G1C13_M M_G1C13H1_M": [
        [-0.10776, 0.0199155, 0.00176721]
    ],
    "M_G1C13_M M_G1C13H2_M": [
        [-0.108656, 0.0205404, 0.00182266]
    ],
    "M_G1C14_M M_G1C14H1_M": [
        [-0.098136, 0.0198755, 0.00176367]
    ],
    "M_G1C14_M M_G1C14H2_M": [
        [-0.0981297, 0.0187405, 0.00166295]
    ],
    "M_G1C15_M M_G1C15H1_M": [
        [-0.106587, 0.0200249, 0.00177692]
    ],
    "M_G1C15_M M_G1C15H2_M": [
        [-0.105409, 0.0174883, 0.00155184]
    ],
    "M_G1C16_M M_G1C16H1_M": [
        [-0.0866505, 0.016505, 0.00146459]
    ],
    "M_G1C16_M M_G1C16H2_M": [
        [-0.0875868, 0.0172844, 0.00153374]
    ],
    "M_G1C17_M M_G1C17H1_M": [
        [-0.0802546, 0.0145234, 0.00128874]
    ],
    "M_G1C17_M M_G1C17H2_M": [
        [-0.0789652, 0.0149162, 0.0013236]
    ],
    "M_G1C18_M M_G1C18H1_M": [
        [-0.0560316, 0.0144106, 0.00127873]
    ],
    "M_G1C18_M M_G1C18H2_M": [
        [-0.0548125, 0.0133756, 0.00118689]
    ],
    "M_G1C19_M M_G1C19H1_M": [
        [-0.0204825, 0.0105852, 0.000939288]
    ],
    "M_G1C19_M M_G1C19H2_M": [
        [-0.0225533, 0.0105798, 0.000938805]
    ],
    "M_G1C19_M M_G1C19H3_M": [
        [-0.0204087, 0.00974447, 0.000864682]
    ],
    "M_G2_M M_G2H1_M": [
        [0.0077419, 0.134424, 0.0119282]
    ],
    "M_G2C3_M M_G2C3H1_M": [
        [-0.197331, 0.0570993, 0.00506675]
    ],
    "M_G2C3_M M_G2C3H2_M": [
        [-0.139884, 0.0568024, 0.0050404]
    ],
    "M_G2C4_M M_G2C4H1_M": [
        [-0.224219, 0.0425685, 0.00377734]
    ],
    "M_G2C4_M M_G2C4H2_M": [
        [-0.16756, 0.0491867, 0.00436461]
    ],
    "M_G2C5_M M_G2C5H1_M": [
        [-0.207667, 0.0396377, 0.00351728]
    ],
    "M_G2C5_M M_G2C5H2_M": [
        [-0.194984, 0.0395669, 0.003511]
    ],
    "M_G2C6_M M_G2C6H1_M": [
        [-0.20817, 0.0376612, 0.0033419]
    ],
    "M_G2C6_M M_G2C6H2_M": [
        [-0.202211, 0.0357572, 0.00317294]
    ],
    "M_G2C7_M M_G2C7H1_M": [
        [-0.188931, 0.035313, 0.00313352]
    ],
    "M_G2C7_M M_G2C7H2_M": [
        [-0.188357, 0.0344658, 0.00305835]
    ],
    "M_G2C8_M M_G2C8H1_M": [
        [-0.182394, 0.0322631, 0.00286288]
    ],
    "M_G2C8_M M_G2C8H2_M": [
        [-0.183855, 0.0328629, 0.00291611]
    ],
    "M_G2C9_M M_G2C9H1_M": [
        [-0.13268, 0.0306821, 0.0027226]
    ],
    "M_G2C9_M M_G2C9H2_M": [
        [-0.131647, 0.0298904, 0.00265234]
    ],
    "M_G2C10_M M_G2C10H1_M": [
        [-0.100137, 0.0331241, 0.00293929]
    ],
    "M_G2C11_M M_G2C11H1_M": [
        [-0.0144691, 0.0332718, 0.00295239]
    ],
    "M_G2C12_M M_G2C12H1_M": [
        [-0.0738035, 0.0272242, 0.00241576]
    ],
    "M_G2C12_M M_G2C12H2_M": [
        [-0.0713754, 0.0288599, 0.00256091]
    ],
    "M_G2C13_M M_G2C13H1_M": [
        [-0.115377, 0.0262462, 0.00232897]
    ],
    "M_G2C13_M M_G2C13H2_M": [
        [-0.11394, 0.0261438, 0.00231989]
    ],
    "M_G2C14_M M_G2C14H1_M": [
        [-0.109602, 0.0232272, 0.00206108]
    ],
    "M_G2C14_M M_G2C14H2_M": [
        [-0.10827, 0.0214153, 0.0019003]
    ],
    "M_G2C15_M M_G2C15H1_M": [
        [-0.117734, 0.0212366, 0.00188445]
    ],
    "M_G2C15_M M_G2C15H2_M": [
        [-0.115346, 0.019998, 0.00177453]
    ],
    "M_G2C16_M M_G2C16H1_M": [
        [-0.1002, 0.0172624, 0.00153179]
    ],
    "M_G2C16_M M_G2C16H2_M": [
        [-0.100399, 0.0178134, 0.00158068]
    ],
    "M_G2C17_M M_G2C17H1_M": [
        [-0.0911147, 0.0147909, 0.00131248]
    ],
    "M_G2C17_M M_G2C17H2_M": [
        [-0.0895371, 0.01592, 0.00141267]
    ],
    "M_G2C18_M M_G2C18H1_M": [
        [-0.0657488, 0.0128507, 0.00114031]
    ],
    "M_G2C18_M M_G2C18H2_M": [
        [-0.0629476, 0.0145412, 0.00129032]
    ],
    "M_G2C19_M M_G2C19H1_M": [
        [-0.0210456, 0.00968363, 0.000859283]
    ],
    "M_G2C19_M M_G2C19H2_M": [
        [-0.0225303, 0.00937022, 0.000831473]
    ],
    "M_G2C19_M M_G2C19H3_M": [
        [-0.0229532, 0.0104372, 0.000926155]
    ],
    "M_G3_M M_G3H1_M": [
        [0.00768364, 0.121791, 0.0108072]
    ],
    "M_G3_M M_G3H2_M": [
        [0.056894, 0.122317, 0.0108539]
    ],
    "M_G3C4_M M_G3C4H1_M": [
        [0.0295318, 0.0732406, 0.00649906]
    ],
    "M_G3C4_M M_G3C4H2_M": [
        [-0.0648864, 0.0516577, 0.00458388]
    ],
    "M_G3C5_M M_G3C5H1_M": [
        [-0.0654511, 0.049736, 0.00441336]
    ]
}