{
    "M_C3_M M_C3H3_M": [
        [-0.361937, 0.0123247, 0.000771803]
    ],
    "M_C4_M M_C4H41_M": [
        [-0.312446, 0.0141595, 0.000886701]
    ],
    "M_C4_M M_C4H42_M": [
        [-0.204685, 0.023928, 0.00149843]
    ],
    "M_C6_M M_C6H6_M": [
        [-0.0453414, 0.0269392, 0.001687]
    ],
    "M_C7_M M_C7H71_M": [
        [-0.286435, 0.0171052, 0.00107117]
    ],
    "M_C7_M M_C7H72_M": [
        [-0.341111, 0.0136755, 0.000856396]
    ],
    "M_C8_M M_C8H8_M": [
        [-0.39759, 0.0127172, 0.000796382]
    ],
    "M_C14_M M_C14H14_M": [
        [-0.392765, 0.0127515, 0.000798532]
    ],
    "M_C15_M M_C15H151_M": [
        [-0.371643, 0.0139345, 0.00087261]
    ],
    "M_C15_M M_C15H152_M": [
        [-0.314373, 0.019141, 0.00119866]
    ],
    "M_C16_M M_C16H161_M": [
        [-0.0535214, 0.0196679, 0.00123165]
    ],
    "M_C16_M M_C16H162_M": [
        [-0.185587, 0.0185391, 0.00116097]
    ],
    "M_C17_M M_C17H17_M": [
        [-0.390507, 0.0124127, 0.000777315]
    ],
    "M_C18_M M_C18H181_M": [
        [0.109386, 0.0151399, 0.000948095]
    ],
    "M_C18_M M_C18H182_M": [
        [0.110641, 0.0155758, 0.000975396]
    ],
    "M_C18_M M_C18H183_M": [
        [0.10915, 0.0153299, 0.000959995]
    ],
    "M_C12_M M_C12H121_M": [
        [-0.0984041, 0.0260955, 0.00163416]
    ],
    "M_C12_M M_C12H122_M": [
        [-0.39115, 0.0128129, 0.000802374]
    ],
    "M_C11_M M_C11H111_M": [
        [-0.392359, 0.0128501, 0.000804702]
    ],
    "M_C11_M M_C11H112_M": [
        [-0.212186, 0.0194703, 0.00121928]
    ],
    "M_C9_M M_C9H9_M": [
        [-0.390984, 0.0130389, 0.000816529]
    ],
    "M_C19_M M_C19H191_M": [
        [0.109157, 0.0161139, 0.00100909]
    ],
    "M_C19_M M_C19H192_M": [
        [0.110452, 0.015021, 0.000940649]
    ],
    "M_C19_M M_C19H193_M": [
        [0.11265, 0.0153831, 0.000963325]
    ],
    "M_C1_M M_C1H11_M": [
        [-0.221463, 0.0235123, 0.0014724]
    ],
    "M_C1_M M_C1H12_M": [
        [-0.358751, 0.0129661, 0.000811969]
    ],
    "M_C2_M M_C2H21_M": [
        [-0.201565, 0.0187687, 0.00117534]
    ],
    "M_C2_M M_C2H22_M": [
        [-0.332657, 0.0136283, 0.000853438]
    ],
    "M_C20_M M_C20H20_M": [
        [-0.377893, 0.0124989, 0.000782712]
    ],
    "M_C21_M M_C21H211_M": [
        [0.0948581, 0.0149064, 0.000933476]
    ],
    "M_C21_M M_C21H212_M": [
        [0.0958647, 0.0147932, 0.000926389]
    ],
    "M_C21_M M_C21H213_M": [
        [0.095848, 0.0146219, 0.00091566]
    ],
    "M_C22_M M_C22H221_M": [
        [-0.139157, 0.0372947, 0.00233548]
    ],
    "M_C22_M M_C22H222_M": [
        [-0.337916, 0.0131957, 0.000826345]
    ],
    "M_C23_M M_C23H231_M": [
        [-0.0968081, 0.0285096, 0.00178534]
    ],
    "M_C23_M M_C23H232_M": [
        [-0.310652, 0.0148749, 0.0009315]
    ],
    "M_C24_M M_C24H241_M": [
        [-0.143151, 0.0204017, 0.0012776]
    ],
    "M_C24_M M_C24H242_M": [
        [-0.250769, 0.0156023, 0.000977056]
    ],
    "M_C25_M M_C25H25_M": [
        [-0.155176, 0.0164992, 0.00103322]
    ],
    "M_C26_M M_C26H261_M": [
        [0.00242153, 0.0156386, 0.000979327]
    ],
    "M_C26_M M_C26H262_M": [
        [0.000540644, 0.0167483, 0.00104882]
    ],
    "M_C26_M M_C26H263_M": [
        [0.00162627, 0.0148955, 0.000932792]
    ],
    "M_C27_M M_C27H271_M": [
        [0.00193475, 0.0159558, 0.000999194]
    ],
    "M_C27_M M_C27H272_M": [
        [0.00280258, 0.0165028, 0.00103345]
    ],
    "M_C27_M M_C27H273_M": [
        [0.00165667, 0.0167132, 0.00104662]
    ]
}