{
    "M_G1_M M_G1H1_M": [
        [-0.0139037, 0.0581668, 0.00476521]
    ],
    "M_G1_M M_G1H2_M": [
        [-0.16944, 0.0645195, 0.00528564]
    ],
    "M_G1C3_M M_G1C3H1_M": [
        [-0.226492, 0.039488, 0.00323498]
    ],
    "M_G1C3_M M_G1C3H2_M": [
        [-0.198542, 0.0480406, 0.00393564]
    ],
    "M_G1C4_M M_G1C4H1_M": [
        [-0.180337, 0.0320301, 0.00262401]
    ],
    "M_G1C4_M M_G1C4H2_M": [
        [-0.167633, 0.0323225, 0.00264796]
    ],
    "M_G1C5_M M_G1C5H1_M": [
        [-0.207633, 0.0294529, 0.00241288]
    ],
    "M_G1C5_M M_G1C5H2_M": [
        [-0.203665, 0.0281172, 0.00230345]
    ],
    "M_G1C6_M M_G1C6H1_M": [
        [-0.209042, 0.0298497, 0.00244538]
    ],
    "M_G1C6_M M_G1C6H2_M": [
        [-0.205896, 0.0293785, 0.00240678]
    ],
    "M_G1C7_M M_G1C7H1_M": [
        [-0.220679, 0.0284703, 0.00233238]
    ],
    "M_G1C7_M M_G1C7H2_M": [
        [-0.217715, 0.0291942, 0.00239168]
    ],
    "M_G1C8_M M_G1C8H1_M": [
        [-0.211416, 0.028679, 0.00234948]
    ],
    "M_G1C8_M M_G1C8H2_M": [
        [-0.210215, 0.0298459, 0.00244507]
    ],
    "M_G1C9_M M_G1C9H1_M": [
        [-0.210377, 0.0269453, 0.00220744]
    ],
    "M_G1C9_M M_G1C9H2_M": [
        [-0.210414, 0.0297057, 0.00243359]
    ],
    "M_G1C10_M M_G1C10H1_M": [
        [-0.195767, 0.0268787, 0.00220199]
    ],
    "M_G1C10_M M_G1C10H2_M": [
        [-0.196311, 0.0270668, 0.00221739]
    ],
    "M_G1C11_M M_G1C11H1_M": [
        [-0.186774, 0.0261662, 0.00214362]
    ],
    "M_G1C11_M M_G1C11H2_M": [
        [-0.188034, 0.0260527, 0.00213432]
    ],
    "M_G1C12_M M_G1C12H1_M": [
        [-0.169502, 0.0244013, 0.00199904]
    ],
    "M_G1C12_M M_G1C12H2_M": [
        [-0.169977, 0.024438, 0.00200204]
    ],
    "M_G1C13_M M_G1C13H1_M": [
        [-0.157547, 0.0228637, 0.00187306]
    ],
    "M_G1C13_M M_G1C13H2_M": [
        [-0.157758, 0.022512, 0.00184426]
    ],
    "M_G1C14_M M_G1C14H1_M": [
        [-0.138213, 0.019597, 0.00160545]
    ],
    "M_G1C14_M M_G1C14H2_M": [
        [-0.137529, 0.020768, 0.00170138]
    ],
    "M_G1C15_M M_G1C15H1_M": [
        [-0.121041, 0.0167115, 0.00136906]
    ],
    "M_G1C15_M M_G1C15H2_M": [
        [-0.120442, 0.0174459, 0.00142922]
    ],
    "M_G1C16_M M_G1C16H1_M": [
        [-0.092285, 0.0127864, 0.0010475]
    ],
    "M_G1C16_M M_G1C16H2_M": [
        [-0.0924253, 0.0129856, 0.00106382]
    ],
    "M_G1C17_M M_G1C17H1_M": [
        [-0.0310905, 0.00699546, 0.000573091]
    ],
    "M_G1C17_M M_G1C17H2_M": [
        [-0.0299905, 0.00724445, 0.000593489]
    ],
    "M_G1C17_M M_G1C17H3_M": [
        [-0.0305726, 0.00758381, 0.00062129]
    ],
    "M_G2_M M_G2H1_M": [
        [-0.184641, 0.0572075, 0.00468662]
    ],
    "M_G2C3_M M_G2C3H1_M": [
        [-0.0837063, 0.0445684, 0.00365119]
    ],
    "M_G2C3_M M_G2C3H2_M": [
        [-0.111862, 0.038657, 0.00316691]
    ],
    "M_G2C4_M M_G2C4H1_M": [
        [-0.198041, 0.0341408, 0.00279692]
    ],
    "M_G2C4_M M_G2C4H2_M": [
        [-0.198134, 0.0296824, 0.00243167]
    ],
    "M_G2C5_M M_G2C5H1_M": [
        [-0.195915, 0.0325132, 0.00266359]
    ],
    "M_G2C5_M M_G2C5H2_M": [
        [-0.197375, 0.0289582, 0.00237235]
    ],
    "M_G2C6_M M_G2C6H1_M": [
        [-0.206637, 0.0317057, 0.00259743]
    ],
    "M_G2C6_M M_G2C6H2_M": [
        [-0.204778, 0.0313983, 0.00257225]
    ],
    "M_G2C7_M M_G2C7H1_M": [
        [-0.18412, 0.0290929, 0.00238339]
    ],
    "M_G2C7_M M_G2C7H2_M": [
        [-0.184003, 0.0307847, 0.00252198]
    ],
    "M_G2C8_M M_G2C8H1_M": [
        [-0.174301, 0.0289664, 0.00237302]
    ],
    "M_G2C8_M M_G2C8H2_M": [
        [-0.174908, 0.0302911, 0.00248154]
    ],
    "M_G2C9_M M_G2C9H1_M": [
        [-0.103685, 0.0282861, 0.00231728]
    ],
    "M_G2C9_M M_G2C9H2_M": [
        [-0.101029, 0.0289719, 0.00237347]
    ],
    "M_G2C10_M M_G2C10H1_M": [
        [-0.0576649, 0.0347787, 0.00284918]
    ],
    "M_G2C11_M M_G2C11H1_M": [
        [-0.0450939, 0.0273353, 0.00223939]
    ],
    "M_G2C12_M M_G2C12H1_M": [
        [-0.0758037, 0.0257831, 0.00211223]
    ],
    "M_G2C12_M M_G2C12H2_M": [
        [-0.0785666, 0.0260921, 0.00213755]
    ],
    "M_G2C13_M M_G2C13H1_M": [
        [-0.118888, 0.0255827, 0.00209582]
    ],
    "M_G2C13_M M_G2C13H2_M": [
        [-0.119383, 0.0268103, 0.00219639]
    ],
    "M_G2C14_M M_G2C14H1_M": [
        [-0.126396, 0.0242621, 0.00198763]
    ],
    "M_G2C14_M M_G2C14H2_M": [
        [-0.125605, 0.0250588, 0.00205289]
    ],
    "M_G2C15_M M_G2C15H1_M": [
        [-0.130616, 0.0247259, 0.00202562]
    ],
    "M_G2C15_M M_G2C15H2_M": [
        [-0.130926, 0.0248176, 0.00203313]
    ],
    "M_G2C16_M M_G2C16H1_M": [
        [-0.119358, 0.0214942, 0.00176088]
    ],
    "M_G2C16_M M_G2C16H2_M": [
        [-0.120146, 0.0212639, 0.00174201]
    ],
    "M_G2C17_M M_G2C17H1_M": [
        [-0.108556, 0.0185939, 0.00152327]
    ],
    "M_G2C17_M M_G2C17H2_M": [
        [-0.108596, 0.0176365, 0.00144484]
    ],
    "M_G2C18_M M_G2C18H1_M": [
        [-0.085669, 0.0143919, 0.00117903]
    ],
    "M_G2C18_M M_G2C18H2_M": [
        [-0.0854707, 0.0131787, 0.00107964]
    ],
    "M_G2C19_M M_G2C19H1_M": [
        [-0.0286509, 0.00712919, 0.000584046]
    ],
    "M_G2C19_M M_G2C19H2_M": [
        [-0.0282714, 0.00709461, 0.000581213]
    ],
    "M_G2C19_M M_G2C19H3_M": [
        [-0.0289625, 0.0066948, 0.000548459]
    ],
    "M_G3_M M_G3H1_M": [
        [-0.203635, 0.0461479, 0.00378058]
    ],
    "M_G3_M M_G3H2_M": [
        [-0.218287, 0.0393045, 0.00321995]
    ],
    "M_G3C4_M M_G3C4H1_M": [
        [0.0370192, 0.0289216, 0.00236935]
    ],
    "M_G3C4_M M_G3C4H2_M": [
        [0.0406132, 0.0251582, 0.00206104]
    ],
    "M_G3C5_M M_G3C5H1_M": [
        [0.0302801, 0.0298543, 0.00244576]
    ],
    "M_G3C6_M M_G3C6H1_M": [
        [0.023767, 0.0271094, 0.00222089]
    ],
    "M_G3C6_M M_G3C6H2_M": [
        [0.00133549, 0.0295584, 0.00242152]
    ]
}