{
    "M_G1_M M_G1H1_M": [
        [-0.254123, 0.187364, 0.0100293]
    ],
    "M_G1_M M_G1H2_M": [
        [0.119921, 0.283219, 0.0151604]
    ],
    "M_G1C3_M M_G1C3H1_M": [
        [-0.265994, 0.0764395, 0.00409171]
    ],
    "M_G1C3_M M_G1C3H2_M": [
        [-0.263303, 0.0773418, 0.00414001]
    ],
    "M_G1C4_M M_G1C4H1_M": [
        [-0.227713, 0.0612088, 0.00327643]
    ],
    "M_G1C4_M M_G1C4H2_M": [
        [-0.222136, 0.0636148, 0.00340522]
    ],
    "M_G1C5_M M_G1C5H1_M": [
        [-0.259755, 0.05383, 0.00288146]
    ],
    "M_G1C5_M M_G1C5H2_M": [
        [-0.260639, 0.0495396, 0.00265179]
    ],
    "M_G1C6_M M_G1C6H1_M": [
        [-0.258642, 0.0489376, 0.00261957]
    ],
    "M_G1C6_M M_G1C6H2_M": [
        [-0.259768, 0.047165, 0.00252468]
    ],
    "M_G1C7_M M_G1C7H1_M": [
        [-0.27322, 0.0447395, 0.00239485]
    ],
    "M_G1C7_M M_G1C7H2_M": [
        [-0.273427, 0.0433285, 0.00231932]
    ],
    "M_G1C8_M M_G1C8H1_M": [
        [-0.267939, 0.0435268, 0.00232993]
    ],
    "M_G1C8_M M_G1C8H2_M": [
        [-0.267835, 0.0446457, 0.00238983]
    ],
    "M_G1C9_M M_G1C9H1_M": [
        [-0.269209, 0.0417304, 0.00223378]
    ],
    "M_G1C9_M M_G1C9H2_M": [
        [-0.269099, 0.0417855, 0.00223673]
    ],
    "M_G1C10_M M_G1C10H1_M": [
        [-0.257606, 0.0429977, 0.00230161]
    ],
    "M_G1C10_M M_G1C10H2_M": [
        [-0.25714, 0.0435216, 0.00232966]
    ],
    "M_G1C11_M M_G1C11H1_M": [
        [-0.249621, 0.0412598, 0.00220858]
    ],
    "M_G1C11_M M_G1C11H2_M": [
        [-0.24962, 0.0413101, 0.00221128]
    ],
    "M_G1C12_M M_G1C12H1_M": [
        [-0.230545, 0.0440809, 0.0023596]
    ],
    "M_G1C12_M M_G1C12H2_M": [
        [-0.230202, 0.0437203, 0.0023403]
    ],
    "M_G1C13_M M_G1C13H1_M": [
        [-0.214913, 0.0413841, 0.00221524]
    ],
    "M_G1C13_M M_G1C13H2_M": [
        [-0.214917, 0.0416175, 0.00222773]
    ],
    "M_G1C14_M M_G1C14H1_M": [
        [-0.187383, 0.0426493, 0.00228296]
    ],
    "M_G1C14_M M_G1C14H2_M": [
        [-0.187111, 0.0437198, 0.00234027]
    ],
    "M_G1C15_M M_G1C15H1_M": [
        [-0.161056, 0.0368974, 0.00197507]
    ],
    "M_G1C15_M M_G1C15H2_M": [
        [-0.160264, 0.0379593, 0.00203191]
    ],
    "M_G1C16_M M_G1C16H1_M": [
        [-0.119303, 0.0343756, 0.00184008]
    ],
    "M_G1C16_M M_G1C16H2_M": [
        [-0.119342, 0.03405, 0.00182265]
    ],
    "M_G1C17_M M_G1C17H1_M": [
        [-0.0352859, 0.0107137, 0.000573489]
    ],
    "M_G1C17_M M_G1C17H2_M": [
        [-0.0355556, 0.010548, 0.000564621]
    ],
    "M_G1C17_M M_G1C17H3_M": [
        [-0.0352437, 0.0104849, 0.000561245]
    ],
    "M_G2_M M_G2H1_M": [
        [-0.266203, 0.196152, 0.0104998]
    ],
    "M_G2C3_M M_G2C3H1_M": [
        [-0.200228, 0.120319, 0.00644054]
    ],
    "M_G2C3_M M_G2C3H2_M": [
        [-0.190249, 0.120641, 0.00645777]
    ],
    "M_G2C4_M M_G2C4H1_M": [
        [-0.232565, 0.0622245, 0.0033308]
    ],
    "M_G2C4_M M_G2C4H2_M": [
        [-0.213726, 0.0766927, 0.00410526]
    ],
    "M_G2C5_M M_G2C5H1_M": [
        [-0.233433, 0.0583463, 0.00312321]
    ],
    "M_G2C5_M M_G2C5H2_M": [
        [-0.227229, 0.0625401, 0.0033477]
    ],
    "M_G2C6_M M_G2C6H1_M": [
        [-0.242044, 0.05074, 0.00271605]
    ],
    "M_G2C6_M M_G2C6H2_M": [
        [-0.238756, 0.0568813, 0.00304479]
    ],
    "M_G2C7_M M_G2C7H1_M": [
        [-0.219693, 0.0499259, 0.00267247]
    ],
    "M_G2C7_M M_G2C7H2_M": [
        [-0.218199, 0.0534946, 0.0028635]
    ],
    "M_G2C8_M M_G2C8H1_M": [
        [-0.210173, 0.0452043, 0.00241973]
    ],
    "M_G2C8_M M_G2C8H2_M": [
        [-0.21, 0.0446193, 0.00238842]
    ],
    "M_G2C9_M M_G2C9H1_M": [
        [-0.151163, 0.037941, 0.00203094]
    ],
    "M_G2C9_M M_G2C9H2_M": [
        [-0.14937, 0.0375415, 0.00200955]
    ],
    "M_G2C10_M M_G2C10H1_M": [
        [-0.116032, 0.0360175, 0.00192797]
    ],
    "M_G2C11_M M_G2C11H1_M": [
        [-0.0234156, 0.0516645, 0.00276554]
    ],
    "M_G2C12_M M_G2C12H1_M": [
        [-0.0848453, 0.039476, 0.0021131]
    ],
    "M_G2C12_M M_G2C12H2_M": [
        [-0.0875064, 0.0377553, 0.002021]
    ],
    "M_G2C13_M M_G2C13H1_M": [
        [-0.149021, 0.041448, 0.00221866]
    ],
    "M_G2C13_M M_G2C13H2_M": [
        [-0.150279, 0.0407522, 0.00218141]
    ],
    "M_G2C14_M M_G2C14H1_M": [
        [-0.158167, 0.0402928, 0.00215683]
    ],
    "M_G2C14_M M_G2C14H2_M": [
        [-0.158034, 0.0398588, 0.00213359]
    ],
    "M_G2C15_M M_G2C15H1_M": [
        [-0.167688, 0.039138, 0.00209501]
    ],
    "M_G2C15_M M_G2C15H2_M": [
        [-0.167186, 0.0393664, 0.00210724]
    ],
    "M_G2C16_M M_G2C16H1_M": [
        [-0.152211, 0.0369764, 0.0019793]
    ],
    "M_G2C16_M M_G2C16H2_M": [
        [-0.152591, 0.0368889, 0.00197462]
    ],
    "M_G2C17_M M_G2C17H1_M": [
        [-0.136731, 0.0333156, 0.00178334]
    ],
    "M_G2C17_M M_G2C17H2_M": [
        [-0.137002, 0.0331324, 0.00177354]
    ],
    "M_G2C18_M M_G2C18H1_M": [
        [-0.1025, 0.0270012, 0.00144534]
    ],
    "M_G2C18_M M_G2C18H2_M": [
        [-0.102576, 0.0268888, 0.00143933]
    ],
    "M_G2C19_M M_G2C19H1_M": [
        [-0.0325229, 0.00994874, 0.000532544]
    ],
    "M_G2C19_M M_G2C19H2_M": [
        [-0.0324993, 0.0100572, 0.00053835]
    ],
    "M_G2C19_M M_G2C19H3_M": [
        [-0.0319955, 0.0103824, 0.000555757]
    ],
    "M_G3_M M_G3H1_M": [
        [-0.0991549, 0.268787, 0.0143878]
    ],
    "M_G3_M M_G3H2_M": [
        [-0.139418, 0.226394, 0.0121186]
    ],
    "M_G3C4_M M_G3C4H1_M": [
        [-0.00726936, 0.234274, 0.0125404]
    ],
    "M_G3C4_M M_G3C4H2_M": [
        [-0.0168356, 0.226456, 0.0121219]
    ],
    "M_G3C5_M M_G3C5H1_M": [
        [-0.137896, 0.131218, 0.00702394]
    ],
    "M_G3C5_M M_G3C5H2_M": [
        [-0.131517, 0.145264, 0.00777583]
    ],
    "M_G3N6C1_M M_G3N6C1H1_M": [
        [0.0193164, 0.0193323, 0.00103483]
    ],
    "M_G3N6C1_M M_G3N6C1H2_M": [
        [0.0202483, 0.0198581, 0.00106298]
    ],
    "M_G3N6C1_M M_G3N6C1H3_M": [
        [0.0198864, 0.0197819, 0.0010589]
    ],
    "M_G3N6C2_M M_G3N6C2H1_M": [
        [0.0200913, 0.020481, 0.00109632]
    ],
    "M_G3N6C2_M M_G3N6C2H2_M": [
        [0.0207916, 0.0198126, 0.00106054]
    ],
    "M_G3N6C2_M M_G3N6C2H3_M": [
        [0.019904, 0.0196577, 0.00105225]
    ],
    "M_G3N6C3_M M_G3N6C3H1_M": [
        [0.0202458, 0.0196908, 0.00105402]
    ],
    "M_G3N6C3_M M_G3N6C3H2_M": [
        [0.0204986, 0.0186907, 0.00100049]
    ],
    "M_G3N6C3_M M_G3N6C3H3_M": [
        [0.0199955, 0.0197669, 0.0010581]
    ]
}