{
    "M_G1_M M_G1H1_M": [
        [0.0776059, 0.180033, 0.0159754]
    ],
    "M_G1_M M_G1H2_M": [
        [-0.131324, 0.100547, 0.00892213]
    ],
    "M_G1C3_M M_G1C3H1_M": [
        [-0.223754, 0.0447647, 0.00397222]
    ],
    "M_G1C3_M M_G1C3H2_M": [
        [-0.228346, 0.0486438, 0.00431644]
    ],
    "M_G1C4_M M_G1C4H1_M": [
        [-0.209557, 0.0291368, 0.00258548]
    ],
    "M_G1C4_M M_G1C4H2_M": [
        [-0.222985, 0.0299049, 0.00265363]
    ],
    "M_G1C5_M M_G1C5H1_M": [
        [-0.242853, 0.0231889, 0.00205768]
    ],
    "M_G1C5_M M_G1C5H2_M": [
        [-0.245081, 0.0240798, 0.00213674]
    ],
    "M_G1C6_M M_G1C6H1_M": [
        [-0.238763, 0.0204016, 0.00181035]
    ],
    "M_G1C6_M M_G1C6H2_M": [
        [-0.238181, 0.0222669, 0.00197587]
    ],
    "M_G1C7_M M_G1C7H1_M": [
        [-0.247155, 0.0212669, 0.00188713]
    ],
    "M_G1C7_M M_G1C7H2_M": [
        [-0.24573, 0.0214577, 0.00190407]
    ],
    "M_G1C8_M M_G1C8H1_M": [
        [-0.238332, 0.0223453, 0.00198283]
    ],
    "M_G1C8_M M_G1C8H2_M": [
        [-0.237239, 0.0230048, 0.00204135]
    ],
    "M_G1C9_M M_G1C9H1_M": [
        [-0.234422, 0.0228166, 0.00202464]
    ],
    "M_G1C9_M M_G1C9H2_M": [
        [-0.233083, 0.0245016, 0.00217417]
    ],
    "M_G1C10_M M_G1C10H1_M": [
        [-0.219871, 0.0251903, 0.00223528]
    ],
    "M_G1C10_M M_G1C10H2_M": [
        [-0.219844, 0.0257319, 0.00228333]
    ],
    "M_G1C11_M M_G1C11H1_M": [
        [-0.208159, 0.0255684, 0.00226883]
    ],
    "M_G1C11_M M_G1C11H2_M": [
        [-0.208317, 0.0262743, 0.00233147]
    ],
    "M_G1C12_M M_G1C12H1_M": [
        [-0.18901, 0.0266302, 0.00236305]
    ],
    "M_G1C12_M M_G1C12H2_M": [
        [-0.189132, 0.0265069, 0.00235211]
    ],
    "M_G1C13_M M_G1C13H1_M": [
        [-0.17195, 0.0256908, 0.00227969]
    ],
    "M_G1C13_M M_G1C13H2_M": [
        [-0.171437, 0.0259529, 0.00230294]
    ],
    "M_G1C14_M M_G1C14H1_M": [
        [-0.148968, 0.0247833, 0.00219916]
    ],
    "M_G1C14_M M_G1C14H2_M": [
        [-0.148229, 0.0243833, 0.00216366]
    ],
    "M_G1C15_M M_G1C15H1_M": [
        [-0.124839, 0.0205721, 0.00182547]
    ],
    "M_G1C15_M M_G1C15H2_M": [
        [-0.124072, 0.0206906, 0.001836]
    ],
    "M_G1C16_M M_G1C16H1_M": [
        [-0.0913784, 0.0162663, 0.0014434]
    ],
    "M_G1C16_M M_G1C16H2_M": [
        [-0.09101, 0.0165671, 0.00147009]
    ],
    "M_G1C17_M M_G1C17H1_M": [
        [-0.0274851, 0.00805645, 0.000714895]
    ],
    "M_G1C17_M M_G1C17H2_M": [
        [-0.026312, 0.0079472, 0.0007052]
    ],
    "M_G1C17_M M_G1C17H3_M": [
        [-0.0266303, 0.00684405, 0.000607311]
    ],
    "M_G2_M M_G2H1_M": [
        [-0.0186601, 0.186232, 0.0165254]
    ],
    "M_G2C3_M M_G2C3H1_M": [
        [-0.229708, 0.0797152, 0.00707358]
    ],
    "M_G2C3_M M_G2C3H2_M": [
        [-0.163359, 0.0723272, 0.006418]
    ],
    "M_G2C4_M M_G2C4H1_M": [
        [-0.241314, 0.0415187, 0.00368419]
    ],
    "M_G2C4_M M_G2C4H2_M": [
        [-0.171062, 0.0508032, 0.00450806]
    ],
    "M_G2C5_M M_G2C5H1_M": [
        [-0.232302, 0.0320442, 0.00284346]
    ],
    "M_G2C5_M M_G2C5H2_M": [
        [-0.217989, 0.031817, 0.0028233]
    ],
    "M_G2C6_M M_G2C6H1_M": [
        [-0.222566, 0.027424, 0.00243349]
    ],
    "M_G2C6_M M_G2C6H2_M": [
        [-0.216567, 0.0269321, 0.00238984]
    ],
    "M_G2C7_M M_G2C7H1_M": [
        [-0.208563, 0.0247472, 0.00219596]
    ],
    "M_G2C7_M M_G2C7H2_M": [
        [-0.207607, 0.0233028, 0.00206779]
    ],
    "M_G2C8_M M_G2C8H1_M": [
        [-0.196226, 0.0231449, 0.00205377]
    ],
    "M_G2C8_M M_G2C8H2_M": [
        [-0.193429, 0.0227581, 0.00201945]
    ],
    "M_G2C9_M M_G2C9H1_M": [
        [-0.149904, 0.0197284, 0.00175061]
    ],
    "M_G2C9_M M_G2C9H2_M": [
        [-0.14697, 0.0216927, 0.00192491]
    ],
    "M_G2C10_M M_G2C10H1_M": [
        [-0.118988, 0.0221927, 0.00196929]
    ],
    "M_G2C11_M M_G2C11H1_M": [
        [-0.0469214, 0.0277853, 0.00246554]
    ],
    "M_G2C12_M M_G2C12H1_M": [
        [-0.0787796, 0.024277, 0.00215424]
    ],
    "M_G2C12_M M_G2C12H2_M": [
        [-0.0786612, 0.0212409, 0.00188483]
    ],
    "M_G2C13_M M_G2C13H1_M": [
        [-0.126848, 0.0239413, 0.00212445]
    ],
    "M_G2C13_M M_G2C13H2_M": [
        [-0.128119, 0.0236277, 0.00209662]
    ],
    "M_G2C14_M M_G2C14H1_M": [
        [-0.128087, 0.0246799, 0.00218999]
    ],
    "M_G2C14_M M_G2C14H2_M": [
        [-0.126991, 0.0251046, 0.00222768]
    ],
    "M_G2C15_M M_G2C15H1_M": [
        [-0.137479, 0.0238715, 0.00211826]
    ],
    "M_G2C15_M M_G2C15H2_M": [
        [-0.137353, 0.0246055, 0.00218339]
    ],
    "M_G2C16_M M_G2C16H1_M": [
        [-0.121885, 0.0227895, 0.00202224]
    ],
    "M_G2C16_M M_G2C16H2_M": [
        [-0.122132, 0.0217924, 0.00193376]
    ],
    "M_G2C17_M M_G2C17H1_M": [
        [-0.11057, 0.0194325, 0.00172436]
    ],
    "M_G2C17_M M_G2C17H2_M": [
        [-0.110676, 0.017675, 0.00156841]
    ],
    "M_G2C18_M M_G2C18H1_M": [
        [-0.0809145, 0.0147884, 0.00131226]
    ],
    "M_G2C18_M M_G2C18H2_M": [
        [-0.0806198, 0.0133518, 0.00118478]
    ],
    "M_G2C19_M M_G2C19H1_M": [
        [-0.0279527, 0.00729276, 0.000647128]
    ],
    "M_G2C19_M M_G2C19H2_M": [
        [-0.027554, 0.00778416, 0.000690732]
    ],
    "M_G2C19_M M_G2C19H3_M": [
        [-0.0272785, 0.00631561, 0.00056042]
    ],
    "M_G3_M M_G3H1_M": [
        [-0.0100858, 0.186864, 0.0165815]
    ],
    "M_G3_M M_G3H2_M": [
        [0.178325, 0.179835, 0.0159578]
    ],
    "M_G3C4_M M_G3C4H1_M": [
        [0.000429051, 0.0946955, 0.00840287]
    ],
    "M_G3C4_M M_G3C4H2_M": [
        [-0.0448091, 0.0814906, 0.00723112]
    ],
    "M_G3C5_M M_G3C5H1_M": [
        [-0.00218673, 0.0810663, 0.00719347]
    ],
    "M_G3C6_M M_G3C6H1_M": [
        [-0.000975623, 0.049128, 0.00435941]
    ],
    "M_G3C6_M M_G3C6H2_M": [
        [-0.0142386, 0.0493814, 0.00438189]
    ]
}