{
    "M_G1_M M_G1H1_M": [
        [-0.170632, 0.0159581, 0.000999335]
    ],
    "M_G1_M M_G1H2_M": [
        [-0.0383116, 0.0159745, 0.00100036]
    ],
    "M_G1C3_M M_G1C3H1_M": [
        [-0.235293, 0.0138614, 0.000868035]
    ],
    "M_G1C3_M M_G1C3H2_M": [
        [-0.250687, 0.0130843, 0.000819372]
    ],
    "M_G1C4_M M_G1C4H1_M": [
        [-0.228075, 0.0154797, 0.000969379]
    ],
    "M_G1C4_M M_G1C4H2_M": [
        [-0.219463, 0.0161073, 0.00100868]
    ],
    "M_G1C5_M M_G1C5H1_M": [
        [-0.251578, 0.0164977, 0.00103313]
    ],
    "M_G1C5_M M_G1C5H2_M": [
        [-0.249265, 0.0159873, 0.00100116]
    ],
    "M_G1C6_M M_G1C6H1_M": [
        [-0.262438, 0.0171531, 0.00107417]
    ],
    "M_G1C6_M M_G1C6H2_M": [
        [-0.259465, 0.0168956, 0.00105804]
    ],
    "M_G1C7_M M_G1C7H1_M": [
        [-0.256395, 0.0154164, 0.00096541]
    ],
    "M_G1C7_M M_G1C7H2_M": [
        [-0.256861, 0.0165812, 0.00103836]
    ],
    "M_G1C8_M M_G1C8H1_M": [
        [-0.236743, 0.0148087, 0.000927354]
    ],
    "M_G1C8_M M_G1C8H2_M": [
        [-0.238087, 0.0171143, 0.00107174]
    ],
    "M_G1C9_M M_G1C9H1_M": [
        [-0.175567, 0.0163509, 0.00102393]
    ],
    "M_G1C9_M M_G1C9H2_M": [
        [-0.175863, 0.0143925, 0.000901292]
    ],
    "M_G1C10_M M_G1C10H1_M": [
        [-0.1276, 0.0144068, 0.000902187]
    ],
    "M_G1C11_M M_G1C11H1_M": [
        [-0.100667, 0.0115294, 0.000721999]
    ],
    "M_G1C12_M M_G1C12H1_M": [
        [-0.108894, 0.0128345, 0.000803726]
    ],
    "M_G1C12_M M_G1C12H2_M": [
        [-0.109904, 0.0132541, 0.000830004]
    ],
    "M_G1C13_M M_G1C13H1_M": [
        [-0.16359, 0.0131089, 0.000820912]
    ],
    "M_G1C13_M M_G1C13H2_M": [
        [-0.164003, 0.0125463, 0.00078568]
    ],
    "M_G1C14_M M_G1C14H1_M": [
        [-0.1618, 0.0128548, 0.000805001]
    ],
    "M_G1C14_M M_G1C14H2_M": [
        [-0.161239, 0.0141177, 0.000884086]
    ],
    "M_G1C15_M M_G1C15H1_M": [
        [-0.164153, 0.0126223, 0.00079044]
    ],
    "M_G1C15_M M_G1C15H2_M": [
        [-0.164002, 0.0134546, 0.000842559]
    ],
    "M_G1C16_M M_G1C16H1_M": [
        [-0.135945, 0.0135524, 0.000848683]
    ],
    "M_G1C16_M M_G1C16H2_M": [
        [-0.13653, 0.0131483, 0.000823379]
    ],
    "M_G1C17_M M_G1C17H1_M": [
        [-0.120999, 0.0129055, 0.000808173]
    ],
    "M_G1C17_M M_G1C17H2_M": [
        [-0.12232, 0.01346, 0.000842898]
    ],
    "M_G1C18_M M_G1C18H1_M": [
        [-0.0850702, 0.0126983, 0.000795201]
    ],
    "M_G1C18_M M_G1C18H2_M": [
        [-0.0853169, 0.0127237, 0.000796786]
    ],
    "M_G1C19_M M_G1C19H1_M": [
        [-0.0318915, 0.0134109, 0.000839823]
    ],
    "M_G1C19_M M_G1C19H2_M": [
        [-0.0298611, 0.0134378, 0.00084151]
    ],
    "M_G1C19_M M_G1C19H3_M": [
        [-0.0314256, 0.0133035, 0.000833097]
    ],
    "M_G2_M M_G2H1_M": [
        [-0.180679, 0.0157178, 0.000984287]
    ],
    "M_G2C3_M M_G2C3H1_M": [
        [-0.0831083, 0.0145835, 0.000913255]
    ],
    "M_G2C3_M M_G2C3H2_M": [
        [-0.124249, 0.0146165, 0.000915323]
    ],
    "M_G2C4_M M_G2C4H1_M": [
        [-0.231768, 0.0145415, 0.000910622]
    ],
    "M_G2C4_M M_G2C4H2_M": [
        [-0.234124, 0.0134728, 0.000843698]
    ],
    "M_G2C5_M M_G2C5H1_M": [
        [-0.242428, 0.0156836, 0.000982144]
    ],
    "M_G2C5_M M_G2C5H2_M": [
        [-0.243746, 0.0145999, 0.000914284]
    ],
    "M_G2C6_M M_G2C6H1_M": [
        [-0.265097, 0.0155954, 0.00097662]
    ],
    "M_G2C6_M M_G2C6H2_M": [
        [-0.265114, 0.0150945, 0.000945252]
    ],
    "M_G2C7_M M_G2C7H1_M": [
        [-0.249159, 0.015823, 0.000990873]
    ],
    "M_G2C7_M M_G2C7H2_M": [
        [-0.249231, 0.0165854, 0.00103862]
    ],
    "M_G2C8_M M_G2C8H1_M": [
        [-0.241002, 0.0153568, 0.00096168]
    ],
    "M_G2C8_M M_G2C8H2_M": [
        [-0.240286, 0.016354, 0.00102413]
    ],
    "M_G2C9_M M_G2C9H1_M": [
        [-0.152989, 0.0161506, 0.00101139]
    ],
    "M_G2C9_M M_G2C9H2_M": [
        [-0.155062, 0.0148471, 0.000929763]
    ],
    "M_G2C10_M M_G2C10H1_M": [
        [-0.105352, 0.0153843, 0.000963404]
    ],
    "M_G2C11_M M_G2C11H1_M": [
        [-0.0812725, 0.0131163, 0.000821373]
    ],
    "M_G2C12_M M_G2C12H1_M": [
        [-0.122692, 0.0133754, 0.000837599]
    ],
    "M_G2C12_M M_G2C12H2_M": [
        [-0.123448, 0.0136123, 0.000852434]
    ],
    "M_G2C13_M M_G2C13H1_M": [
        [-0.181729, 0.012952, 0.000811088]
    ],
    "M_G2C13_M M_G2C13H2_M": [
        [-0.182354, 0.0143358, 0.000897742]
    ],
    "M_G2C14_M M_G2C14H1_M": [
        [-0.185281, 0.0119781, 0.000750099]
    ],
    "M_G2C14_M M_G2C14H2_M": [
        [-0.184071, 0.013659, 0.00085536]
    ],
    "M_G2C15_M M_G2C15H1_M": [
        [-0.187177, 0.0125866, 0.000788206]
    ],
    "M_G2C15_M M_G2C15H2_M": [
        [-0.187131, 0.0129534, 0.000811172]
    ],
    "M_G2C16_M M_G2C16H1_M": [
        [-0.159775, 0.0140251, 0.000878288]
    ],
    "M_G2C16_M M_G2C16H2_M": [
        [-0.160832, 0.0132709, 0.000831056]
    ],
    "M_G2C17_M M_G2C17H1_M": [
        [-0.141296, 0.0133297, 0.000834736]
    ],
    "M_G2C17_M M_G2C17H2_M": [
        [-0.14372, 0.0126701, 0.000793434]
    ],
    "M_G2C18_M M_G2C18H1_M": [
        [-0.103933, 0.0133748, 0.000837564]
    ],
    "M_G2C18_M M_G2C18H2_M": [
        [-0.103537, 0.0114802, 0.000718919]
    ],
    "M_G2C19_M M_G2C19H1_M": [
        [-0.0358646, 0.0144367, 0.000904064]
    ],
    "M_G2C19_M M_G2C19H2_M": [
        [-0.0369764, 0.0135212, 0.000846732]
    ],
    "M_G2C19_M M_G2C19H3_M": [
        [-0.0349269, 0.0135449, 0.000848217]
    ],
    "M_G3_M M_G3H1_M": [
        [-0.191992, 0.015591, 0.000976344]
    ],
    "M_G3_M M_G3H2_M": [
        [-0.21637, 0.0120244, 0.000752998]
    ],
    "M_G3C4_M M_G3C4H1_M": [
        [0.0391276, 0.0147223, 0.000921944]
    ],
    "M_G3C4_M M_G3C4H2_M": [
        [0.0392103, 0.0146272, 0.000915994]
    ],
    "M_G3C5_M M_G3C5H1_M": [
        [-0.0506006, 0.0145705, 0.000912439]
    ],
    "M_G3C5_M M_G3C5H2_M": [
        [-0.0527328, 0.0124383, 0.000778914]
    ],
    "M_G3N6C1_M M_G3N6C1H1_M": [
        [0.00927127, 0.0143213, 0.000896838]
    ],
    "M_G3N6C1_M M_G3N6C1H2_M": [
        [0.00875434, 0.0148165, 0.000927848]
    ],
    "M_G3N6C1_M M_G3N6C1H3_M": [
        [0.00809563, 0.01462, 0.000915539]
    ],
    "M_G3N6C2_M M_G3N6C2H1_M": [
        [0.00904716, 0.0142414, 0.00089183]
    ],
    "M_G3N6C2_M M_G3N6C2H2_M": [
        [0.00910602, 0.0137978, 0.000864055]
    ],
    "M_G3N6C2_M M_G3N6C2H3_M": [
        [0.00768211, 0.013951, 0.000873645]
    ],
    "M_G3N6C3_M M_G3N6C3H1_M": [
        [0.00989181, 0.0143489, 0.000898565]
    ],
    "M_G3N6C3_M M_G3N6C3H2_M": [
        [0.0085751, 0.0141123, 0.000883745]
    ],
    "M_G3N6C3_M M_G3N6C3H3_M": [
        [0.00933745, 0.0127498, 0.000798423]
    ]
}