{
    "M_C3_M M_C3H3_M": [
        [-0.371162, 0.00645291, 0.00129058]
    ],
    "M_C4_M M_C4H41_M": [
        [-0.332295, 0.00980878, 0.00196176]
    ],
    "M_C4_M M_C4H42_M": [
        [-0.1501, 0.0115117, 0.00230234]
    ],
    "M_C6_M M_C6H6_M": [
        [-0.0278764, 0.0138813, 0.00277626]
    ],
    "M_C7_M M_C7H71_M": [
        [-0.280109, 0.00664884, 0.00132977]
    ],
    "M_C7_M M_C7H72_M": [
        [-0.337869, 0.00861494, 0.00172299]
    ],
    "M_C8_M M_C8H8_M": [
        [-0.405064, 0.00566083, 0.00113217]
    ],
    "M_C14_M M_C14H14_M": [
        [-0.400657, 0.00507619, 0.00101524]
    ],
    "M_C15_M M_C15H151_M": [
        [-0.37323, 0.00828668, 0.00165734]
    ],
    "M_C15_M M_C15H152_M": [
        [-0.301115, 0.00903544, 0.00180709]
    ],
    "M_C16_M M_C16H161_M": [
        [-0.0690255, 0.00991025, 0.00198205]
    ],
    "M_C16_M M_C16H162_M": [
        [-0.188733, 0.0114177, 0.00228354]
    ],
    "M_C17_M M_C17H17_M": [
        [-0.392425, 0.00523032, 0.00104606]
    ],
    "M_C18_M M_C18H181_M": [
        [0.114783, 0.0149964, 0.00299927]
    ],
    "M_C18_M M_C18H182_M": [
        [0.110445, 0.0128972, 0.00257944]
    ],
    "M_C18_M M_C18H183_M": [
        [0.119523, 0.01557, 0.003114]
    ],
    "M_C12_M M_C12H121_M": [
        [-0.0734242, 0.0126197, 0.00252394]
    ],
    "M_C12_M M_C12H122_M": [
        [-0.398094, 0.00630407, 0.00126081]
    ],
    "M_C11_M M_C11H111_M": [
        [-0.400395, 0.00530249, 0.0010605]
    ],
    "M_C11_M M_C11H112_M": [
        [-0.21649, 0.00672463, 0.00134493]
    ],
    "M_C9_M M_C9H9_M": [
        [-0.402454, 0.00512801, 0.0010256]
    ],
    "M_C19_M M_C19H191_M": [
        [0.113916, 0.0165445, 0.0033089]
    ],
    "M_C19_M M_C19H192_M": [
        [0.113699, 0.0144987, 0.00289974]
    ],
    "M_C19_M M_C19H193_M": [
        [0.118202, 0.0177888, 0.00355776]
    ],
    "M_C1_M M_C1H11_M": [
        [-0.197231, 0.0107339, 0.00214678]
    ],
    "M_C1_M M_C1H12_M": [
        [-0.35673, 0.00830317, 0.00166063]
    ],
    "M_C2_M M_C2H21_M": [
        [-0.223744, 0.00705604, 0.00141121]
    ],
    "M_C2_M M_C2H22_M": [
        [-0.343455, 0.00774232, 0.00154846]
    ],
    "M_C20_M M_C20H20_M": [
        [-0.37732, 0.00659006, 0.00131801]
    ],
    "M_C21_M M_C21H211_M": [
        [0.0987419, 0.0164788, 0.00329576]
    ],
    "M_C21_M M_C21H212_M": [
        [0.096873, 0.0198577, 0.00397154]
    ],
    "M_C21_M M_C21H213_M": [
        [0.0973548, 0.0142904, 0.00285809]
    ],
    "M_C22_M M_C22H221_M": [
        [-0.20424, 0.0165115, 0.00330229]
    ],
    "M_C22_M M_C22H222_M": [
        [-0.335763, 0.008044, 0.0016088]
    ],
    "M_C23_M M_C23H231_M": [
        [-0.151284, 0.018011, 0.00360219]
    ],
    "M_C23_M M_C23H232_M": [
        [-0.316191, 0.00655891, 0.00131178]
    ],
    "M_C24_M M_C24H241_M": [
        [-0.160755, 0.0152977, 0.00305954]
    ],
    "M_C24_M M_C24H242_M": [
        [-0.266171, 0.00653112, 0.00130622]
    ],
    "M_C25_M M_C25H25_M": [
        [-0.17479, 0.0130722, 0.00261445]
    ],
    "M_C26_M M_C26H261_M": [
        [0.0192116, 0.0183282, 0.00366565]
    ],
    "M_C26_M M_C26H262_M": [
        [0.0116253, 0.0119966, 0.00239933]
    ],
    "M_C26_M M_C26H263_M": [
        [0.0122579, 0.00853622, 0.00170724]
    ],
    "M_C27_M M_C27H271_M": [
        [0.00619566, 0.0192279, 0.00384558]
    ],
    "M_C27_M M_C27H272_M": [
        [0.00300481, 0.016479, 0.00329581]
    ],
    "M_C27_M M_C27H273_M": [
        [-0.00537405, 0.0163405, 0.00326809]
    ]
}