{
    "M_G1_M M_G1H1_M": [
        [-0.230311, 0.0319383, 0.00415802]
    ],
    "M_G1_M M_G1H2_M": [
        [-0.0284165, 0.0284491, 0.00370376]
    ],
    "M_G1C3_M M_G1C3H1_M": [
        [-0.235285, 0.0178037, 0.00231784]
    ],
    "M_G1C3_M M_G1C3H2_M": [
        [-0.241396, 0.0155547, 0.00202505]
    ],
    "M_G1C4_M M_G1C4H1_M": [
        [-0.172752, 0.0152135, 0.00198063]
    ],
    "M_G1C4_M M_G1C4H2_M": [
        [-0.174368, 0.015273, 0.00198838]
    ],
    "M_G1C5_M M_G1C5H1_M": [
        [-0.214689, 0.0155597, 0.0020257]
    ],
    "M_G1C5_M M_G1C5H2_M": [
        [-0.213285, 0.0141717, 0.001845]
    ],
    "M_G1C6_M M_G1C6H1_M": [
        [-0.2115, 0.0144724, 0.00188415]
    ],
    "M_G1C6_M M_G1C6H2_M": [
        [-0.212488, 0.014502, 0.001888]
    ],
    "M_G1C7_M M_G1C7H1_M": [
        [-0.224719, 0.0123992, 0.00161424]
    ],
    "M_G1C7_M M_G1C7H2_M": [
        [-0.226057, 0.0137163, 0.00178571]
    ],
    "M_G1C8_M M_G1C8H1_M": [
        [-0.211781, 0.0122826, 0.00159905]
    ],
    "M_G1C8_M M_G1C8H2_M": [
        [-0.21293, 0.0131195, 0.00170801]
    ],
    "M_G1C9_M M_G1C9H1_M": [
        [-0.212175, 0.0112976, 0.00147082]
    ],
    "M_G1C9_M M_G1C9H2_M": [
        [-0.211782, 0.0124633, 0.00162259]
    ],
    "M_G1C10_M M_G1C10H1_M": [
        [-0.192145, 0.0106361, 0.00138471]
    ],
    "M_G1C10_M M_G1C10H2_M": [
        [-0.192669, 0.0121233, 0.00157832]
    ],
    "M_G1C11_M M_G1C11H1_M": [
        [-0.184448, 0.0104003, 0.001354]
    ],
    "M_G1C11_M M_G1C11H2_M": [
        [-0.185827, 0.0103941, 0.00135319]
    ],
    "M_G1C12_M M_G1C12H1_M": [
        [-0.161727, 0.0101325, 0.00131915]
    ],
    "M_G1C12_M M_G1C12H2_M": [
        [-0.163063, 0.00952176, 0.00123963]
    ],
    "M_G1C13_M M_G1C13H1_M": [
        [-0.150708, 0.00985412, 0.0012829]
    ],
    "M_G1C13_M M_G1C13H2_M": [
        [-0.151086, 0.0087329, 0.00113693]
    ],
    "M_G1C14_M M_G1C14H1_M": [
        [-0.126748, 0.00867387, 0.00112924]
    ],
    "M_G1C14_M M_G1C14H2_M": [
        [-0.125854, 0.00849577, 0.00110606]
    ],
    "M_G1C15_M M_G1C15H1_M": [
        [-0.109778, 0.00741564, 0.000965433]
    ],
    "M_G1C15_M M_G1C15H2_M": [
        [-0.110023, 0.00730008, 0.000950389]
    ],
    "M_G1C16_M M_G1C16H1_M": [
        [-0.0770509, 0.00523604, 0.000681674]
    ],
    "M_G1C16_M M_G1C16H2_M": [
        [-0.0779576, 0.00576084, 0.000749998]
    ],
    "M_G1C17_M M_G1C17H1_M": [
        [-0.0260826, 0.00277278, 0.000360985]
    ],
    "M_G1C17_M M_G1C17H2_M": [
        [-0.026847, 0.0029679, 0.000386387]
    ],
    "M_G1C17_M M_G1C17H3_M": [
        [-0.025888, 0.0028464, 0.00037057]
    ],
    "M_G2_M M_G2H1_M": [
        [-0.213389, 0.0456068, 0.0059375]
    ],
    "M_G2C3_M M_G2C3H1_M": [
        [-0.0738091, 0.0157099, 0.00204526]
    ],
    "M_G2C3_M M_G2C3H2_M": [
        [-0.101768, 0.0187629, 0.00244273]
    ],
    "M_G2C4_M M_G2C4H1_M": [
        [-0.140544, 0.0155074, 0.00201889]
    ],
    "M_G2C4_M M_G2C4H2_M": [
        [-0.144606, 0.0161498, 0.00210252]
    ],
    "M_G2C5_M M_G2C5H1_M": [
        [-0.170988, 0.0155087, 0.00201906]
    ],
    "M_G2C5_M M_G2C5H2_M": [
        [-0.170822, 0.0157267, 0.00204745]
    ],
    "M_G2C6_M M_G2C6H1_M": [
        [-0.185541, 0.0151989, 0.00197873]
    ],
    "M_G2C6_M M_G2C6H2_M": [
        [-0.186052, 0.0149638, 0.00194812]
    ],
    "M_G2C7_M M_G2C7H1_M": [
        [-0.168013, 0.0154465, 0.00201097]
    ],
    "M_G2C7_M M_G2C7H2_M": [
        [-0.169761, 0.0145541, 0.00189479]
    ],
    "M_G2C8_M M_G2C8H1_M": [
        [-0.164378, 0.015481, 0.00201546]
    ],
    "M_G2C8_M M_G2C8H2_M": [
        [-0.165081, 0.0140437, 0.00182833]
    ],
    "M_G2C9_M M_G2C9H1_M": [
        [-0.119378, 0.0109677, 0.00142787]
    ],
    "M_G2C9_M M_G2C9H2_M": [
        [-0.121429, 0.0123626, 0.00160947]
    ],
    "M_G2C10_M M_G2C10H1_M": [
        [-0.0920149, 0.0126661, 0.00164899]
    ],
    "M_G2C11_M M_G2C11H1_M": [
        [0.00585749, 0.0136363, 0.0017753]
    ],
    "M_G2C12_M M_G2C12H1_M": [
        [-0.0582762, 0.0093587, 0.0012184]
    ],
    "M_G2C12_M M_G2C12H2_M": [
        [-0.0574198, 0.0110083, 0.00143316]
    ],
    "M_G2C13_M M_G2C13H1_M": [
        [-0.108176, 0.0107318, 0.00139716]
    ],
    "M_G2C13_M M_G2C13H2_M": [
        [-0.107346, 0.0101856, 0.00132606]
    ],
    "M_G2C14_M M_G2C14H1_M": [
        [-0.111737, 0.0101073, 0.00131586]
    ],
    "M_G2C14_M M_G2C14H2_M": [
        [-0.111173, 0.00932637, 0.00121419]
    ],
    "M_G2C15_M M_G2C15H1_M": [
        [-0.119891, 0.00964207, 0.00125529]
    ],
    "M_G2C15_M M_G2C15H2_M": [
        [-0.120253, 0.00892947, 0.00116252]
    ],
    "M_G2C16_M M_G2C16H1_M": [
        [-0.107546, 0.00857768, 0.00111672]
    ],
    "M_G2C16_M M_G2C16H2_M": [
        [-0.108108, 0.00837677, 0.00109056]
    ],
    "M_G2C17_M M_G2C17H1_M": [
        [-0.0993274, 0.00752904, 0.000980198]
    ],
    "M_G2C17_M M_G2C17H2_M": [
        [-0.0993228, 0.00792796, 0.00103213]
    ],
    "M_G2C18_M M_G2C18H1_M": [
        [-0.0739245, 0.00633337, 0.000824535]
    ],
    "M_G2C18_M M_G2C18H2_M": [
        [-0.0738307, 0.00660446, 0.000859827]
    ],
    "M_G2C19_M M_G2C19H1_M": [
        [-0.0245581, 0.00314949, 0.000410029]
    ],
    "M_G2C19_M M_G2C19H2_M": [
        [-0.0244152, 0.00318987, 0.000415286]
    ],
    "M_G2C19_M M_G2C19H3_M": [
        [-0.0238049, 0.00313992, 0.000408782]
    ],
    "M_G3_M M_G3H1_M": [
        [-0.154603, 0.0408021, 0.00531198]
    ],
    "M_G3_M M_G3H2_M": [
        [-0.177604, 0.0236218, 0.0030753]
    ],
    "M_G3C4_M M_G3C4H1_M": [
        [0.00935139, 0.00912058, 0.0011874]
    ],
    "M_G3C4_M M_G3C4H2_M": [
        [0.011569, 0.00813615, 0.00105924]
    ],
    "M_G3C5_M M_G3C5H1_M": [
        [-0.0488614, 0.00773277, 0.00100672]
    ],
    "M_G3C5_M M_G3C5H2_M": [
        [-0.0510531, 0.0067439, 0.000877981]
    ],
    "M_G3N6C1_M M_G3N6C1H1_M": [
        [0.012576, 0.00313267, 0.000407839]
    ],
    "M_G3N6C1_M M_G3N6C1H2_M": [
        [0.0121751, 0.00324395, 0.000422326]
    ],
    "M_G3N6C1_M M_G3N6C1H3_M": [
        [0.0125944, 0.00265889, 0.000346158]
    ],
    "M_G3N6C2_M M_G3N6C2H1_M": [
        [0.0120773, 0.00259481, 0.000337816]
    ],
    "M_G3N6C2_M M_G3N6C2H2_M": [
        [0.0126883, 0.00312957, 0.000407435]
    ],
    "M_G3N6C2_M M_G3N6C2H3_M": [
        [0.0120202, 0.0027095, 0.000352747]
    ],
    "M_G3N6C3_M M_G3N6C3H1_M": [
        [0.0116784, 0.00277642, 0.000361459]
    ],
    "M_G3N6C3_M M_G3N6C3H2_M": [
        [0.0118378, 0.00300064, 0.00039065]
    ],
    "M_G3N6C3_M M_G3N6C3H3_M": [
        [0.0112071, 0.00305183, 0.000397315]
    ]
}