{
    "M_G1_M M_G1H1_M": [
        [-0.14579, 0.158902, 0.0188582]
    ],
    "M_G1_M M_G1H2_M": [
        [-0.00199289, 0.102116, 0.0121189]
    ],
    "M_G1C3_M M_G1C3H1_M": [
        [-0.19717, 0.0843683, 0.0100127]
    ],
    "M_G1C3_M M_G1C3H2_M": [
        [-0.145478, 0.200618, 0.0238089]
    ],
    "M_G1C4_M M_G1C4H1_M": [
        [-0.178802, 0.0513623, 0.00609558]
    ],
    "M_G1C4_M M_G1C4H2_M": [
        [-0.204825, 0.0462718, 0.00549145]
    ],
    "M_G1C5_M M_G1C5H1_M": [
        [-0.206109, 0.0379394, 0.00450258]
    ],
    "M_G1C5_M M_G1C5H2_M": [
        [-0.226045, 0.039123, 0.00464305]
    ],
    "M_G1C6_M M_G1C6H1_M": [
        [-0.21424, 0.0363094, 0.00430914]
    ],
    "M_G1C6_M M_G1C6H2_M": [
        [-0.223333, 0.0347337, 0.00412213]
    ],
    "M_G1C7_M M_G1C7H1_M": [
        [-0.21985, 0.0309778, 0.00367639]
    ],
    "M_G1C7_M M_G1C7H2_M": [
        [-0.222277, 0.0307172, 0.00364546]
    ],
    "M_G1C8_M M_G1C8H1_M": [
        [-0.211576, 0.0305574, 0.0036265]
    ],
    "M_G1C8_M M_G1C8H2_M": [
        [-0.213569, 0.0281537, 0.00334123]
    ],
    "M_G1C9_M M_G1C9H1_M": [
        [-0.207756, 0.0305472, 0.00362528]
    ],
    "M_G1C9_M M_G1C9H2_M": [
        [-0.207812, 0.0286867, 0.00340448]
    ],
    "M_G1C10_M M_G1C10H1_M": [
        [-0.190189, 0.029476, 0.00349816]
    ],
    "M_G1C10_M M_G1C10H2_M": [
        [-0.191202, 0.0294272, 0.00349237]
    ],
    "M_G1C11_M M_G1C11H1_M": [
        [-0.17978, 0.0277878, 0.0032978]
    ],
    "M_G1C11_M M_G1C11H2_M": [
        [-0.180991, 0.0291523, 0.00345974]
    ],
    "M_G1C12_M M_G1C12H1_M": [
        [-0.159104, 0.0267282, 0.00317205]
    ],
    "M_G1C12_M M_G1C12H2_M": [
        [-0.160381, 0.0261359, 0.00310177]
    ],
    "M_G1C13_M M_G1C13H1_M": [
        [-0.146833, 0.0242191, 0.00287427]
    ],
    "M_G1C13_M M_G1C13H2_M": [
        [-0.146488, 0.0228922, 0.0027168]
    ],
    "M_G1C14_M M_G1C14H1_M": [
        [-0.124864, 0.0197835, 0.00234787]
    ],
    "M_G1C14_M M_G1C14H2_M": [
        [-0.124316, 0.0198061, 0.00235055]
    ],
    "M_G1C15_M M_G1C15H1_M": [
        [-0.108611, 0.0157753, 0.00187218]
    ],
    "M_G1C15_M M_G1C15H2_M": [
        [-0.108265, 0.016628, 0.00197338]
    ],
    "M_G1C16_M M_G1C16H1_M": [
        [-0.0842976, 0.0123095, 0.00146087]
    ],
    "M_G1C16_M M_G1C16H2_M": [
        [-0.0842094, 0.0127615, 0.00151451]
    ],
    "M_G1C17_M M_G1C17H1_M": [
        [-0.030223, 0.00602858, 0.000715461]
    ],
    "M_G1C17_M M_G1C17H2_M": [
        [-0.0298205, 0.0064011, 0.000759671]
    ],
    "M_G1C17_M M_G1C17H3_M": [
        [-0.0292084, 0.00581167, 0.000689718]
    ],
    "M_G2_M M_G2H1_M": [
        [-0.188677, 0.159648, 0.0189467]
    ],
    "M_G2C3_M M_G2C3H1_M": [
        [-0.114179, 0.118199, 0.0140276]
    ],
    "M_G2C3_M M_G2C3H2_M": [
        [-0.156122, 0.0534427, 0.00634248]
    ],
    "M_G2C4_M M_G2C4H1_M": [
        [-0.23226, 0.0456406, 0.00541654]
    ],
    "M_G2C4_M M_G2C4H2_M": [
        [-0.224054, 0.0559712, 0.00664255]
    ],
    "M_G2C5_M M_G2C5H1_M": [
        [-0.240501, 0.0385606, 0.0045763]
    ],
    "M_G2C5_M M_G2C5H2_M": [
        [-0.235577, 0.0425073, 0.00504469]
    ],
    "M_G2C6_M M_G2C6H1_M": [
        [-0.239589, 0.0385638, 0.00457668]
    ],
    "M_G2C6_M M_G2C6H2_M": [
        [-0.23447, 0.0403713, 0.0047912]
    ],
    "M_G2C7_M M_G2C7H1_M": [
        [-0.203167, 0.0328568, 0.00389938]
    ],
    "M_G2C7_M M_G2C7H2_M": [
        [-0.202251, 0.032716, 0.00388267]
    ],
    "M_G2C8_M M_G2C8H1_M": [
        [-0.179405, 0.0322759, 0.00383045]
    ],
    "M_G2C8_M M_G2C8H2_M": [
        [-0.181651, 0.0311417, 0.00369584]
    ],
    "M_G2C9_M M_G2C9H1_M": [
        [-0.107139, 0.0310696, 0.00368728]
    ],
    "M_G2C9_M M_G2C9H2_M": [
        [-0.11158, 0.0329087, 0.00390554]
    ],
    "M_G2C10_M M_G2C10H1_M": [
        [-0.104878, 0.029377, 0.00348641]
    ],
    "M_G2C11_M M_G2C11H1_M": [
        [-0.0290596, 0.0302387, 0.00358868]
    ],
    "M_G2C12_M M_G2C12H1_M": [
        [-0.0396063, 0.0311145, 0.00369261]
    ],
    "M_G2C12_M M_G2C12H2_M": [
        [-0.0399309, 0.0333822, 0.00396174]
    ],
    "M_G2C13_M M_G2C13H1_M": [
        [-0.0961234, 0.0264747, 0.00314197]
    ],
    "M_G2C13_M M_G2C13H2_M": [
        [-0.097903, 0.0247321, 0.00293516]
    ],
    "M_G2C14_M M_G2C14H1_M": [
        [-0.114146, 0.0251549, 0.00298534]
    ],
    "M_G2C14_M M_G2C14H2_M": [
        [-0.113449, 0.0242612, 0.00287928]
    ],
    "M_G2C15_M M_G2C15H1_M": [
        [-0.119301, 0.0231949, 0.00275273]
    ],
    "M_G2C15_M M_G2C15H2_M": [
        [-0.118512, 0.0228316, 0.00270961]
    ],
    "M_G2C16_M M_G2C16H1_M": [
        [-0.111029, 0.0213913, 0.00253867]
    ],
    "M_G2C16_M M_G2C16H2_M": [
        [-0.110046, 0.0224718, 0.00266691]
    ],
    "M_G2C17_M M_G2C17H1_M": [
        [-0.0989335, 0.0174927, 0.002076]
    ],
    "M_G2C17_M M_G2C17H2_M": [
        [-0.0978742, 0.0180502, 0.00214217]
    ],
    "M_G2C18_M M_G2C18H1_M": [
        [-0.0789174, 0.0148563, 0.00176312]
    ],
    "M_G2C18_M M_G2C18H2_M": [
        [-0.0791511, 0.0146291, 0.00173616]
    ],
    "M_G2C19_M M_G2C19H1_M": [
        [-0.0258032, 0.0053912, 0.000639818]
    ],
    "M_G2C19_M M_G2C19H2_M": [
        [-0.025611, 0.00723719, 0.000858897]
    ],
    "M_G2C19_M M_G2C19H3_M": [
        [-0.0264877, 0.00595186, 0.000706356]
    ],
    "M_G3_M M_G3H1_M": [
        [-0.192085, 0.114792, 0.0136234]
    ],
    "M_G3_M M_G3H2_M": [
        [-0.249356, 0.10031, 0.0119045]
    ],
    "M_G3C4_M M_G3C4H1_M": [
        [0.113505, 0.152185, 0.018061]
    ],
    "M_G3C4_M M_G3C4H2_M": [
        [-0.0126328, 0.146239, 0.0173554]
    ],
    "M_G3C5_M M_G3C5H1_M": [
        [-0.0867485, 0.0905658, 0.0107482]
    ],
    "M_G3C5_M M_G3C5H2_M": [
        [-0.0238675, 0.13059, 0.0154982]
    ],
    "M_G3N6C1_M M_G3N6C1H1_M": [
        [0.0206496, 0.0234228, 0.00277978]
    ],
    "M_G3N6C1_M M_G3N6C1H2_M": [
        [0.0194896, 0.0226244, 0.00268502]
    ],
    "M_G3N6C1_M M_G3N6C1H3_M": [
        [0.0175549, 0.0234765, 0.00278615]
    ],
    "M_G3N6C2_M M_G3N6C2H1_M": [
        [0.0177183, 0.0250098, 0.00296811]
    ],
    "M_G3N6C2_M M_G3N6C2H2_M": [
        [0.0198194, 0.0234831, 0.00278693]
    ],
    "M_G3N6C2_M M_G3N6C2H3_M": [
        [0.0211424, 0.027487, 0.0032621]
    ],
    "M_G3N6C3_M M_G3N6C3H1_M": [
        [0.0105121, 0.0303958, 0.00360732]
    ],
    "M_G3N6C3_M M_G3N6C3H2_M": [
        [0.0103909, 0.0296456, 0.00351828]
    ],
    "M_G3N6C3_M M_G3N6C3H3_M": [
        [0.0105985, 0.0306646, 0.00363922]
    ]
}