{
    "M_G1_M M_G1H1_M": [
        [-0.250178, 0.071473, 0.00930499]
    ],
    "M_G1_M M_G1H2_M": [
        [0.0216302, 0.077986, 0.0101529]
    ],
    "M_G1C3_M M_G1C3H1_M": [
        [-0.256334, 0.0262067, 0.00341182]
    ],
    "M_G1C3_M M_G1C3H2_M": [
        [-0.245719, 0.0267881, 0.00348751]
    ],
    "M_G1C4_M M_G1C4H1_M": [
        [-0.211481, 0.0202593, 0.00263753]
    ],
    "M_G1C4_M M_G1C4H2_M": [
        [-0.202179, 0.0183204, 0.00238512]
    ],
    "M_G1C5_M M_G1C5H1_M": [
        [-0.244365, 0.0174947, 0.00227762]
    ],
    "M_G1C5_M M_G1C5H2_M": [
        [-0.237923, 0.0178905, 0.00232914]
    ],
    "M_G1C6_M M_G1C6H1_M": [
        [-0.226006, 0.0176435, 0.00229698]
    ],
    "M_G1C6_M M_G1C6H2_M": [
        [-0.22336, 0.017566, 0.0022869]
    ],
    "M_G1C7_M M_G1C7H1_M": [
        [-0.239585, 0.0176418, 0.00229676]
    ],
    "M_G1C7_M M_G1C7H2_M": [
        [-0.238022, 0.0181973, 0.00236909]
    ],
    "M_G1C8_M M_G1C8H1_M": [
        [-0.225175, 0.0190905, 0.00248537]
    ],
    "M_G1C8_M M_G1C8H2_M": [
        [-0.224574, 0.0197901, 0.00257646]
    ],
    "M_G1C9_M M_G1C9H1_M": [
        [-0.225949, 0.019692, 0.00256368]
    ],
    "M_G1C9_M M_G1C9H2_M": [
        [-0.225957, 0.0195901, 0.00255041]
    ],
    "M_G1C10_M M_G1C10H1_M": [
        [-0.20714, 0.0201608, 0.00262472]
    ],
    "M_G1C10_M M_G1C10H2_M": [
        [-0.207826, 0.0206914, 0.00269379]
    ],
    "M_G1C11_M M_G1C11H1_M": [
        [-0.20045, 0.0203735, 0.0026524]
    ],
    "M_G1C11_M M_G1C11H2_M": [
        [-0.201347, 0.0195997, 0.00255166]
    ],
    "M_G1C12_M M_G1C12H1_M": [
        [-0.177287, 0.0211687, 0.00275593]
    ],
    "M_G1C12_M M_G1C12H2_M": [
        [-0.178017, 0.0206777, 0.002692]
    ],
    "M_G1C13_M M_G1C13H1_M": [
        [-0.16574, 0.0197221, 0.00256759]
    ],
    "M_G1C13_M M_G1C13H2_M": [
        [-0.166746, 0.0197376, 0.00256961]
    ],
    "M_G1C14_M M_G1C14H1_M": [
        [-0.139494, 0.0186801, 0.00243194]
    ],
    "M_G1C14_M M_G1C14H2_M": [
        [-0.140275, 0.018284, 0.00238037]
    ],
    "M_G1C15_M M_G1C15H1_M": [
        [-0.120814, 0.0160016, 0.00208324]
    ],
    "M_G1C15_M M_G1C15H2_M": [
        [-0.121738, 0.0158597, 0.00206476]
    ],
    "M_G1C16_M M_G1C16H1_M": [
        [-0.0855694, 0.0114738, 0.00149376]
    ],
    "M_G1C16_M M_G1C16H2_M": [
        [-0.0853538, 0.0114862, 0.00149537]
    ],
    "M_G1C17_M M_G1C17H1_M": [
        [-0.0290671, 0.00449861, 0.000585669]
    ],
    "M_G1C17_M M_G1C17H2_M": [
        [-0.0288104, 0.00435547, 0.000567034]
    ],
    "M_G1C17_M M_G1C17H3_M": [
        [-0.0291688, 0.00484142, 0.000630299]
    ],
    "M_G2_M M_G2H1_M": [
        [-0.237054, 0.0634426, 0.00825953]
    ],
    "M_G2C3_M M_G2C3H1_M": [
        [-0.126863, 0.0430866, 0.0056094]
    ],
    "M_G2C3_M M_G2C3H2_M": [
        [-0.1266, 0.0419055, 0.00545564]
    ],
    "M_G2C4_M M_G2C4H1_M": [
        [-0.183331, 0.024612, 0.00320421]
    ],
    "M_G2C4_M M_G2C4H2_M": [
        [-0.176669, 0.0266971, 0.00347566]
    ],
    "M_G2C5_M M_G2C5H1_M": [
        [-0.188499, 0.0225686, 0.00293818]
    ],
    "M_G2C5_M M_G2C5H2_M": [
        [-0.183844, 0.0240333, 0.00312887]
    ],
    "M_G2C6_M M_G2C6H1_M": [
        [-0.202041, 0.0198808, 0.00258826]
    ],
    "M_G2C6_M M_G2C6H2_M": [
        [-0.201113, 0.0217642, 0.00283346]
    ],
    "M_G2C7_M M_G2C7H1_M": [
        [-0.178971, 0.0196953, 0.00256411]
    ],
    "M_G2C7_M M_G2C7H2_M": [
        [-0.178058, 0.0226296, 0.00294612]
    ],
    "M_G2C8_M M_G2C8H1_M": [
        [-0.175677, 0.0175731, 0.00228783]
    ],
    "M_G2C8_M M_G2C8H2_M": [
        [-0.17583, 0.0195379, 0.00254362]
    ],
    "M_G2C9_M M_G2C9H1_M": [
        [-0.123746, 0.0157815, 0.00205458]
    ],
    "M_G2C9_M M_G2C9H2_M": [
        [-0.123621, 0.0157099, 0.00204526]
    ],
    "M_G2C10_M M_G2C10H1_M": [
        [-0.0919847, 0.0138993, 0.00180953]
    ],
    "M_G2C11_M M_G2C11H1_M": [
        [0.0085262, 0.0195974, 0.00255137]
    ],
    "M_G2C12_M M_G2C12H1_M": [
        [-0.0642315, 0.0155164, 0.00202006]
    ],
    "M_G2C12_M M_G2C12H2_M": [
        [-0.0635571, 0.0167421, 0.00217964]
    ],
    "M_G2C13_M M_G2C13H1_M": [
        [-0.116798, 0.0195877, 0.0025501]
    ],
    "M_G2C13_M M_G2C13H2_M": [
        [-0.117427, 0.0182281, 0.00237309]
    ],
    "M_G2C14_M M_G2C14H1_M": [
        [-0.122546, 0.0184522, 0.00240227]
    ],
    "M_G2C14_M M_G2C14H2_M": [
        [-0.122377, 0.0188657, 0.00245611]
    ],
    "M_G2C15_M M_G2C15H1_M": [
        [-0.131845, 0.0197848, 0.00257576]
    ],
    "M_G2C15_M M_G2C15H2_M": [
        [-0.131639, 0.0183903, 0.00239421]
    ],
    "M_G2C16_M M_G2C16H1_M": [
        [-0.119631, 0.0171927, 0.0022383]
    ],
    "M_G2C16_M M_G2C16H2_M": [
        [-0.118189, 0.0168062, 0.00218798]
    ],
    "M_G2C17_M M_G2C17H1_M": [
        [-0.109508, 0.0149185, 0.00194223]
    ],
    "M_G2C17_M M_G2C17H2_M": [
        [-0.10833, 0.0147174, 0.00191604]
    ],
    "M_G2C18_M M_G2C18H1_M": [
        [-0.0815236, 0.0112426, 0.00146366]
    ],
    "M_G2C18_M M_G2C18H2_M": [
        [-0.0803185, 0.0108659, 0.00141462]
    ],
    "M_G2C19_M M_G2C19H1_M": [
        [-0.0259869, 0.00359107, 0.000467517]
    ],
    "M_G2C19_M M_G2C19H2_M": [
        [-0.0269695, 0.0044895, 0.000584483]
    ],
    "M_G2C19_M M_G2C19H3_M": [
        [-0.0260528, 0.00398079, 0.000518255]
    ],
    "M_G3_M M_G3H1_M": [
        [-0.168671, 0.0793623, 0.0103321]
    ],
    "M_G3_M M_G3H2_M": [
        [-0.205873, 0.0841149, 0.0109508]
    ],
    "M_G3C4_M M_G3C4H1_M": [
        [0.0313297, 0.0536344, 0.0069826]
    ],
    "M_G3C4_M M_G3C4H2_M": [
        [0.0530569, 0.0783575, 0.0102013]
    ],
    "M_G3C5_M M_G3C5H1_M": [
        [-0.0142213, 0.0432764, 0.00563411]
    ],
    "M_G3C5_M M_G3C5H2_M": [
        [-0.0215484, 0.0326217, 0.00424698]
    ],
    "M_G3N6C1_M M_G3N6C1H1_M": [
        [0.0132346, 0.00520233, 0.000677286]
    ],
    "M_G3N6C1_M M_G3N6C1H2_M": [
        [0.01441, 0.00501369, 0.000652727]
    ],
    "M_G3N6C1_M M_G3N6C1H3_M": [
        [0.014316, 0.00592577, 0.00077147]
    ],
    "M_G3N6C2_M M_G3N6C2H1_M": [
        [0.0135416, 0.00576704, 0.000750804]
    ],
    "M_G3N6C2_M M_G3N6C2H2_M": [
        [0.0139235, 0.00550604, 0.000716826]
    ],
    "M_G3N6C2_M M_G3N6C2H3_M": [
        [0.0139938, 0.00542035, 0.00070567]
    ],
    "M_G3N6C3_M M_G3N6C3H1_M": [
        [0.0117784, 0.00565056, 0.00073564]
    ],
    "M_G3N6C3_M M_G3N6C3H2_M": [
        [0.0130653, 0.00611751, 0.000796432]
    ],
    "M_G3N6C3_M M_G3N6C3H3_M": [
        [0.0118546, 0.00614689, 0.000800257]
    ]
}