{
    "M_G1_M M_G1H1_M": [
        [-0.170431, 0.0262334, 0.00232784]
    ],
    "M_G1_M M_G1H2_M": [
        [-0.0446005, 0.0238247, 0.0021141]
    ],
    "M_G1C3_M M_G1C3H1_M": [
        [-0.236879, 0.0147162, 0.00130585]
    ],
    "M_G1C3_M M_G1C3H2_M": [
        [-0.205165, 0.0174965, 0.00155256]
    ],
    "M_G1C4_M M_G1C4H1_M": [
        [-0.178435, 0.0122091, 0.00108338]
    ],
    "M_G1C4_M M_G1C4H2_M": [
        [-0.165256, 0.0131936, 0.00117074]
    ],
    "M_G1C5_M M_G1C5H1_M": [
        [-0.206774, 0.0117514, 0.00104276]
    ],
    "M_G1C5_M M_G1C5H2_M": [
        [-0.203036, 0.0116161, 0.00103076]
    ],
    "M_G1C6_M M_G1C6H1_M": [
        [-0.205922, 0.0120467, 0.00106897]
    ],
    "M_G1C6_M M_G1C6H2_M": [
        [-0.202833, 0.0117614, 0.00104365]
    ],
    "M_G1C7_M M_G1C7H1_M": [
        [-0.216516, 0.0116047, 0.00102975]
    ],
    "M_G1C7_M M_G1C7H2_M": [
        [-0.214827, 0.0109715, 0.000973566]
    ],
    "M_G1C8_M M_G1C8H1_M": [
        [-0.207889, 0.0119331, 0.00105889]
    ],
    "M_G1C8_M M_G1C8H2_M": [
        [-0.20572, 0.0115746, 0.00102708]
    ],
    "M_G1C9_M M_G1C9H1_M": [
        [-0.206258, 0.0118079, 0.00104778]
    ],
    "M_G1C9_M M_G1C9H2_M": [
        [-0.205346, 0.0117084, 0.00103895]
    ],
    "M_G1C10_M M_G1C10H1_M": [
        [-0.190031, 0.0113581, 0.00100787]
    ],
    "M_G1C10_M M_G1C10H2_M": [
        [-0.18992, 0.0118691, 0.00105321]
    ],
    "M_G1C11_M M_G1C11H1_M": [
        [-0.182163, 0.0108186, 0.000959999]
    ],
    "M_G1C11_M M_G1C11H2_M": [
        [-0.182117, 0.0110666, 0.000982006]
    ],
    "M_G1C12_M M_G1C12H1_M": [
        [-0.163297, 0.0101532, 0.000900948]
    ],
    "M_G1C12_M M_G1C12H2_M": [
        [-0.162898, 0.0096739, 0.00085842]
    ],
    "M_G1C13_M M_G1C13H1_M": [
        [-0.152298, 0.00959438, 0.000851364]
    ],
    "M_G1C13_M M_G1C13H2_M": [
        [-0.151665, 0.00933329, 0.000828196]
    ],
    "M_G1C14_M M_G1C14H1_M": [
        [-0.131552, 0.00875878, 0.000777216]
    ],
    "M_G1C14_M M_G1C14H2_M": [
        [-0.131132, 0.00808, 0.000716984]
    ],
    "M_G1C15_M M_G1C15H1_M": [
        [-0.114932, 0.00760665, 0.000674981]
    ],
    "M_G1C15_M M_G1C15H2_M": [
        [-0.115187, 0.00754837, 0.000669809]
    ],
    "M_G1C16_M M_G1C16H1_M": [
        [-0.0870525, 0.00621313, 0.000551326]
    ],
    "M_G1C16_M M_G1C16H2_M": [
        [-0.0867067, 0.00644251, 0.000571681]
    ],
    "M_G1C17_M M_G1C17H1_M": [
        [-0.0292318, 0.00469535, 0.000416645]
    ],
    "M_G1C17_M M_G1C17H2_M": [
        [-0.0300673, 0.00458281, 0.000406658]
    ],
    "M_G1C17_M M_G1C17H3_M": [
        [-0.0293182, 0.00469419, 0.000416542]
    ],
    "M_G2_M M_G2H1_M": [
        [-0.190492, 0.0231923, 0.00205798]
    ],
    "M_G2C3_M M_G2C3H1_M": [
        [-0.0704697, 0.0171611, 0.0015228]
    ],
    "M_G2C3_M M_G2C3H2_M": [
        [-0.104693, 0.0151669, 0.00134585]
    ],
    "M_G2C4_M M_G2C4H1_M": [
        [-0.199952, 0.0121427, 0.00107749]
    ],
    "M_G2C4_M M_G2C4H2_M": [
        [-0.206678, 0.0115164, 0.00102192]
    ],
    "M_G2C5_M M_G2C5H1_M": [
        [-0.199045, 0.0121193, 0.00107542]
    ],
    "M_G2C5_M M_G2C5H2_M": [
        [-0.201276, 0.0118534, 0.00105182]
    ],
    "M_G2C6_M M_G2C6H1_M": [
        [-0.210456, 0.012979, 0.0011517]
    ],
    "M_G2C6_M M_G2C6H2_M": [
        [-0.208912, 0.0121833, 0.00108109]
    ],
    "M_G2C7_M M_G2C7H1_M": [
        [-0.186, 0.0122051, 0.00108302]
    ],
    "M_G2C7_M M_G2C7H2_M": [
        [-0.185672, 0.0119515, 0.00106052]
    ],
    "M_G2C8_M M_G2C8H1_M": [
        [-0.177381, 0.0118313, 0.00104985]
    ],
    "M_G2C8_M M_G2C8H2_M": [
        [-0.177049, 0.0110705, 0.000982346]
    ],
    "M_G2C9_M M_G2C9H1_M": [
        [-0.102508, 0.0127502, 0.0011314]
    ],
    "M_G2C9_M M_G2C9H2_M": [
        [-0.101397, 0.0120083, 0.00106557]
    ],
    "M_G2C10_M M_G2C10H1_M": [
        [-0.0573487, 0.0136023, 0.00120701]
    ],
    "M_G2C11_M M_G2C11H1_M": [
        [-0.0472213, 0.012182, 0.00108097]
    ],
    "M_G2C12_M M_G2C12H1_M": [
        [-0.0755699, 0.0112657, 0.000999667]
    ],
    "M_G2C12_M M_G2C12H2_M": [
        [-0.0760539, 0.0118712, 0.0010534]
    ],
    "M_G2C13_M M_G2C13H1_M": [
        [-0.116381, 0.0110354, 0.000979233]
    ],
    "M_G2C13_M M_G2C13H2_M": [
        [-0.11612, 0.0114373, 0.00101489]
    ],
    "M_G2C14_M M_G2C14H1_M": [
        [-0.123047, 0.00980605, 0.000870146]
    ],
    "M_G2C14_M M_G2C14H2_M": [
        [-0.122175, 0.0107619, 0.000954961]
    ],
    "M_G2C15_M M_G2C15H1_M": [
        [-0.127487, 0.00964897, 0.000856207]
    ],
    "M_G2C15_M M_G2C15H2_M": [
        [-0.127034, 0.00997824, 0.000885426]
    ],
    "M_G2C16_M M_G2C16H1_M": [
        [-0.116102, 0.00851472, 0.000755559]
    ],
    "M_G2C16_M M_G2C16H2_M": [
        [-0.11567, 0.00852536, 0.000756504]
    ],
    "M_G2C17_M M_G2C17H1_M": [
        [-0.10518, 0.00759234, 0.000673712]
    ],
    "M_G2C17_M M_G2C17H2_M": [
        [-0.105125, 0.0075916, 0.000673645]
    ],
    "M_G2C18_M M_G2C18H1_M": [
        [-0.0816237, 0.00636449, 0.000564757]
    ],
    "M_G2C18_M M_G2C18H2_M": [
        [-0.0824423, 0.00598256, 0.000530866]
    ],
    "M_G2C19_M M_G2C19H1_M": [
        [-0.0268713, 0.00473259, 0.00041995]
    ],
    "M_G2C19_M M_G2C19H2_M": [
        [-0.0282263, 0.00466251, 0.000413731]
    ],
    "M_G2C19_M M_G2C19H3_M": [
        [-0.0266772, 0.00434961, 0.000385966]
    ],
    "M_G3_M M_G3H1_M": [
        [-0.226585, 0.0177317, 0.00157343]
    ],
    "M_G3_M M_G3H2_M": [
        [-0.249592, 0.0166614, 0.00147846]
    ],
    "M_G3C4_M M_G3C4H1_M": [
        [0.0359885, 0.0138837, 0.00123198]
    ],
    "M_G3C4_M M_G3C4H2_M": [
        [0.0322416, 0.0138877, 0.00123233]
    ],
    "M_G3C5_M M_G3C5H1_M": [
        [-0.0738928, 0.0125932, 0.00111747]
    ],
    "M_G3C5_M M_G3C5H2_M": [
        [-0.0769877, 0.0128911, 0.0011439]
    ],
    "M_G3N6C1_M M_G3N6C1H1_M": [
        [0.0105574, 0.00818162, 0.000726001]
    ],
    "M_G3N6C1_M M_G3N6C1H2_M": [
        [0.0109309, 0.0076446, 0.000678349]
    ],
    "M_G3N6C1_M M_G3N6C1H3_M": [
        [0.0113401, 0.00833774, 0.000739855]
    ],
    "M_G3N6C2_M M_G3N6C2H1_M": [
        [0.0123375, 0.00772385, 0.000685381]
    ],
    "M_G3N6C2_M M_G3N6C2H2_M": [
        [0.011587, 0.00789887, 0.000700912]
    ],
    "M_G3N6C2_M M_G3N6C2H3_M": [
        [0.0102375, 0.00851193, 0.000755312]
    ],
    "M_G3N6C3_M M_G3N6C3H1_M": [
        [0.0112761, 0.00736991, 0.000653974]
    ],
    "M_G3N6C3_M M_G3N6C3H2_M": [
        [0.0123742, 0.00807251, 0.00071632]
    ],
    "M_G3N6C3_M M_G3N6C3H3_M": [
        [0.00973256, 0.0076472, 0.000678579]
    ]
}