{
    "M_G1C1_M M_G1C1H1_M": [
        [-0.00281252, 0.0653632, 0.00786881]
    ],
    "M_G1C1_M M_G1C1H2_M": [
        [-0.00955558, 0.0705862, 0.00849758]
    ],
    "M_G1C2_M M_G1C2H1_M": [
        [-0.0528903, 0.0573946, 0.00690949]
    ],
    "M_G1C2_M M_G1C2H2_M": [
        [-0.0515029, 0.0617143, 0.00742953]
    ],
    "M_G1C3_M M_G1C3H1_M": [
        [-0.142537, 0.0487506, 0.00586889]
    ],
    "M_G1C3_M M_G1C3H2_M": [
        [-0.142272, 0.0483945, 0.00582601]
    ],
    "M_G1C4_M M_G1C4H1_M": [
        [-0.249349, 0.0445875, 0.00536771]
    ],
    "M_G1C4_M M_G1C4H2_M": [
        [-0.245039, 0.0424946, 0.00511575]
    ],
    "M_G1C5_M M_G1C5H1_M": [
        [-0.261682, 0.0466108, 0.00561128]
    ],
    "M_G1C5_M M_G1C5H2_M": [
        [-0.261617, 0.0455076, 0.00547847]
    ],
    "M_G1C6_M M_G1C6H1_M": [
        [-0.275447, 0.0487376, 0.00586732]
    ],
    "M_G1C6_M M_G1C6H2_M": [
        [-0.274435, 0.0485021, 0.00583896]
    ],
    "M_G1C7_M M_G1C7H1_M": [
        [-0.27736, 0.051659, 0.00621901]
    ],
    "M_G1C7_M M_G1C7H2_M": [
        [-0.275996, 0.051054, 0.00614618]
    ],
    "M_G1C8_M M_G1C8H1_M": [
        [-0.281566, 0.0531502, 0.00639853]
    ],
    "M_G1C8_M M_G1C8H2_M": [
        [-0.278789, 0.0534847, 0.0064388]
    ],
    "M_G1C9_M M_G1C9H1_M": [
        [-0.276934, 0.0560191, 0.00674391]
    ],
    "M_G1C9_M M_G1C9H2_M": [
        [-0.275043, 0.0567582, 0.00683289]
    ],
    "M_G1C10_M M_G1C10H1_M": [
        [-0.270715, 0.0584507, 0.00703663]
    ],
    "M_G1C10_M M_G1C10H2_M": [
        [-0.270766, 0.0579905, 0.00698124]
    ],
    "M_G1C11_M M_G1C11H1_M": [
        [-0.261351, 0.0612302, 0.00737125]
    ],
    "M_G1C11_M M_G1C11H2_M": [
        [-0.26026, 0.0597832, 0.00719705]
    ],
    "M_G1C12_M M_G1C12H1_M": [
        [-0.248221, 0.0625833, 0.00753415]
    ],
    "M_G1C12_M M_G1C12H2_M": [
        [-0.247534, 0.0622452, 0.00749344]
    ],
    "M_G1C13_M M_G1C13H1_M": [
        [-0.228963, 0.0638412, 0.00768557]
    ],
    "M_G1C13_M M_G1C13H2_M": [
        [-0.229339, 0.0640985, 0.00771655]
    ],
    "M_G1C14_M M_G1C14H1_M": [
        [-0.202834, 0.0606532, 0.00730179]
    ],
    "M_G1C14_M M_G1C14H2_M": [
        [-0.203499, 0.0619684, 0.00746012]
    ],
    "M_G1C15_M M_G1C15H1_M": [
        [-0.158966, 0.0533816, 0.00642638]
    ],
    "M_G1C15_M M_G1C15H2_M": [
        [-0.158642, 0.0552723, 0.006654]
    ],
    "M_G1C16_M M_G1C16H1_M": [
        [-0.0465587, 0.0165647, 0.00199415]
    ],
    "M_G1C16_M M_G1C16H2_M": [
        [-0.0451233, 0.0179722, 0.0021636]
    ],
    "M_G1C16_M M_G1C16H3_M": [
        [-0.0464663, 0.0171036, 0.00205904]
    ],
    "M_G2C1_M M_G2C1H1_M": [
        [-0.00784195, 0.0588787, 0.00708816]
    ],
    "M_G2C1_M M_G2C1H2_M": [
        [-0.0175419, 0.0713195, 0.00858586]
    ],
    "M_G2C2_M M_G2C2H1_M": [
        [-0.0582908, 0.0639988, 0.00770455]
    ],
    "M_G2C2_M M_G2C2H2_M": [
        [-0.0570687, 0.050962, 0.00613511]
    ],
    "M_G2C3_M M_G2C3H1_M": [
        [-0.142853, 0.0468849, 0.00564428]
    ],
    "M_G2C3_M M_G2C3H2_M": [
        [-0.138115, 0.0477091, 0.00574351]
    ],
    "M_G2C4_M M_G2C4H1_M": [
        [-0.244609, 0.043131, 0.00519236]
    ],
    "M_G2C4_M M_G2C4H2_M": [
        [-0.240972, 0.0454316, 0.00546932]
    ],
    "M_G2C5_M M_G2C5H1_M": [
        [-0.259892, 0.0490292, 0.00590243]
    ],
    "M_G2C5_M M_G2C5H2_M": [
        [-0.259052, 0.0485125, 0.00584022]
    ],
    "M_G2C6_M M_G2C6H1_M": [
        [-0.273834, 0.0534934, 0.00643985]
    ],
    "M_G2C6_M M_G2C6H2_M": [
        [-0.273719, 0.0506703, 0.00609998]
    ],
    "M_G2C7_M M_G2C7H1_M": [
        [-0.276774, 0.0553389, 0.00666202]
    ],
    "M_G2C7_M M_G2C7H2_M": [
        [-0.277325, 0.0548072, 0.00659801]
    ],
    "M_G2C8_M M_G2C8H1_M": [
        [-0.280585, 0.0574059, 0.00691086]
    ],
    "M_G2C8_M M_G2C8H2_M": [
        [-0.282356, 0.0576803, 0.0069439]
    ],
    "M_G2C9_M M_G2C9H1_M": [
        [-0.277116, 0.0602509, 0.00725336]
    ],
    "M_G2C9_M M_G2C9H2_M": [
        [-0.27777, 0.0612344, 0.00737175]
    ],
    "M_G2C10_M M_G2C10H1_M": [
        [-0.27096, 0.0622145, 0.00748975]
    ],
    "M_G2C10_M M_G2C10H2_M": [
        [-0.272982, 0.0626077, 0.00753708]
    ],
    "M_G2C11_M M_G2C11H1_M": [
        [-0.261467, 0.065179, 0.00784663]
    ],
    "M_G2C11_M M_G2C11H2_M": [
        [-0.261276, 0.0653123, 0.00786268]
    ],
    "M_G2C12_M M_G2C12H1_M": [
        [-0.25022, 0.0673789, 0.00811146]
    ],
    "M_G2C12_M M_G2C12H2_M": [
        [-0.249593, 0.0664362, 0.00799798]
    ],
    "M_G2C13_M M_G2C13H1_M": [
        [-0.232565, 0.06894, 0.00829941]
    ],
    "M_G2C13_M M_G2C13H2_M": [
        [-0.230926, 0.0677598, 0.00815732]
    ],
    "M_G2C14_M M_G2C14H1_M": [
        [-0.205245, 0.0662335, 0.00797357]
    ],
    "M_G2C14_M M_G2C14H2_M": [
        [-0.205836, 0.0660769, 0.00795472]
    ],
    "M_G2C15_M M_G2C15H1_M": [
        [-0.160428, 0.0590304, 0.00710643]
    ],
    "M_G2C15_M M_G2C15H2_M": [
        [-0.160505, 0.0582343, 0.00701058]
    ],
    "M_G2C16_M M_G2C16H1_M": [
        [-0.0461044, 0.0179206, 0.00215739]
    ],
    "M_G2C16_M M_G2C16H2_M": [
        [-0.0468796, 0.0183115, 0.00220445]
    ],
    "M_G2C16_M M_G2C16H3_M": [
        [-0.0454858, 0.0183703, 0.00221152]
    ],
    "M_N1C1_M M_N1C1H1_M": [
        [-0.00894128, 0.0245752, 0.0029585]
    ],
    "M_N1C1_M M_N1C1H2_M": [
        [-0.0102998, 0.0239716, 0.00288584]
    ],
    "M_N1C1_M M_N1C1H3_M": [
        [-0.0098625, 0.0251647, 0.00302948]
    ],
    "M_N1C2_M M_N1C2H1_M": [
        [-0.00814236, 0.0233787, 0.00281447]
    ],
    "M_N1C2_M M_N1C2H2_M": [
        [-0.00865555, 0.025691, 0.00309283]
    ],
    "M_N1C2_M M_N1C2H3_M": [
        [-0.00954033, 0.0242581, 0.00292034]
    ]
}