{
    "M_G1_M M_G1H1_M": [
        [-0.253613, 0.0619181, 0.006223]
    ],
    "M_G1_M M_G1H2_M": [
        [0.0700489, 0.0740532, 0.00744262]
    ],
    "M_G1C3_M M_G1C3H1_M": [
        [-0.274028, 0.034782, 0.00349573]
    ],
    "M_G1C3_M M_G1C3H2_M": [
        [-0.268265, 0.0353969, 0.00355752]
    ],
    "M_G1C4_M M_G1C4H1_M": [
        [-0.243614, 0.0416997, 0.00419098]
    ],
    "M_G1C4_M M_G1C4H2_M": [
        [-0.239329, 0.0438169, 0.00440376]
    ],
    "M_G1C5_M M_G1C5H1_M": [
        [-0.276291, 0.0426779, 0.00428929]
    ],
    "M_G1C5_M M_G1C5H2_M": [
        [-0.272779, 0.0453892, 0.00456179]
    ],
    "M_G1C6_M M_G1C6H1_M": [
        [-0.269625, 0.0493769, 0.00496256]
    ],
    "M_G1C6_M M_G1C6H2_M": [
        [-0.264132, 0.0523925, 0.00526564]
    ],
    "M_G1C7_M M_G1C7H1_M": [
        [-0.281729, 0.0504621, 0.00507163]
    ],
    "M_G1C7_M M_G1C7H2_M": [
        [-0.278911, 0.0517329, 0.00519935]
    ],
    "M_G1C8_M M_G1C8H1_M": [
        [-0.272818, 0.0564706, 0.00567551]
    ],
    "M_G1C8_M M_G1C8H2_M": [
        [-0.271087, 0.0570249, 0.00573122]
    ],
    "M_G1C9_M M_G1C9H1_M": [
        [-0.273314, 0.0586836, 0.00589792]
    ],
    "M_G1C9_M M_G1C9H2_M": [
        [-0.273004, 0.0574664, 0.00577559]
    ],
    "M_G1C10_M M_G1C10H1_M": [
        [-0.259364, 0.0631928, 0.00635112]
    ],
    "M_G1C10_M M_G1C10H2_M": [
        [-0.258815, 0.0620966, 0.00624094]
    ],
    "M_G1C11_M M_G1C11H1_M": [
        [-0.253394, 0.0636189, 0.00639394]
    ],
    "M_G1C11_M M_G1C11H2_M": [
        [-0.252988, 0.0629245, 0.00632415]
    ],
    "M_G1C12_M M_G1C12H1_M": [
        [-0.23243, 0.0652715, 0.00656003]
    ],
    "M_G1C12_M M_G1C12H2_M": [
        [-0.232265, 0.0647054, 0.00650314]
    ],
    "M_G1C13_M M_G1C13H1_M": [
        [-0.218933, 0.0633377, 0.00636567]
    ],
    "M_G1C13_M M_G1C13H2_M": [
        [-0.217707, 0.0636608, 0.00639815]
    ],
    "M_G1C14_M M_G1C14H1_M": [
        [-0.188335, 0.0606356, 0.0060941]
    ],
    "M_G1C14_M M_G1C14H2_M": [
        [-0.187352, 0.0613256, 0.00616346]
    ],
    "M_G1C15_M M_G1C15H1_M": [
        [-0.160661, 0.0529216, 0.00531882]
    ],
    "M_G1C15_M M_G1C15H2_M": [
        [-0.160075, 0.052638, 0.00529032]
    ],
    "M_G1C16_M M_G1C16H1_M": [
        [-0.110978, 0.0391978, 0.00393953]
    ],
    "M_G1C16_M M_G1C16H2_M": [
        [-0.10982, 0.0383379, 0.0038531]
    ],
    "M_G1C17_M M_G1C17H1_M": [
        [-0.0333869, 0.0120635, 0.00121243]
    ],
    "M_G1C17_M M_G1C17H2_M": [
        [-0.0330619, 0.0113982, 0.00114556]
    ],
    "M_G1C17_M M_G1C17H3_M": [
        [-0.0326192, 0.011017, 0.00110725]
    ],
    "M_G2_M M_G2H1_M": [
        [-0.254108, 0.0612755, 0.00615842]
    ],
    "M_G2C3_M M_G2C3H1_M": [
        [-0.274028, 0.034782, 0.00349573]
    ],
    "M_G2C3_M M_G2C3H2_M": [
        [-0.268265, 0.0353969, 0.00355752]
    ],
    "M_G2C4_M M_G2C4H1_M": [
        [-0.243614, 0.0416997, 0.00419098]
    ],
    "M_G2C4_M M_G2C4H2_M": [
        [-0.239329, 0.0438169, 0.00440376]
    ],
    "M_G2C5_M M_G2C5H1_M": [
        [-0.276291, 0.0426779, 0.00428929]
    ],
    "M_G2C5_M M_G2C5H2_M": [
        [-0.272779, 0.0453892, 0.00456179]
    ],
    "M_G2C6_M M_G2C6H1_M": [
        [-0.269625, 0.0493769, 0.00496256]
    ],
    "M_G2C6_M M_G2C6H2_M": [
        [-0.264132, 0.0523925, 0.00526564]
    ],
    "M_G2C7_M M_G2C7H1_M": [
        [-0.281729, 0.0504621, 0.00507163]
    ],
    "M_G2C7_M M_G2C7H2_M": [
        [-0.278911, 0.0517329, 0.00519935]
    ],
    "M_G2C8_M M_G2C8H1_M": [
        [-0.272818, 0.0564706, 0.00567551]
    ],
    "M_G2C8_M M_G2C8H2_M": [
        [-0.271087, 0.0570249, 0.00573122]
    ],
    "M_G2C9_M M_G2C9H1_M": [
        [-0.273314, 0.0586836, 0.00589792]
    ],
    "M_G2C9_M M_G2C9H2_M": [
        [-0.273004, 0.0574664, 0.00577559]
    ],
    "M_G2C10_M M_G2C10H1_M": [
        [-0.259364, 0.0631928, 0.00635112]
    ],
    "M_G2C11_M M_G2C11H1_M": [
        [-0.253394, 0.0636189, 0.00639394]
    ],
    "M_G2C12_M M_G2C12H1_M": [
        [-0.23243, 0.0652715, 0.00656003]
    ],
    "M_G2C12_M M_G2C12H2_M": [
        [-0.232265, 0.0647054, 0.00650314]
    ],
    "M_G2C13_M M_G2C13H1_M": [
        [-0.218933, 0.0633377, 0.00636567]
    ],
    "M_G2C13_M M_G2C13H2_M": [
        [-0.217707, 0.0636608, 0.00639815]
    ],
    "M_G2C14_M M_G2C14H1_M": [
        [-0.188335, 0.0606356, 0.0060941]
    ],
    "M_G2C14_M M_G2C14H2_M": [
        [-0.187352, 0.0613256, 0.00616346]
    ],
    "M_G2C15_M M_G2C15H1_M": [
        [-0.160661, 0.0529216, 0.00531882]
    ],
    "M_G2C15_M M_G2C15H2_M": [
        [-0.160075, 0.052638, 0.00529032]
    ],
    "M_G2C16_M M_G2C16H1_M": [
        [-0.110978, 0.0391978, 0.00393953]
    ],
    "M_G2C16_M M_G2C16H2_M": [
        [-0.10982, 0.0383379, 0.0038531]
    ],
    "M_G2C17_M M_G2C17H1_M": [
        [-0.0333869, 0.0120635, 0.00121243]
    ],
    "M_G2C17_M M_G2C17H2_M": [
        [-0.0330619, 0.0113982, 0.00114556]
    ],
    "M_G2C18_M M_G2C18H1_M": [
        [-0.0989737, 0.0325014, 0.00326651]
    ],
    "M_G2C18_M M_G2C18H2_M": [
        [-0.0990838, 0.0324447, 0.00326081]
    ],
    "M_G2C19_M M_G2C19H1_M": [
        [-0.032203, 0.011706, 0.0011765]
    ],
    "M_G2C19_M M_G2C19H2_M": [
        [-0.0321662, 0.0132285, 0.00132951]
    ],
    "M_G2C19_M M_G2C19H3_M": [
        [-0.032764, 0.0124494, 0.00125121]
    ],
    "M_G3_M M_G3H1_M": [
        [-0.093373, 0.0902194, 0.00906739]
    ],
    "M_G3_M M_G3H2_M": [
        [-0.170423, 0.0629871, 0.00633044]
    ],
    "M_G3C4_M M_G3C4H1_M": [
        [-0.103771, 0.0286706, 0.0028815]
    ],
    "M_G3C4_M M_G3C4H2_M": [
        [-0.0979845, 0.0257813, 0.00259112]
    ],
    "M_G3C5_M M_G3C5H1_M": [
        [-0.0777053, 0.0165861, 0.00166697]
    ],
    "M_G3C5_M M_G3C5H2_M": [
        [-0.079178, 0.0156919, 0.00157709]
    ],
    "M_G3N6C1_M M_G3N6C1H1_M": [
        [0.0165096, 0.00648864, 0.000652133]
    ],
    "M_G3N6C1_M M_G3N6C1H2_M": [
        [0.0159908, 0.00654422, 0.000657719]
    ],
    "M_G3N6C1_M M_G3N6C1H3_M": [
        [0.016008, 0.00519548, 0.000522165]
    ],
    "M_G3N6C2_M M_G3N6C2H1_M": [
        [0.0145672, 0.00567829, 0.00057069]
    ],
    "M_G3N6C2_M M_G3N6C2H2_M": [
        [0.0152502, 0.00581982, 0.000584914]
    ],
    "M_G3N6C2_M M_G3N6C2H3_M": [
        [0.0163147, 0.00657961, 0.000661275]
    ],
    "M_G3N6C3_M M_G3N6C3H1_M": [
        [0.0150604, 0.00621561, 0.000624693]
    ],
    "M_G3N6C3_M M_G3N6C3H2_M": [
        [0.0159838, 0.00549154, 0.00055192]
    ],
    "M_G3N6C3_M M_G3N6C3H3_M": [
        [0.0152491, 0.00642825, 0.000646063]
    ]
}