{
    "M_G1_M M_G1H1_M": [
        [-0.0891435, 0.0726869, 0.00515264]
    ],
    "M_G1_M M_G1H2_M": [
        [-0.155513, 0.0540431, 0.00383101]
    ],
    "M_G1C3_M M_G1C3H1_M": [
        [-0.223852, 0.0331645, 0.00235097]
    ],
    "M_G1C3_M M_G1C3H2_M": [
        [-0.226091, 0.0320825, 0.00227427]
    ],
    "M_G1C4_M M_G1C4H1_M": [
        [-0.181576, 0.0310673, 0.0022023]
    ],
    "M_G1C4_M M_G1C4H2_M": [
        [-0.189472, 0.0312172, 0.00221293]
    ],
    "M_G1C5_M M_G1C5H1_M": [
        [-0.21346, 0.0272612, 0.0019325]
    ],
    "M_G1C5_M M_G1C5H2_M": [
        [-0.220075, 0.0277188, 0.00196493]
    ],
    "M_G1C6_M M_G1C6H1_M": [
        [-0.194522, 0.0272392, 0.00193094]
    ],
    "M_G1C6_M M_G1C6H2_M": [
        [-0.197513, 0.0300916, 0.00213314]
    ],
    "M_G1C7_M M_G1C7H1_M": [
        [-0.205604, 0.0251217, 0.00178083]
    ],
    "M_G1C7_M M_G1C7H2_M": [
        [-0.206589, 0.0266934, 0.00189225]
    ],
    "M_G1C8_M M_G1C8H1_M": [
        [-0.187913, 0.0272702, 0.00193313]
    ],
    "M_G1C8_M M_G1C8H2_M": [
        [-0.189715, 0.0269774, 0.00191237]
    ],
    "M_G1C9_M M_G1C9H1_M": [
        [-0.186508, 0.0270635, 0.00191848]
    ],
    "M_G1C9_M M_G1C9H2_M": [
        [-0.18674, 0.0258714, 0.00183398]
    ],
    "M_G1C10_M M_G1C10H1_M": [
        [-0.168015, 0.0275663, 0.00195412]
    ],
    "M_G1C10_M M_G1C10H2_M": [
        [-0.168168, 0.0252, 0.00178638]
    ],
    "M_G1C11_M M_G1C11H1_M": [
        [-0.160356, 0.026137, 0.0018528]
    ],
    "M_G1C11_M M_G1C11H2_M": [
        [-0.159891, 0.0230001, 0.00163044]
    ],
    "M_G1C12_M M_G1C12H1_M": [
        [-0.140112, 0.0251181, 0.00178058]
    ],
    "M_G1C12_M M_G1C12H2_M": [
        [-0.139489, 0.0225442, 0.00159811]
    ],
    "M_G1C13_M M_G1C13H1_M": [
        [-0.129418, 0.0232229, 0.00164623]
    ],
    "M_G1C13_M M_G1C13H2_M": [
        [-0.127893, 0.0212707, 0.00150784]
    ],
    "M_G1C14_M M_G1C14H1_M": [
        [-0.109552, 0.0189423, 0.00134278]
    ],
    "M_G1C14_M M_G1C14H2_M": [
        [-0.107651, 0.0198612, 0.00140793]
    ],
    "M_G1C15_M M_G1C15H1_M": [
        [-0.0944609, 0.0174446, 0.00123662]
    ],
    "M_G1C15_M M_G1C15H2_M": [
        [-0.0925661, 0.0174175, 0.0012347]
    ],
    "M_G1C16_M M_G1C16H1_M": [
        [-0.0664138, 0.0145314, 0.0010301]
    ],
    "M_G1C16_M M_G1C16H2_M": [
        [-0.0671474, 0.0139824, 0.000991188]
    ],
    "M_G1C17_M M_G1C17H1_M": [
        [-0.0205411, 0.0147947, 0.00104877]
    ],
    "M_G1C17_M M_G1C17H2_M": [
        [-0.0210283, 0.0127221, 0.000901843]
    ],
    "M_G1C17_M M_G1C17H3_M": [
        [-0.0221389, 0.0139616, 0.000989713]
    ],
    "M_G2_M M_G2H1_M": [
        [-0.0345702, 0.0906135, 0.00642342]
    ],
    "M_G2C3_M M_G2C3H1_M": [
        [-0.147106, 0.0385283, 0.0027312]
    ],
    "M_G2C3_M M_G2C3H2_M": [
        [-0.112828, 0.0454918, 0.00322483]
    ],
    "M_G2C4_M M_G2C4H1_M": [
        [-0.198603, 0.0325183, 0.00230516]
    ],
    "M_G2C4_M M_G2C4H2_M": [
        [-0.158741, 0.0397616, 0.00281862]
    ],
    "M_G2C5_M M_G2C5H1_M": [
        [-0.189652, 0.0305759, 0.00216747]
    ],
    "M_G2C5_M M_G2C5H2_M": [
        [-0.180039, 0.0343353, 0.00243396]
    ],
    "M_G2C6_M M_G2C6H1_M": [
        [-0.191733, 0.0311427, 0.00220764]
    ],
    "M_G2C6_M M_G2C6H2_M": [
        [-0.187687, 0.0326355, 0.00231347]
    ],
    "M_G2C7_M M_G2C7H1_M": [
        [-0.171551, 0.028993, 0.00205526]
    ],
    "M_G2C7_M M_G2C7H2_M": [
        [-0.17079, 0.0304364, 0.00215758]
    ],
    "M_G2C8_M M_G2C8H1_M": [
        [-0.167258, 0.0288385, 0.00204431]
    ],
    "M_G2C8_M M_G2C8H2_M": [
        [-0.167469, 0.0286355, 0.00202991]
    ],
    "M_G2C9_M M_G2C9H1_M": [
        [-0.120244, 0.0262934, 0.00186389]
    ],
    "M_G2C9_M M_G2C9H2_M": [
        [-0.121579, 0.0269711, 0.00191193]
    ],
    "M_G2C10_M M_G2C10H1_M": [
        [-0.0919989, 0.0278851, 0.00197672]
    ],
    "M_G2C11_M M_G2C11H1_M": [
        [-0.00624715, 0.0322411, 0.00228551]
    ],
    "M_G2C12_M M_G2C12H1_M": [
        [-0.0652916, 0.0257761, 0.00182722]
    ],
    "M_G2C12_M M_G2C12H2_M": [
        [-0.0658864, 0.0261806, 0.00185589]
    ],
    "M_G2C13_M M_G2C13H1_M": [
        [-0.102846, 0.0232032, 0.00164483]
    ],
    "M_G2C13_M M_G2C13H2_M": [
        [-0.103832, 0.0231882, 0.00164377]
    ],
    "M_G2C14_M M_G2C14H1_M": [
        [-0.0995257, 0.0212258, 0.00150466]
    ],
    "M_G2C14_M M_G2C14H2_M": [
        [-0.101939, 0.0202363, 0.00143451]
    ],
    "M_G2C15_M M_G2C15H1_M": [
        [-0.10808, 0.0196496, 0.00139292]
    ],
    "M_G2C15_M M_G2C15H2_M": [
        [-0.108353, 0.0204406, 0.001449]
    ],
    "M_G2C16_M M_G2C16H1_M": [
        [-0.0952907, 0.0190545, 0.00135074]
    ],
    "M_G2C16_M M_G2C16H2_M": [
        [-0.0961056, 0.0184626, 0.00130878]
    ],
    "M_G2C17_M M_G2C17H1_M": [
        [-0.0866015, 0.0171141, 0.00121319]
    ],
    "M_G2C17_M M_G2C17H2_M": [
        [-0.087788, 0.0161828, 0.00114717]
    ],
    "M_G2C18_M M_G2C18H1_M": [
        [-0.0631598, 0.014779, 0.00104765]
    ],
    "M_G2C18_M M_G2C18H2_M": [
        [-0.063923, 0.0150153, 0.00106441]
    ],
    "M_G2C19_M M_G2C19H1_M": [
        [-0.0234923, 0.0150308, 0.00106551]
    ],
    "M_G2C19_M M_G2C19H2_M": [
        [-0.0221216, 0.0149699, 0.00106119]
    ],
    "M_G2C19_M M_G2C19H3_M": [
        [-0.0212796, 0.0137035, 0.000971419]
    ],
    "M_G3_M M_G3H1_M": [
        [-0.0253037, 0.0824573, 0.00584524]
    ],
    "M_G3_M M_G3H2_M": [
        [-0.0121025, 0.0681293, 0.00482956]
    ],
    "M_G3C4_M M_G3C4H1_M": [
        [0.0519408, 0.0331612, 0.00235074]
    ],
    "M_G3C4_M M_G3C4H2_M": [
        [0.0432856, 0.0333084, 0.00236117]
    ],
    "M_G3C5_M M_G3C5H1_M": [
        [-0.0248413, 0.0335476, 0.00237813]
    ],
    "M_G3C5_M M_G3C5H2_M": [
        [-0.060173, 0.0256895, 0.00182108]
    ],
    "M_G3N6C1_M M_G3N6C1H1_M": [
        [0.0149474, 0.0201563, 0.00142884]
    ],
    "M_G3N6C1_M M_G3N6C1H2_M": [
        [0.014614, 0.0205084, 0.0014538]
    ],
    "M_G3N6C1_M M_G3N6C1H3_M": [
        [0.0133007, 0.0199966, 0.00141752]
    ],
    "M_G3N6C2_M M_G3N6C2H1_M": [
        [0.0160126, 0.0190968, 0.00135373]
    ],
    "M_G3N6C2_M M_G3N6C2H2_M": [
        [0.011068, 0.0204551, 0.00145003]
    ],
    "M_G3N6C2_M M_G3N6C2H3_M": [
        [0.014805, 0.0186273, 0.00132046]
    ],
    "M_G3N6C3_M M_G3N6C3H1_M": [
        [0.0130791, 0.0191833, 0.00135987]
    ],
    "M_G3N6C3_M M_G3N6C3H2_M": [
        [0.0155789, 0.0195535, 0.00138611]
    ],
    "M_G3N6C3_M M_G3N6C3H3_M": [
        [0.0136646, 0.0201176, 0.0014261]
    ]
}