{
    "M_C3_M M_C3H3_M": [
        [-0.378086, 0.0116632, 0.00166618]
    ],
    "M_C4_M M_C4H41_M": [
        [-0.333472, 0.0134554, 0.0019222]
    ],
    "M_C4_M M_C4H42_M": [
        [-0.157809, 0.0258097, 0.0036871]
    ],
    "M_C6_M M_C6H6_M": [
        [-0.031577, 0.0280699, 0.00400999]
    ],
    "M_C7_M M_C7H71_M": [
        [-0.286596, 0.0191933, 0.0027419]
    ],
    "M_C7_M M_C7H72_M": [
        [-0.345288, 0.0132583, 0.00189404]
    ],
    "M_C8_M M_C8H8_M": [
        [-0.415132, 0.0120358, 0.0017194]
    ],
    "M_C14_M M_C14H14_M": [
        [-0.409291, 0.0122576, 0.00175108]
    ],
    "M_C15_M M_C15H151_M": [
        [-0.38422, 0.0138783, 0.00198261]
    ],
    "M_C15_M M_C15H152_M": [
        [-0.308697, 0.0200431, 0.0028633]
    ],
    "M_C16_M M_C16H161_M": [
        [-0.066157, 0.0199153, 0.00284504]
    ],
    "M_C16_M M_C16H162_M": [
        [-0.197202, 0.0158687, 0.00226696]
    ],
    "M_C17_M M_C17H17_M": [
        [-0.402457, 0.0123519, 0.00176455]
    ],
    "M_C18_M M_C18H181_M": [
        [0.117746, 0.0184227, 0.00263181]
    ],
    "M_C18_M M_C18H182_M": [
        [0.115635, 0.0168621, 0.00240887]
    ],
    "M_C18_M M_C18H183_M": [
        [0.118209, 0.0201534, 0.00287906]
    ],
    "M_C12_M M_C12H121_M": [
        [-0.0795847, 0.0268363, 0.00383376]
    ],
    "M_C12_M M_C12H122_M": [
        [-0.407877, 0.0124339, 0.00177628]
    ],
    "M_C11_M M_C11H111_M": [
        [-0.410715, 0.0124641, 0.00178058]
    ],
    "M_C11_M M_C11H112_M": [
        [-0.219682, 0.0230368, 0.00329097]
    ],
    "M_C9_M M_C9H9_M": [
        [-0.411744, 0.0122821, 0.00175458]
    ],
    "M_C19_M M_C19H191_M": [
        [0.113929, 0.0208569, 0.00297956]
    ],
    "M_C19_M M_C19H192_M": [
        [0.118725, 0.017791, 0.00254158]
    ],
    "M_C19_M M_C19H193_M": [
        [0.123, 0.0195476, 0.00279252]
    ],
    "M_C1_M M_C1H11_M": [
        [-0.203941, 0.0244953, 0.00349932]
    ],
    "M_C1_M M_C1H12_M": [
        [-0.365203, 0.0126498, 0.00180711]
    ],
    "M_C2_M M_C2H21_M": [
        [-0.230218, 0.020679, 0.00295414]
    ],
    "M_C2_M M_C2H22_M": [
        [-0.351418, 0.0123865, 0.0017695]
    ],
    "M_C20_M M_C20H20_M": [
        [-0.387218, 0.0153455, 0.00219222]
    ],
    "M_C21_M M_C21H211_M": [
        [0.104006, 0.0123603, 0.00176576]
    ],
    "M_C21_M M_C21H212_M": [
        [0.103863, 0.0112261, 0.00160373]
    ],
    "M_C21_M M_C21H213_M": [
        [0.0998159, 0.0125484, 0.00179262]
    ],
    "M_C22_M M_C22H221_M": [
        [-0.207604, 0.047203, 0.00674329]
    ],
    "M_C22_M M_C22H222_M": [
        [-0.353005, 0.0119809, 0.00171155]
    ],
    "M_C23_M M_C23H231_M": [
        [-0.158685, 0.0400116, 0.00571595]
    ],
    "M_C23_M M_C23H232_M": [
        [-0.336925, 0.0118341, 0.00169059]
    ],
    "M_C24_M M_C24H241_M": [
        [-0.177482, 0.0332909, 0.00475584]
    ],
    "M_C24_M M_C24H242_M": [
        [-0.290494, 0.0183033, 0.00261476]
    ],
    "M_C25_M M_C25H25_M": [
        [-0.193068, 0.016524, 0.00236057]
    ],
    "M_C26_M M_C26H261_M": [
        [0.0132675, 0.0107663, 0.00153804]
    ],
    "M_C26_M M_C26H262_M": [
        [0.0140071, 0.0136006, 0.00194295]
    ],
    "M_C26_M M_C26H263_M": [
        [0.0144852, 0.0127075, 0.00181535]
    ],
    "M_C27_M M_C27H271_M": [
        [0.00207134, 0.0123533, 0.00176475]
    ],
    "M_C27_M M_C27H272_M": [
        [0.00153126, 0.0143587, 0.00205125]
    ],
    "M_C27_M M_C27H273_M": [
        [0.00106853, 0.014601, 0.00208585]
    ]
}