{
    "M_C3_M M_C3H3_M": [
        [-0.42319, 0.0102904, 0.00115776]
    ],
    "M_C4_M M_C4H41_M": [
        [-0.377607, 0.0152405, 0.00171469]
    ],
    "M_C4_M M_C4H42_M": [
        [-0.202461, 0.0263377, 0.00296322]
    ],
    "M_C6_M M_C6H6_M": [
        [-0.0638608, 0.0307069, 0.00345479]
    ],
    "M_C7_M M_C7H71_M": [
        [-0.313936, 0.0200503, 0.00225584]
    ],
    "M_C7_M M_C7H72_M": [
        [-0.38293, 0.01498, 0.00168538]
    ],
    "M_C8_M M_C8H8_M": [
        [-0.463522, 0.00578465, 0.000650823]
    ],
    "M_C14_M M_C14H14_M": [
        [-0.458781, 0.00510215, 0.000574036]
    ],
    "M_C15_M M_C15H151_M": [
        [-0.427103, 0.0119422, 0.0013436]
    ],
    "M_C15_M M_C15H152_M": [
        [-0.366739, 0.0160765, 0.00180875]
    ],
    "M_C16_M M_C16H161_M": [
        [-0.0735437, 0.026238, 0.002952]
    ],
    "M_C16_M M_C16H162_M": [
        [-0.207371, 0.0227511, 0.0025597]
    ],
    "M_C17_M M_C17H17_M": [
        [-0.452269, 0.00518494, 0.000583351]
    ],
    "M_C18_M M_C18H181_M": [
        [0.131561, 0.0226098, 0.0025438]
    ],
    "M_C18_M M_C18H182_M": [
        [0.134804, 0.023273, 0.00261842]
    ],
    "M_C18_M M_C18H183_M": [
        [0.129746, 0.0215751, 0.00242739]
    ],
    "M_C12_M M_C12H121_M": [
        [-0.117832, 0.027411, 0.00308398]
    ],
    "M_C12_M M_C12H122_M": [
        [-0.455702, 0.00633823, 0.000713106]
    ],
    "M_C11_M M_C11H111_M": [
        [-0.460878, 0.00561932, 0.000632223]
    ],
    "M_C11_M M_C11H112_M": [
        [-0.237765, 0.0242704, 0.00273063]
    ],
    "M_C9_M M_C9H9_M": [
        [-0.461088, 0.00540113, 0.000607674]
    ],
    "M_C19_M M_C19H191_M": [
        [0.133796, 0.0372701, 0.00419321]
    ],
    "M_C19_M M_C19H192_M": [
        [0.135004, 0.0353218, 0.00397402]
    ],
    "M_C19_M M_C19H193_M": [
        [0.131408, 0.0350951, 0.00394851]
    ],
    "M_C1_M M_C1H11_M": [
        [-0.2555, 0.0240079, 0.0027011]
    ],
    "M_C1_M M_C1H12_M": [
        [-0.407732, 0.0126605, 0.00142441]
    ],
    "M_C2_M M_C2H21_M": [
        [-0.241849, 0.0225931, 0.00254192]
    ],
    "M_C2_M M_C2H22_M": [
        [-0.391389, 0.0138553, 0.00155885]
    ],
    "M_C20_M M_C20H20_M": [
        [-0.43572, 0.00698773, 0.000786181]
    ],
    "M_C21_M M_C21H211_M": [
        [0.117943, 0.0154714, 0.00174067]
    ],
    "M_C21_M M_C21H212_M": [
        [0.119916, 0.0134771, 0.00151629]
    ],
    "M_C21_M M_C21H213_M": [
        [0.121644, 0.0161256, 0.00181427]
    ],
    "M_C22_M M_C22H221_M": [
        [-0.331184, 0.0506117, 0.00569426]
    ],
    "M_C22_M M_C22H222_M": [
        [-0.40443, 0.0150063, 0.00168834]
    ],
    "M_C23_M M_C23H231_M": [
        [-0.265268, 0.0490245, 0.00551569]
    ],
    "M_C23_M M_C23H232_M": [
        [-0.393191, 0.0148753, 0.00167361]
    ],
    "M_C24_M M_C24H241_M": [
        [-0.270597, 0.0314819, 0.00354199]
    ],
    "M_C24_M M_C24H242_M": [
        [-0.346595, 0.0207359, 0.00233297]
    ],
    "M_C25_M M_C25H25_M": [
        [-0.260562, 0.0244336, 0.002749]
    ],
    "M_C26_M M_C26H261_M": [
        [0.0213972, 0.0140157, 0.00157689]
    ],
    "M_C26_M M_C26H262_M": [
        [0.0193678, 0.0165014, 0.00185656]
    ],
    "M_C26_M M_C26H263_M": [
        [0.0192256, 0.0163967, 0.00184478]
    ],
    "M_C27_M M_C27H271_M": [
        [0.0106747, 0.0139146, 0.00156551]
    ],
    "M_C27_M M_C27H272_M": [
        [0.0103898, 0.0138418, 0.00155732]
    ],
    "M_C27_M M_C27H273_M": [
        [0.0110446, 0.01353, 0.00152225]
    ]
}