{
    "M_G1_M M_G1H1_M": [
        [-0.192123, 0.0762871, 0.00620816]
    ],
    "M_G1_M M_G1H2_M": [
        [-0.0470966, 0.0813757, 0.00662226]
    ],
    "M_G1C3_M M_G1C3H1_M": [
        [-0.296375, 0.0405551, 0.00330033]
    ],
    "M_G1C3_M M_G1C3H2_M": [
        [-0.27737, 0.0427756, 0.00348103]
    ],
    "M_G1C4_M M_G1C4H1_M": [
        [-0.284667, 0.0341397, 0.00277825]
    ],
    "M_G1C4_M M_G1C4H2_M": [
        [-0.270112, 0.0354569, 0.00288544]
    ],
    "M_G1C5_M M_G1C5H1_M": [
        [-0.319438, 0.0300034, 0.00244164]
    ],
    "M_G1C5_M M_G1C5H2_M": [
        [-0.316411, 0.0308096, 0.00250725]
    ],
    "M_G1C6_M M_G1C6H1_M": [
        [-0.335248, 0.0309928, 0.00252216]
    ],
    "M_G1C6_M M_G1C6H2_M": [
        [-0.331666, 0.0303465, 0.00246957]
    ],
    "M_G1C7_M M_G1C7H1_M": [
        [-0.350948, 0.0294665, 0.00239795]
    ],
    "M_G1C7_M M_G1C7H2_M": [
        [-0.348968, 0.0282538, 0.00229926]
    ],
    "M_G1C8_M M_G1C8H1_M": [
        [-0.351801, 0.0300814, 0.00244799]
    ],
    "M_G1C8_M M_G1C8H2_M": [
        [-0.350204, 0.0292383, 0.00237938]
    ],
    "M_G1C9_M M_G1C9H1_M": [
        [-0.353486, 0.029766, 0.00242232]
    ],
    "M_G1C9_M M_G1C9H2_M": [
        [-0.353066, 0.0297404, 0.00242024]
    ],
    "M_G1C10_M M_G1C10H1_M": [
        [-0.344832, 0.0314756, 0.00256145]
    ],
    "M_G1C10_M M_G1C10H2_M": [
        [-0.344106, 0.0318722, 0.00259373]
    ],
    "M_G1C11_M M_G1C11H1_M": [
        [-0.337946, 0.0312919, 0.0025465]
    ],
    "M_G1C11_M M_G1C11H2_M": [
        [-0.337984, 0.0313204, 0.00254881]
    ],
    "M_G1C12_M M_G1C12H1_M": [
        [-0.321081, 0.0326083, 0.00265362]
    ],
    "M_G1C12_M M_G1C12H2_M": [
        [-0.320171, 0.032746, 0.00266483]
    ],
    "M_G1C13_M M_G1C13H1_M": [
        [-0.305207, 0.0324964, 0.00264452]
    ],
    "M_G1C13_M M_G1C13H2_M": [
        [-0.304363, 0.032311, 0.00262943]
    ],
    "M_G1C14_M M_G1C14H1_M": [
        [-0.275739, 0.0326311, 0.00265548]
    ],
    "M_G1C14_M M_G1C14H2_M": [
        [-0.275454, 0.0323002, 0.00262855]
    ],
    "M_G1C15_M M_G1C15H1_M": [
        [-0.24033, 0.0292929, 0.00238382]
    ],
    "M_G1C15_M M_G1C15H2_M": [
        [-0.240579, 0.0300977, 0.00244931]
    ],
    "M_G1C16_M M_G1C16H1_M": [
        [-0.182138, 0.0257089, 0.00209216]
    ],
    "M_G1C16_M M_G1C16H2_M": [
        [-0.181282, 0.0258921, 0.00210707]
    ],
    "M_G1C17_M M_G1C17H1_M": [
        [-0.059691, 0.0102064, 0.000830582]
    ],
    "M_G1C17_M M_G1C17H2_M": [
        [-0.057385, 0.012092, 0.000984031]
    ],
    "M_G1C17_M M_G1C17H3_M": [
        [-0.0588796, 0.0113197, 0.000921184]
    ],
    "M_G2_M M_G2H1_M": [
        [-0.213369, 0.0618476, 0.00503309]
    ],
    "M_G2C3_M M_G2C3H1_M": [
        [-0.0860045, 0.0602941, 0.00490666]
    ],
    "M_G2C3_M M_G2C3H2_M": [
        [-0.150131, 0.0405871, 0.00330293]
    ],
    "M_G2C4_M M_G2C4H1_M": [
        [-0.279017, 0.0309797, 0.0025211]
    ],
    "M_G2C4_M M_G2C4H2_M": [
        [-0.279528, 0.0304011, 0.002474]
    ],
    "M_G2C5_M M_G2C5H1_M": [
        [-0.289536, 0.0292558, 0.00238081]
    ],
    "M_G2C5_M M_G2C5H2_M": [
        [-0.29181, 0.02725, 0.00221757]
    ],
    "M_G2C6_M M_G2C6H1_M": [
        [-0.31511, 0.0303255, 0.00246786]
    ],
    "M_G2C6_M M_G2C6H2_M": [
        [-0.312783, 0.0296478, 0.00241271]
    ],
    "M_G2C7_M M_G2C7H1_M": [
        [-0.299566, 0.0320331, 0.00260682]
    ],
    "M_G2C7_M M_G2C7H2_M": [
        [-0.298286, 0.0318078, 0.00258848]
    ],
    "M_G2C8_M M_G2C8H1_M": [
        [-0.287015, 0.0311916, 0.00253833]
    ],
    "M_G2C8_M M_G2C8H2_M": [
        [-0.286365, 0.0301805, 0.00245605]
    ],
    "M_G2C9_M M_G2C9H1_M": [
        [-0.18194, 0.0300702, 0.00244708]
    ],
    "M_G2C9_M M_G2C9H2_M": [
        [-0.181478, 0.0294087, 0.00239324]
    ],
    "M_G2C10_M M_G2C10H1_M": [
        [-0.110448, 0.0273537, 0.00222602]
    ],
    "M_G2C11_M M_G2C11H1_M": [
        [-0.102747, 0.0205577, 0.00167296]
    ],
    "M_G2C12_M M_G2C12H1_M": [
        [-0.177126, 0.0281219, 0.00228853]
    ],
    "M_G2C12_M M_G2C12H2_M": [
        [-0.178013, 0.0284138, 0.00231229]
    ],
    "M_G2C13_M M_G2C13H1_M": [
        [-0.261234, 0.0318445, 0.00259147]
    ],
    "M_G2C13_M M_G2C13H2_M": [
        [-0.26221, 0.0308387, 0.00250962]
    ],
    "M_G2C14_M M_G2C14H1_M": [
        [-0.277347, 0.0314198, 0.00255691]
    ],
    "M_G2C14_M M_G2C14H2_M": [
        [-0.276904, 0.0318535, 0.0025922]
    ],
    "M_G2C15_M M_G2C15H1_M": [
        [-0.282861, 0.0309598, 0.00251948]
    ],
    "M_G2C15_M M_G2C15H2_M": [
        [-0.283471, 0.0305589, 0.00248685]
    ],
    "M_G2C16_M M_G2C16H1_M": [
        [-0.260802, 0.0311481, 0.0025348]
    ],
    "M_G2C16_M M_G2C16H2_M": [
        [-0.261809, 0.0312261, 0.00254114]
    ],
    "M_G2C17_M M_G2C17H1_M": [
        [-0.235731, 0.029158, 0.00237285]
    ],
    "M_G2C17_M M_G2C17H2_M": [
        [-0.236438, 0.0293268, 0.00238658]
    ],
    "M_G2C18_M M_G2C18H1_M": [
        [-0.18064, 0.0256735, 0.00208928]
    ],
    "M_G2C18_M M_G2C18H2_M": [
        [-0.179626, 0.0247438, 0.00201362]
    ],
    "M_G2C19_M M_G2C19H1_M": [
        [-0.0654418, 0.013235, 0.00107705]
    ],
    "M_G2C19_M M_G2C19H2_M": [
        [-0.0657635, 0.0127333, 0.00103622]
    ],
    "M_G2C19_M M_G2C19H3_M": [
        [-0.0654686, 0.0134759, 0.00109666]
    ],
    "M_G3_M M_G3H1_M": [
        [-0.216248, 0.0695827, 0.00566256]
    ],
    "M_G3_M M_G3H2_M": [
        [-0.232661, 0.0548042, 0.0044599]
    ],
    "M_G3C4_M M_G3C4H1_M": [
        [0.0235446, 0.0338826, 0.00275733]
    ],
    "M_G3C4_M M_G3C4H2_M": [
        [0.0247592, 0.031652, 0.00257581]
    ],
    "M_G3C5_M M_G3C5H1_M": [
        [-0.0966943, 0.0312469, 0.00254284]
    ],
    "M_G3C5_M M_G3C5H2_M": [
        [-0.0951708, 0.029893, 0.00243266]
    ],
    "M_G3N6C1_M M_G3N6C1H1_M": [
        [0.0146089, 0.0121271, 0.000986892]
    ],
    "M_G3N6C1_M M_G3N6C1H2_M": [
        [0.0142976, 0.0131247, 0.00106808]
    ],
    "M_G3N6C1_M M_G3N6C1H3_M": [
        [0.015765, 0.0133671, 0.0010878]
    ],
    "M_G3N6C2_M M_G3N6C2H1_M": [
        [0.0131721, 0.0135358, 0.00110153]
    ],
    "M_G3N6C2_M M_G3N6C2H2_M": [
        [0.0148339, 0.0130615, 0.00106293]
    ],
    "M_G3N6C2_M M_G3N6C2H3_M": [
        [0.0148366, 0.0139462, 0.00113493]
    ],
    "M_G3N6C3_M M_G3N6C3H1_M": [
        [0.0141631, 0.0120314, 0.000979098]
    ],
    "M_G3N6C3_M M_G3N6C3H2_M": [
        [0.0148843, 0.0126013, 0.00102548]
    ],
    "M_G3N6C3_M M_G3N6C3H3_M": [
        [0.0142809, 0.0135411, 0.00110196]
    ]
}