{
    "M_G1_M M_G1H1_M": [
        [-0.099411, 0.242384, 0.0409704]
    ],
    "M_G1C2_M M_G1C2H1_M": [
        [-0.123537, 0.233511, 0.0394706]
    ],
    "M_G1C2_M M_G1C2H2_M": [
        [-0.204004, 0.202685, 0.03426]
    ],
    "M_G1C3_M M_G1C3H1_M": [
        [-0.238974, 0.154413, 0.0261006]
    ],
    "M_G1C3_M M_G1C3H2_M": [
        [-0.220242, 0.214724, 0.0362949]
    ],
    "M_G1C4_M M_G1C4H1_M": [
        [-0.275305, 0.130563, 0.0220692]
    ],
    "M_G1C4_M M_G1C4H2_M": [
        [-0.253746, 0.162378, 0.0274469]
    ],
    "M_G1C5_M M_G1C5H1_M": [
        [-0.315282, 0.12598, 0.0212945]
    ],
    "M_G1C5_M M_G1C5H2_M": [
        [-0.252738, 0.167484, 0.0283099]
    ],
    "M_G1C6_M M_G1C6H1_M": [
        [-0.30758, 0.138252, 0.0233688]
    ],
    "M_G1C6_M M_G1C6H2_M": [
        [-0.25841, 0.189626, 0.0320527]
    ],
    "M_G1C7_M M_G1C7H1_M": [
        [-0.318331, 0.134381, 0.0227145]
    ],
    "M_G1C7_M M_G1C7H2_M": [
        [-0.283786, 0.146499, 0.0247629]
    ],
    "M_G1C8_M M_G1C8H1_M": [
        [-0.283875, 0.130641, 0.0220824]
    ],
    "M_G1C8_M M_G1C8H2_M": [
        [-0.307996, 0.116381, 0.0196719]
    ],
    "M_G1C9_M M_G1C9H1_M": [
        [-0.277648, 0.125531, 0.0212187]
    ],
    "M_G1C9_M M_G1C9H2_M": [
        [-0.292623, 0.141651, 0.0239434]
    ],
    "M_G1C10_M M_G1C10H1_M": [
        [-0.274594, 0.117002, 0.0197769]
    ],
    "M_G1C10_M M_G1C10H2_M": [
        [-0.24832, 0.197698, 0.033417]
    ],
    "M_G1C11_M M_G1C11H1_M": [
        [-0.261015, 0.141945, 0.023993]
    ],
    "M_G1C11_M M_G1C11H2_M": [
        [-0.248603, 0.152901, 0.025845]
    ],
    "M_G1C12_M M_G1C12H1_M": [
        [-0.250259, 0.129685, 0.0219208]
    ],
    "M_G1C12_M M_G1C12H2_M": [
        [-0.17738, 0.188326, 0.0318328]
    ],
    "M_G1C13_M M_G1C13H1_M": [
        [-0.217907, 0.143372, 0.0242342]
    ],
    "M_G1C13_M M_G1C13H2_M": [
        [-0.16671, 0.192805, 0.03259]
    ],
    "M_G1C14_M M_G1C14H1_M": [
        [-0.193252, 0.156306, 0.0264206]
    ],
    "M_G1C14_M M_G1C14H2_M": [
        [-0.14504, 0.148611, 0.0251199]
    ],
    "M_G1C15_M M_G1C15H1_M": [
        [-0.129231, 0.155557, 0.026294]
    ],
    "M_G1C15_M M_G1C15H2_M": [
        [-0.146127, 0.131516, 0.0222303]
    ],
    "M_G1C16_M M_G1C16H1_M": [
        [-0.0630989, 0.145141, 0.0245333]
    ],
    "M_G1C16_M M_G1C16H2_M": [
        [-0.0615693, 0.147303, 0.0248987]
    ],
    "M_G1C16_M M_G1C16H3_M": [
        [-0.00208075, 0.133849, 0.0226246]
    ],
    "M_G2_M M_G2H1_M": [
        [-0.36456, 0.186613, 0.0315433]
    ],
    "M_G2C1_M M_G2C1H1_M": [
        [-0.349638, 0.195647, 0.0330704]
    ],
    "M_G2C2_M M_G2C2H1_M": [
        [-0.137679, 0.305434, 0.0516278]
    ],
    "M_G2C3_M M_G2C3H1_M": [
        [-0.15351, 0.292112, 0.0493759]
    ],
    "M_G2C4_M M_G2C4H1_M": [
        [-0.362097, 0.0920258, 0.0155552]
    ],
    "M_G2C4_M M_G2C4H2_M": [
        [-0.346574, 0.107434, 0.0181597]
    ],
    "M_G2C5_M M_G2C5H1_M": [
        [-0.306485, 0.197908, 0.0334525]
    ],
    "M_G2C5_M M_G2C5H2_M": [
        [-0.339531, 0.110526, 0.0186823]
    ],
    "M_G2C6_M M_G2C6H1_M": [
        [-0.30978, 0.196113, 0.0331492]
    ],
    "M_G2C6_M M_G2C6H2_M": [
        [-0.356373, 0.0994262, 0.0168061]
    ],
    "M_G2C7_M M_G2C7H1_M": [
        [-0.331213, 0.106963, 0.01808]
    ],
    "M_G2C7_M M_G2C7H2_M": [
        [-0.332614, 0.147859, 0.0249927]
    ],
    "M_G2C8_M M_G2C8H1_M": [
        [-0.318746, 0.121237, 0.0204928]
    ],
    "M_G2C8_M M_G2C8H2_M": [
        [-0.343188, 0.112901, 0.0190837]
    ],
    "M_G2C9_M M_G2C9H1_M": [
        [-0.265735, 0.151112, 0.0255427]
    ],
    "M_G2C9_M M_G2C9H2_M": [
        [-0.312711, 0.134965, 0.0228133]
    ],
    "M_G2C10_M M_G2C10H1_M": [
        [-0.262573, 0.141943, 0.0239927]
    ],
    "M_G2C10_M M_G2C10H2_M": [
        [-0.292419, 0.128275, 0.0216824]
    ],
    "M_G2C11_M M_G2C11H1_M": [
        [-0.265468, 0.143373, 0.0242345]
    ],
    "M_G2C11_M M_G2C11H2_M": [
        [-0.25928, 0.146646, 0.0247878]
    ],
    "M_G2C12_M M_G2C12H1_M": [
        [-0.245853, 0.150342, 0.0254125]
    ],
    "M_G2C12_M M_G2C12H2_M": [
        [-0.201862, 0.141517, 0.0239207]
    ],
    "M_G2C13_M M_G2C13H1_M": [
        [-0.196133, 0.138471, 0.0234059]
    ],
    "M_G2C13_M M_G2C13H2_M": [
        [-0.188439, 0.15037, 0.0254171]
    ],
    "M_G2C14_M M_G2C14H1_M": [
        [-0.156571, 0.173839, 0.0293841]
    ],
    "M_G2C14_M M_G2C14H2_M": [
        [-0.175856, 0.129573, 0.0219019]
    ],
    "M_G2C15_M M_G2C15H1_M": [
        [-0.0983671, 0.143809, 0.0243082]
    ],
    "M_G2C15_M M_G2C15H2_M": [
        [-0.0987671, 0.162224, 0.0274209]
    ],
    "M_G2C16_M M_G2C16H1_M": [
        [-0.0504351, 0.145306, 0.0245611]
    ],
    "M_G2C16_M M_G2C16H2_M": [
        [-0.0611741, 0.162792, 0.0275168]
    ],
    "M_G2C16_M M_G2C16H3_M": [
        [-0.0410594, 0.142782, 0.0241345]
    ],
    "M_G3_M M_G3H1_M": [
        [-0.364815, 0.157722, 0.0266598]
    ],
    "M_G3_M M_G3H2_M": [
        [-0.360706, 0.0979159, 0.0165508]
    ],
    "M_G3C4_M M_G3C4H1_M": [
        [0.0688186, 0.260055, 0.0439572]
    ],
    "M_G3C4_M M_G3C4H2_M": [
        [-0.0129414, 0.26158, 0.044215]
    ],
    "M_G3C5_M M_G3C5H1_M": [
        [-0.176313, 0.191648, 0.0323945]
    ],
    "M_G3C5_M M_G3C5H2_M": [
        [-0.0838319, 0.205122, 0.0346719]
    ],
    "M_G3N6C1_M M_G3N6C1H1_M": [
        [-0.00223723, 0.183292, 0.030982]
    ],
    "M_G3N6C1_M M_G3N6C1H2_M": [
        [-0.00481123, 0.171923, 0.0290602]
    ],
    "M_G3N6C1_M M_G3N6C1H3_M": [
        [-0.013094, 0.172957, 0.029235]
    ],
    "M_G3N6C2_M M_G3N6C2H1_M": [
        [-0.00496228, 0.202135, 0.0341671]
    ],
    "M_G3N6C2_M M_G3N6C2H2_M": [
        [0.0151265, 0.137546, 0.0232496]
    ],
    "M_G3N6C2_M M_G3N6C2H3_M": [
        [0.0276831, 0.165827, 0.0280299]
    ],
    "M_G3N6C3_M M_G3N6C3H1_M": [
        [0.0241829, 0.165996, 0.0280585]
    ],
    "M_G3N6C3_M M_G3N6C3H2_M": [
        [0.0537632, 0.151006, 0.0255247]
    ],
    "M_G3N6C3_M M_G3N6C3H3_M": [
        [0.0627894, 0.175858, 0.0297254]
    ]
}