{
    "M_G2_M M_G2H1_M": [
        [-0.357369, 0.0650735, 0.0109994]
    ],
    "M_G2C1_M M_G2C1H1_M": [
        [-0.349482, 0.0693814, 0.0117276]
    ],
    "M_G3_M M_G3H1_M": [
        [-0.351701, 0.0624574, 0.0105572]
    ],
    "M_G3_M M_G3H2_M": [
        [-0.350728, 0.0547242, 0.00925008]
    ],
    "M_N1C2_M M_N1C2H1_M": [
        [-0.130384, 0.122978, 0.0207871]
    ],
    "M_N1C2_M M_N1C2H2_M": [
        [-0.1604, 0.0806319, 0.0136293]
    ],
    "M_N1C3_M M_N1C3H1_M": [
        [-0.281582, 0.0503216, 0.0085059]
    ],
    "M_N1C3_M M_N1C3H2_M": [
        [-0.200551, 0.0882391, 0.0149151]
    ],
    "M_N1C4_M M_N1C4H1_M": [
        [-0.33074, 0.0306433, 0.00517966]
    ],
    "M_N1C4_M M_N1C4H2_M": [
        [-0.311038, 0.0338553, 0.00572258]
    ],
    "M_N1C5_M M_N1C5H1_M": [
        [-0.353098, 0.03269, 0.00552562]
    ],
    "M_N1C5_M M_N1C5H2_M": [
        [-0.343826, 0.0305552, 0.00516477]
    ],
    "M_N1C6_M M_N1C6H1_M": [
        [-0.369084, 0.0266376, 0.00450258]
    ],
    "M_N1C6_M M_N1C6H2_M": [
        [-0.366143, 0.0259976, 0.0043944]
    ],
    "M_N1C7_M M_N1C7H1_M": [
        [-0.380254, 0.0241557, 0.00408306]
    ],
    "M_N1C7_M M_N1C7H2_M": [
        [-0.377995, 0.0241588, 0.00408358]
    ],
    "M_N1C8_M M_N1C8H1_M": [
        [-0.383032, 0.0218523, 0.00369371]
    ],
    "M_N1C8_M M_N1C8H2_M": [
        [-0.381309, 0.02303, 0.00389278]
    ],
    "M_N1C9_M M_N1C9H1_M": [
        [-0.382818, 0.0207218, 0.00350262]
    ],
    "M_N1C9_M M_N1C9H2_M": [
        [-0.38333, 0.0216121, 0.00365312]
    ],
    "M_N1C10_M M_N1C10H1_M": [
        [-0.377561, 0.0213894, 0.00361547]
    ],
    "M_N1C10_M M_N1C10H2_M": [
        [-0.377098, 0.0228764, 0.00386682]
    ],
    "M_N1C11_M M_N1C11H1_M": [
        [-0.369834, 0.0212111, 0.00358533]
    ],
    "M_N1C11_M M_N1C11H2_M": [
        [-0.368418, 0.0228419, 0.00386099]
    ],
    "M_N1C12_M M_N1C12H1_M": [
        [-0.354105, 0.0232986, 0.00393818]
    ],
    "M_N1C12_M M_N1C12H2_M": [
        [-0.354467, 0.0239065, 0.00404093]
    ],
    "M_N1C13_M M_N1C13H1_M": [
        [-0.334462, 0.0250728, 0.00423808]
    ],
    "M_N1C13_M M_N1C13H2_M": [
        [-0.332171, 0.0262744, 0.00444119]
    ],
    "M_N1C14_M M_N1C14H1_M": [
        [-0.295675, 0.0278002, 0.0046991]
    ],
    "M_N1C14_M M_N1C14H2_M": [
        [-0.295722, 0.0282813, 0.0047804]
    ],
    "M_N1C15_M M_N1C15H1_M": [
        [-0.242792, 0.0279153, 0.00471854]
    ],
    "M_N1C15_M M_N1C15H2_M": [
        [-0.241787, 0.0273228, 0.0046184]
    ],
    "M_N1C16_M M_N1C16H1_M": [
        [-0.0667311, 0.0131235, 0.00221827]
    ],
    "M_N1C16_M M_N1C16H2_M": [
        [-0.0651639, 0.0118413, 0.00200155]
    ],
    "M_N1C16_M M_N1C16H3_M": [
        [-0.063363, 0.0128757, 0.00217639]
    ],
    "M_G2C2_M M_G2C2H1_M": [
        [-0.124915, 0.117181, 0.0198072]
    ],
    "M_G2C3_M M_G2C3H1_M": [
        [-0.119586, 0.117271, 0.0198225]
    ],
    "M_G2C4_M M_G2C4H1_M": [
        [-0.340952, 0.0361114, 0.00610394]
    ],
    "M_G2C4_M M_G2C4H2_M": [
        [-0.339969, 0.0289724, 0.00489723]
    ],
    "M_G2C5_M M_G2C5H1_M": [
        [-0.331625, 0.0297264, 0.00502467]
    ],
    "M_G2C5_M M_G2C5H2_M": [
        [-0.334551, 0.0294662, 0.00498069]
    ],
    "M_G2C6_M M_G2C6H1_M": [
        [-0.358592, 0.0267637, 0.00452389]
    ],
    "M_G2C6_M M_G2C6H2_M": [
        [-0.363782, 0.0256543, 0.00433637]
    ],
    "M_G2C7_M M_G2C7H1_M": [
        [-0.371267, 0.0234887, 0.00397032]
    ],
    "M_G2C7_M M_G2C7H2_M": [
        [-0.371046, 0.0246262, 0.00416259]
    ],
    "M_G2C8_M M_G2C8H1_M": [
        [-0.382143, 0.0225398, 0.00380992]
    ],
    "M_G2C8_M M_G2C8H2_M": [
        [-0.381985, 0.0228611, 0.00386423]
    ],
    "M_G2C9_M M_G2C9H1_M": [
        [-0.381792, 0.0239184, 0.00404295]
    ],
    "M_G2C9_M M_G2C9H2_M": [
        [-0.380664, 0.0259199, 0.00438126]
    ],
    "M_G2C10_M M_G2C10H1_M": [
        [-0.382273, 0.0250552, 0.00423511]
    ],
    "M_G2C10_M M_G2C10H2_M": [
        [-0.382405, 0.0238108, 0.00402477]
    ],
    "M_G2C11_M M_G2C11H1_M": [
        [-0.373612, 0.0275117, 0.00465033]
    ],
    "M_G2C11_M M_G2C11H2_M": [
        [-0.373775, 0.0263625, 0.00445608]
    ],
    "M_G2C12_M M_G2C12H1_M": [
        [-0.365687, 0.0271155, 0.00458336]
    ],
    "M_G2C12_M M_G2C12H2_M": [
        [-0.365591, 0.0269148, 0.00454944]
    ],
    "M_G2C13_M M_G2C13H1_M": [
        [-0.343969, 0.0303995, 0.00513846]
    ],
    "M_G2C13_M M_G2C13H2_M": [
        [-0.344012, 0.0312958, 0.00528996]
    ],
    "M_G2C14_M M_G2C14H1_M": [
        [-0.3167, 0.0274335, 0.00463712]
    ],
    "M_G2C14_M M_G2C14H2_M": [
        [-0.316678, 0.0292845, 0.00494998]
    ],
    "M_G2C15_M M_G2C15H1_M": [
        [-0.257836, 0.0321942, 0.00544182]
    ],
    "M_G2C15_M M_G2C15H2_M": [
        [-0.254797, 0.0367337, 0.00620914]
    ],
    "M_G2C16_M M_G2C16H1_M": [
        [-0.0922662, 0.0138194, 0.00233591]
    ],
    "M_G2C16_M M_G2C16H2_M": [
        [-0.0962559, 0.0174014, 0.00294137]
    ],
    "M_G2C16_M M_G2C16H3_M": [
        [-0.0943069, 0.0134627, 0.0022756]
    ],
    "M_G3C4_M M_G3C4H1_M": [
        [0.0538372, 0.0446548, 0.00754803]
    ],
    "M_G3C4_M M_G3C4H2_M": [
        [0.0170393, 0.0343066, 0.00579888]
    ],
    "M_G3C5_M M_G3C5H1_M": [
        [-0.128689, 0.0401307, 0.00678332]
    ],
    "M_G3C5_M M_G3C5H2_M": [
        [-0.110426, 0.0517889, 0.00875392]
    ],
    "M_G3N6C1_M M_G3N6C1H1_M": [
        [0.0159264, 0.0141315, 0.00238867]
    ],
    "M_G3N6C1_M M_G3N6C1H2_M": [
        [0.022227, 0.013564, 0.00229273]
    ],
    "M_G3N6C1_M M_G3N6C1H3_M": [
        [0.0137097, 0.01551, 0.00262166]
    ],
    "M_G3N6C2_M M_G3N6C2H1_M": [
        [0.0164884, 0.0144064, 0.00243513]
    ],
    "M_G3N6C2_M M_G3N6C2H2_M": [
        [0.0182625, 0.012716, 0.00214939]
    ],
    "M_G3N6C2_M M_G3N6C2H3_M": [
        [0.0138469, 0.0118131, 0.00199678]
    ],
    "M_G3N6C3_M M_G3N6C3H1_M": [
        [0.0189826, 0.0177076, 0.00299313]
    ],
    "M_G3N6C3_M M_G3N6C3H2_M": [
        [0.0212436, 0.0121075, 0.00204654]
    ],
    "M_G3N6C3_M M_G3N6C3H3_M": [
        [0.0205153, 0.0163679, 0.00276669]
    ]
}