{
    "M_G1_M M_G1H1_M": [
        [-0.104407, 0.0550315, 0.00171389]
    ],
    "M_G1_M M_G1H2_M": [
        [-0.164853, 0.0486741, 0.00151589]
    ],
    "M_G1C3_M M_G1C3H1_M": [
        [-0.278177, 0.0431148, 0.00134275]
    ],
    "M_G1C3_M M_G1C3H2_M": [
        [-0.276884, 0.0430135, 0.0013396]
    ],
    "M_G1C4_M M_G1C4H1_M": [
        [-0.260861, 0.054445, 0.00169562]
    ],
    "M_G1C4_M M_G1C4H2_M": [
        [-0.26452, 0.0542572, 0.00168977]
    ],
    "M_G1C5_M M_G1C5H1_M": [
        [-0.296693, 0.0563628, 0.00175535]
    ],
    "M_G1C5_M M_G1C5H2_M": [
        [-0.29994, 0.0558117, 0.00173818]
    ],
    "M_G1C6_M M_G1C6H1_M": [
        [-0.293736, 0.0640757, 0.00199556]
    ],
    "M_G1C6_M M_G1C6H2_M": [
        [-0.29451, 0.0642234, 0.00200015]
    ],
    "M_G1C7_M M_G1C7H1_M": [
        [-0.307301, 0.064628, 0.00201276]
    ],
    "M_G1C7_M M_G1C7H2_M": [
        [-0.307254, 0.0646348, 0.00201297]
    ],
    "M_G1C8_M M_G1C8H1_M": [
        [-0.302299, 0.0698443, 0.00217521]
    ],
    "M_G1C8_M M_G1C8H2_M": [
        [-0.302631, 0.0698492, 0.00217536]
    ],
    "M_G1C9_M M_G1C9H1_M": [
        [-0.304578, 0.0712897, 0.00222023]
    ],
    "M_G1C9_M M_G1C9H2_M": [
        [-0.304952, 0.0710276, 0.00221206]
    ],
    "M_G1C10_M M_G1C10H1_M": [
        [-0.295956, 0.0749486, 0.00233418]
    ],
    "M_G1C10_M M_G1C10H2_M": [
        [-0.296112, 0.0748191, 0.00233015]
    ],
    "M_G1C11_M M_G1C11H1_M": [
        [-0.291726, 0.0761236, 0.00237077]
    ],
    "M_G1C11_M M_G1C11H2_M": [
        [-0.291921, 0.0760519, 0.00236854]
    ],
    "M_G1C12_M M_G1C12H1_M": [
        [-0.278346, 0.0785613, 0.00244669]
    ],
    "M_G1C12_M M_G1C12H2_M": [
        [-0.27853, 0.078504, 0.00244491]
    ],
    "M_G1C13_M M_G1C13H1_M": [
        [-0.266215, 0.0782694, 0.0024376]
    ],
    "M_G1C13_M M_G1C13H2_M": [
        [-0.266232, 0.0783427, 0.00243988]
    ],
    "M_G1C14_M M_G1C14H1_M": [
        [-0.240243, 0.0768029, 0.00239193]
    ],
    "M_G1C14_M M_G1C14H2_M": [
        [-0.240446, 0.0769025, 0.00239503]
    ],
    "M_G1C15_M M_G1C15H1_M": [
        [-0.20798, 0.0694015, 0.00216142]
    ],
    "M_G1C15_M M_G1C15H2_M": [
        [-0.208039, 0.0694643, 0.00216338]
    ],
    "M_G1C16_M M_G1C16H1_M": [
        [-0.149765, 0.0535103, 0.00166651]
    ],
    "M_G1C16_M M_G1C16H2_M": [
        [-0.150395, 0.0540637, 0.00168374]
    ],
    "M_G1C17_M M_G1C17H1_M": [
        [-0.045075, 0.0159601, 0.000497058]
    ],
    "M_G1C17_M M_G1C17H2_M": [
        [-0.0451904, 0.0162015, 0.000504575]
    ],
    "M_G1C17_M M_G1C17H3_M": [
        [-0.0452003, 0.0162016, 0.000504579]
    ],
    "M_G2_M M_G2H1_M": [
        [-0.0511085, 0.0609649, 0.00189867]
    ],
    "M_G2C3_M M_G2C3H1_M": [
        [-0.168174, 0.0489621, 0.00152486]
    ],
    "M_G2C3_M M_G2C3H2_M": [
        [-0.180266, 0.0504088, 0.00156992]
    ],
    "M_G2C4_M M_G2C4H1_M": [
        [-0.262377, 0.0479109, 0.00149212]
    ],
    "M_G2C4_M M_G2C4H2_M": [
        [-0.234566, 0.0498833, 0.00155355]
    ],
    "M_G2C5_M M_G2C5H1_M": [
        [-0.274581, 0.0532642, 0.00165885]
    ],
    "M_G2C5_M M_G2C5H2_M": [
        [-0.273031, 0.0541064, 0.00168508]
    ],
    "M_G2C6_M M_G2C6H1_M": [
        [-0.29499, 0.0592119, 0.00184408]
    ],
    "M_G2C6_M M_G2C6H2_M": [
        [-0.293244, 0.0594775, 0.00185235]
    ],
    "M_G2C7_M M_G2C7H1_M": [
        [-0.299788, 0.0628992, 0.00195892]
    ],
    "M_G2C7_M M_G2C7H2_M": [
        [-0.29961, 0.0627199, 0.00195333]
    ],
    "M_G2C8_M M_G2C8H1_M": [
        [-0.308779, 0.0654975, 0.00203984]
    ],
    "M_G2C8_M M_G2C8H2_M": [
        [-0.308195, 0.0654778, 0.00203922]
    ],
    "M_G2C9_M M_G2C9H1_M": [
        [-0.30731, 0.0690082, 0.00214917]
    ],
    "M_G2C9_M M_G2C9H2_M": [
        [-0.306806, 0.0689206, 0.00214645]
    ],
    "M_G2C10_M M_G2C10H1_M": [
        [-0.307973, 0.070899, 0.00220806]
    ],
    "M_G2C10_M M_G2C10H2_M": [
        [-0.308306, 0.0710869, 0.00221391]
    ],
    "M_G2C11_M M_G2C11H1_M": [
        [-0.301301, 0.0743277, 0.00231484]
    ],
    "M_G2C11_M M_G2C11H2_M": [
        [-0.300988, 0.0740047, 0.00230478]
    ],
    "M_G2C12_M M_G2C12H1_M": [
        [-0.29651, 0.07585, 0.00236225]
    ],
    "M_G2C12_M M_G2C12H2_M": [
        [-0.296315, 0.075829, 0.0023616]
    ],
    "M_G2C13_M M_G2C13H1_M": [
        [-0.283995, 0.0783754, 0.0024409]
    ],
    "M_G2C13_M M_G2C13H2_M": [
        [-0.284006, 0.0782961, 0.00243843]
    ],
    "M_G2C14_M M_G2C14H1_M": [
        [-0.270432, 0.0786944, 0.00245084]
    ],
    "M_G2C14_M M_G2C14H2_M": [
        [-0.270467, 0.0787863, 0.0024537]
    ],
    "M_G2C15_M M_G2C15H1_M": [
        [-0.240426, 0.0773809, 0.00240993]
    ],
    "M_G2C15_M M_G2C15H2_M": [
        [-0.240654, 0.0772886, 0.00240706]
    ],
    "M_G2C16_M M_G2C16H1_M": [
        [-0.194769, 0.0680791, 0.00212024]
    ],
    "M_G2C16_M M_G2C16H2_M": [
        [-0.19433, 0.0679972, 0.00211769]
    ],
    "M_G2C17_M M_G2C17H1_M": [
        [-0.052995, 0.0218833, 0.000681528]
    ],
    "M_G2C17_M M_G2C17H2_M": [
        [-0.0527087, 0.02183, 0.000679867]
    ],
    "M_G2C17_M M_G2C17H3_M": [
        [-0.0529039, 0.0220728, 0.00068743]
    ],
    "M_G3_M M_G3H1_M": [
        [-0.0379153, 0.0589432, 0.00183571]
    ],
    "M_G3_M M_G3H2_M": [
        [-0.0336748, 0.0649626, 0.00202318]
    ],
    "M_G3C4_M M_G3C4H1_M": [
        [0.0471101, 0.0213267, 0.000664195]
    ],
    "M_G3C4_M M_G3C4H2_M": [
        [0.033839, 0.0240656, 0.000749491]
    ],
    "M_G3C5_M M_G3C5H1_M": [
        [-0.0542729, 0.0182576, 0.00056861]
    ],
    "M_G3C5_M M_G3C5H2_M": [
        [-0.0242483, 0.0188767, 0.000587889]
    ],
    "M_G3N6C1_M M_G3N6C1H1_M": [
        [0.0124815, 0.00708496, 0.000220652]
    ],
    "M_G3N6C1_M M_G3N6C1H2_M": [
        [0.0127607, 0.00697671, 0.000217281]
    ],
    "M_G3N6C1_M M_G3N6C1H3_M": [
        [0.0130493, 0.00729872, 0.000227309]
    ],
    "M_G3N6C2_M M_G3N6C2H1_M": [
        [0.012676, 0.00696933, 0.000217051]
    ],
    "M_G3N6C2_M M_G3N6C2H2_M": [
        [0.0132279, 0.00690369, 0.000215007]
    ],
    "M_G3N6C2_M M_G3N6C2H3_M": [
        [0.0127471, 0.00692127, 0.000215554]
    ],
    "M_G3N6C3_M M_G3N6C3H1_M": [
        [0.0132803, 0.00730144, 0.000227394]
    ],
    "M_G3N6C3_M M_G3N6C3H2_M": [
        [0.0126787, 0.00707405, 0.000220312]
    ],
    "M_G3N6C3_M M_G3N6C3H3_M": [
        [0.0129777, 0.0071233, 0.000221846]
    ]
}