{
    "M_G1_M M_G1H1_M": [
        [-0.156186, 0.13522, 0.0119989]
    ],
    "M_G1_M M_G1H2_M": [
        [0.0362386, 0.137289, 0.0121824]
    ],
    "M_G1C3_M M_G1C3H1_M": [
        [-0.205453, 0.0753201, 0.00668358]
    ],
    "M_G1C3_M M_G1C3H2_M": [
        [-0.215245, 0.13754, 0.0122047]
    ],
    "M_G1C4_M M_G1C4H1_M": [
        [-0.154418, 0.0554388, 0.0049194]
    ],
    "M_G1C4_M M_G1C4H2_M": [
        [-0.193618, 0.050985, 0.00452419]
    ],
    "M_G1C5_M M_G1C5H1_M": [
        [-0.194622, 0.0474944, 0.00421444]
    ],
    "M_G1C5_M M_G1C5H2_M": [
        [-0.216769, 0.0452287, 0.0040134]
    ],
    "M_G1C6_M M_G1C6H1_M": [
        [-0.206909, 0.0475484, 0.00421924]
    ],
    "M_G1C6_M M_G1C6H2_M": [
        [-0.21801, 0.0471404, 0.00418303]
    ],
    "M_G1C7_M M_G1C7H1_M": [
        [-0.213641, 0.0447651, 0.00397226]
    ],
    "M_G1C7_M M_G1C7H2_M": [
        [-0.217905, 0.0425957, 0.00377975]
    ],
    "M_G1C8_M M_G1C8H1_M": [
        [-0.206485, 0.0414584, 0.00367884]
    ],
    "M_G1C8_M M_G1C8H2_M": [
        [-0.210584, 0.0403487, 0.00358037]
    ],
    "M_G1C9_M M_G1C9H1_M": [
        [-0.203069, 0.0379488, 0.00336741]
    ],
    "M_G1C9_M M_G1C9H2_M": [
        [-0.203938, 0.0380206, 0.00337379]
    ],
    "M_G1C10_M M_G1C10H1_M": [
        [-0.187006, 0.0359612, 0.00319104]
    ],
    "M_G1C10_M M_G1C10H2_M": [
        [-0.188949, 0.0352916, 0.00313163]
    ],
    "M_G1C11_M M_G1C11H1_M": [
        [-0.178189, 0.03162, 0.00280582]
    ],
    "M_G1C11_M M_G1C11H2_M": [
        [-0.179547, 0.0322867, 0.00286498]
    ],
    "M_G1C12_M M_G1C12H1_M": [
        [-0.158661, 0.0280955, 0.00249308]
    ],
    "M_G1C12_M M_G1C12H2_M": [
        [-0.159786, 0.0277747, 0.0024646]
    ],
    "M_G1C13_M M_G1C13H1_M": [
        [-0.146034, 0.0244048, 0.00216558]
    ],
    "M_G1C13_M M_G1C13H2_M": [
        [-0.146336, 0.023608, 0.00209487]
    ],
    "M_G1C14_M M_G1C14H1_M": [
        [-0.124882, 0.0219441, 0.00194723]
    ],
    "M_G1C14_M M_G1C14H2_M": [
        [-0.125687, 0.0199771, 0.00177268]
    ],
    "M_G1C15_M M_G1C15H1_M": [
        [-0.107274, 0.0176581, 0.0015669]
    ],
    "M_G1C15_M M_G1C15H2_M": [
        [-0.108159, 0.0165985, 0.00147288]
    ],
    "M_G1C16_M M_G1C16H1_M": [
        [-0.0831861, 0.0137847, 0.00122319]
    ],
    "M_G1C16_M M_G1C16H2_M": [
        [-0.0840245, 0.0135846, 0.00120544]
    ],
    "M_G1C17_M M_G1C17H1_M": [
        [-0.0274258, 0.00595744, 0.000528637]
    ],
    "M_G1C17_M M_G1C17H2_M": [
        [-0.0279485, 0.00597903, 0.000530553]
    ],
    "M_G1C17_M M_G1C17H3_M": [
        [-0.0281857, 0.00572097, 0.000507654]
    ],
    "M_G2_M M_G2H1_M": [
        [-0.207728, 0.145797, 0.0129374]
    ],
    "M_G2C3_M M_G2C3H1_M": [
        [-0.166153, 0.0952674, 0.00845361]
    ],
    "M_G2C3_M M_G2C3H2_M": [
        [-0.164396, 0.057362, 0.00509005]
    ],
    "M_G2C4_M M_G2C4H1_M": [
        [-0.226377, 0.0469174, 0.00416324]
    ],
    "M_G2C4_M M_G2C4H2_M": [
        [-0.195283, 0.0513609, 0.00455754]
    ],
    "M_G2C5_M M_G2C5H1_M": [
        [-0.233199, 0.0424972, 0.00377101]
    ],
    "M_G2C5_M M_G2C5H2_M": [
        [-0.214889, 0.0425039, 0.00377161]
    ],
    "M_G2C6_M M_G2C6H1_M": [
        [-0.233593, 0.0422285, 0.00374717]
    ],
    "M_G2C6_M M_G2C6H2_M": [
        [-0.218948, 0.0423485, 0.00375782]
    ],
    "M_G2C7_M M_G2C7H1_M": [
        [-0.202422, 0.0379126, 0.0033642]
    ],
    "M_G2C7_M M_G2C7H2_M": [
        [-0.193742, 0.0403922, 0.00358423]
    ],
    "M_G2C8_M M_G2C8H1_M": [
        [-0.178822, 0.0366655, 0.00325353]
    ],
    "M_G2C8_M M_G2C8H2_M": [
        [-0.174818, 0.0375721, 0.00333398]
    ],
    "M_G2C9_M M_G2C9H1_M": [
        [-0.108503, 0.0326742, 0.00289937]
    ],
    "M_G2C9_M M_G2C9H2_M": [
        [-0.107711, 0.0318608, 0.00282719]
    ],
    "M_G2C10_M M_G2C10H1_M": [
        [-0.10778, 0.0331836, 0.00294457]
    ],
    "M_G2C11_M M_G2C11H1_M": [
        [-0.0310913, 0.0346008, 0.00307033]
    ],
    "M_G2C12_M M_G2C12H1_M": [
        [-0.0354997, 0.0274862, 0.002439]
    ],
    "M_G2C12_M M_G2C12H2_M": [
        [-0.0380064, 0.0264743, 0.00234922]
    ],
    "M_G2C13_M M_G2C13H1_M": [
        [-0.0910912, 0.0260273, 0.00230955]
    ],
    "M_G2C13_M M_G2C13H2_M": [
        [-0.0931038, 0.0261083, 0.00231673]
    ],
    "M_G2C14_M M_G2C14H1_M": [
        [-0.107869, 0.0260319, 0.00230995]
    ],
    "M_G2C14_M M_G2C14H2_M": [
        [-0.107193, 0.0273752, 0.00242915]
    ],
    "M_G2C15_M M_G2C15H1_M": [
        [-0.113868, 0.0268665, 0.00238402]
    ],
    "M_G2C15_M M_G2C15H2_M": [
        [-0.112246, 0.0276293, 0.00245171]
    ],
    "M_G2C16_M M_G2C16H1_M": [
        [-0.105667, 0.0241569, 0.00214358]
    ],
    "M_G2C16_M M_G2C16H2_M": [
        [-0.103299, 0.024929, 0.00221209]
    ],
    "M_G2C17_M M_G2C17H1_M": [
        [-0.0946168, 0.020658, 0.0018331]
    ],
    "M_G2C17_M M_G2C17H2_M": [
        [-0.092683, 0.020933, 0.0018575]
    ],
    "M_G2C18_M M_G2C18H1_M": [
        [-0.0758267, 0.016223, 0.00143956]
    ],
    "M_G2C18_M M_G2C18H2_M": [
        [-0.07498, 0.0168337, 0.00149375]
    ],
    "M_G2C19_M M_G2C19H1_M": [
        [-0.0251636, 0.00662066, 0.000587489]
    ],
    "M_G2C19_M M_G2C19H2_M": [
        [-0.024971, 0.00609477, 0.000540823]
    ],
    "M_G2C19_M M_G2C19H3_M": [
        [-0.0263732, 0.00588729, 0.000522412]
    ],
    "M_G3_M M_G3H1_M": [
        [-0.166343, 0.112395, 0.00997348]
    ],
    "M_G3_M M_G3H2_M": [
        [-0.23892, 0.106128, 0.0094173]
    ],
    "M_G3C4_M M_G3C4H1_M": [
        [0.0494209, 0.122393, 0.0108606]
    ],
    "M_G3C4_M M_G3C4H2_M": [
        [-0.05058, 0.118382, 0.0105047]
    ],
    "M_G3C5_M M_G3C5H1_M": [
        [-0.0825869, 0.0800002, 0.00709887]
    ],
    "M_G3C5_M M_G3C5H2_M": [
        [-0.0256056, 0.0876389, 0.0077767]
    ],
    "M_G3N6C1_M M_G3N6C1H1_M": [
        [0.0119778, 0.0226936, 0.00201373]
    ],
    "M_G3N6C1_M M_G3N6C1H2_M": [
        [0.0100124, 0.0224443, 0.00199161]
    ],
    "M_G3N6C1_M M_G3N6C1H3_M": [
        [0.0114098, 0.023239, 0.00206213]
    ],
    "M_G3N6C2_M M_G3N6C2H1_M": [
        [0.0112472, 0.0252613, 0.00224158]
    ],
    "M_G3N6C2_M M_G3N6C2H2_M": [
        [0.00998195, 0.0224701, 0.0019939]
    ],
    "M_G3N6C2_M M_G3N6C2H3_M": [
        [0.0106777, 0.0223847, 0.00198632]
    ],
    "M_G3N6C3_M M_G3N6C3H1_M": [
        [0.0130035, 0.0260459, 0.0023112]
    ],
    "M_G3N6C3_M M_G3N6C3H2_M": [
        [0.0107699, 0.0247872, 0.00219951]
    ],
    "M_G3N6C3_M M_G3N6C3H3_M": [
        [0.0121557, 0.0262916, 0.002333]
    ]
}