{
    "M_G1_M M_G1H1_M": [
        [-0.28325, 0.02803, 0.000876365]
    ],
    "M_G1_M M_G1H2_M": [
        [0.0239504, 0.040076, 0.00125299]
    ],
    "M_G1C3_M M_G1C3H1_M": [
        [-0.300266, 0.0171179, 0.000535197]
    ],
    "M_G1C3_M M_G1C3H2_M": [
        [-0.290218, 0.0181765, 0.000568295]
    ],
    "M_G1C4_M M_G1C4H1_M": [
        [-0.255475, 0.0222931, 0.000697]
    ],
    "M_G1C4_M M_G1C4H2_M": [
        [-0.245111, 0.0230381, 0.000720292]
    ],
    "M_G1C5_M M_G1C5H1_M": [
        [-0.289825, 0.0234813, 0.00073415]
    ],
    "M_G1C5_M M_G1C5H2_M": [
        [-0.285042, 0.023866, 0.000746175]
    ],
    "M_G1C6_M M_G1C6H1_M": [
        [-0.287794, 0.0272188, 0.000851002]
    ],
    "M_G1C6_M M_G1C6H2_M": [
        [-0.285451, 0.0273875, 0.000856277]
    ],
    "M_G1C7_M M_G1C7H1_M": [
        [-0.302765, 0.0270819, 0.000846722]
    ],
    "M_G1C7_M M_G1C7H2_M": [
        [-0.301441, 0.02698, 0.000843536]
    ],
    "M_G1C8_M M_G1C8H1_M": [
        [-0.295065, 0.0290785, 0.000909147]
    ],
    "M_G1C8_M M_G1C8H2_M": [
        [-0.294166, 0.0289628, 0.000905529]
    ],
    "M_G1C9_M M_G1C9H1_M": [
        [-0.295022, 0.0284543, 0.000889632]
    ],
    "M_G1C9_M M_G1C9H2_M": [
        [-0.295146, 0.0283941, 0.000887748]
    ],
    "M_G1C10_M M_G1C10H1_M": [
        [-0.277531, 0.0294262, 0.000920019]
    ],
    "M_G1C10_M M_G1C10H2_M": [
        [-0.277037, 0.0286682, 0.00089632]
    ],
    "M_G1C11_M M_G1C11H1_M": [
        [-0.267572, 0.0274201, 0.000857297]
    ],
    "M_G1C11_M M_G1C11H2_M": [
        [-0.26726, 0.0280652, 0.000877466]
    ],
    "M_G1C12_M M_G1C12H1_M": [
        [-0.241214, 0.0266862, 0.000834351]
    ],
    "M_G1C12_M M_G1C12H2_M": [
        [-0.240178, 0.0271292, 0.000848201]
    ],
    "M_G1C13_M M_G1C13H1_M": [
        [-0.223536, 0.0256528, 0.000802042]
    ],
    "M_G1C13_M M_G1C13H2_M": [
        [-0.224462, 0.0251876, 0.000787498]
    ],
    "M_G1C14_M M_G1C14H1_M": [
        [-0.190614, 0.0239378, 0.000748422]
    ],
    "M_G1C14_M M_G1C14H2_M": [
        [-0.19005, 0.0235441, 0.000736114]
    ],
    "M_G1C15_M M_G1C15H1_M": [
        [-0.16346, 0.0215596, 0.000674067]
    ],
    "M_G1C15_M M_G1C15H2_M": [
        [-0.163317, 0.0207456, 0.000648616]
    ],
    "M_G1C16_M M_G1C16H1_M": [
        [-0.115539, 0.0187644, 0.000586674]
    ],
    "M_G1C16_M M_G1C16H2_M": [
        [-0.115812, 0.0175072, 0.000547368]
    ],
    "M_G1C17_M M_G1C17H1_M": [
        [-0.037992, 0.0145053, 0.000453512]
    ],
    "M_G1C17_M M_G1C17H2_M": [
        [-0.0384851, 0.0150847, 0.000471628]
    ],
    "M_G1C17_M M_G1C17H3_M": [
        [-0.038297, 0.0148785, 0.000465179]
    ],
    "M_G2_M M_G2H1_M": [
        [-0.262063, 0.0338844, 0.00105941]
    ],
    "M_G2C3_M M_G2C3H1_M": [
        [-0.158081, 0.025368, 0.000793137]
    ],
    "M_G2C3_M M_G2C3H2_M": [
        [-0.148326, 0.0279368, 0.000873451]
    ],
    "M_G2C4_M M_G2C4H1_M": [
        [-0.24259, 0.0221381, 0.000692154]
    ],
    "M_G2C4_M M_G2C4H2_M": [
        [-0.230205, 0.0236374, 0.000739028]
    ],
    "M_G2C5_M M_G2C5H1_M": [
        [-0.246576, 0.0253598, 0.000792881]
    ],
    "M_G2C5_M M_G2C5H2_M": [
        [-0.245063, 0.0254736, 0.00079644]
    ],
    "M_G2C6_M M_G2C6H1_M": [
        [-0.265367, 0.0272224, 0.000851115]
    ],
    "M_G2C6_M M_G2C6H2_M": [
        [-0.265265, 0.0268106, 0.000838239]
    ],
    "M_G2C7_M M_G2C7H1_M": [
        [-0.243932, 0.0292298, 0.000913877]
    ],
    "M_G2C7_M M_G2C7H2_M": [
        [-0.243814, 0.0299098, 0.000935138]
    ],
    "M_G2C8_M M_G2C8H1_M": [
        [-0.238822, 0.0281826, 0.000881136]
    ],
    "M_G2C8_M M_G2C8H2_M": [
        [-0.238672, 0.0285669, 0.000893151]
    ],
    "M_G2C9_M M_G2C9H1_M": [
        [-0.16795, 0.0232572, 0.000727144]
    ],
    "M_G2C9_M M_G2C9H2_M": [
        [-0.167667, 0.0239732, 0.000749529]
    ],
    "M_G2C10_M M_G2C10H1_M": [
        [-0.130062, 0.021198, 0.000662762]
    ],
    "M_G2C11_M M_G2C11H1_M": [
        [-0.010354, 0.0210386, 0.000657776]
    ],
    "M_G2C12_M M_G2C12H1_M": [
        [-0.0924582, 0.0231645, 0.000724245]
    ],
    "M_G2C12_M M_G2C12H2_M": [
        [-0.0934438, 0.023616, 0.000738359]
    ],
    "M_G2C13_M M_G2C13H1_M": [
        [-0.167083, 0.0270329, 0.000845192]
    ],
    "M_G2C13_M M_G2C13H2_M": [
        [-0.167089, 0.0270502, 0.000845732]
    ],
    "M_G2C14_M M_G2C14H1_M": [
        [-0.177853, 0.026261, 0.000821057]
    ],
    "M_G2C14_M M_G2C14H2_M": [
        [-0.178255, 0.0263075, 0.00082251]
    ],
    "M_G2C15_M M_G2C15H1_M": [
        [-0.187128, 0.0259303, 0.000810716]
    ],
    "M_G2C15_M M_G2C15H2_M": [
        [-0.186863, 0.0257049, 0.000803669]
    ],
    "M_G2C16_M M_G2C16H1_M": [
        [-0.170573, 0.0239001, 0.000747242]
    ],
    "M_G2C16_M M_G2C16H2_M": [
        [-0.170383, 0.0239399, 0.000748488]
    ],
    "M_G2C17_M M_G2C17H1_M": [
        [-0.153072, 0.022077, 0.000690242]
    ],
    "M_G2C17_M M_G2C17H2_M": [
        [-0.152076, 0.0215403, 0.000673464]
    ],
    "M_G2C18_M M_G2C18H1_M": [
        [-0.114331, 0.0188733, 0.000590078]
    ],
    "M_G2C18_M M_G2C18H2_M": [
        [-0.114232, 0.0186946, 0.000584492]
    ],
    "M_G2C19_M M_G2C19H1_M": [
        [-0.0359265, 0.015181, 0.000474637]
    ],
    "M_G2C19_M M_G2C19H2_M": [
        [-0.0360073, 0.0150333, 0.000470021]
    ],
    "M_G2C19_M M_G2C19H3_M": [
        [-0.0365955, 0.0150673, 0.000471083]
    ],
    "M_G3_M M_G3H1_M": [
        [-0.163923, 0.049107, 0.00153534]
    ],
    "M_G3_M M_G3H2_M": [
        [-0.252841, 0.0359715, 0.00112466]
    ],
    "M_G3C4_M M_G3C4H1_M": [
        [0.145687, 0.0364722, 0.00114031]
    ],
    "M_G3C4_M M_G3C4H2_M": [
        [0.159199, 0.0323459, 0.0010113]
    ],
    "M_G3C5_M M_G3C5H1_M": [
        [-0.0196819, 0.0227621, 0.000711662]
    ],
    "M_G3C5_M M_G3C5H2_M": [
        [-0.00967334, 0.020199, 0.000631527]
    ],
    "M_G3N6C1_M M_G3N6C1H1_M": [
        [0.0145561, 0.015434, 0.000482547]
    ],
    "M_G3N6C1_M M_G3N6C1H2_M": [
        [0.0146172, 0.0159103, 0.00049744]
    ],
    "M_G3N6C1_M M_G3N6C1H3_M": [
        [0.0141433, 0.0150168, 0.000469504]
    ],
    "M_G3N6C2_M M_G3N6C2H1_M": [
        [0.0142077, 0.0150055, 0.000469152]
    ],
    "M_G3N6C2_M M_G3N6C2H2_M": [
        [0.0151625, 0.0152116, 0.000475596]
    ],
    "M_G3N6C2_M M_G3N6C2H3_M": [
        [0.0143102, 0.014696, 0.000459475]
    ],
    "M_G3N6C3_M M_G3N6C3H1_M": [
        [0.0147243, 0.015184, 0.000474732]
    ],
    "M_G3N6C3_M M_G3N6C3H2_M": [
        [0.014281, 0.0148426, 0.000464057]
    ],
    "M_G3N6C3_M M_G3N6C3H3_M": [
        [0.014289, 0.0154213, 0.000482151]
    ]
}