{
    "M_G1_M M_G1H1_M": [
        [-0.181034, 0.0333466, 0.00236388]
    ],
    "M_G1_M M_G1H2_M": [
        [-0.0450812, 0.0266468, 0.00188894]
    ],
    "M_G1C3_M M_G1C3H1_M": [
        [-0.243221, 0.0198212, 0.00140509]
    ],
    "M_G1C3_M M_G1C3H2_M": [
        [-0.209597, 0.0228441, 0.00161937]
    ],
    "M_G1C4_M M_G1C4H1_M": [
        [-0.186463, 0.0155912, 0.00110523]
    ],
    "M_G1C4_M M_G1C4H2_M": [
        [-0.171236, 0.015915, 0.00112819]
    ],
    "M_G1C5_M M_G1C5H1_M": [
        [-0.213429, 0.0141143, 0.00100054]
    ],
    "M_G1C5_M M_G1C5H2_M": [
        [-0.211545, 0.0139149, 0.000986399]
    ],
    "M_G1C6_M M_G1C6H1_M": [
        [-0.215145, 0.0142784, 0.00101217]
    ],
    "M_G1C6_M M_G1C6H2_M": [
        [-0.21245, 0.0146803, 0.00104066]
    ],
    "M_G1C7_M M_G1C7H1_M": [
        [-0.227317, 0.0146489, 0.00103844]
    ],
    "M_G1C7_M M_G1C7H2_M": [
        [-0.226843, 0.0145499, 0.00103141]
    ],
    "M_G1C8_M M_G1C8H1_M": [
        [-0.218955, 0.0151702, 0.00107539]
    ],
    "M_G1C8_M M_G1C8H2_M": [
        [-0.218093, 0.0149991, 0.00106326]
    ],
    "M_G1C9_M M_G1C9H1_M": [
        [-0.218152, 0.015477, 0.00109714]
    ],
    "M_G1C9_M M_G1C9H2_M": [
        [-0.218405, 0.014955, 0.00106013]
    ],
    "M_G1C10_M M_G1C10H1_M": [
        [-0.203074, 0.0155032, 0.00109899]
    ],
    "M_G1C10_M M_G1C10H2_M": [
        [-0.202562, 0.0151342, 0.00107283]
    ],
    "M_G1C11_M M_G1C11H1_M": [
        [-0.195858, 0.0145479, 0.00103127]
    ],
    "M_G1C11_M M_G1C11H2_M": [
        [-0.195962, 0.014825, 0.00105092]
    ],
    "M_G1C12_M M_G1C12H1_M": [
        [-0.176872, 0.0139112, 0.000986137]
    ],
    "M_G1C12_M M_G1C12H2_M": [
        [-0.176708, 0.0138247, 0.000980006]
    ],
    "M_G1C13_M M_G1C13H1_M": [
        [-0.165286, 0.012654, 0.00089702]
    ],
    "M_G1C13_M M_G1C13H2_M": [
        [-0.16515, 0.0128435, 0.000910453]
    ],
    "M_G1C14_M M_G1C14H1_M": [
        [-0.143602, 0.0109245, 0.000774417]
    ],
    "M_G1C14_M M_G1C14H2_M": [
        [-0.143359, 0.0114099, 0.000808829]
    ],
    "M_G1C15_M M_G1C15H1_M": [
        [-0.125513, 0.00951435, 0.000674455]
    ],
    "M_G1C15_M M_G1C15H2_M": [
        [-0.125127, 0.00967986, 0.000686187]
    ],
    "M_G1C16_M M_G1C16H1_M": [
        [-0.0943842, 0.00719876, 0.000510307]
    ],
    "M_G1C16_M M_G1C16H2_M": [
        [-0.0945271, 0.00718042, 0.000509007]
    ],
    "M_G1C17_M M_G1C17H1_M": [
        [-0.0317545, 0.00374691, 0.000265611]
    ],
    "M_G1C17_M M_G1C17H2_M": [
        [-0.0320115, 0.00358671, 0.000254255]
    ],
    "M_G1C17_M M_G1C17H3_M": [
        [-0.0320593, 0.00368564, 0.000261268]
    ],
    "M_G2_M M_G2H1_M": [
        [-0.199984, 0.0277328, 0.00196593]
    ],
    "M_G2C3_M M_G2C3H1_M": [
        [-0.072715, 0.022638, 0.00160477]
    ],
    "M_G2C3_M M_G2C3H2_M": [
        [-0.111099, 0.0186827, 0.00132438]
    ],
    "M_G2C4_M M_G2C4H1_M": [
        [-0.20725, 0.0172121, 0.00122013]
    ],
    "M_G2C4_M M_G2C4H2_M": [
        [-0.213055, 0.0165725, 0.0011748]
    ],
    "M_G2C5_M M_G2C5H1_M": [
        [-0.20567, 0.0160163, 0.00113537]
    ],
    "M_G2C5_M M_G2C5H2_M": [
        [-0.207966, 0.0153483, 0.00108801]
    ],
    "M_G2C6_M M_G2C6H1_M": [
        [-0.21815, 0.0165934, 0.00117627]
    ],
    "M_G2C6_M M_G2C6H2_M": [
        [-0.216424, 0.0158232, 0.00112168]
    ],
    "M_G2C7_M M_G2C7H1_M": [
        [-0.194537, 0.0151879, 0.00107664]
    ],
    "M_G2C7_M M_G2C7H2_M": [
        [-0.193089, 0.015533, 0.00110111]
    ],
    "M_G2C8_M M_G2C8H1_M": [
        [-0.185556, 0.0154648, 0.00109627]
    ],
    "M_G2C8_M M_G2C8H2_M": [
        [-0.184467, 0.0144875, 0.00102699]
    ],
    "M_G2C9_M M_G2C9H1_M": [
        [-0.106657, 0.0141985, 0.00100651]
    ],
    "M_G2C9_M M_G2C9H2_M": [
        [-0.106086, 0.0143456, 0.00101693]
    ],
    "M_G2C10_M M_G2C10H1_M": [
        [-0.0594663, 0.0161044, 0.00114161]
    ],
    "M_G2C11_M M_G2C11H1_M": [
        [-0.0511487, 0.0140268, 0.000994332]
    ],
    "M_G2C12_M M_G2C12H1_M": [
        [-0.0852102, 0.0140333, 0.000994798]
    ],
    "M_G2C12_M M_G2C12H2_M": [
        [-0.0841904, 0.0131338, 0.000931029]
    ],
    "M_G2C13_M M_G2C13H1_M": [
        [-0.129601, 0.0140916, 0.000998929]
    ],
    "M_G2C13_M M_G2C13H2_M": [
        [-0.129934, 0.0132836, 0.000941646]
    ],
    "M_G2C14_M M_G2C14H1_M": [
        [-0.137416, 0.0131407, 0.000931516]
    ],
    "M_G2C14_M M_G2C14H2_M": [
        [-0.137263, 0.0128094, 0.000908038]
    ],
    "M_G2C15_M M_G2C15H1_M": [
        [-0.14218, 0.0130231, 0.000923185]
    ],
    "M_G2C15_M M_G2C15H2_M": [
        [-0.142215, 0.0128595, 0.000911587]
    ],
    "M_G2C16_M M_G2C16H1_M": [
        [-0.1301, 0.0112524, 0.000797663]
    ],
    "M_G2C16_M M_G2C16H2_M": [
        [-0.129761, 0.0115282, 0.000817213]
    ],
    "M_G2C17_M M_G2C17H1_M": [
        [-0.117895, 0.00981458, 0.000695737]
    ],
    "M_G2C17_M M_G2C17H2_M": [
        [-0.117474, 0.0100232, 0.000710528]
    ],
    "M_G2C18_M M_G2C18H1_M": [
        [-0.0917675, 0.00782514, 0.00055471]
    ],
    "M_G2C18_M M_G2C18H2_M": [
        [-0.0916918, 0.0077813, 0.000551602]
    ],
    "M_G2C19_M M_G2C19H1_M": [
        [-0.0308232, 0.00372544, 0.000264089]
    ],
    "M_G2C19_M M_G2C19H2_M": [
        [-0.030332, 0.00370258, 0.000262469]
    ],
    "M_G2C19_M M_G2C19H3_M": [
        [-0.0307119, 0.00329194, 0.000233359]
    ],
    "M_G3_M M_G3H1_M": [
        [-0.227497, 0.0234394, 0.00166157]
    ],
    "M_G3_M M_G3H2_M": [
        [-0.247104, 0.0204667, 0.00145084]
    ],
    "M_G3C4_M M_G3C4H1_M": [
        [0.0212254, 0.0177643, 0.00125928]
    ],
    "M_G3C4_M M_G3C4H2_M": [
        [0.0237466, 0.0186577, 0.00132261]
    ],
    "M_G3C5_M M_G3C5H1_M": [
        [-0.0912752, 0.0151275, 0.00107236]
    ],
    "M_G3C5_M M_G3C5H2_M": [
        [-0.0941443, 0.0166425, 0.00117975]
    ],
    "M_G3N6C1_M M_G3N6C1H1_M": [
        [0.0140476, 0.00905606, 0.000641967]
    ],
    "M_G3N6C1_M M_G3N6C1H2_M": [
        [0.0131696, 0.00941669, 0.000667532]
    ],
    "M_G3N6C1_M M_G3N6C1H3_M": [
        [0.012849, 0.00884434, 0.000626959]
    ],
    "M_G3N6C2_M M_G3N6C2H1_M": [
        [0.0135076, 0.00925453, 0.000656036]
    ],
    "M_G3N6C2_M M_G3N6C2H2_M": [
        [0.0120337, 0.0089048, 0.000631245]
    ],
    "M_G3N6C2_M M_G3N6C2H3_M": [
        [0.0121511, 0.00891888, 0.000632243]
    ],
    "M_G3N6C3_M M_G3N6C3H1_M": [
        [0.012038, 0.00883879, 0.000626565]
    ],
    "M_G3N6C3_M M_G3N6C3H2_M": [
        [0.0132418, 0.00841525, 0.000596541]
    ],
    "M_G3N6C3_M M_G3N6C3H3_M": [
        [0.0130834, 0.00827692, 0.000586736]
    ]
}