{
    "M_C3_M M_C3H1_M": [
        [-0.326453, 0.00577927, 0.00111222]
    ],
    "M_C4_M M_C4H1_M": [
        [-0.292725, 0.00665614, 0.00128097]
    ],
    "M_C4_M M_C4H2_M": [
        [-0.124999, 0.00824767, 0.00158727]
    ],
    "M_C6_M M_C6H1_M": [
        [-0.0204824, 0.00912053, 0.00175525]
    ],
    "M_C7_M M_C7H1_M": [
        [-0.23495, 0.00695273, 0.00133805]
    ],
    "M_C7_M M_C7H2_M": [
        [-0.296012, 0.00659443, 0.0012691]
    ],
    "M_C8_M M_C8H1_M": [
        [-0.351054, 0.00612107, 0.001178]
    ],
    "M_C14_M M_C14H1_M": [
        [-0.346388, 0.00584991, 0.00112582]
    ],
    "M_C15_M M_C15H1_M": [
        [-0.322735, 0.00690536, 0.00132894]
    ],
    "M_C15_M M_C15H2_M": [
        [-0.255548, 0.00713519, 0.00137317]
    ],
    "M_C16_M M_C16H1_M": [
        [-0.058422, 0.00799789, 0.00153919]
    ],
    "M_C16_M M_C16H2_M": [
        [-0.167525, 0.00791455, 0.00152316]
    ],
    "M_C17_M M_C17H1_M": [
        [-0.337946, 0.00590082, 0.00113561]
    ],
    "M_C18_M M_C18H1_M": [
        [0.10032, 0.00673229, 0.00129563]
    ],
    "M_C18_M M_C18H2_M": [
        [0.0999161, 0.00621443, 0.00119597]
    ],
    "M_C18_M M_C18H3_M": [
        [0.0968882, 0.00584545, 0.00112496]
    ],
    "M_C12_M M_C12H1_M": [
        [-0.0586405, 0.00872226, 0.0016786]
    ],
    "M_C12_M M_C12H2_M": [
        [-0.344703, 0.00596715, 0.00114838]
    ],
    "M_C11_M M_C11H1_M": [
        [-0.347295, 0.00581328, 0.00111877]
    ],
    "M_C11_M M_C11H2_M": [
        [-0.180389, 0.00731315, 0.00140742]
    ],
    "M_C9_M M_C9H1_M": [
        [-0.349872, 0.00592988, 0.00114121]
    ],
    "M_C19_M M_C19H1_M": [
        [0.0986675, 0.00740795, 0.00142566]
    ],
    "M_C19_M M_C19H2_M": [
        [0.100749, 0.00789076, 0.00151858]
    ],
    "M_C19_M M_C19H3_M": [
        [0.102652, 0.00795893, 0.0015317]
    ],
    "M_C1_M M_C1H1_M": [
        [-0.164456, 0.00771058, 0.0014839]
    ],
    "M_C1_M M_C1H2_M": [
        [-0.313173, 0.00629585, 0.00121164]
    ],
    "M_C2_M M_C2H1_M": [
        [-0.189401, 0.00687088, 0.0013223]
    ],
    "M_C2_M M_C2H2_M": [
        [-0.301384, 0.00626328, 0.00120537]
    ],
    "M_C20_M M_C20H1_M": [
        [-0.324463, 0.00649415, 0.0012498]
    ],
    "M_C21_M M_C21H1_M": [
        [0.0807843, 0.00530345, 0.00102065]
    ],
    "M_C21_M M_C21H2_M": [
        [0.0810242, 0.00546391, 0.00105153]
    ],
    "M_C21_M M_C21H3_M": [
        [0.0803882, 0.00485624, 0.000934583]
    ],
    "M_C22_M M_C22H1_M": [
        [-0.100215, 0.018243, 0.00351087]
    ],
    "M_C22_M M_C22H2_M": [
        [-0.28288, 0.00702641, 0.00135223]
    ],
    "M_C23_M M_C23H1_M": [
        [-0.0623902, 0.0153401, 0.0029522]
    ],
    "M_C23_M M_C23H2_M": [
        [-0.261031, 0.00628198, 0.00120897]
    ],
    "M_C24_M M_C24H1_M": [
        [-0.0850188, 0.0108555, 0.00208915]
    ],
    "M_C24_M M_C24H2_M": [
        [-0.216459, 0.00561368, 0.00108035]
    ],
    "M_C25_M M_C25H1_M": [
        [-0.111859, 0.0069834, 0.00134396]
    ],
    "M_C26_M M_C26H1_M": [
        [0.00987707, 0.00412645, 0.000794135]
    ],
    "M_C26_M M_C26H2_M": [
        [0.00731044, 0.00463676, 0.000892346]
    ],
    "M_C26_M M_C26H3_M": [
        [0.0074766, 0.00509175, 0.000979909]
    ],
    "M_C27_M M_C27H1_M": [
        [-0.00634076, 0.00540765, 0.0010407]
    ],
    "M_C27_M M_C27H2_M": [
        [-0.00567481, 0.00554607, 0.00106734]
    ],
    "M_C27_M M_C27H3_M": [
        [-0.00553708, 0.0061158, 0.00117699]
    ]
}