{
    "M_G1_M M_G1H1_M": [
        [-0.158631, 0.015808, 0.000494241]
    ],
    "M_G1_M M_G1H2_M": [
        [-0.0366407, 0.0147813, 0.000462141]
    ],
    "M_G1C3_M M_G1C3H1_M": [
        [-0.189672, 0.0131159, 0.000410073]
    ],
    "M_G1C3_M M_G1C3H2_M": [
        [-0.216425, 0.0117884, 0.000368568]
    ],
    "M_G1C4_M M_G1C4H1_M": [
        [-0.154664, 0.0125481, 0.000392319]
    ],
    "M_G1C4_M M_G1C4H2_M": [
        [-0.145847, 0.0126566, 0.000395712]
    ],
    "M_G1C5_M M_G1C5H1_M": [
        [-0.172963, 0.0124943, 0.000390637]
    ],
    "M_G1C5_M M_G1C5H2_M": [
        [-0.172842, 0.0129658, 0.00040538]
    ],
    "M_G1C6_M M_G1C6H1_M": [
        [-0.171779, 0.0121946, 0.000381266]
    ],
    "M_G1C6_M M_G1C6H2_M": [
        [-0.170703, 0.0125395, 0.000392051]
    ],
    "M_G1C7_M M_G1C7H1_M": [
        [-0.168157, 0.0124585, 0.000389517]
    ],
    "M_G1C7_M M_G1C7H2_M": [
        [-0.16887, 0.0124194, 0.000388295]
    ],
    "M_G1C8_M M_G1C8H1_M": [
        [-0.150268, 0.0128523, 0.000401832]
    ],
    "M_G1C8_M M_G1C8H2_M": [
        [-0.150355, 0.0126722, 0.0003962]
    ],
    "M_G1C9_M M_G1C9H1_M": [
        [-0.111224, 0.0127039, 0.00039719]
    ],
    "M_G1C9_M M_G1C9H2_M": [
        [-0.111201, 0.0131534, 0.000411243]
    ],
    "M_G1C10_M M_G1C10H1_M": [
        [-0.0833356, 0.0129552, 0.000405049]
    ],
    "M_G1C11_M M_G1C11H1_M": [
        [-0.0721352, 0.0126774, 0.000396364]
    ],
    "M_G1C12_M M_G1C12H1_M": [
        [-0.0591642, 0.0135852, 0.000424744]
    ],
    "M_G1C12_M M_G1C12H2_M": [
        [-0.0583064, 0.0141691, 0.000443]
    ],
    "M_G1C13_M M_G1C13H1_M": [
        [-0.0902214, 0.0128746, 0.000402527]
    ],
    "M_G1C13_M M_G1C13H2_M": [
        [-0.090715, 0.0130228, 0.000407161]
    ],
    "M_G1C14_M M_G1C14H1_M": [
        [-0.0885086, 0.0125467, 0.000392277]
    ],
    "M_G1C14_M M_G1C14H2_M": [
        [-0.08817, 0.012651, 0.000395535]
    ],
    "M_G1C15_M M_G1C15H1_M": [
        [-0.0908061, 0.0133408, 0.000417103]
    ],
    "M_G1C15_M M_G1C15H2_M": [
        [-0.0918029, 0.0136612, 0.000427121]
    ],
    "M_G1C16_M M_G1C16H1_M": [
        [-0.0762533, 0.0132478, 0.000414197]
    ],
    "M_G1C16_M M_G1C16H2_M": [
        [-0.0763303, 0.0137909, 0.000431178]
    ],
    "M_G1C17_M M_G1C17H1_M": [
        [-0.0699968, 0.0132414, 0.000413997]
    ],
    "M_G1C17_M M_G1C17H2_M": [
        [-0.0701747, 0.0136092, 0.000425496]
    ],
    "M_G1C18_M M_G1C18H1_M": [
        [-0.0515795, 0.0133862, 0.000418522]
    ],
    "M_G1C18_M M_G1C18H2_M": [
        [-0.0515817, 0.013368, 0.000417954]
    ],
    "M_G1C19_M M_G1C19H1_M": [
        [-0.0195251, 0.0142564, 0.000445732]
    ],
    "M_G1C19_M M_G1C19H2_M": [
        [-0.0182962, 0.0138682, 0.000433593]
    ],
    "M_G1C19_M M_G1C19H3_M": [
        [-0.018597, 0.0144117, 0.000450587]
    ],
    "M_G2_M M_G2H1_M": [
        [-0.176026, 0.0141344, 0.000441917]
    ],
    "M_G2C3_M M_G2C3H1_M": [
        [-0.0710705, 0.0141412, 0.000442129]
    ],
    "M_G2C3_M M_G2C3H2_M": [
        [-0.0910421, 0.0138244, 0.000432225]
    ],
    "M_G2C4_M M_G2C4H1_M": [
        [-0.18174, 0.0119005, 0.000372071]
    ],
    "M_G2C4_M M_G2C4H2_M": [
        [-0.186243, 0.0118542, 0.000370625]
    ],
    "M_G2C5_M M_G2C5H1_M": [
        [-0.179992, 0.0121583, 0.000380134]
    ],
    "M_G2C5_M M_G2C5H2_M": [
        [-0.181921, 0.0121084, 0.000378574]
    ],
    "M_G2C6_M M_G2C6H1_M": [
        [-0.190682, 0.0124109, 0.000388031]
    ],
    "M_G2C6_M M_G2C6H2_M": [
        [-0.189632, 0.0118129, 0.000369335]
    ],
    "M_G2C7_M M_G2C7H1_M": [
        [-0.169642, 0.0119479, 0.000373555]
    ],
    "M_G2C7_M M_G2C7H2_M": [
        [-0.168408, 0.0123475, 0.000386049]
    ],
    "M_G2C8_M M_G2C8H1_M": [
        [-0.16204, 0.0121429, 0.000379652]
    ],
    "M_G2C8_M M_G2C8H2_M": [
        [-0.161203, 0.0121382, 0.000379504]
    ],
    "M_G2C9_M M_G2C9H1_M": [
        [-0.0951746, 0.012667, 0.000396036]
    ],
    "M_G2C9_M M_G2C9H2_M": [
        [-0.0954169, 0.0130479, 0.000407947]
    ],
    "M_G2C10_M M_G2C10H1_M": [
        [-0.0611381, 0.0140852, 0.000440377]
    ],
    "M_G2C11_M M_G2C11H1_M": [
        [-0.0472734, 0.0136516, 0.000426822]
    ],
    "M_G2C12_M M_G2C12H1_M": [
        [-0.065074, 0.0134744, 0.000421281]
    ],
    "M_G2C12_M M_G2C12H2_M": [
        [-0.0653172, 0.0135206, 0.000422726]
    ],
    "M_G2C13_M M_G2C13H1_M": [
        [-0.0980212, 0.0132167, 0.000413224]
    ],
    "M_G2C13_M M_G2C13H2_M": [
        [-0.0983036, 0.012873, 0.000402477]
    ],
    "M_G2C14_M M_G2C14H1_M": [
        [-0.0987761, 0.0123439, 0.000385936]
    ],
    "M_G2C14_M M_G2C14H2_M": [
        [-0.0988892, 0.012926, 0.000404135]
    ],
    "M_G2C15_M M_G2C15H1_M": [
        [-0.100919, 0.0125112, 0.000391166]
    ],
    "M_G2C15_M M_G2C15H2_M": [
        [-0.10145, 0.012622, 0.000394632]
    ],
    "M_G2C16_M M_G2C16H1_M": [
        [-0.0878701, 0.0129441, 0.000404699]
    ],
    "M_G2C16_M M_G2C16H2_M": [
        [-0.0884641, 0.0130553, 0.000408176]
    ],
    "M_G2C17_M M_G2C17H1_M": [
        [-0.077955, 0.0133457, 0.000417255]
    ],
    "M_G2C17_M M_G2C17H2_M": [
        [-0.0788459, 0.0136202, 0.000425839]
    ],
    "M_G2C18_M M_G2C18H1_M": [
        [-0.0583352, 0.0134644, 0.000420968]
    ],
    "M_G2C18_M M_G2C18H2_M": [
        [-0.0594696, 0.0133421, 0.000417144]
    ],
    "M_G2C19_M M_G2C19H1_M": [
        [-0.0198836, 0.0140869, 0.000440432]
    ],
    "M_G2C19_M M_G2C19H2_M": [
        [-0.0199335, 0.0140125, 0.000438106]
    ],
    "M_G2C19_M M_G2C19H3_M": [
        [-0.0194581, 0.0138714, 0.000433695]
    ],
    "M_G3_M M_G3H1_M": [
        [-0.217622, 0.0123071, 0.000384786]
    ],
    "M_G3_M M_G3H2_M": [
        [-0.240271, 0.0107971, 0.000337573]
    ],
    "M_G3C4_M M_G3C4H1_M": [
        [0.0352584, 0.0144301, 0.00045116]
    ],
    "M_G3C4_M M_G3C4H2_M": [
        [0.038103, 0.0147488, 0.000461124]
    ],
    "M_G3C5_M M_G3C5H1_M": [
        [-0.0643209, 0.0130608, 0.000408349]
    ],
    "M_G3C5_M M_G3C5H2_M": [
        [-0.0651055, 0.0133556, 0.000417566]
    ],
    "M_G3N6C1_M M_G3N6C1H1_M": [
        [0.0103653, 0.0139284, 0.000435477]
    ],
    "M_G3N6C1_M M_G3N6C1H2_M": [
        [0.00890049, 0.0135593, 0.000423934]
    ],
    "M_G3N6C1_M M_G3N6C1H3_M": [
        [0.00990763, 0.014459, 0.000452065]
    ],
    "M_G3N6C2_M M_G3N6C2H1_M": [
        [0.00999837, 0.0140285, 0.000438605]
    ],
    "M_G3N6C2_M M_G3N6C2H2_M": [
        [0.00980272, 0.0143736, 0.000449394]
    ],
    "M_G3N6C2_M M_G3N6C2H3_M": [
        [0.0092233, 0.0145249, 0.000454125]
    ],
    "M_G3N6C3_M M_G3N6C3H1_M": [
        [0.00941882, 0.0146261, 0.000457288]
    ],
    "M_G3N6C3_M M_G3N6C3H2_M": [
        [0.00957572, 0.0142198, 0.000444586]
    ],
    "M_G3N6C3_M M_G3N6C3H3_M": [
        [0.00984522, 0.0148298, 0.000463659]
    ]
}