{
    "M_G1_M M_G1H1_M": [
        [-0.221978, 0.0344321, 0.00305535]
    ],
    "M_G1_M M_G1H2_M": [
        [-0.0315424, 0.0318716, 0.00282815]
    ],
    "M_G1C3_M M_G1C3H1_M": [
        [-0.226063, 0.0186039, 0.00165083]
    ],
    "M_G1C3_M M_G1C3H2_M": [
        [-0.230014, 0.0179054, 0.00158885]
    ],
    "M_G1C4_M M_G1C4H1_M": [
        [-0.157078, 0.0175928, 0.00156111]
    ],
    "M_G1C4_M M_G1C4H2_M": [
        [-0.15542, 0.015525, 0.00137762]
    ],
    "M_G1C5_M M_G1C5H1_M": [
        [-0.197061, 0.0159898, 0.00141886]
    ],
    "M_G1C5_M M_G1C5H2_M": [
        [-0.192385, 0.01607, 0.00142598]
    ],
    "M_G1C6_M M_G1C6H1_M": [
        [-0.190912, 0.0144975, 0.00128645]
    ],
    "M_G1C6_M M_G1C6H2_M": [
        [-0.189352, 0.0151522, 0.00134454]
    ],
    "M_G1C7_M M_G1C7H1_M": [
        [-0.202682, 0.0156662, 0.00139015]
    ],
    "M_G1C7_M M_G1C7H2_M": [
        [-0.201346, 0.0146793, 0.00130257]
    ],
    "M_G1C8_M M_G1C8H1_M": [
        [-0.188357, 0.0155877, 0.00138318]
    ],
    "M_G1C8_M M_G1C8H2_M": [
        [-0.188847, 0.0149066, 0.00132275]
    ],
    "M_G1C9_M M_G1C9H1_M": [
        [-0.187463, 0.0152996, 0.00135762]
    ],
    "M_G1C9_M M_G1C9H2_M": [
        [-0.188372, 0.014833, 0.00131621]
    ],
    "M_G1C10_M M_G1C10H1_M": [
        [-0.169596, 0.0152024, 0.001349]
    ],
    "M_G1C10_M M_G1C10H2_M": [
        [-0.168855, 0.0147386, 0.00130784]
    ],
    "M_G1C11_M M_G1C11H1_M": [
        [-0.161726, 0.0148558, 0.00131824]
    ],
    "M_G1C11_M M_G1C11H2_M": [
        [-0.161878, 0.0142696, 0.00126622]
    ],
    "M_G1C12_M M_G1C12H1_M": [
        [-0.140631, 0.0142322, 0.0012629]
    ],
    "M_G1C12_M M_G1C12H2_M": [
        [-0.140909, 0.0138205, 0.00122637]
    ],
    "M_G1C13_M M_G1C13H1_M": [
        [-0.129358, 0.0123703, 0.00109769]
    ],
    "M_G1C13_M M_G1C13H2_M": [
        [-0.13029, 0.0124003, 0.00110035]
    ],
    "M_G1C14_M M_G1C14H1_M": [
        [-0.10777, 0.0105562, 0.000936709]
    ],
    "M_G1C14_M M_G1C14H2_M": [
        [-0.1086, 0.0112901, 0.00100184]
    ],
    "M_G1C15_M M_G1C15H1_M": [
        [-0.0928111, 0.00892817, 0.000792247]
    ],
    "M_G1C15_M M_G1C15H2_M": [
        [-0.0937314, 0.00951371, 0.000844205]
    ],
    "M_G1C16_M M_G1C16H1_M": [
        [-0.0655952, 0.00742264, 0.000658653]
    ],
    "M_G1C16_M M_G1C16H2_M": [
        [-0.0659438, 0.00734418, 0.00065169]
    ],
    "M_G1C17_M M_G1C17H1_M": [
        [-0.0216725, 0.00439014, 0.000389562]
    ],
    "M_G1C17_M M_G1C17H2_M": [
        [-0.0218792, 0.00426194, 0.000378186]
    ],
    "M_G1C17_M M_G1C17H3_M": [
        [-0.0218159, 0.00464658, 0.000412317]
    ],
    "M_G2_M M_G2H1_M": [
        [-0.205432, 0.0428853, 0.00380545]
    ],
    "M_G2C3_M M_G2C3H1_M": [
        [-0.226063, 0.0186039, 0.00165083]
    ],
    "M_G2C3_M M_G2C3H2_M": [
        [-0.230014, 0.0179054, 0.00158885]
    ],
    "M_G2C4_M M_G2C4H1_M": [
        [-0.157078, 0.0175928, 0.00156111]
    ],
    "M_G2C4_M M_G2C4H2_M": [
        [-0.15542, 0.015525, 0.00137762]
    ],
    "M_G2C5_M M_G2C5H1_M": [
        [-0.197061, 0.0159898, 0.00141886]
    ],
    "M_G2C5_M M_G2C5H2_M": [
        [-0.192385, 0.01607, 0.00142598]
    ],
    "M_G2C6_M M_G2C6H1_M": [
        [-0.190912, 0.0144975, 0.00128645]
    ],
    "M_G2C6_M M_G2C6H2_M": [
        [-0.189352, 0.0151522, 0.00134454]
    ],
    "M_G2C7_M M_G2C7H1_M": [
        [-0.202682, 0.0156662, 0.00139015]
    ],
    "M_G2C7_M M_G2C7H2_M": [
        [-0.201346, 0.0146793, 0.00130257]
    ],
    "M_G2C8_M M_G2C8H1_M": [
        [-0.188357, 0.0155877, 0.00138318]
    ],
    "M_G2C8_M M_G2C8H2_M": [
        [-0.188847, 0.0149066, 0.00132275]
    ],
    "M_G2C9_M M_G2C9H1_M": [
        [-0.187463, 0.0152996, 0.00135762]
    ],
    "M_G2C9_M M_G2C9H2_M": [
        [-0.188372, 0.014833, 0.00131621]
    ],
    "M_G2C10_M M_G2C10H1_M": [
        [-0.169596, 0.0152024, 0.001349]
    ],
    "M_G2C11_M M_G2C11H1_M": [
        [-0.161726, 0.0148558, 0.00131824]
    ],
    "M_G2C12_M M_G2C12H1_M": [
        [-0.140631, 0.0142322, 0.0012629]
    ],
    "M_G2C12_M M_G2C12H2_M": [
        [-0.140909, 0.0138205, 0.00122637]
    ],
    "M_G2C13_M M_G2C13H1_M": [
        [-0.129358, 0.0123703, 0.00109769]
    ],
    "M_G2C13_M M_G2C13H2_M": [
        [-0.13029, 0.0124003, 0.00110035]
    ],
    "M_G2C14_M M_G2C14H1_M": [
        [-0.10777, 0.0105562, 0.000936709]
    ],
    "M_G2C14_M M_G2C14H2_M": [
        [-0.1086, 0.0112901, 0.00100184]
    ],
    "M_G2C15_M M_G2C15H1_M": [
        [-0.0928111, 0.00892817, 0.000792247]
    ],
    "M_G2C15_M M_G2C15H2_M": [
        [-0.0937314, 0.00951371, 0.000844205]
    ],
    "M_G2C16_M M_G2C16H1_M": [
        [-0.0655952, 0.00742264, 0.000658653]
    ],
    "M_G2C16_M M_G2C16H2_M": [
        [-0.0659438, 0.00734418, 0.00065169]
    ],
    "M_G2C17_M M_G2C17H1_M": [
        [-0.0216725, 0.00439014, 0.000389562]
    ],
    "M_G2C17_M M_G2C17H2_M": [
        [-0.0218792, 0.00426194, 0.000378186]
    ],
    "M_G2C18_M M_G2C18H1_M": [
        [-0.0634934, 0.00778722, 0.000691004]
    ],
    "M_G2C18_M M_G2C18H2_M": [
        [-0.0636756, 0.00775613, 0.000688245]
    ],
    "M_G2C19_M M_G2C19H1_M": [
        [-0.0206271, 0.0048242, 0.000428078]
    ],
    "M_G2C19_M M_G2C19H2_M": [
        [-0.0207433, 0.00440961, 0.000391289]
    ],
    "M_G2C19_M M_G2C19H3_M": [
        [-0.0205495, 0.00414982, 0.000368237]
    ],
    "M_G3_M M_G3H1_M": [
        [-0.153606, 0.0480377, 0.00426266]
    ],
    "M_G3_M M_G3H2_M": [
        [-0.182509, 0.0279534, 0.00248047]
    ],
    "M_G3C4_M M_G3C4H1_M": [
        [0.0155825, 0.0107738, 0.000956022]
    ],
    "M_G3C4_M M_G3C4H2_M": [
        [0.0154023, 0.0103726, 0.000920421]
    ],
    "M_G3C5_M M_G3C5H1_M": [
        [-0.0403023, 0.00890608, 0.000790287]
    ],
    "M_G3C5_M M_G3C5H2_M": [
        [-0.0425283, 0.00901906, 0.000800312]
    ],
    "M_G3N6C1_M M_G3N6C1H1_M": [
        [0.0114448, 0.00381189, 0.00033825]
    ],
    "M_G3N6C1_M M_G3N6C1H2_M": [
        [0.0103623, 0.00459368, 0.000407623]
    ],
    "M_G3N6C1_M M_G3N6C1H3_M": [
        [0.0105848, 0.00441822, 0.000392054]
    ],
    "M_G3N6C2_M M_G3N6C2H1_M": [
        [0.0106655, 0.00450693, 0.000399926]
    ],
    "M_G3N6C2_M M_G3N6C2H2_M": [
        [0.0111948, 0.00471147, 0.000418075]
    ],
    "M_G3N6C2_M M_G3N6C2H3_M": [
        [0.00991941, 0.00473595, 0.000420247]
    ],
    "M_G3N6C3_M M_G3N6C3H1_M": [
        [0.0103651, 0.00386346, 0.000342826]
    ],
    "M_G3N6C3_M M_G3N6C3H2_M": [
        [0.0106975, 0.00388149, 0.000344427]
    ],
    "M_G3N6C3_M M_G3N6C3H3_M": [
        [0.0104168, 0.00472687, 0.000419442]
    ]
}