{
    "M_G1_M M_G1H1_M": [
        [-0.196314, 0.0787964, 0.00558573]
    ],
    "M_G1_M M_G1H2_M": [
        [-0.0580132, 0.083586, 0.00592526]
    ],
    "M_G1C3_M M_G1C3H1_M": [
        [-0.281554, 0.0333878, 0.0023668]
    ],
    "M_G1C3_M M_G1C3H2_M": [
        [-0.261135, 0.0365505, 0.002591]
    ],
    "M_G1C4_M M_G1C4H1_M": [
        [-0.247072, 0.0232792, 0.00165022]
    ],
    "M_G1C4_M M_G1C4H2_M": [
        [-0.23386, 0.0257466, 0.00182513]
    ],
    "M_G1C5_M M_G1C5H1_M": [
        [-0.276787, 0.0171137, 0.00121316]
    ],
    "M_G1C5_M M_G1C5H2_M": [
        [-0.274193, 0.017852, 0.00126549]
    ],
    "M_G1C6_M M_G1C6H1_M": [
        [-0.283567, 0.0156002, 0.00110587]
    ],
    "M_G1C6_M M_G1C6H2_M": [
        [-0.281275, 0.0161876, 0.00114751]
    ],
    "M_G1C7_M M_G1C7H1_M": [
        [-0.297952, 0.0133039, 0.000943088]
    ],
    "M_G1C7_M M_G1C7H2_M": [
        [-0.296979, 0.0139313, 0.000987563]
    ],
    "M_G1C8_M M_G1C8H1_M": [
        [-0.295046, 0.0126955, 0.000899962]
    ],
    "M_G1C8_M M_G1C8H2_M": [
        [-0.293763, 0.0129721, 0.000919565]
    ],
    "M_G1C9_M M_G1C9H1_M": [
        [-0.297969, 0.0122374, 0.000867489]
    ],
    "M_G1C9_M M_G1C9H2_M": [
        [-0.297702, 0.0120029, 0.000850865]
    ],
    "M_G1C10_M M_G1C10H1_M": [
        [-0.287385, 0.0124827, 0.000884873]
    ],
    "M_G1C10_M M_G1C10H2_M": [
        [-0.28669, 0.0124112, 0.000879806]
    ],
    "M_G1C11_M M_G1C11H1_M": [
        [-0.282192, 0.0125984, 0.000893073]
    ],
    "M_G1C11_M M_G1C11H2_M": [
        [-0.282074, 0.0125482, 0.00088952]
    ],
    "M_G1C12_M M_G1C12H1_M": [
        [-0.264066, 0.0137628, 0.000975616]
    ],
    "M_G1C12_M M_G1C12H2_M": [
        [-0.263587, 0.0133846, 0.000948807]
    ],
    "M_G1C13_M M_G1C13H1_M": [
        [-0.250956, 0.0135804, 0.00096269]
    ],
    "M_G1C13_M M_G1C13H2_M": [
        [-0.250747, 0.0134911, 0.00095636]
    ],
    "M_G1C14_M M_G1C14H1_M": [
        [-0.221375, 0.0148335, 0.00105152]
    ],
    "M_G1C14_M M_G1C14H2_M": [
        [-0.22163, 0.0145548, 0.00103176]
    ],
    "M_G1C15_M M_G1C15H1_M": [
        [-0.193176, 0.0141567, 0.00100355]
    ],
    "M_G1C15_M M_G1C15H2_M": [
        [-0.193457, 0.0137349, 0.00097364]
    ],
    "M_G1C16_M M_G1C16H1_M": [
        [-0.143215, 0.0130036, 0.000921797]
    ],
    "M_G1C16_M M_G1C16H2_M": [
        [-0.143087, 0.0125476, 0.000889479]
    ],
    "M_G1C17_M M_G1C17H1_M": [
        [-0.048016, 0.00625353, 0.000443301]
    ],
    "M_G1C17_M M_G1C17H2_M": [
        [-0.0485355, 0.00594579, 0.000421486]
    ],
    "M_G1C17_M M_G1C17H3_M": [
        [-0.0478138, 0.00575264, 0.000407794]
    ],
    "M_G2_M M_G2H1_M": [
        [-0.217439, 0.0742889, 0.0052662]
    ],
    "M_G2C3_M M_G2C3H1_M": [
        [-0.0816815, 0.0569856, 0.0040396]
    ],
    "M_G2C3_M M_G2C3H2_M": [
        [-0.135197, 0.0411075, 0.00291403]
    ],
    "M_G2C4_M M_G2C4H1_M": [
        [-0.259191, 0.0231451, 0.00164071]
    ],
    "M_G2C4_M M_G2C4H2_M": [
        [-0.263316, 0.0247245, 0.00175267]
    ],
    "M_G2C5_M M_G2C5H1_M": [
        [-0.262754, 0.0198917, 0.00141008]
    ],
    "M_G2C5_M M_G2C5H2_M": [
        [-0.265777, 0.0210756, 0.00149401]
    ],
    "M_G2C6_M M_G2C6H1_M": [
        [-0.281582, 0.0193404, 0.00137101]
    ],
    "M_G2C6_M M_G2C6H2_M": [
        [-0.27987, 0.0196693, 0.00139432]
    ],
    "M_G2C7_M M_G2C7H1_M": [
        [-0.258079, 0.0184706, 0.00130934]
    ],
    "M_G2C7_M M_G2C7H2_M": [
        [-0.256985, 0.0184164, 0.0013055]
    ],
    "M_G2C8_M M_G2C8H1_M": [
        [-0.246265, 0.0174564, 0.00123745]
    ],
    "M_G2C8_M M_G2C8H2_M": [
        [-0.24593, 0.0172815, 0.00122505]
    ],
    "M_G2C9_M M_G2C9H1_M": [
        [-0.145033, 0.0180959, 0.00128278]
    ],
    "M_G2C9_M M_G2C9H2_M": [
        [-0.144068, 0.017517, 0.00124174]
    ],
    "M_G2C10_M M_G2C10H1_M": [
        [-0.085561, 0.0207323, 0.00146967]
    ],
    "M_G2C11_M M_G2C11H1_M": [
        [-0.086446, 0.0173307, 0.00122854]
    ],
    "M_G2C12_M M_G2C12H1_M": [
        [-0.14108, 0.0160445, 0.00113737]
    ],
    "M_G2C12_M M_G2C12H2_M": [
        [-0.140738, 0.0158077, 0.00112058]
    ],
    "M_G2C13_M M_G2C13H1_M": [
        [-0.21146, 0.0148945, 0.00105584]
    ],
    "M_G2C13_M M_G2C13H2_M": [
        [-0.211544, 0.014748, 0.00104546]
    ],
    "M_G2C14_M M_G2C14H1_M": [
        [-0.223095, 0.0140242, 0.000994149]
    ],
    "M_G2C14_M M_G2C14H2_M": [
        [-0.222919, 0.0143317, 0.00101595]
    ],
    "M_G2C15_M M_G2C15H1_M": [
        [-0.229644, 0.0142626, 0.00101105]
    ],
    "M_G2C15_M M_G2C15H2_M": [
        [-0.229622, 0.0140541, 0.000996267]
    ],
    "M_G2C16_M M_G2C16H1_M": [
        [-0.209823, 0.0142428, 0.00100964]
    ],
    "M_G2C16_M M_G2C16H2_M": [
        [-0.209936, 0.0141292, 0.00100159]
    ],
    "M_G2C17_M M_G2C17H1_M": [
        [-0.188971, 0.0137074, 0.000971691]
    ],
    "M_G2C17_M M_G2C17H2_M": [
        [-0.18879, 0.0135293, 0.000959067]
    ],
    "M_G2C18_M M_G2C18H1_M": [
        [-0.143762, 0.0120169, 0.000851858]
    ],
    "M_G2C18_M M_G2C18H2_M": [
        [-0.143632, 0.0119014, 0.000843668]
    ],
    "M_G2C19_M M_G2C19H1_M": [
        [-0.0487997, 0.00528696, 0.000374783]
    ],
    "M_G2C19_M M_G2C19H2_M": [
        [-0.0484215, 0.00504546, 0.000357663]
    ],
    "M_G2C19_M M_G2C19H3_M": [
        [-0.0487991, 0.0049513, 0.000350988]
    ],
    "M_G3_M M_G3H1_M": [
        [-0.263986, 0.0691562, 0.00490235]
    ],
    "M_G3_M M_G3H2_M": [
        [-0.268057, 0.0598925, 0.00424567]
    ],
    "M_G3C4_M M_G3C4H1_M": [
        [0.059962, 0.067914, 0.00481429]
    ],
    "M_G3C4_M M_G3C4H2_M": [
        [0.0350079, 0.0670324, 0.0047518]
    ],
    "M_G3C5_M M_G3C5H1_M": [
        [-0.044499, 0.0655264, 0.00464505]
    ],
    "M_G3C5_M M_G3C5H2_M": [
        [-0.0274038, 0.063611, 0.00450926]
    ],
    "M_G3N6C1_M M_G3N6C1H1_M": [
        [0.00543449, 0.0178331, 0.00126415]
    ],
    "M_G3N6C1_M M_G3N6C1H2_M": [
        [0.00581217, 0.0189757, 0.00134515]
    ],
    "M_G3N6C1_M M_G3N6C1H3_M": [
        [0.00387482, 0.0189797, 0.00134544]
    ],
    "M_G3N6C2_M M_G3N6C2H1_M": [
        [0.00583802, 0.0179987, 0.00127589]
    ],
    "M_G3N6C2_M M_G3N6C2H2_M": [
        [0.00586408, 0.0187093, 0.00132627]
    ],
    "M_G3N6C2_M M_G3N6C2H3_M": [
        [0.00565797, 0.0179926, 0.00127546]
    ],
    "M_G3N6C3_M M_G3N6C3H1_M": [
        [0.00332853, 0.0185047, 0.00131176]
    ],
    "M_G3N6C3_M M_G3N6C3H2_M": [
        [0.00447386, 0.0174176, 0.0012347]
    ],
    "M_G3N6C3_M M_G3N6C3H3_M": [
        [0.00651654, 0.018187, 0.00128924]
    ]
}