{
    "M_G01_M M_G01H1_M": [
        [0.0699416, 0.0101124, 0.00337078]
    ],
    "M_G01_M M_G01H2_M": [
        [0.102493, 0.0130022, 0.00433406]
    ],
    "M_G02_M M_G02H1_M": [
        [0.104957, 0.0140856, 0.00469519]
    ],
    "M_G03_M M_G03H1_M": [
        [0.0479871, 0.0104372, 0.00347906]
    ],
    "M_G03_M M_G03H2_M": [
        [0.11255, 0.012054, 0.004018]
    ],
    "M_G13_M M_G13H1_M": [
        [-0.225638, 0.0156919, 0.00523064]
    ],
    "M_G13_M M_G13H2_M": [
        [-0.191107, 0.0149569, 0.00498562]
    ],
    "M_G12_M M_G12H1_M": [
        [-0.165306, 0.0227699, 0.00758998]
    ],
    "M_G11_M M_G11H1_M": [
        [-0.0418856, 0.0213307, 0.00711023]
    ],
    "M_G11_M M_G11H2_M": [
        [-0.150755, 0.0260948, 0.00869826]
    ],
    "M_G23_M M_G23H1_M": [
        [-0.196424, 0.0187974, 0.0062658]
    ],
    "M_G23_M M_G23H2_M": [
        [-0.230671, 0.0185428, 0.00618092]
    ],
    "M_G22_M M_G22H1_M": [
        [-0.176137, 0.0174896, 0.00582987]
    ],
    "M_G21_M M_G21H1_M": [
        [-0.16849, 0.0183316, 0.00611052]
    ],
    "M_G21_M M_G21H2_M": [
        [-0.0305026, 0.0254468, 0.00848226]
    ],
    "M_G22C3_M M_G22C3H1_M": [
        [-0.0947672, 0.0182436, 0.00608121]
    ],
    "M_G22C3_M M_G22C3H2_M": [
        [-0.129272, 0.00912527, 0.00304176]
    ],
    "M_G22C4_M M_G22C4H1_M": [
        [-0.227076, 0.00862055, 0.00287352]
    ],
    "M_G22C4_M M_G22C4H2_M": [
        [-0.224924, 0.00656177, 0.00218726]
    ],
    "M_G22C5_M M_G22C5H1_M": [
        [-0.235269, 0.00707689, 0.00235896]
    ],
    "M_G22C5_M M_G22C5H2_M": [
        [-0.235748, 0.00799205, 0.00266402]
    ],
    "M_G22C6_M M_G22C6H1_M": [
        [-0.251744, 0.00790155, 0.00263385]
    ],
    "M_G22C6_M M_G22C6H2_M": [
        [-0.249119, 0.00727996, 0.00242665]
    ],
    "M_G22C7_M M_G22C7H1_M": [
        [-0.243505, 0.00719989, 0.00239996]
    ],
    "M_G22C7_M M_G22C7H2_M": [
        [-0.240834, 0.00731774, 0.00243925]
    ],
    "M_G22C8_M M_G22C8H1_M": [
        [-0.245587, 0.00809221, 0.0026974]
    ],
    "M_G22C8_M M_G22C8H2_M": [
        [-0.242472, 0.00825457, 0.00275152]
    ],
    "M_G22C9_M M_G22C9H1_M": [
        [-0.220408, 0.00686927, 0.00228976]
    ],
    "M_G22C9_M M_G22C9H2_M": [
        [-0.218082, 0.00922755, 0.00307585]
    ],
    "M_G22C10_M M_G22C10H1_M": [
        [-0.204419, 0.00704572, 0.00234857]
    ],
    "M_G22C10_M M_G22C10H2_M": [
        [-0.201918, 0.00781225, 0.00260408]
    ],
    "M_G22C11_M M_G22C11H1_M": [
        [-0.12289, 0.00736599, 0.00245533]
    ],
    "M_G22C11_M M_G22C11H2_M": [
        [-0.120313, 0.00639733, 0.00213244]
    ],
    "M_G22C12_M M_G22C12H1_M": [
        [-0.0910236, 0.00845876, 0.00281959]
    ],
    "M_G22C13_M M_G22C13H1_M": [
        [-0.0414156, 0.00871737, 0.00290579]
    ],
    "M_G22C14_M M_G22C14H1_M": [
        [-0.0641341, 0.0044462, 0.00148207]
    ],
    "M_G22C14_M M_G22C14H2_M": [
        [-0.0657321, 0.0051793, 0.00172643]
    ],
    "M_G22C15_M M_G22C15H1_M": [
        [-0.107775, 0.00354625, 0.00118208]
    ],
    "M_G22C15_M M_G22C15H2_M": [
        [-0.109111, 0.00452696, 0.00150899]
    ],
    "M_G22C16_M M_G22C16H1_M": [
        [-0.108787, 0.00441125, 0.00147042]
    ],
    "M_G22C16_M M_G22C16H2_M": [
        [-0.10811, 0.00407684, 0.00135895]
    ],
    "M_G22C17_M M_G22C17H1_M": [
        [-0.105352, 0.00318912, 0.00106304]
    ],
    "M_G22C17_M M_G22C17H2_M": [
        [-0.105493, 0.00410361, 0.00136787]
    ],
    "M_G22C18_M M_G22C18H1_M": [
        [-0.078841, 0.00378614, 0.00126205]
    ],
    "M_G22C18_M M_G22C18H2_M": [
        [-0.0790784, 0.00331788, 0.00110596]
    ],
    "M_G22C19_M M_G22C19H1_M": [
        [-0.0293219, 0.00220177, 0.000733922]
    ],
    "M_G22C19_M M_G22C19H2_M": [
        [-0.0304553, 0.00238253, 0.000794177]
    ],
    "M_G22C19_M M_G22C19H3_M": [
        [-0.0301783, 0.00218547, 0.00072849]
    ],
    "M_G21C3_M M_G21C3H1_M": [
        [-0.243921, 0.0117684, 0.0039228]
    ],
    "M_G21C3_M M_G21C3H2_M": [
        [-0.225387, 0.0132091, 0.00440303]
    ],
    "M_G21C4_M M_G21C4H1_M": [
        [-0.203864, 0.00434288, 0.00144763]
    ],
    "M_G21C4_M M_G21C4H2_M": [
        [-0.194483, 0.00705363, 0.00235121]
    ],
    "M_G21C5_M M_G21C5H1_M": [
        [-0.233002, 0.00371207, 0.00123736]
    ],
    "M_G21C5_M M_G21C5H2_M": [
        [-0.230534, 0.00473277, 0.00157759]
    ],
    "M_G21C6_M M_G21C6H1_M": [
        [-0.235061, 0.00446503, 0.00148834]
    ],
    "M_G21C6_M M_G21C6H2_M": [
        [-0.233289, 0.00375137, 0.00125046]
    ],
    "M_G21C7_M M_G21C7H1_M": [
        [-0.246453, 0.00294446, 0.000981487]
    ],
    "M_G21C7_M M_G21C7H2_M": [
        [-0.245208, 0.0052082, 0.00173607]
    ],
    "M_G21C8_M M_G21C8H1_M": [
        [-0.236704, 0.0044802, 0.0014934]
    ],
    "M_G21C8_M M_G21C8H2_M": [
        [-0.236676, 0.00589526, 0.00196509]
    ],
    "M_G21C9_M M_G21C9H1_M": [
        [-0.234505, 0.00461223, 0.00153741]
    ],
    "M_G21C9_M M_G21C9H2_M": [
        [-0.235123, 0.00560426, 0.00186809]
    ],
    "M_G21C10_M M_G21C10H1_M": [
        [-0.218523, 0.00588191, 0.00196064]
    ],
    "M_G21C10_M M_G21C10H2_M": [
        [-0.21888, 0.00560068, 0.00186689]
    ],
    "M_G21C11_M M_G21C11H1_M": [
        [-0.210038, 0.0057992, 0.00193307]
    ],
    "M_G21C11_M M_G21C11H2_M": [
        [-0.209774, 0.00673455, 0.00224485]
    ],
    "M_G21C12_M M_G21C12H1_M": [
        [-0.189163, 0.00569558, 0.00189853]
    ],
    "M_G21C12_M M_G21C12H2_M": [
        [-0.188943, 0.00672598, 0.00224199]
    ],
    "M_G21C13_M M_G21C13H1_M": [
        [-0.174711, 0.00542405, 0.00180802]
    ],
    "M_G21C13_M M_G21C13H2_M": [
        [-0.172392, 0.00563134, 0.00187711]
    ],
    "M_G21C14_M M_G21C14H1_M": [
        [-0.147737, 0.00526851, 0.00175617]
    ],
    "M_G21C14_M M_G21C14H2_M": [
        [-0.146742, 0.00403814, 0.00134605]
    ],
    "M_G21C15_M M_G21C15H1_M": [
        [-0.126444, 0.00532624, 0.00177541]
    ],
    "M_G21C15_M M_G21C15H2_M": [
        [-0.125689, 0.00467918, 0.00155973]
    ],
    "M_G21C16_M M_G21C16H1_M": [
        [-0.092414, 0.0027708, 0.0009236]
    ],
    "M_G21C16_M M_G21C16H2_M": [
        [-0.0925489, 0.00367687, 0.00122562]
    ],
    "M_G21C17_M M_G21C17H1_M": [
        [-0.0302167, 0.00323469, 0.00107823]
    ],
    "M_G21C17_M M_G21C17H2_M": [
        [-0.029066, 0.00214383, 0.000714611]
    ],
    "M_G21C17_M M_G21C17H3_M": [
        [-0.0302536, 0.00196864, 0.000656214]
    ],
    "M_G12C3_M M_G12C3H1_M": [
        [-0.0938507, 0.0140168, 0.00467227]
    ],
    "M_G12C3_M M_G12C3H2_M": [
        [-0.128733, 0.0119151, 0.00397169]
    ],
    "M_G12C4_M M_G12C4H1_M": [
        [-0.224854, 0.00865697, 0.00288566]
    ],
    "M_G12C4_M M_G12C4H2_M": [
        [-0.22232, 0.00584208, 0.00194736]
    ],
    "M_G12C5_M M_G12C5H1_M": [
        [-0.233802, 0.00782998, 0.00260999]
    ],
    "M_G12C5_M M_G12C5H2_M": [
        [-0.233193, 0.0063392, 0.00211307]
    ],
    "M_G12C6_M M_G12C6H1_M": [
        [-0.249066, 0.00706351, 0.0023545]
    ],
    "M_G12C6_M M_G12C6H2_M": [
        [-0.246383, 0.0055153, 0.00183843]
    ],
    "M_G12C7_M M_G12C7H1_M": [
        [-0.24275, 0.00525293, 0.00175098]
    ],
    "M_G12C7_M M_G12C7H2_M": [
        [-0.239883, 0.0063936, 0.0021312]
    ],
    "M_G12C8_M M_G12C8H1_M": [
        [-0.243771, 0.0040578, 0.0013526]
    ],
    "M_G12C8_M M_G12C8H2_M": [
        [-0.241657, 0.00563102, 0.00187701]
    ],
    "M_G12C9_M M_G12C9H1_M": [
        [-0.218184, 0.00410138, 0.00136713]
    ],
    "M_G12C9_M M_G12C9H2_M": [
        [-0.2173, 0.00481361, 0.00160454]
    ],
    "M_G12C10_M M_G12C10H1_M": [
        [-0.202775, 0.00451703, 0.00150568]
    ],
    "M_G12C10_M M_G12C10H2_M": [
        [-0.201229, 0.00415417, 0.00138472]
    ],
    "M_G12C11_M M_G12C11H1_M": [
        [-0.120646, 0.00622278, 0.00207426]
    ],
    "M_G12C11_M M_G12C11H2_M": [
        [-0.119384, 0.00452419, 0.00150806]
    ],