{
    "M_G1_M M_G1H1_M": [
        [-0.179436, 0.0869147, 0.00616122]
    ],
    "M_G1_M M_G1H2_M": [
        [-0.0633463, 0.0924635, 0.00655456]
    ],
    "M_G1C3_M M_G1C3H1_M": [
        [-0.267894, 0.0406852, 0.0028841]
    ],
    "M_G1C3_M M_G1C3H2_M": [
        [-0.240655, 0.0501536, 0.0035553]
    ],
    "M_G1C4_M M_G1C4H1_M": [
        [-0.221307, 0.0314032, 0.00222612]
    ],
    "M_G1C4_M M_G1C4H2_M": [
        [-0.204604, 0.0343523, 0.00243517]
    ],
    "M_G1C5_M M_G1C5H1_M": [
        [-0.25169, 0.022085, 0.00156557]
    ],
    "M_G1C5_M M_G1C5H2_M": [
        [-0.248314, 0.0226875, 0.00160827]
    ],
    "M_G1C6_M M_G1C6H1_M": [
        [-0.257002, 0.0208798, 0.00148013]
    ],
    "M_G1C6_M M_G1C6H2_M": [
        [-0.253098, 0.0207209, 0.00146886]
    ],
    "M_G1C7_M M_G1C7H1_M": [
        [-0.270746, 0.0184065, 0.0013048]
    ],
    "M_G1C7_M M_G1C7H2_M": [
        [-0.268955, 0.0185647, 0.00131602]
    ],
    "M_G1C8_M M_G1C8H1_M": [
        [-0.264145, 0.0179404, 0.00127176]
    ],
    "M_G1C8_M M_G1C8H2_M": [
        [-0.263032, 0.0177676, 0.00125951]
    ],
    "M_G1C9_M M_G1C9H1_M": [
        [-0.266002, 0.0168075, 0.00119145]
    ],
    "M_G1C9_M M_G1C9H2_M": [
        [-0.266034, 0.0167296, 0.00118593]
    ],
    "M_G1C10_M M_G1C10H1_M": [
        [-0.252246, 0.0166538, 0.00118056]
    ],
    "M_G1C10_M M_G1C10H2_M": [
        [-0.252095, 0.0166445, 0.0011799]
    ],
    "M_G1C11_M M_G1C11H1_M": [
        [-0.245603, 0.0165254, 0.00117145]
    ],
    "M_G1C11_M M_G1C11H2_M": [
        [-0.245673, 0.0162613, 0.00115273]
    ],
    "M_G1C12_M M_G1C12H1_M": [
        [-0.224082, 0.017067, 0.00120985]
    ],
    "M_G1C12_M M_G1C12H2_M": [
        [-0.224353, 0.0167416, 0.00118678]
    ],
    "M_G1C13_M M_G1C13H1_M": [
        [-0.210059, 0.0171365, 0.00121477]
    ],
    "M_G1C13_M M_G1C13H2_M": [
        [-0.210158, 0.0168754, 0.00119627]
    ],
    "M_G1C14_M M_G1C14H1_M": [
        [-0.179603, 0.0170039, 0.00120537]
    ],
    "M_G1C14_M M_G1C14H2_M": [
        [-0.179837, 0.0170504, 0.00120867]
    ],
    "M_G1C15_M M_G1C15H1_M": [
        [-0.154243, 0.0155807, 0.00110448]
    ],
    "M_G1C15_M M_G1C15H2_M": [
        [-0.154241, 0.0157633, 0.00111743]
    ],
    "M_G1C16_M M_G1C16H1_M": [
        [-0.109079, 0.0127627, 0.000904723]
    ],
    "M_G1C16_M M_G1C16H2_M": [
        [-0.109061, 0.0131796, 0.000934275]
    ],
    "M_G1C17_M M_G1C17H1_M": [
        [-0.0352539, 0.00531605, 0.000376845]
    ],
    "M_G1C17_M M_G1C17H2_M": [
        [-0.0348503, 0.00550928, 0.000390543]
    ],
    "M_G1C17_M M_G1C17H3_M": [
        [-0.0348744, 0.00547624, 0.0003882]
    ],
    "M_G2_M M_G2H1_M": [
        [-0.191333, 0.0875644, 0.00620727]
    ],
    "M_G2C3_M M_G2C3H1_M": [
        [-0.0740807, 0.0665703, 0.00471905]
    ],
    "M_G2C3_M M_G2C3H2_M": [
        [-0.119907, 0.043177, 0.00306074]
    ],
    "M_G2C4_M M_G2C4H1_M": [
        [-0.234864, 0.0320493, 0.00227192]
    ],
    "M_G2C4_M M_G2C4H2_M": [
        [-0.239107, 0.0323672, 0.00229445]
    ],
    "M_G2C5_M M_G2C5H1_M": [
        [-0.237944, 0.0281917, 0.00199846]
    ],
    "M_G2C5_M M_G2C5H2_M": [
        [-0.240634, 0.0279515, 0.00198143]
    ],
    "M_G2C6_M M_G2C6H1_M": [
        [-0.25478, 0.027174, 0.00192631]
    ],
    "M_G2C6_M M_G2C6H2_M": [
        [-0.253555, 0.0272782, 0.0019337]
    ],
    "M_G2C7_M M_G2C7H1_M": [
        [-0.233486, 0.025321, 0.00179496]
    ],
    "M_G2C7_M M_G2C7H2_M": [
        [-0.232179, 0.0247816, 0.00175672]
    ],
    "M_G2C8_M M_G2C8H1_M": [
        [-0.222926, 0.0232649, 0.0016492]
    ],
    "M_G2C8_M M_G2C8H2_M": [
        [-0.222626, 0.0230748, 0.00163573]
    ],
    "M_G2C9_M M_G2C9H1_M": [
        [-0.132458, 0.0217007, 0.00153832]
    ],
    "M_G2C9_M M_G2C9H2_M": [
        [-0.131491, 0.0215977, 0.00153102]
    ],
    "M_G2C10_M M_G2C10H1_M": [
        [-0.0768773, 0.026765, 0.00189732]
    ],
    "M_G2C11_M M_G2C11H1_M": [
        [-0.0700202, 0.0192674, 0.00136583]
    ],
    "M_G2C12_M M_G2C12H1_M": [
        [-0.116957, 0.0187681, 0.00133043]
    ],
    "M_G2C12_M M_G2C12H2_M": [
        [-0.117039, 0.0186249, 0.00132028]
    ],
    "M_G2C13_M M_G2C13H1_M": [
        [-0.177368, 0.0175597, 0.00124477]
    ],
    "M_G2C13_M M_G2C13H2_M": [
        [-0.177535, 0.0178992, 0.00126884]
    ],
    "M_G2C14_M M_G2C14H1_M": [
        [-0.18507, 0.0172005, 0.00121931]
    ],
    "M_G2C14_M M_G2C14H2_M": [
        [-0.185231, 0.0174375, 0.00123611]
    ],
    "M_G2C15_M M_G2C15H1_M": [
        [-0.189482, 0.0174826, 0.00123931]
    ],
    "M_G2C15_M M_G2C15H2_M": [
        [-0.189548, 0.0171319, 0.00121445]
    ],
    "M_G2C16_M M_G2C16H1_M": [
        [-0.169051, 0.0168222, 0.0011925]
    ],
    "M_G2C16_M M_G2C16H2_M": [
        [-0.168812, 0.016483, 0.00116845]
    ],
    "M_G2C17_M M_G2C17H1_M": [
        [-0.149915, 0.0150414, 0.00106625]
    ],
    "M_G2C17_M M_G2C17H2_M": [
        [-0.149694, 0.0146631, 0.00103944]
    ],
    "M_G2C18_M M_G2C18H1_M": [
        [-0.109986, 0.0124478, 0.0008824]
    ],
    "M_G2C18_M M_G2C18H2_M": [
        [-0.11007, 0.012011, 0.000851435]
    ],
    "M_G2C19_M M_G2C19H1_M": [
        [-0.0345393, 0.00469056, 0.000332505]
    ],
    "M_G2C19_M M_G2C19H2_M": [
        [-0.0348307, 0.00492575, 0.000349177]
    ],
    "M_G2C19_M M_G2C19H3_M": [
        [-0.0348628, 0.00475086, 0.00033678]
    ],
    "M_G3_M M_G3H1_M": [
        [-0.239212, 0.0849927, 0.00602497]
    ],
    "M_G3_M M_G3H2_M": [
        [-0.261043, 0.0597776, 0.00423752]
    ],
    "M_G3C4_M M_G3C4H1_M": [
        [0.0610222, 0.0930815, 0.00659837]
    ],
    "M_G3C4_M M_G3C4H2_M": [
        [0.0502057, 0.0936241, 0.00663683]
    ],
    "M_G3C5_M M_G3C5H1_M": [
        [-0.0149893, 0.0871284, 0.00617637]
    ],
    "M_G3C5_M M_G3C5H2_M": [
        [-0.021521, 0.095133, 0.0067438]
    ],
    "M_G3N6C1_M M_G3N6C1H1_M": [
        [0.00556937, 0.0229608, 0.00162765]
    ],
    "M_G3N6C1_M M_G3N6C1H2_M": [
        [0.00130362, 0.0230476, 0.0016338]
    ],
    "M_G3N6C1_M M_G3N6C1H3_M": [
        [0.0023249, 0.0242503, 0.00171906]
    ],
    "M_G3N6C2_M M_G3N6C2H1_M": [
        [0.00544415, 0.0231907, 0.00164394]
    ],
    "M_G3N6C2_M M_G3N6C2H2_M": [
        [0.00323255, 0.0241194, 0.00170978]
    ],
    "M_G3N6C2_M M_G3N6C2H3_M": [
        [0.00779165, 0.0214158, 0.00151812]
    ],
    "M_G3N6C3_M M_G3N6C3H1_M": [
        [0.00312444, 0.0221638, 0.00157115]
    ],
    "M_G3N6C3_M M_G3N6C3H2_M": [
        [0.00559265, 0.0231262, 0.00163938]
    ],
    "M_G3N6C3_M M_G3N6C3H3_M": [
        [0.00456998, 0.0230363, 0.001633]
    ]
}