{
    "M_G1_M M_G1H1_M": [
        [-0.138561, 0.0461686, 0.00327281]
    ],
    "M_G1_M M_G1H2_M": [
        [0.175862, 0.0643116, 0.00455893]
    ],
    "M_G1C3_M M_G1C3H1_M": [
        [-0.237371, 0.0219683, 0.00155729]
    ],
    "M_G1C3_M M_G1C3H2_M": [
        [-0.221763, 0.0216826, 0.00153704]
    ],
    "M_G1C4_M M_G1C4H1_M": [
        [-0.243637, 0.0201778, 0.00143036]
    ],
    "M_G1C4_M M_G1C4H2_M": [
        [-0.24214, 0.0187114, 0.00132642]
    ],
    "M_G1C5_M M_G1C5H1_M": [
        [-0.269771, 0.0199957, 0.00141746]
    ],
    "M_G1C5_M M_G1C5H2_M": [
        [-0.271016, 0.0202559, 0.0014359]
    ],
    "M_G1C6_M M_G1C6H1_M": [
        [-0.291713, 0.0218202, 0.00154679]
    ],
    "M_G1C6_M M_G1C6H2_M": [
        [-0.29111, 0.0213111, 0.0015107]
    ],
    "M_G1C7_M M_G1C7H1_M": [
        [-0.301653, 0.0218905, 0.00155178]
    ],
    "M_G1C7_M M_G1C7H2_M": [
        [-0.30142, 0.0213965, 0.00151676]
    ],
    "M_G1C8_M M_G1C8H1_M": [
        [-0.305236, 0.0220099, 0.00156024]
    ],
    "M_G1C8_M M_G1C8H2_M": [
        [-0.304686, 0.0218439, 0.00154847]
    ],
    "M_G1C9_M M_G1C9H1_M": [
        [-0.302509, 0.0219841, 0.00155841]
    ],
    "M_G1C9_M M_G1C9H2_M": [
        [-0.302124, 0.0217528, 0.00154201]
    ],
    "M_G1C10_M M_G1C10H1_M": [
        [-0.295079, 0.021745, 0.00154147]
    ],
    "M_G1C10_M M_G1C10H2_M": [
        [-0.294729, 0.0218221, 0.00154693]
    ],
    "M_G1C11_M M_G1C11H1_M": [
        [-0.282413, 0.020994, 0.00148822]
    ],
    "M_G1C11_M M_G1C11H2_M": [
        [-0.282488, 0.0215425, 0.00152711]
    ],
    "M_G1C12_M M_G1C12H1_M": [
        [-0.265663, 0.0205512, 0.00145684]
    ],
    "M_G1C12_M M_G1C12H2_M": [
        [-0.265815, 0.0206801, 0.00146597]
    ],
    "M_G1C13_M M_G1C13H1_M": [
        [-0.244703, 0.0200415, 0.0014207]
    ],
    "M_G1C13_M M_G1C13H2_M": [
        [-0.24527, 0.0199784, 0.00141623]
    ],
    "M_G1C14_M M_G1C14H1_M": [
        [-0.218198, 0.0191664, 0.00135867]
    ],
    "M_G1C14_M M_G1C14H2_M": [
        [-0.21831, 0.0193711, 0.00137318]
    ],
    "M_G1C15_M M_G1C15H1_M": [
        [-0.184063, 0.0176785, 0.0012532]
    ],
    "M_G1C15_M M_G1C15H2_M": [
        [-0.184387, 0.0177399, 0.00125755]
    ],
    "M_G1C16_M M_G1C16H1_M": [
        [-0.138372, 0.0144206, 0.00102225]
    ],
    "M_G1C16_M M_G1C16H2_M": [
        [-0.13892, 0.0143818, 0.0010195]
    ],
    "M_G1C17_M M_G1C17H1_M": [
        [-0.0358574, 0.00660292, 0.000468068]
    ],
    "M_G1C17_M M_G1C17H2_M": [
        [-0.0352735, 0.0062795, 0.000445142]
    ],
    "M_G1C17_M M_G1C17H3_M": [
        [-0.0350053, 0.00659078, 0.000467208]
    ],
    "M_G2_M M_G2H1_M": [
        [-0.216245, 0.0443879, 0.00314657]
    ],
    "M_G2C3_M M_G2C3H1_M": [
        [-0.250263, 0.0239141, 0.00169523]
    ],
    "M_G2C3_M M_G2C3H2_M": [
        [-0.225735, 0.0271172, 0.00192229]
    ],
    "M_G2C4_M M_G2C4H1_M": [
        [-0.254667, 0.0187433, 0.00132868]
    ],
    "M_G2C4_M M_G2C4H2_M": [
        [-0.252109, 0.0189802, 0.00134547]
    ],
    "M_G2C5_M M_G2C5H1_M": [
        [-0.258259, 0.0216175, 0.00153242]
    ],
    "M_G2C5_M M_G2C5H2_M": [
        [-0.259855, 0.0206614, 0.00146465]
    ],
    "M_G2C6_M M_G2C6H1_M": [
        [-0.276299, 0.0228374, 0.0016189]
    ],
    "M_G2C6_M M_G2C6H2_M": [
        [-0.276093, 0.022511, 0.00159576]
    ],
    "M_G2C7_M M_G2C7H1_M": [
        [-0.261625, 0.0251251, 0.00178107]
    ],
    "M_G2C7_M M_G2C7H2_M": [
        [-0.261518, 0.0247765, 0.00175636]
    ],
    "M_G2C8_M M_G2C8H1_M": [
        [-0.240363, 0.024473, 0.00173485]
    ],
    "M_G2C8_M M_G2C8H2_M": [
        [-0.240193, 0.0244228, 0.00173128]
    ],
    "M_G2C9_M M_G2C9H1_M": [
        [-0.158445, 0.029548, 0.0020946]
    ],
    "M_G2C9_M M_G2C9H2_M": [
        [-0.159156, 0.0294857, 0.00209019]
    ],
    "M_G2C10_M M_G2C10H1_M": [
        [-0.10781, 0.0246551, 0.00174775]
    ],
    "M_G2C11_M M_G2C11H1_M": [
        [-0.0689531, 0.0229164, 0.0016245]
    ],
    "M_G2C12_M M_G2C12H1_M": [
        [-0.112607, 0.0278078, 0.00197124]
    ],
    "M_G2C12_M M_G2C12H2_M": [
        [-0.111386, 0.0278459, 0.00197394]
    ],
    "M_G2C13_M M_G2C13H1_M": [
        [-0.179116, 0.0214417, 0.00151996]
    ],
    "M_G2C13_M M_G2C13H2_M": [
        [-0.179568, 0.0215682, 0.00152893]
    ],
    "M_G2C14_M M_G2C14H1_M": [
        [-0.194769, 0.0214639, 0.00152154]
    ],
    "M_G2C14_M M_G2C14H2_M": [
        [-0.195395, 0.0212049, 0.00150318]
    ],
    "M_G2C15_M M_G2C15H1_M": [
        [-0.200571, 0.0202025, 0.00143212]
    ],
    "M_G2C15_M M_G2C15H2_M": [
        [-0.201291, 0.0203637, 0.00144354]
    ],
    "M_G2C16_M M_G2C16H1_M": [
        [-0.178408, 0.0196265, 0.00139129]
    ],
    "M_G2C16_M M_G2C16H2_M": [
        [-0.178408, 0.0193463, 0.00137143]
    ],
    "M_G2C17_M M_G2C17H1_M": [
        [-0.157738, 0.0174305, 0.00123562]
    ],
    "M_G2C17_M M_G2C17H2_M": [
        [-0.157771, 0.0173218, 0.00122791]
    ],
    "M_G2C18_M M_G2C18H1_M": [
        [-0.11373, 0.0137864, 0.000977294]
    ],
    "M_G2C18_M M_G2C18H2_M": [
        [-0.11401, 0.0141684, 0.00100437]
    ],
    "M_G2C19_M M_G2C19H1_M": [
        [-0.0355918, 0.00762528, 0.000540542]
    ],
    "M_G2C19_M M_G2C19H2_M": [
        [-0.0353578, 0.00702883, 0.000498261]
    ],
    "M_G2C19_M M_G2C19H3_M": [
        [-0.035358, 0.00759364, 0.000538299]
    ],
    "M_G3_M M_G3H1_M": [
        [-0.280136, 0.0367953, 0.00260835]
    ],
    "M_G3_M M_G3H2_M": [
        [-0.222292, 0.0414209, 0.00293625]
    ],
    "M_G3C4_M M_G3C4H1_M": [
        [0.00191114, 0.0378625, 0.002684]
    ],
    "M_G3C4_M M_G3C4H2_M": [
        [0.000550279, 0.0310362, 0.0022001]
    ],
    "M_G3C5_M M_G3C5H1_M": [
        [-0.128894, 0.0244698, 0.00173462]
    ],
    "M_G3C5_M M_G3C5H2_M": [
        [-0.1331, 0.0256765, 0.00182016]
    ],
    "M_G3N6C1_M M_G3N6C1H1_M": [
        [0.0153385, 0.00850766, 0.000603092]
    ],
    "M_G3N6C1_M M_G3N6C1H2_M": [
        [0.0144799, 0.00827088, 0.000586307]
    ],
    "M_G3N6C1_M M_G3N6C1H3_M": [
        [0.0139654, 0.00725918, 0.00051459]
    ],
    "M_G3N6C2_M M_G3N6C2H1_M": [
        [0.0146591, 0.00751463, 0.000532698]
    ],
    "M_G3N6C2_M M_G3N6C2H2_M": [
        [0.0150485, 0.00831804, 0.000589651]
    ],
    "M_G3N6C2_M M_G3N6C2H3_M": [
        [0.0149888, 0.00794645, 0.000563309]
    ],
    "M_G3N6C3_M M_G3N6C3H1_M": [
        [0.0139366, 0.00832902, 0.000590429]
    ],
    "M_G3N6C3_M M_G3N6C3H2_M": [
        [0.014385, 0.0080712, 0.000572152]
    ],
    "M_G3N6C3_M M_G3N6C3H3_M": [
        [0.0157708, 0.00828037, 0.00058698]
    ]
}