{
    "M_G1_M M_G1H1_M": [
        [0.341954, 0.0192671, 0.00228658]
    ],
    "M_G1_M M_G1H2_M": [
        [-0.0934293, 0.0156156, 0.00185323]
    ],
    "M_G1C3_M M_G1C3H1_M": [
        [-0.105163, 0.0138987, 0.00164947]
    ],
    "M_G1C3_M M_G1C3H2_M": [
        [-0.0168429, 0.0209256, 0.00248341]
    ],
    "M_G1C4_M M_G1C4H1_M": [
        [-0.144014, 0.0146581, 0.0017396]
    ],
    "M_G1C4_M M_G1C4H2_M": [
        [-0.119344, 0.0186834, 0.00221731]
    ],
    "M_G1C5_M M_G1C5H1_M": [
        [-0.138339, 0.0158671, 0.00188308]
    ],
    "M_G1C5_M M_G1C5H2_M": [
        [-0.137269, 0.0156197, 0.00185371]
    ],
    "M_G1C6_M M_G1C6H1_M": [
        [-0.166521, 0.0126337, 0.00149935]
    ],
    "M_G1C6_M M_G1C6H2_M": [
        [-0.166617, 0.013595, 0.00161343]
    ],
    "M_G1C7_M M_G1C7H1_M": [
        [-0.152615, 0.0115466, 0.00137033]
    ],
    "M_G1C7_M M_G1C7H2_M": [
        [-0.153202, 0.0102818, 0.00122022]
    ],
    "M_G1C8_M M_G1C8H1_M": [
        [-0.156997, 0.00991748, 0.00117699]
    ],
    "M_G1C8_M M_G1C8H2_M": [
        [-0.157708, 0.0102039, 0.00121098]
    ],
    "M_G1C9_M M_G1C9H1_M": [
        [-0.133162, 0.00940209, 0.00111582]
    ],
    "M_G1C9_M M_G1C9H2_M": [
        [-0.133145, 0.00886219, 0.00105175]
    ],
    "M_G1C10_M M_G1C10H1_M": [
        [-0.125877, 0.0078785, 0.000935006]
    ],
    "M_G1C10_M M_G1C10H2_M": [
        [-0.125389, 0.00857593, 0.00101778]
    ],
    "M_G1C11_M M_G1C11H1_M": [
        [-0.114474, 0.00900816, 0.00106907]
    ],
    "M_G1C11_M M_G1C11H2_M": [
        [-0.114831, 0.00869859, 0.00103233]
    ],
    "M_G1C12_M M_G1C12H1_M": [
        [-0.0786476, 0.00732549, 0.000869375]
    ],
    "M_G1C12_M M_G1C12H2_M": [
        [-0.0778527, 0.00728608, 0.000864699]
    ],
    "M_G1C13_M M_G1C13H1_M": [
        [-0.082713, 0.00643259, 0.000763408]
    ],
    "M_G1C13_M M_G1C13H2_M": [
        [-0.0833545, 0.00669875, 0.000794996]
    ],
    "M_G1C14_M M_G1C14H1_M": [
        [-0.0775955, 0.00538286, 0.000638828]
    ],
    "M_G1C14_M M_G1C14H2_M": [
        [-0.0773834, 0.00544974, 0.000646765]
    ],
    "M_G1C15_M M_G1C15H1_M": [
        [-0.0597128, 0.00463285, 0.000549819]
    ],
    "M_G1C15_M M_G1C15H2_M": [
        [-0.0604232, 0.00456831, 0.000542159]
    ],
    "M_G1C16_M M_G1C16H1_M": [
        [-0.0509915, 0.00379612, 0.000450517]
    ],
    "M_G1C16_M M_G1C16H2_M": [
        [-0.0514343, 0.00374753, 0.00044475]
    ],
    "M_G1C17_M M_G1C17H1_M": [
        [-0.0149984, 0.00261549, 0.000310402]
    ],
    "M_G1C17_M M_G1C17H2_M": [
        [-0.0154696, 0.00285069, 0.000338314]
    ],
    "M_G1C17_M M_G1C17H3_M": [
        [-0.0157687, 0.00256382, 0.00030427]
    ],
    "M_G2_M M_G2H1_M": [
        [-0.216504, 0.0158315, 0.00187885]
    ],
    "M_G2C3_M M_G2C3H1_M": [
        [-0.162533, 0.0133394, 0.0015831]
    ],
    "M_G2C3_M M_G2C3H2_M": [
        [-0.126025, 0.0153236, 0.00181858]
    ],
    "M_G2C4_M M_G2C4H1_M": [
        [-0.149963, 0.0109117, 0.00129499]
    ],
    "M_G2C4_M M_G2C4H2_M": [
        [-0.137701, 0.0121298, 0.00143954]
    ],
    "M_G2C5_M M_G2C5H1_M": [
        [-0.168952, 0.0121167, 0.00143799]
    ],
    "M_G2C5_M M_G2C5H2_M": [
        [-0.161903, 0.0126286, 0.00149873]
    ],
    "M_G2C6_M M_G2C6H1_M": [
        [-0.138547, 0.00982422, 0.00116592]
    ],
    "M_G2C6_M M_G2C6H2_M": [
        [-0.136934, 0.00940875, 0.00111661]
    ],
    "M_G2C7_M M_G2C7H1_M": [
        [-0.139869, 0.00853831, 0.00101331]
    ],
    "M_G2C7_M M_G2C7H2_M": [
        [-0.140619, 0.00858897, 0.00101932]
    ],
    "M_G2C8_M M_G2C8H1_M": [
        [-0.13843, 0.00773877, 0.000918423]
    ],
    "M_G2C8_M M_G2C8H2_M": [
        [-0.138356, 0.00768164, 0.000911643]
    ],
    "M_G2C9_M M_G2C9H1_M": [
        [-0.129252, 0.00741156, 0.00087959]
    ],
    "M_G2C9_M M_G2C9H2_M": [
        [-0.128828, 0.00736046, 0.000873526]
    ],
    "M_G2C10_M M_G2C10H1_M": [
        [-0.133796, 0.00784416, 0.00093093]
    ],
    "M_G2C11_M M_G2C11H1_M": [
        [-0.113405, 0.00868339, 0.00103053]
    ],
    "M_G2C12_M M_G2C12H1_M": [
        [-0.0849073, 0.00771809, 0.000915968]
    ],
    "M_G2C12_M M_G2C12H2_M": [
        [-0.0850835, 0.007578, 0.000899343]
    ],
    "M_G2C13_M M_G2C13H1_M": [
        [-0.0714493, 0.00724263, 0.000859542]
    ],
    "M_G2C13_M M_G2C13H2_M": [
        [-0.0719133, 0.00721143, 0.000855839]
    ],
    "M_G2C14_M M_G2C14H1_M": [
        [-0.062204, 0.00685487, 0.000813523]
    ],
    "M_G2C14_M M_G2C14H2_M": [
        [-0.0629243, 0.0062077, 0.000736719]
    ],
    "M_G2C15_M M_G2C15H1_M": [
        [-0.0568338, 0.00542226, 0.000643504]
    ],
    "M_G2C15_M M_G2C15H2_M": [
        [-0.0574497, 0.00567262, 0.000673216]
    ],
    "M_G2C16_M M_G2C16H1_M": [
        [-0.0588362, 0.00507456, 0.000602239]
    ],
    "M_G2C16_M M_G2C16H2_M": [
        [-0.0598539, 0.00495572, 0.000588136]
    ],
    "M_G2C17_M M_G2C17H1_M": [
        [-0.0464021, 0.00435458, 0.000516794]
    ],
    "M_G2C17_M M_G2C17H2_M": [
        [-0.0466531, 0.00411787, 0.000488701]
    ],
    "M_G2C18_M M_G2C18H1_M": [
        [-0.044145, 0.00365316, 0.00043355]
    ],
    "M_G2C18_M M_G2C18H2_M": [
        [-0.0441942, 0.004015, 0.000476493]
    ],
    "M_G2C19_M M_G2C19H1_M": [
        [-0.0115752, 0.00289031, 0.000343017]
    ],
    "M_G2C19_M M_G2C19H2_M": [
        [-0.0116783, 0.0026388, 0.000313168]
    ],
    "M_G2C19_M M_G2C19H3_M": [
        [-0.0108743, 0.00271126, 0.000321767]
    ],
    "M_G3_M M_G3H1_M": [
        [-0.227104, 0.0158382, 0.00187965]
    ],
    "M_G3_M M_G3H2_M": [
        [-0.214063, 0.0172745, 0.00205011]
    ],
    "M_G3C4_M M_G3C4H1_M": [
        [0.0374843, 0.00866525, 0.00102838]
    ],
    "M_G3C4_M M_G3C4H2_M": [
        [0.0499979, 0.00872044, 0.00103493]
    ],
    "M_G3C5_M M_G3C5H1_M": [
        [0.0416569, 0.00781455, 0.000927417]
    ],
    "M_G3C5_M M_G3C5H2_M": [
        [0.0470262, 0.00835988, 0.000992136]
    ]
}