{"headgroup": 0.20586607891700182, "sn-1": 0.09741583406380304, "sn-2": 0.23393477213993907, "total": 0.1790722283735813}