{
    "M_C3_M M_C3H3_M": [
        [-0.418858, 0.0188125, 0.00108075]
    ],
    "M_C4_M M_C4H41_M": [
        [-0.368815, 0.0249829, 0.00143523]
    ],
    "M_C4_M M_C4H42_M": [
        [-0.221971, 0.0429831, 0.00246931]
    ],
    "M_C6_M M_C6H6_M": [
        [-0.0582135, 0.0514587, 0.00295623]
    ],
    "M_C7_M M_C7H71_M": [
        [-0.30238, 0.0348547, 0.00200235]
    ],
    "M_C7_M M_C7H72_M": [
        [-0.382408, 0.0231405, 0.00132939]
    ],
    "M_C8_M M_C8H8_M": [
        [-0.454771, 0.0131312, 0.00075437]
    ],
    "M_C14_M M_C14H14_M": [
        [-0.450278, 0.0130281, 0.000748446]
    ],
    "M_C15_M M_C15H151_M": [
        [-0.419448, 0.0177408, 0.00101918]
    ],
    "M_C15_M M_C15H152_M": [
        [-0.376893, 0.0282391, 0.00162229]
    ],
    "M_C16_M M_C16H161_M": [
        [-0.0839129, 0.0352198, 0.00202333]
    ],
    "M_C16_M M_C16H162_M": [
        [-0.182806, 0.0363929, 0.00209072]
    ],
    "M_C17_M M_C17H17_M": [
        [-0.448792, 0.0126078, 0.000724302]
    ],
    "M_C18_M M_C18H181_M": [
        [0.132362, 0.0257353, 0.00147845]
    ],
    "M_C18_M M_C18H182_M": [
        [0.130374, 0.0246151, 0.0014141]
    ],
    "M_C18_M M_C18H183_M": [
        [0.126965, 0.0260666, 0.00149749]
    ],
    "M_C12_M M_C12H121_M": [
        [-0.136764, 0.0464188, 0.00266669]
    ],
    "M_C12_M M_C12H122_M": [
        [-0.446499, 0.0141279, 0.000811627]
    ],
    "M_C11_M M_C11H111_M": [
        [-0.451054, 0.0153151, 0.000879832]
    ],
    "M_C11_M M_C11H112_M": [
        [-0.237489, 0.0394832, 0.00226825]
    ],
    "M_C9_M M_C9H9_M": [
        [-0.448755, 0.0138797, 0.00079737]
    ],
    "M_C19_M M_C19H191_M": [
        [0.128232, 0.0184245, 0.00105846]
    ],
    "M_C19_M M_C19H192_M": [
        [0.132246, 0.0190044, 0.00109178]
    ],
    "M_C19_M M_C19H193_M": [
        [0.128182, 0.0185083, 0.00106328]
    ],
    "M_C1_M M_C1H11_M": [
        [-0.239028, 0.0422564, 0.00242756]
    ],
    "M_C1_M M_C1H12_M": [
        [-0.416444, 0.0197787, 0.00113626]
    ],
    "M_C2_M M_C2H21_M": [
        [-0.233444, 0.0368066, 0.00211448]
    ],
    "M_C2_M M_C2H22_M": [
        [-0.399072, 0.023055, 0.00132447]
    ],
    "M_C20_M M_C20H20_M": [
        [-0.427612, 0.0232654, 0.00133656]
    ],
    "M_C21_M M_C21H211_M": [
        [0.122933, 0.0162666, 0.00093449]
    ],
    "M_C21_M M_C21H212_M": [
        [0.123833, 0.0166892, 0.000958768]
    ],
    "M_C21_M M_C21H213_M": [
        [0.124567, 0.0162502, 0.00093355]
    ],
    "M_C22_M M_C22H221_M": [
        [-0.355088, 0.0480767, 0.00276194]
    ],
    "M_C22_M M_C22H222_M": [
        [-0.411609, 0.0222098, 0.00127592]
    ],
    "M_C23_M M_C23H231_M": [
        [-0.29297, 0.042983, 0.00246931]
    ],
    "M_C23_M M_C23H232_M": [
        [-0.398947, 0.0222555, 0.00127855]
    ],
    "M_C24_M M_C24H241_M": [
        [-0.28277, 0.0343858, 0.00197541]
    ],
    "M_C24_M M_C24H242_M": [
        [-0.347849, 0.0233968, 0.00134411]
    ],
    "M_C25_M M_C25H25_M": [
        [-0.218389, 0.0320163, 0.00183929]
    ],
    "M_C26_M M_C26H261_M": [
        [0.0231502, 0.0169453, 0.000973483]
    ],
    "M_C26_M M_C26H262_M": [
        [0.0229818, 0.0161011, 0.000924986]
    ],
    "M_C26_M M_C26H263_M": [
        [0.0231046, 0.0180862, 0.00103903]
    ],
    "M_C27_M M_C27H271_M": [
        [0.0244304, 0.0162946, 0.000936099]
    ],
    "M_C27_M M_C27H272_M": [
        [0.0214467, 0.0163931, 0.000941761]
    ],
    "M_C27_M M_C27H273_M": [
        [0.023685, 0.0164307, 0.00094392]
    ]
}