{
    "M_C3_M M_C3H1_M": [
        [-0.396243, 0.00590477, 0.00092217]
    ],
    "M_C4_M M_C4H1_M": [
        [-0.336157, 0.00811584, 0.00126748]
    ],
    "M_C4_M M_C4H2_M": [
        [-0.248063, 0.0120007, 0.00187419]
    ],
    "M_C6_M M_C6H1_M": [
        [-0.0668554, 0.0146176, 0.00228288]
    ],
    "M_C7_M M_C7H1_M": [
        [-0.32831, 0.00735287, 0.00114832]
    ],
    "M_C7_M M_C7H2_M": [
        [-0.372046, 0.00716111, 0.00111838]
    ],
    "M_C8_M M_C8H1_M": [
        [-0.445438, 0.00505145, 0.000788904]
    ],
    "M_C14_M M_C14H1_M": [
        [-0.442861, 0.00479628, 0.000749053]
    ],
    "M_C15_M M_C15H1_M": [
        [-0.410338, 0.00684323, 0.00106873]
    ],
    "M_C15_M M_C15H2_M": [
        [-0.37115, 0.00801783, 0.00125217]
    ],
    "M_C16_M M_C16H1_M": [
        [-0.0772873, 0.0104985, 0.0016396]
    ],
    "M_C16_M M_C16H2_M": [
        [-0.19161, 0.0101856, 0.00159072]
    ],
    "M_C17_M M_C17H1_M": [
        [-0.440622, 0.00475802, 0.000743077]
    ],
    "M_C18_M M_C18H1_M": [
        [0.12551, 0.00648126, 0.0010122]
    ],
    "M_C18_M M_C18H2_M": [
        [0.122157, 0.00802637, 0.00125351]
    ],
    "M_C18_M M_C18H3_M": [
        [0.124625, 0.00607761, 0.000949163]
    ],
    "M_C12_M M_C12H1_M": [
        [-0.129863, 0.0136338, 0.00212925]
    ],
    "M_C12_M M_C12H2_M": [
        [-0.437016, 0.00521536, 0.000814503]
    ],
    "M_C11_M M_C11H1_M": [
        [-0.441344, 0.00487674, 0.000761619]
    ],
    "M_C11_M M_C11H2_M": [
        [-0.246608, 0.00944477, 0.00147503]
    ],
    "M_C9_M M_C9H1_M": [
        [-0.440744, 0.00485612, 0.000758399]
    ],
    "M_C19_M M_C19H1_M": [
        [0.123682, 0.00422985, 0.000660592]
    ],
    "M_C19_M M_C19H2_M": [
        [0.123972, 0.0046249, 0.000722288]
    ],
    "M_C19_M M_C19H3_M": [
        [0.124282, 0.00428839, 0.000669734]
    ],
    "M_C1_M M_C1H1_M": [
        [-0.266848, 0.0118994, 0.00185837]
    ],
    "M_C1_M M_C1H2_M": [
        [-0.392874, 0.00670037, 0.00104642]
    ],
    "M_C2_M M_C2H1_M": [
        [-0.232293, 0.00943094, 0.00147287]
    ],
    "M_C2_M M_C2H2_M": [
        [-0.362039, 0.00743608, 0.00116132]
    ],
    "M_C20_M M_C20H1_M": [
        [-0.427679, 0.00445707, 0.000696077]
    ],
    "M_C21_M M_C21H1_M": [
        [0.10946, 0.0054449, 0.000850351]
    ],
    "M_C21_M M_C21H2_M": [
        [0.11013, 0.0047915, 0.000748306]
    ],
    "M_C21_M M_C21H3_M": [
        [0.109762, 0.00441215, 0.000689062]
    ],
    "M_C22_M M_C22H1_M": [
        [-0.259688, 0.0313039, 0.00488884]
    ],
    "M_C22_M M_C22H2_M": [
        [-0.383005, 0.0205686, 0.00321227]
    ],
    "M_C23_M M_C23H1_M": [
        [-0.191134, 0.0176065, 0.00274967]
    ],
    "M_C23_M M_C23H2_M": [
        [-0.365837, 0.00433874, 0.000677598]
    ],
    "M_C24_M M_C24H1_M": [
        [-0.228132, 0.00905891, 0.00141476]
    ],
    "M_C24_M M_C24H2_M": [
        [-0.306433, 0.00480915, 0.000751064]
    ],
    "M_C25_M M_C25H1_M": [
        [-0.220139, 0.00716348, 0.00111875]
    ],
    "M_C26_M M_C26H1_M": [
        [0.00602635, 0.00429449, 0.000670686]
    ],
    "M_C26_M M_C26H2_M": [
        [0.00592367, 0.00350441, 0.000547296]
    ],
    "M_C26_M M_C26H3_M": [
        [0.00591708, 0.00422722, 0.000660181]
    ],
    "M_C27_M M_C27H1_M": [
        [0.010647, 0.00412869, 0.000644792]
    ],
    "M_C27_M M_C27H2_M": [
        [0.0105726, 0.00383063, 0.000598243]
    ],
    "M_C27_M M_C27H3_M": [
        [0.0104073, 0.00380489, 0.000594224]
    ]
}