{
    "M_G1_M M_G1H1_M": [
        [-0.241407, 0.0670799, 0.00873306]
    ],
    "M_G1_M M_G1H2_M": [
        [0.0365277, 0.106111, 0.0138145]
    ],
    "M_G1C3_M M_G1C3H1_M": [
        [-0.252402, 0.0295972, 0.00385322]
    ],
    "M_G1C3_M M_G1C3H2_M": [
        [-0.245238, 0.0294932, 0.00383969]
    ],
    "M_G1C4_M M_G1C4H1_M": [
        [-0.214245, 0.0213211, 0.00277576]
    ],
    "M_G1C4_M M_G1C4H2_M": [
        [-0.207702, 0.0209088, 0.00272209]
    ],
    "M_G1C5_M M_G1C5H1_M": [
        [-0.247567, 0.0200356, 0.00260841]
    ],
    "M_G1C5_M M_G1C5H2_M": [
        [-0.243425, 0.0190117, 0.00247511]
    ],
    "M_G1C6_M M_G1C6H1_M": [
        [-0.235294, 0.0176147, 0.00229323]
    ],
    "M_G1C6_M M_G1C6H2_M": [
        [-0.232472, 0.0180843, 0.00235437]
    ],
    "M_G1C7_M M_G1C7H1_M": [
        [-0.249152, 0.0176931, 0.00230344]
    ],
    "M_G1C7_M M_G1C7H2_M": [
        [-0.245582, 0.0186643, 0.00242988]
    ],
    "M_G1C8_M M_G1C8H1_M": [
        [-0.236196, 0.0193234, 0.00251569]
    ],
    "M_G1C8_M M_G1C8H2_M": [
        [-0.234628, 0.020239, 0.0026349]
    ],
    "M_G1C9_M M_G1C9H1_M": [
        [-0.237312, 0.0200711, 0.00261304]
    ],
    "M_G1C9_M M_G1C9H2_M": [
        [-0.235279, 0.0200367, 0.00260856]
    ],
    "M_G1C10_M M_G1C10H1_M": [
        [-0.219247, 0.0219538, 0.00285814]
    ],
    "M_G1C10_M M_G1C10H2_M": [
        [-0.217575, 0.0221348, 0.0028817]
    ],
    "M_G1C11_M M_G1C11H1_M": [
        [-0.210866, 0.0213404, 0.00277829]
    ],
    "M_G1C11_M M_G1C11H2_M": [
        [-0.210081, 0.0223712, 0.00291248]
    ],
    "M_G1C12_M M_G1C12H1_M": [
        [-0.188171, 0.0225419, 0.0029347]
    ],
    "M_G1C12_M M_G1C12H2_M": [
        [-0.187825, 0.0216163, 0.00281421]
    ],
    "M_G1C13_M M_G1C13H1_M": [
        [-0.174094, 0.0213271, 0.00277656]
    ],
    "M_G1C13_M M_G1C13H2_M": [
        [-0.175524, 0.0206221, 0.00268477]
    ],
    "M_G1C14_M M_G1C14H1_M": [
        [-0.147983, 0.0197246, 0.00256793]
    ],
    "M_G1C14_M M_G1C14H2_M": [
        [-0.147813, 0.0188258, 0.00245091]
    ],
    "M_G1C15_M M_G1C15H1_M": [
        [-0.127669, 0.0167918, 0.0021861]
    ],
    "M_G1C15_M M_G1C15H2_M": [
        [-0.12757, 0.0163059, 0.00212284]
    ],
    "M_G1C16_M M_G1C16H1_M": [
        [-0.0908034, 0.012466, 0.00162293]
    ],
    "M_G1C16_M M_G1C16H2_M": [
        [-0.0913126, 0.0125484, 0.00163366]
    ],
    "M_G1C17_M M_G1C17H1_M": [
        [-0.0291841, 0.00587352, 0.000764667]
    ],
    "M_G1C17_M M_G1C17H2_M": [
        [-0.0294929, 0.00549486, 0.00071537]
    ],
    "M_G1C17_M M_G1C17H3_M": [
        [-0.029005, 0.00514482, 0.000669798]
    ],
    "M_G2_M M_G2H1_M": [
        [-0.219989, 0.0979422, 0.012751]
    ],
    "M_G2C3_M M_G2C3H1_M": [
        [-0.144051, 0.0527599, 0.00686876]
    ],
    "M_G2C3_M M_G2C3H2_M": [
        [-0.140841, 0.0556826, 0.00724925]
    ],
    "M_G2C4_M M_G2C4H1_M": [
        [-0.193951, 0.0312674, 0.00407066]
    ],
    "M_G2C4_M M_G2C4H2_M": [
        [-0.190511, 0.0281646, 0.00366672]
    ],
    "M_G2C5_M M_G2C5H1_M": [
        [-0.202784, 0.0255629, 0.003328]
    ],
    "M_G2C5_M M_G2C5H2_M": [
        [-0.201469, 0.0255273, 0.00332337]
    ],
    "M_G2C6_M M_G2C6H1_M": [
        [-0.216557, 0.0225064, 0.00293009]
    ],
    "M_G2C6_M M_G2C6H2_M": [
        [-0.216443, 0.0230381, 0.0029993]
    ],
    "M_G2C7_M M_G2C7H1_M": [
        [-0.193422, 0.0213778, 0.00278315]
    ],
    "M_G2C7_M M_G2C7H2_M": [
        [-0.194339, 0.0225942, 0.00294152]
    ],
    "M_G2C8_M M_G2C8H1_M": [
        [-0.188948, 0.0201531, 0.0026237]
    ],
    "M_G2C8_M M_G2C8H2_M": [
        [-0.189476, 0.0216233, 0.00281512]
    ],
    "M_G2C9_M M_G2C9H1_M": [
        [-0.135277, 0.0171517, 0.00223296]
    ],
    "M_G2C9_M M_G2C9H2_M": [
        [-0.132954, 0.0174638, 0.00227359]
    ],
    "M_G2C10_M M_G2C10H1_M": [
        [-0.101125, 0.0170543, 0.00222028]
    ],
    "M_G2C11_M M_G2C11H1_M": [
        [0.0002897, 0.0180408, 0.00234872]
    ],
    "M_G2C12_M M_G2C12H1_M": [
        [-0.0692464, 0.017187, 0.00223756]
    ],
    "M_G2C12_M M_G2C12H2_M": [
        [-0.0708043, 0.0168301, 0.00219109]
    ],
    "M_G2C13_M M_G2C13H1_M": [
        [-0.127661, 0.0209195, 0.00272349]
    ],
    "M_G2C13_M M_G2C13H2_M": [
        [-0.128221, 0.0208565, 0.00271529]
    ],
    "M_G2C14_M M_G2C14H1_M": [
        [-0.132822, 0.0205775, 0.00267896]
    ],
    "M_G2C14_M M_G2C14H2_M": [
        [-0.1326, 0.0206795, 0.00269224]
    ],
    "M_G2C15_M M_G2C15H1_M": [
        [-0.142297, 0.0208103, 0.00270926]
    ],
    "M_G2C15_M M_G2C15H2_M": [
        [-0.142114, 0.0209393, 0.00272606]
    ],
    "M_G2C16_M M_G2C16H1_M": [
        [-0.127815, 0.0190285, 0.0024773]
    ],
    "M_G2C16_M M_G2C16H2_M": [
        [-0.127026, 0.0195623, 0.00254679]
    ],
    "M_G2C17_M M_G2C17H1_M": [
        [-0.116261, 0.0170675, 0.002222]
    ],
    "M_G2C17_M M_G2C17H2_M": [
        [-0.116287, 0.0175144, 0.00228018]
    ],
    "M_G2C18_M M_G2C18H1_M": [
        [-0.0858379, 0.0127817, 0.00166403]
    ],
    "M_G2C18_M M_G2C18H2_M": [
        [-0.0850902, 0.0129204, 0.00168209]
    ],
    "M_G2C19_M M_G2C19H1_M": [
        [-0.0271668, 0.00504989, 0.00065744]
    ],
    "M_G2C19_M M_G2C19H2_M": [
        [-0.0279841, 0.00525949, 0.000684727]
    ],
    "M_G2C19_M M_G2C19H3_M": [
        [-0.0279847, 0.004605, 0.000599519]
    ],
    "M_G3_M M_G3H1_M": [
        [-0.128909, 0.118522, 0.0154302]
    ],
    "M_G3_M M_G3H2_M": [
        [-0.189335, 0.0676674, 0.00880954]
    ],
    "M_G3C4_M M_G3C4H1_M": [
        [0.00197497, 0.0729758, 0.00950064]
    ],
    "M_G3C4_M M_G3C4H2_M": [
        [0.0178296, 0.082223, 0.0107045]
    ],
    "M_G3C5_M M_G3C5H1_M": [
        [-0.0281686, 0.0511541, 0.00665969]
    ],
    "M_G3C5_M M_G3C5H2_M": [
        [-0.0333691, 0.0391679, 0.00509922]
    ],
    "M_G3N6C1_M M_G3N6C1H1_M": [
        [0.0131576, 0.00575698, 0.000749495]
    ],
    "M_G3N6C1_M M_G3N6C1H2_M": [
        [0.014091, 0.0060464, 0.000787175]
    ],
    "M_G3N6C1_M M_G3N6C1H3_M": [
        [0.0131112, 0.00537532, 0.000699807]
    ],
    "M_G3N6C2_M M_G3N6C2H1_M": [
        [0.0122334, 0.00580085, 0.000755207]
    ],
    "M_G3N6C2_M M_G3N6C2H2_M": [
        [0.0138388, 0.0053734, 0.000699557]
    ],
    "M_G3N6C2_M M_G3N6C2H3_M": [
        [0.0122284, 0.00634139, 0.000825579]
    ],
    "M_G3N6C3_M M_G3N6C3H1_M": [
        [0.0135982, 0.00487056, 0.000634093]
    ],
    "M_G3N6C3_M M_G3N6C3H2_M": [
        [0.0133985, 0.00508459, 0.000661957]
    ],
    "M_G3N6C3_M M_G3N6C3H3_M": [
        [0.0136224, 0.00465379, 0.000605872]
    ]
}