{
    "M_G1_M M_G1H1_M": [
        [-0.169714, 0.0239682, 0.00169906]
    ],
    "M_G1_M M_G1H2_M": [
        [-0.034892, 0.0292955, 0.0020767]
    ],
    "M_G1C3_M M_G1C3H1_M": [
        [-0.234548, 0.0137381, 0.000973866]
    ],
    "M_G1C3_M M_G1C3H2_M": [
        [-0.207635, 0.0140966, 0.000999285]
    ],
    "M_G1C4_M M_G1C4H1_M": [
        [-0.180681, 0.00963513, 0.000683016]
    ],
    "M_G1C4_M M_G1C4H2_M": [
        [-0.170244, 0.00980032, 0.000694726]
    ],
    "M_G1C5_M M_G1C5H1_M": [
        [-0.208676, 0.00978461, 0.000693613]
    ],
    "M_G1C5_M M_G1C5H2_M": [
        [-0.206644, 0.00924102, 0.000655079]
    ],
    "M_G1C6_M M_G1C6H1_M": [
        [-0.209931, 0.00944517, 0.00066955]
    ],
    "M_G1C6_M M_G1C6H2_M": [
        [-0.207659, 0.00944997, 0.000669891]
    ],
    "M_G1C7_M M_G1C7H1_M": [
        [-0.221674, 0.00910282, 0.000645282]
    ],
    "M_G1C7_M M_G1C7H2_M": [
        [-0.220787, 0.00982094, 0.000696188]
    ],
    "M_G1C8_M M_G1C8H1_M": [
        [-0.21287, 0.00947661, 0.000671779]
    ],
    "M_G1C8_M M_G1C8H2_M": [
        [-0.212609, 0.00989472, 0.000701418]
    ],
    "M_G1C9_M M_G1C9H1_M": [
        [-0.211814, 0.010132, 0.000718236]
    ],
    "M_G1C9_M M_G1C9H2_M": [
        [-0.212126, 0.00991679, 0.000702982]
    ],
    "M_G1C10_M M_G1C10H1_M": [
        [-0.196892, 0.0097941, 0.000694285]
    ],
    "M_G1C10_M M_G1C10H2_M": [
        [-0.196783, 0.00906577, 0.000642655]
    ],
    "M_G1C11_M M_G1C11H1_M": [
        [-0.189526, 0.0103512, 0.00073378]
    ],
    "M_G1C11_M M_G1C11H2_M": [
        [-0.188793, 0.00981052, 0.000695449]
    ],
    "M_G1C12_M M_G1C12H1_M": [
        [-0.170656, 0.00972614, 0.000689468]
    ],
    "M_G1C12_M M_G1C12H2_M": [
        [-0.169685, 0.00938996, 0.000665637]
    ],
    "M_G1C13_M M_G1C13H1_M": [
        [-0.157734, 0.00939798, 0.000666205]
    ],
    "M_G1C13_M M_G1C13H2_M": [
        [-0.158025, 0.00933971, 0.000662074]
    ],
    "M_G1C14_M M_G1C14H1_M": [
        [-0.135945, 0.0081892, 0.000580517]
    ],
    "M_G1C14_M M_G1C14H2_M": [
        [-0.136516, 0.00869707, 0.000616519]
    ],
    "M_G1C15_M M_G1C15H1_M": [
        [-0.118203, 0.00756525, 0.000536286]
    ],
    "M_G1C15_M M_G1C15H2_M": [
        [-0.118114, 0.00767925, 0.000544368]
    ],
    "M_G1C16_M M_G1C16H1_M": [
        [-0.0885396, 0.00609643, 0.000432165]
    ],
    "M_G1C16_M M_G1C16H2_M": [
        [-0.0884191, 0.00655432, 0.000464624]
    ],
    "M_G1C17_M M_G1C17H1_M": [
        [-0.0293324, 0.00483299, 0.000342602]
    ],
    "M_G1C17_M M_G1C17H2_M": [
        [-0.0296583, 0.0049237, 0.000349032]
    ],
    "M_G1C17_M M_G1C17H3_M": [
        [-0.029138, 0.0046703, 0.000331069]
    ],
    "M_G2_M M_G2H1_M": [
        [-0.191068, 0.0227722, 0.00161428]
    ],
    "M_G2C3_M M_G2C3H1_M": [
        [-0.0781495, 0.0193089, 0.00136877]
    ],
    "M_G2C3_M M_G2C3H2_M": [
        [-0.107768, 0.013308, 0.00094338]
    ],
    "M_G2C4_M M_G2C4H1_M": [
        [-0.202911, 0.0117554, 0.000833318]
    ],
    "M_G2C4_M M_G2C4H2_M": [
        [-0.2058, 0.0111729, 0.000792026]
    ],
    "M_G2C5_M M_G2C5H1_M": [
        [-0.201544, 0.0105096, 0.000745003]
    ],
    "M_G2C5_M M_G2C5H2_M": [
        [-0.202903, 0.0101804, 0.000721669]
    ],
    "M_G2C6_M M_G2C6H1_M": [
        [-0.213243, 0.010712, 0.000759353]
    ],
    "M_G2C6_M M_G2C6H2_M": [
        [-0.211432, 0.0102822, 0.000728886]
    ],
    "M_G2C7_M M_G2C7H1_M": [
        [-0.191021, 0.00978626, 0.000693729]
    ],
    "M_G2C7_M M_G2C7H2_M": [
        [-0.189276, 0.010143, 0.000719019]
    ],
    "M_G2C8_M M_G2C8H1_M": [
        [-0.181841, 0.00987076, 0.00069972]
    ],
    "M_G2C8_M M_G2C8H2_M": [
        [-0.180769, 0.00949665, 0.0006732]
    ],
    "M_G2C9_M M_G2C9H1_M": [
        [-0.105937, 0.00922403, 0.000653874]
    ],
    "M_G2C9_M M_G2C9H2_M": [
        [-0.106138, 0.00871534, 0.000617814]
    ],
    "M_G2C10_M M_G2C10H1_M": [
        [-0.061529, 0.010191, 0.000722424]
    ],
    "M_G2C11_M M_G2C11H1_M": [
        [-0.0510423, 0.00954388, 0.000676548]
    ],
    "M_G2C12_M M_G2C12H1_M": [
        [-0.0800599, 0.0103423, 0.000733149]
    ],
    "M_G2C12_M M_G2C12H2_M": [
        [-0.0806011, 0.00980351, 0.000694952]
    ],
    "M_G2C13_M M_G2C13H1_M": [
        [-0.122654, 0.0108443, 0.000768734]
    ],
    "M_G2C13_M M_G2C13H2_M": [
        [-0.123381, 0.0103527, 0.000733887]
    ],
    "M_G2C14_M M_G2C14H1_M": [
        [-0.129455, 0.0105286, 0.000746352]
    ],
    "M_G2C14_M M_G2C14H2_M": [
        [-0.1298, 0.0105176, 0.000745569]
    ],
    "M_G2C15_M M_G2C15H1_M": [
        [-0.13414, 0.0102615, 0.000727419]
    ],
    "M_G2C15_M M_G2C15H2_M": [
        [-0.133834, 0.0104813, 0.000743003]
    ],
    "M_G2C16_M M_G2C16H1_M": [
        [-0.121788, 0.0093215, 0.000660783]
    ],
    "M_G2C16_M M_G2C16H2_M": [
        [-0.121052, 0.00936661, 0.000663981]
    ],
    "M_G2C17_M M_G2C17H1_M": [
        [-0.109701, 0.00822387, 0.000582975]
    ],
    "M_G2C17_M M_G2C17H2_M": [
        [-0.109793, 0.00812153, 0.00057572]
    ],
    "M_G2C18_M M_G2C18H1_M": [
        [-0.0843894, 0.00677303, 0.000480128]
    ],
    "M_G2C18_M M_G2C18H2_M": [
        [-0.084869, 0.00723384, 0.000512793]
    ],
    "M_G2C19_M M_G2C19H1_M": [
        [-0.0285958, 0.00510413, 0.000361822]
    ],
    "M_G2C19_M M_G2C19H2_M": [
        [-0.0281968, 0.00474795, 0.000336573]
    ],
    "M_G2C19_M M_G2C19H3_M": [
        [-0.0280491, 0.00502251, 0.000356036]
    ],
    "M_G3_M M_G3H1_M": [
        [-0.219356, 0.0240048, 0.00170165]
    ],
    "M_G3_M M_G3H2_M": [
        [-0.238701, 0.0199332, 0.00141303]
    ],
    "M_G3C4_M M_G3C4H1_M": [
        [0.0268134, 0.018642, 0.0013215]
    ],
    "M_G3C4_M M_G3C4H2_M": [
        [0.0240785, 0.0178842, 0.00126778]
    ],
    "M_G3C5_M M_G3C5H1_M": [
        [-0.0834026, 0.0172532, 0.00122305]
    ],
    "M_G3C5_M M_G3C5H2_M": [
        [-0.0799568, 0.0180668, 0.00128072]
    ],
    "M_G3N6C1_M M_G3N6C1H1_M": [
        [0.0117219, 0.00640639, 0.000454137]
    ],
    "M_G3N6C1_M M_G3N6C1H2_M": [
        [0.0111954, 0.00707125, 0.000501268]
    ],
    "M_G3N6C1_M M_G3N6C1H3_M": [
        [0.0120727, 0.00593979, 0.00042106]
    ],
    "M_G3N6C2_M M_G3N6C2H1_M": [
        [0.0109017, 0.00691455, 0.000490159]
    ],
    "M_G3N6C2_M M_G3N6C2H2_M": [
        [0.0114866, 0.00628457, 0.000445502]
    ],
    "M_G3N6C2_M M_G3N6C2H3_M": [
        [0.0111551, 0.00599668, 0.000425093]
    ],
    "M_G3N6C3_M M_G3N6C3H1_M": [
        [0.0101314, 0.00626021, 0.000443775]
    ],
    "M_G3N6C3_M M_G3N6C3H2_M": [
        [0.012194, 0.00625642, 0.000443506]
    ],
    "M_G3N6C3_M M_G3N6C3H3_M": [
        [0.0109222, 0.00633133, 0.000448816]
    ]
}