{
    "M_G1_M M_G1H1_M": [
        [0.342256, 0.0238312, 0.00282825]
    ],
    "M_G1_M M_G1H2_M": [
        [-0.0968496, 0.0162766, 0.00193167]
    ],
    "M_G1C3_M M_G1C3H1_M": [
        [-0.108236, 0.0150176, 0.00178226]
    ],
    "M_G1C3_M M_G1C3H2_M": [
        [-0.0163722, 0.0282053, 0.00334735]
    ],
    "M_G1C4_M M_G1C4H1_M": [
        [-0.147974, 0.017038, 0.00202204]
    ],
    "M_G1C4_M M_G1C4H2_M": [
        [-0.121582, 0.0230826, 0.0027394]
    ],
    "M_G1C5_M M_G1C5H1_M": [
        [-0.141624, 0.019361, 0.00229773]
    ],
    "M_G1C5_M M_G1C5H2_M": [
        [-0.139564, 0.0202208, 0.00239976]
    ],
    "M_G1C6_M M_G1C6H1_M": [
        [-0.170553, 0.0159949, 0.00189825]
    ],
    "M_G1C6_M M_G1C6H2_M": [
        [-0.170795, 0.0162401, 0.00192735]
    ],
    "M_G1C7_M M_G1C7H1_M": [
        [-0.156421, 0.0133088, 0.00157947]
    ],
    "M_G1C7_M M_G1C7H2_M": [
        [-0.156866, 0.0138885, 0.00164827]
    ],
    "M_G1C8_M M_G1C8H1_M": [
        [-0.161818, 0.0111018, 0.00131754]
    ],
    "M_G1C8_M M_G1C8H2_M": [
        [-0.161652, 0.0123654, 0.0014675]
    ],
    "M_G1C9_M M_G1C9H1_M": [
        [-0.136595, 0.00991625, 0.00117684]
    ],
    "M_G1C9_M M_G1C9H2_M": [
        [-0.136854, 0.010927, 0.0012968]
    ],
    "M_G1C10_M M_G1C10H1_M": [
        [-0.129114, 0.0089587, 0.0010632]
    ],
    "M_G1C10_M M_G1C10H2_M": [
        [-0.129093, 0.00917787, 0.00108921]
    ],
    "M_G1C11_M M_G1C11H1_M": [
        [-0.118273, 0.0091598, 0.00108707]
    ],
    "M_G1C11_M M_G1C11H2_M": [
        [-0.118146, 0.00930291, 0.00110405]
    ],
    "M_G1C12_M M_G1C12H1_M": [
        [-0.080589, 0.00775855, 0.00092077]
    ],
    "M_G1C12_M M_G1C12H2_M": [
        [-0.0806592, 0.00710735, 0.000843488]
    ],
    "M_G1C13_M M_G1C13H1_M": [
        [-0.0864616, 0.0064502, 0.000765498]
    ],
    "M_G1C13_M M_G1C13H2_M": [
        [-0.086396, 0.00663591, 0.000787538]
    ],
    "M_G1C14_M M_G1C14H1_M": [
        [-0.081102, 0.00613555, 0.000728156]
    ],
    "M_G1C14_M M_G1C14H2_M": [
        [-0.0811834, 0.00579577, 0.000687831]
    ],
    "M_G1C15_M M_G1C15H1_M": [
        [-0.0629253, 0.0050534, 0.000599728]
    ],
    "M_G1C15_M M_G1C15H2_M": [
        [-0.0627893, 0.00517936, 0.000614677]
    ],
    "M_G1C16_M M_G1C16H1_M": [
        [-0.0535369, 0.00414985, 0.000492497]
    ],
    "M_G1C16_M M_G1C16H2_M": [
        [-0.0536116, 0.0045439, 0.000539262]
    ],
    "M_G1C17_M M_G1C17H1_M": [
        [-0.0169036, 0.00258591, 0.000306891]
    ],
    "M_G1C17_M M_G1C17H2_M": [
        [-0.0157498, 0.00225236, 0.000267306]
    ],
    "M_G1C17_M M_G1C17H3_M": [
        [-0.0157244, 0.00299866, 0.000355876]
    ],
    "M_G2_M M_G2H1_M": [
        [-0.219439, 0.0178758, 0.00212147]
    ],
    "M_G2C3_M M_G2C3H1_M": [
        [-0.165043, 0.017469, 0.00207318]
    ],
    "M_G2C3_M M_G2C3H2_M": [
        [-0.128053, 0.0209157, 0.00248224]
    ],
    "M_G2C4_M M_G2C4H1_M": [
        [-0.151597, 0.0144028, 0.0017093]
    ],
    "M_G2C4_M M_G2C4H2_M": [
        [-0.138835, 0.016047, 0.00190443]
    ],
    "M_G2C5_M M_G2C5H1_M": [
        [-0.170824, 0.0164491, 0.00195215]
    ],
    "M_G2C5_M M_G2C5H2_M": [
        [-0.162502, 0.0166588, 0.00197704]
    ],
    "M_G2C6_M M_G2C6H1_M": [
        [-0.1402, 0.0128169, 0.00152108]
    ],
    "M_G2C6_M M_G2C6H2_M": [
        [-0.137641, 0.0126098, 0.00149651]
    ],
    "M_G2C7_M M_G2C7H1_M": [
        [-0.142641, 0.0119391, 0.00141691]
    ],
    "M_G2C7_M M_G2C7H2_M": [
        [-0.142449, 0.0106348, 0.00126212]
    ],
    "M_G2C8_M M_G2C8H1_M": [
        [-0.140763, 0.0105379, 0.00125062]
    ],
    "M_G2C8_M M_G2C8H2_M": [
        [-0.140868, 0.00944131, 0.00112048]
    ],
    "M_G2C9_M M_G2C9H1_M": [
        [-0.132186, 0.00977159, 0.00115967]
    ],
    "M_G2C9_M M_G2C9H2_M": [
        [-0.132449, 0.00904538, 0.00107349]
    ],
    "M_G2C10_M M_G2C10H1_M": [
        [-0.137875, 0.0100974, 0.00119834]
    ],
    "M_G2C11_M M_G2C11H1_M": [
        [-0.117882, 0.0100865, 0.00119705]
    ],
    "M_G2C12_M M_G2C12H1_M": [
        [-0.0885368, 0.00797791, 0.000946803]
    ],
    "M_G2C12_M M_G2C12H2_M": [
        [-0.0885707, 0.00792416, 0.000940425]
    ],
    "M_G2C13_M M_G2C13H1_M": [
        [-0.0745656, 0.00727876, 0.000863829]
    ],
    "M_G2C13_M M_G2C13H2_M": [
        [-0.0746775, 0.00802952, 0.000952929]
    ],
    "M_G2C14_M M_G2C14H1_M": [
        [-0.0651686, 0.00769806, 0.000913592]
    ],
    "M_G2C14_M M_G2C14H2_M": [
        [-0.0652328, 0.00803941, 0.000954103]
    ],
    "M_G2C15_M M_G2C15H1_M": [
        [-0.059584, 0.0075636, 0.000897634]
    ],
    "M_G2C15_M M_G2C15H2_M": [
        [-0.059444, 0.00745451, 0.000884688]
    ],
    "M_G2C16_M M_G2C16H1_M": [
        [-0.0618263, 0.00677623, 0.00080419]
    ],
    "M_G2C16_M M_G2C16H2_M": [
        [-0.0621557, 0.00654578, 0.000776841]
    ],
    "M_G2C17_M M_G2C17H1_M": [
        [-0.0490582, 0.00553435, 0.000656807]
    ],
    "M_G2C17_M M_G2C17H2_M": [
        [-0.0484135, 0.00534819, 0.000634714]
    ],
    "M_G2C18_M M_G2C18H1_M": [
        [-0.046378, 0.00470661, 0.000558572]
    ],
    "M_G2C18_M M_G2C18H2_M": [
        [-0.046709, 0.00449603, 0.000533581]
    ],
    "M_G2C19_M M_G2C19H1_M": [
        [-0.0119656, 0.0028655, 0.000340072]
    ],
    "M_G2C19_M M_G2C19H2_M": [
        [-0.0119024, 0.00266131, 0.000315839]
    ],
    "M_G2C19_M M_G2C19H3_M": [
        [-0.0118281, 0.0029221, 0.000346789]
    ],
    "M_G3_M M_G3H1_M": [
        [-0.226121, 0.017378, 0.00206238]
    ],
    "M_G3_M M_G3H2_M": [
        [-0.21581, 0.0210389, 0.00249686]
    ],
    "M_G3C4_M M_G3C4H1_M": [
        [0.0347193, 0.00878652, 0.00104277]
    ],
    "M_G3C4_M M_G3C4H2_M": [
        [0.0492855, 0.00941562, 0.00111743]
    ],
    "M_G3C5_M M_G3C5H1_M": [
        [0.0397024, 0.00877527, 0.00104143]
    ],
    "M_G3C5_M M_G3C5H2_M": [
        [0.0466427, 0.00875675, 0.00103924]
    ]
}