{"POPG": 1.4387937037155836, "POPE": 1.488784937084956}