{
    "M_G1_M M_G1H1_M": [
        [-0.0113464, 0.0626055, 0.00280261]
    ],
    "M_G1_M M_G1H2_M": [
        [-0.160966, 0.0674567, 0.00301977]
    ],
    "M_G1C3_M M_G1C3H1_M": [
        [-0.213111, 0.0433743, 0.0019417]
    ],
    "M_G1C3_M M_G1C3H2_M": [
        [-0.184202, 0.0493786, 0.00221049]
    ],
    "M_G1C4_M M_G1C4H1_M": [
        [-0.160645, 0.0330377, 0.00147897]
    ],
    "M_G1C4_M M_G1C4H2_M": [
        [-0.149253, 0.0316223, 0.00141561]
    ],
    "M_G1C5_M M_G1C5H1_M": [
        [-0.187141, 0.0301132, 0.00134805]
    ],
    "M_G1C5_M M_G1C5H2_M": [
        [-0.184624, 0.0314363, 0.00140728]
    ],
    "M_G1C6_M M_G1C6H1_M": [
        [-0.18583, 0.0317146, 0.00141974]
    ],
    "M_G1C6_M M_G1C6H2_M": [
        [-0.183431, 0.0320215, 0.00143348]
    ],
    "M_G1C7_M M_G1C7H1_M": [
        [-0.195712, 0.0317211, 0.00142003]
    ],
    "M_G1C7_M M_G1C7H2_M": [
        [-0.194761, 0.0325431, 0.00145683]
    ],
    "M_G1C8_M M_G1C8H1_M": [
        [-0.186636, 0.0315085, 0.00141052]
    ],
    "M_G1C8_M M_G1C8H2_M": [
        [-0.185741, 0.0323372, 0.00144761]
    ],
    "M_G1C9_M M_G1C9H1_M": [
        [-0.185164, 0.0314219, 0.00140664]
    ],
    "M_G1C9_M M_G1C9H2_M": [
        [-0.185531, 0.0315471, 0.00141224]
    ],
    "M_G1C10_M M_G1C10H1_M": [
        [-0.171448, 0.0307627, 0.00137713]
    ],
    "M_G1C10_M M_G1C10H2_M": [
        [-0.171192, 0.0305458, 0.00136742]
    ],
    "M_G1C11_M M_G1C11H1_M": [
        [-0.164849, 0.0295475, 0.00132273]
    ],
    "M_G1C11_M M_G1C11H2_M": [
        [-0.164644, 0.0295019, 0.00132069]
    ],
    "M_G1C12_M M_G1C12H1_M": [
        [-0.148937, 0.0269633, 0.00120704]
    ],
    "M_G1C12_M M_G1C12H2_M": [
        [-0.148506, 0.0268414, 0.00120159]
    ],
    "M_G1C13_M M_G1C13H1_M": [
        [-0.13825, 0.0251747, 0.00112697]
    ],
    "M_G1C13_M M_G1C13H2_M": [
        [-0.138568, 0.0248377, 0.00111189]
    ],
    "M_G1C14_M M_G1C14H1_M": [
        [-0.120669, 0.0220392, 0.000986608]
    ],
    "M_G1C14_M M_G1C14H2_M": [
        [-0.121565, 0.0216472, 0.00096906]
    ],
    "M_G1C15_M M_G1C15H1_M": [
        [-0.105924, 0.0187796, 0.000840689]
    ],
    "M_G1C15_M M_G1C15H2_M": [
        [-0.106426, 0.0186799, 0.000836229]
    ],
    "M_G1C16_M M_G1C16H1_M": [
        [-0.081573, 0.0143069, 0.000640463]
    ],
    "M_G1C16_M M_G1C16H2_M": [
        [-0.0814829, 0.0141971, 0.000635551]
    ],
    "M_G1C17_M M_G1C17H1_M": [
        [-0.0271667, 0.0068201, 0.00030531]
    ],
    "M_G1C17_M M_G1C17H2_M": [
        [-0.0271981, 0.00723954, 0.000324086]
    ],
    "M_G1C17_M M_G1C17H3_M": [
        [-0.0269243, 0.00702877, 0.000314651]
    ],
    "M_G2_M M_G2H1_M": [
        [-0.171534, 0.0672422, 0.00301017]
    ],
    "M_G2C3_M M_G2C3H1_M": [
        [-0.0856632, 0.0496702, 0.00222354]
    ],
    "M_G2C3_M M_G2C3H2_M": [
        [-0.10096, 0.0419286, 0.00187698]
    ],
    "M_G2C4_M M_G2C4H1_M": [
        [-0.181794, 0.0355147, 0.00158986]
    ],
    "M_G2C4_M M_G2C4H2_M": [
        [-0.180079, 0.0342463, 0.00153307]
    ],
    "M_G2C5_M M_G2C5H1_M": [
        [-0.181291, 0.0328014, 0.00146839]
    ],
    "M_G2C5_M M_G2C5H2_M": [
        [-0.180636, 0.032271, 0.00144465]
    ],
    "M_G2C6_M M_G2C6H1_M": [
        [-0.189088, 0.0336906, 0.0015082]
    ],
    "M_G2C6_M M_G2C6H2_M": [
        [-0.187319, 0.0325611, 0.00145764]
    ],
    "M_G2C7_M M_G2C7H1_M": [
        [-0.168601, 0.031007, 0.00138806]
    ],
    "M_G2C7_M M_G2C7H2_M": [
        [-0.166858, 0.0310579, 0.00139034]
    ],
    "M_G2C8_M M_G2C8H1_M": [
        [-0.159731, 0.0302245, 0.00135304]
    ],
    "M_G2C8_M M_G2C8H2_M": [
        [-0.158747, 0.0307917, 0.00137843]
    ],
    "M_G2C9_M M_G2C9H1_M": [
        [-0.0913536, 0.029802, 0.00133412]
    ],
    "M_G2C9_M M_G2C9H2_M": [
        [-0.0930286, 0.0295431, 0.00132253]
    ],
    "M_G2C10_M M_G2C10H1_M": [
        [-0.0488273, 0.0336797, 0.00150771]
    ],
    "M_G2C11_M M_G2C11H1_M": [
        [-0.0440044, 0.0284175, 0.00127214]
    ],
    "M_G2C12_M M_G2C12H1_M": [
        [-0.0703056, 0.0291947, 0.00130694]
    ],
    "M_G2C12_M M_G2C12H2_M": [
        [-0.0691743, 0.0275879, 0.001235]
    ],
    "M_G2C13_M M_G2C13H1_M": [
        [-0.105424, 0.0274855, 0.00123042]
    ],
    "M_G2C13_M M_G2C13H2_M": [
        [-0.103782, 0.0279537, 0.00125138]
    ],
    "M_G2C14_M M_G2C14H1_M": [
        [-0.111079, 0.0259213, 0.0011604]
    ],
    "M_G2C14_M M_G2C14H2_M": [
        [-0.110429, 0.0262952, 0.00117713]
    ],
    "M_G2C15_M M_G2C15H1_M": [
        [-0.115108, 0.0244736, 0.00109559]
    ],
    "M_G2C15_M M_G2C15H2_M": [
        [-0.114189, 0.0252223, 0.00112911]
    ],
    "M_G2C16_M M_G2C16H1_M": [
        [-0.105735, 0.0217229, 0.000972449]
    ],
    "M_G2C16_M M_G2C16H2_M": [
        [-0.10566, 0.0218075, 0.000976236]
    ],
    "M_G2C17_M M_G2C17H1_M": [
        [-0.096772, 0.0185171, 0.000828941]
    ],
    "M_G2C17_M M_G2C17H2_M": [
        [-0.0969314, 0.0186813, 0.000836291]
    ],
    "M_G2C18_M M_G2C18H1_M": [
        [-0.0767044, 0.0142474, 0.000637802]
    ],
    "M_G2C18_M M_G2C18H2_M": [
        [-0.0769575, 0.0145609, 0.000651834]
    ],
    "M_G2C19_M M_G2C19H1_M": [
        [-0.0256109, 0.00699451, 0.000313117]
    ],
    "M_G2C19_M M_G2C19H2_M": [
        [-0.0252151, 0.00691045, 0.000309354]
    ],
    "M_G2C19_M M_G2C19H3_M": [
        [-0.0256859, 0.00693379, 0.000310399]
    ],
    "M_G3_M M_G3H1_M": [
        [-0.179874, 0.054348, 0.00243295]
    ],
    "M_G3_M M_G3H2_M": [
        [-0.207092, 0.0438897, 0.00196477]
    ],
    "M_G3C4_M M_G3C4H1_M": [
        [0.0485063, 0.0298119, 0.00133456]
    ],
    "M_G3C4_M M_G3C4H2_M": [
        [0.0390522, 0.0264022, 0.00118192]
    ],
    "M_G3C5_M M_G3C5H1_M": [
        [0.0356893, 0.0320579, 0.00143511]
    ],
    "M_G3C6_M M_G3C6H1_M": [
        [0.0271009, 0.0280618, 0.00125622]
    ],
    "M_G3C6_M M_G3C6H2_M": [
        [0.00130326, 0.0264883, 0.00118578]
    ]
}