{
    "M_C3_M M_C3H3_M": [
        [-0.313512, 0.0883176, 0.0169967]
    ],
    "M_C4_M M_C4H41_M": [
        [-0.281087, 0.0779981, 0.0150107]
    ],
    "M_C4_M M_C4H42_M": [
        [-0.113202, 0.0605302, 0.011649]
    ],
    "M_C6_M M_C6H6_M": [
        [-0.0139318, 0.0293879, 0.0056557]
    ],
    "M_C7_M M_C7H71_M": [
        [-0.224823, 0.079368, 0.0152744]
    ],
    "M_C7_M M_C7H72_M": [
        [-0.284475, 0.0782457, 0.0150584]
    ],
    "M_C8_M M_C8H8_M": [
        [-0.337636, 0.0939881, 0.018088]
    ],
    "M_C14_M M_C14H14_M": [
        [-0.33349, 0.0922067, 0.0177452]
    ],
    "M_C15_M M_C15H151_M": [
        [-0.30984, 0.0915213, 0.0176133]
    ],
    "M_C15_M M_C15H152_M": [
        [-0.240772, 0.086953, 0.0167341]
    ],
    "M_C16_M M_C16H161_M": [
        [-0.0602279, 0.0075074, 0.0014448]
    ],
    "M_C16_M M_C16H162_M": [
        [-0.161402, 0.0439815, 0.00846425]
    ],
    "M_C17_M M_C17H17_M": [
        [-0.325714, 0.0902189, 0.0173626]
    ],
    "M_C18_M M_C18H181_M": [
        [0.0951677, 0.0272559, 0.00524539]
    ],
    "M_C18_M M_C18H182_M": [
        [0.0967765, 0.0255085, 0.00490911]
    ],
    "M_C18_M M_C18H183_M": [
        [0.0938917, 0.0268577, 0.00516876]
    ],
    "M_C12_M M_C12H121_M": [
        [-0.051053, 0.0361357, 0.00695431]
    ],
    "M_C12_M M_C12H122_M": [
        [-0.33146, 0.092595, 0.0178199]
    ],
    "M_C11_M M_C11H111_M": [
        [-0.333559, 0.0938119, 0.0180541]
    ],
    "M_C11_M M_C11H112_M": [
        [-0.173308, 0.0608573, 0.011712]
    ],
    "M_C9_M M_C9H9_M": [
        [-0.336405, 0.0931394, 0.0179247]
    ],
    "M_C19_M M_C19H191_M": [
        [0.0977702, 0.0258727, 0.0049792]
    ],
    "M_C19_M M_C19H192_M": [
        [0.0952591, 0.0277711, 0.00534455]
    ],
    "M_C19_M M_C19H193_M": [
        [0.0966126, 0.0303749, 0.00584565]
    ],
    "M_C1_M M_C1H11_M": [
        [-0.150685, 0.0732944, 0.0141055]
    ],
    "M_C1_M M_C1H12_M": [
        [-0.300869, 0.0838365, 0.0161343]
    ],
    "M_C2_M M_C2H21_M": [
        [-0.183037, 0.0559372, 0.0107651]
    ],
    "M_C2_M M_C2H22_M": [
        [-0.289372, 0.0819634, 0.0157739]
    ],
    "M_C20_M M_C20H20_M": [
        [-0.313646, 0.0878045, 0.016898]
    ],
    "M_C21_M M_C21H211_M": [
        [0.0757309, 0.0305327, 0.00587603]
    ],
    "M_C21_M M_C21H212_M": [
        [0.0781588, 0.0307987, 0.00592722]
    ],
    "M_C21_M M_C21H213_M": [
        [0.0770244, 0.0318162, 0.00612303]
    ],
    "M_C22_M M_C22H221_M": [
        [-0.0917351, 0.0384577, 0.00740119]
    ],
    "M_C22_M M_C22H222_M": [
        [-0.27271, 0.0920337, 0.0177119]
    ],
    "M_C23_M M_C23H231_M": [
        [-0.0583045, 0.0254179, 0.00489167]
    ],
    "M_C23_M M_C23H232_M": [
        [-0.252197, 0.0874597, 0.0168316]
    ],
    "M_C24_M M_C24H241_M": [
        [-0.0803716, 0.0285779, 0.00549982]
    ],
    "M_C24_M M_C24H242_M": [
        [-0.210934, 0.071838, 0.0138252]
    ],
    "M_C25_M M_C25H25_M": [
        [-0.110892, 0.0320561, 0.0061692]
    ],
    "M_C26_M M_C26H261_M": [
        [0.00786056, 0.00451399, 0.000868718]
    ],
    "M_C26_M M_C26H262_M": [
        [0.00629927, 0.00563952, 0.00108533]
    ],
    "M_C26_M M_C26H263_M": [
        [0.00781796, 0.00465957, 0.000896734]
    ],
    "M_C27_M M_C27H271_M": [
        [-0.00612592, 0.00327406, 0.000630093]
    ],
    "M_C27_M M_C27H272_M": [
        [-0.00680824, 0.00381341, 0.000733891]
    ],
    "M_C27_M M_C27H273_M": [
        [-0.00677094, 0.00447388, 0.000860998]
    ]
}