{
    "M_G1_M M_G1H1_M": [
        [-0.144483, 0.0102971, 0.000639831]
    ],
    "M_G1_M M_G1H2_M": [
        [-0.0268781, 0.00951117, 0.000590995]
    ],
    "M_G1C3_M M_G1C3H1_M": [
        [-0.175975, 0.00741556, 0.000460781]
    ],
    "M_G1C3_M M_G1C3H2_M": [
        [-0.139848, 0.0072207, 0.000448672]
    ],
    "M_G1C4_M M_G1C4H1_M": [
        [-0.0967034, 0.00547992, 0.000340506]
    ],
    "M_G1C4_M M_G1C4H2_M": [
        [-0.0872106, 0.00515436, 0.000320277]
    ],
    "M_G1C5_M M_G1C5H1_M": [
        [-0.0846954, 0.0051189, 0.000318073]
    ],
    "M_G1C5_M M_G1C5H2_M": [
        [-0.0879896, 0.00510381, 0.000317135]
    ],
    "M_G1C6_M M_G1C6H1_M": [
        [-0.0313679, 0.00522505, 0.000324669]
    ],
    "M_G1C7_M M_G1C7H1_M": [
        [-0.123948, 0.00425339, 0.000264293]
    ],
    "M_G1C8_M M_G1C8H1_M": [
        [-0.0418829, 0.00400814, 0.000249054]
    ],
    "M_G1C8_M M_G1C8H2_M": [
        [-0.0415743, 0.00411686, 0.000255809]
    ],
    "M_G1C9_M M_G1C9H1_M": [
        [-0.0306677, 0.00478212, 0.000297146]
    ],
    "M_G1C10_M M_G1C10H1_M": [
        [-0.0232455, 0.00446095, 0.00027719]
    ],
    "M_G1C11_M M_G1C11H1_M": [
        [-0.0320832, 0.00377894, 0.000234812]
    ],
    "M_G1C11_M M_G1C11H2_M": [
        [-0.0324978, 0.00363449, 0.000225836]
    ],
    "M_G1C12_M M_G1C12H1_M": [
        [-0.0418703, 0.00410923, 0.000255335]
    ],
    "M_G1C13_M M_G1C13H1_M": [
        [-0.018077, 0.00347737, 0.000216074]
    ],
    "M_G1C14_M M_G1C14H1_M": [
        [-0.0210078, 0.00332043, 0.000206322]
    ],
    "M_G1C14_M M_G1C14H2_M": [
        [-0.0212199, 0.00338142, 0.000210111]
    ],
    "M_G1C15_M M_G1C15H1_M": [
        [-0.0395896, 0.00431518, 0.000268132]
    ],
    "M_G1C16_M M_G1C16H1_M": [
        [-0.00326246, 0.00362165, 0.000225039]
    ],
    "M_G1C17_M M_G1C17H1_M": [
        [-0.0225852, 0.00333185, 0.000207031]
    ],
    "M_G1C17_M M_G1C17H2_M": [
        [-0.0227635, 0.00384856, 0.000239138]
    ],
    "M_G1C18_M M_G1C18H1_M": [
        [-0.0373528, 0.0035216, 0.000218821]
    ],
    "M_G1C18_M M_G1C18H2_M": [
        [-0.0378766, 0.00386879, 0.000240395]
    ],
    "M_G1C19_M M_G1C19H1_M": [
        [-0.0366886, 0.00352396, 0.000218968]
    ],
    "M_G1C19_M M_G1C19H2_M": [
        [-0.0372903, 0.00385907, 0.000239791]
    ],
    "M_G1C20_M M_G1C20H1_M": [
        [-0.0351978, 0.00364794, 0.000226672]
    ],
    "M_G1C20_M M_G1C20H2_M": [
        [-0.0350574, 0.00364135, 0.000226263]
    ],
    "M_G1C21_M M_G1C21H1_M": [
        [-0.0080656, 0.0032267, 0.000200497]
    ],
    "M_G1C21_M M_G1C21H2_M": [
        [-0.00811864, 0.00293217, 0.000182196]
    ],
    "M_G1C21_M M_G1C21H3_M": [
        [-0.00875672, 0.00322342, 0.000200293]
    ],
    "M_G2_M M_G2H1_M": [
        [-0.152759, 0.0100261, 0.000622991]
    ],
    "M_G2C3_M M_G2C3H1_M": [
        [-0.0521505, 0.00706112, 0.000438757]
    ],
    "M_G2C3_M M_G2C3H2_M": [
        [-0.0263422, 0.00683188, 0.000424512]
    ],
    "M_G2C4_M M_G2C4H1_M": [
        [-0.124348, 0.00510184, 0.000317013]
    ],
    "M_G2C4_M M_G2C4H2_M": [
        [-0.114662, 0.0056374, 0.000350291]
    ],
    "M_G2C5_M M_G2C5H1_M": [
        [-0.0610028, 0.00547838, 0.00034041]
    ],
    "M_G2C5_M M_G2C5H2_M": [
        [-0.0509198, 0.00494609, 0.000307335]
    ],
    "M_G2C6_M M_G2C6H1_M": [
        [-0.00567726, 0.00579073, 0.000359818]
    ],
    "M_G2C7_M M_G2C7H1_M": [
        [-0.0867308, 0.00479328, 0.00029784]
    ],
    "M_G2C8_M M_G2C8H1_M": [
        [-0.0389971, 0.00422868, 0.000262758]
    ],
    "M_G2C8_M M_G2C8H2_M": [
        [-0.0391377, 0.00438692, 0.00027259]
    ],
    "M_G2C9_M M_G2C9H1_M": [
        [-0.023824, 0.0041882, 0.000260242]
    ],
    "M_G2C10_M M_G2C10H1_M": [
        [-0.0520076, 0.00415957, 0.000258463]
    ],
    "M_G2C11_M M_G2C11H1_M": [
        [-0.0408051, 0.00377991, 0.000234872]
    ],
    "M_G2C11_M M_G2C11H2_M": [
        [-0.040437, 0.00360771, 0.000224172]
    ],
    "M_G2C12_M M_G2C12H1_M": [
        [-0.0433236, 0.00463387, 0.000287935]
    ],
    "M_G2C13_M M_G2C13H1_M": [
        [-0.0227415, 0.00370907, 0.000230471]
    ],
    "M_G2C14_M M_G2C14H1_M": [
        [-0.0246028, 0.00343309, 0.000213322]
    ],
    "M_G2C14_M M_G2C14H2_M": [
        [-0.0245973, 0.00352098, 0.000218783]
    ],
    "M_G2C15_M M_G2C15H1_M": [
        [-0.0465279, 0.00395789, 0.000245932]
    ],
    "M_G2C16_M M_G2C16H1_M": [
        [-0.00966742, 0.0036189, 0.000224868]
    ],
    "M_G2C17_M M_G2C17H1_M": [
        [-0.0296009, 0.00341038, 0.000211911]
    ],
    "M_G2C17_M M_G2C17H2_M": [
        [-0.0297785, 0.00363777, 0.00022604]
    ],
    "M_G2C18_M M_G2C18H1_M": [
        [-0.0467366, 0.00404218, 0.000251169]
    ],
    "M_G2C18_M M_G2C18H2_M": [
        [-0.0462486, 0.0036701, 0.000228049]
    ],
    "M_G2C19_M M_G2C19H1_M": [
        [-0.0450171, 0.00369388, 0.000229526]
    ],
    "M_G2C19_M M_G2C19H2_M": [
        [-0.0451652, 0.00358664, 0.000222863]
    ],
    "M_G2C20_M M_G2C20H1_M": [
        [-0.0420672, 0.00340172, 0.000211373]
    ],
    "M_G2C20_M M_G2C20H2_M": [
        [-0.0423642, 0.00367936, 0.000228624]
    ],
    "M_G2C21_M M_G2C21H1_M": [
        [-0.00949954, 0.00321524, 0.000199785]
    ],
    "M_G2C21_M M_G2C21H2_M": [
        [-0.00903037, 0.00347841, 0.000216138]
    ],
    "M_G2C21_M M_G2C21H3_M": [
        [-0.00970202, 0.00323417, 0.000200962]
    ],
    "M_G3_M M_G3H1_M": [
        [-0.188801, 0.0092694, 0.000575973]
    ],
    "M_G3_M M_G3H2_M": [
        [-0.226608, 0.00684165, 0.000425119]
    ],
    "M_G3C4_M M_G3C4H1_M": [
        [0.0340093, 0.00578524, 0.000359477]
    ],
    "M_G3C4_M M_G3C4H2_M": [
        [0.0359767, 0.00530903, 0.000329887]
    ],
    "M_G3C5_M M_G3C5H1_M": [
        [-0.0726464, 0.00467672, 0.000290597]
    ],
    "M_G3C5_M M_G3C5H2_M": [
        [-0.074123, 0.00485562, 0.000301714]
    ],
    "M_G3N6C1_M M_G3N6C1H1_M": [
        [0.0107849, 0.00377686, 0.000234683]
    ],
    "M_G3N6C1_M M_G3N6C1H2_M": [
        [0.0106538, 0.00389161, 0.000241813]
    ],
    "M_G3N6C1_M M_G3N6C1H3_M": [
        [0.0112876, 0.00377808, 0.000234758]
    ],
    "M_G3N6C2_M M_G3N6C2H1_M": [
        [0.0107357, 0.00355569, 0.00022094]
    ],
    "M_G3N6C2_M M_G3N6C2H2_M": [
        [0.0108562, 0.0036237, 0.000225166]
    ],
    "M_G3N6C2_M M_G3N6C2H3_M": [
        [0.0111812, 0.00364742, 0.00022664]
    ],
    "M_G3N6C3_M M_G3N6C3H1_M": [
        [0.010602, 0.00395577, 0.0002458]
    ],
    "M_G3N6C3_M M_G3N6C3H2_M": [
        [0.0109256, 0.00365292, 0.000226981]
    ],
    "M_G3N6C3_M M_G3N6C3H3_M": [
        [0.0107839, 0.00383872, 0.000238526]
    ]
}