{
    "M_C3_M M_C3H3_M": [
        [-0.384222, 0.00913619, 0.00130517]
    ],
    "M_C4_M M_C4H41_M": [
        [-0.333541, 0.00929026, 0.00132718]
    ],
    "M_C4_M M_C4H42_M": [
        [-0.202641, 0.0107995, 0.00154278]
    ],
    "M_C6_M M_C6H6_M": [
        [-0.0499501, 0.0107702, 0.0015386]
    ],
    "M_C7_M M_C7H71_M": [
        [-0.281968, 0.00816723, 0.00116675]
    ],
    "M_C7_M M_C7H72_M": [
        [-0.347538, 0.00899165, 0.00128452]
    ],
    "M_C8_M M_C8H8_M": [
        [-0.420238, 0.00847855, 0.00121122]
    ],
    "M_C14_M M_C14H14_M": [
        [-0.417335, 0.0082258, 0.00117511]
    ],
    "M_C15_M M_C15H151_M": [
        [-0.384906, 0.0090747, 0.00129639]
    ],
    "M_C15_M M_C15H152_M": [
        [-0.344971, 0.010272, 0.00146743]
    ],
    "M_C16_M M_C16H161_M": [
        [-0.0870629, 0.00876502, 0.00125215]
    ],
    "M_C16_M M_C16H162_M": [
        [-0.161896, 0.00839891, 0.00119984]
    ],
    "M_C17_M M_C17H17_M": [
        [-0.414928, 0.00822141, 0.00117449]
    ],
    "M_C18_M M_C18H181_M": [
        [0.120324, 0.00542253, 0.000774647]
    ],
    "M_C18_M M_C18H182_M": [
        [0.120116, 0.00501742, 0.000716775]
    ],
    "M_C18_M M_C18H183_M": [
        [0.119958, 0.00408225, 0.000583178]
    ],
    "M_C12_M M_C12H121_M": [
        [-0.124118, 0.0103852, 0.0014836]
    ],
    "M_C12_M M_C12H122_M": [
        [-0.41118, 0.00864469, 0.00123496]
    ],
    "M_C11_M M_C11H111_M": [
        [-0.415755, 0.00884161, 0.00126309]
    ],
    "M_C11_M M_C11H112_M": [
        [-0.221948, 0.00854101, 0.00122014]
    ],
    "M_C9_M M_C9H9_M": [
        [-0.416001, 0.00836005, 0.00119429]
    ],
    "M_C19_M M_C19H191_M": [
        [0.120293, 0.00428097, 0.000611567]
    ],
    "M_C19_M M_C19H192_M": [
        [0.11936, 0.00439822, 0.000628317]
    ],
    "M_C19_M M_C19H193_M": [
        [0.118363, 0.00529753, 0.00075679]
    ],
    "M_C1_M M_C1H11_M": [
        [-0.217541, 0.0108995, 0.00155707]
    ],
    "M_C1_M M_C1H12_M": [
        [-0.379898, 0.00904442, 0.00129206]
    ],
    "M_C2_M M_C2H21_M": [
        [-0.224036, 0.00810089, 0.00115727]
    ],
    "M_C2_M M_C2H22_M": [
        [-0.362435, 0.00926239, 0.0013232]
    ],
    "M_C20_M M_C20H20_M": [
        [-0.395146, 0.00837968, 0.0011971]
    ],
    "M_C21_M M_C21H211_M": [
        [0.111701, 0.00443233, 0.000633189]
    ],
    "M_C21_M M_C21H212_M": [
        [0.112331, 0.00399842, 0.000571203]
    ],
    "M_C21_M M_C21H213_M": [
        [0.111215, 0.00550923, 0.000787033]
    ],
    "M_C22_M M_C22H221_M": [
        [-0.265788, 0.0170198, 0.0024314]
    ],
    "M_C22_M M_C22H222_M": [
        [-0.374367, 0.00914105, 0.00130586]
    ],
    "M_C23_M M_C23H231_M": [
        [-0.219111, 0.0141987, 0.00202839]
    ],
    "M_C23_M M_C23H232_M": [
        [-0.353195, 0.0100818, 0.00144025]
    ],
    "M_C24_M M_C24H241_M": [
        [-0.224408, 0.0170987, 0.00244267]
    ],
    "M_C24_M M_C24H242_M": [
        [-0.304237, 0.0153482, 0.0021926]
    ],
    "M_C25_M M_C25H25_M": [
        [-0.183989, 0.0105354, 0.00150506]
    ],
    "M_C26_M M_C26H261_M": [
        [0.0152931, 0.0035623, 0.000508899]
    ],
    "M_C26_M M_C26H262_M": [
        [0.0165913, 0.00429009, 0.000612871]
    ],
    "M_C26_M M_C26H263_M": [
        [0.0146193, 0.00416672, 0.000595246]
    ],
    "M_C27_M M_C27H271_M": [
        [0.0127114, 0.00411607, 0.00058801]
    ],
    "M_C27_M M_C27H272_M": [
        [0.0134334, 0.00372382, 0.000531975]
    ],
    "M_C27_M M_C27H273_M": [
        [0.0120782, 0.00413347, 0.000590496]
    ]
}