{
    "M_C3_M M_C3H3_M": [
        [-0.363772, 0.0133698, 0.00168444]
    ],
    "M_C4_M M_C4H41_M": [
        [-0.313214, 0.0140195, 0.00176629]
    ],
    "M_C4_M M_C4H42_M": [
        [-0.206274, 0.0244423, 0.00307944]
    ],
    "M_C6_M M_C6H6_M": [
        [-0.0462206, 0.0250107, 0.00315105]
    ],
    "M_C7_M M_C7H71_M": [
        [-0.289581, 0.0160521, 0.00202237]
    ],
    "M_C7_M M_C7H72_M": [
        [-0.341923, 0.0134949, 0.0017002]
    ],
    "M_C8_M M_C8H8_M": [
        [-0.401071, 0.0149973, 0.00188948]
    ],
    "M_C14_M M_C14H14_M": [
        [-0.396767, 0.0152097, 0.00191624]
    ],
    "M_C15_M M_C15H151_M": [
        [-0.374144, 0.0152567, 0.00192217]
    ],
    "M_C15_M M_C15H152_M": [
        [-0.316748, 0.0215868, 0.00271968]
    ],
    "M_C16_M M_C16H161_M": [
        [-0.058563, 0.0217545, 0.00274081]
    ],
    "M_C16_M M_C16H162_M": [
        [-0.182952, 0.0172207, 0.0021696]
    ],
    "M_C17_M M_C17H17_M": [
        [-0.394953, 0.0148464, 0.00187048]
    ],
    "M_C18_M M_C18H181_M": [
        [0.110514, 0.0142992, 0.00180153]
    ],
    "M_C18_M M_C18H182_M": [
        [0.109015, 0.0140228, 0.0017667]
    ],
    "M_C18_M M_C18H183_M": [
        [0.112596, 0.0147838, 0.00186259]
    ],
    "M_C12_M M_C12H121_M": [
        [-0.0993891, 0.0242999, 0.0030615]
    ],
    "M_C12_M M_C12H122_M": [
        [-0.394682, 0.0147698, 0.00186083]
    ],
    "M_C11_M M_C11H111_M": [
        [-0.395264, 0.0151248, 0.00190555]
    ],
    "M_C11_M M_C11H112_M": [
        [-0.215176, 0.0176766, 0.00222705]
    ],
    "M_C9_M M_C9H9_M": [
        [-0.394817, 0.0154797, 0.00195026]
    ],
    "M_C19_M M_C19H191_M": [
        [0.109625, 0.0148918, 0.00187619]
    ],
    "M_C19_M M_C19H192_M": [
        [0.112018, 0.0162449, 0.00204666]
    ],
    "M_C19_M M_C19H193_M": [
        [0.113251, 0.0155116, 0.00195428]
    ],
    "M_C1_M M_C1H11_M": [
        [-0.223738, 0.0236314, 0.00297728]
    ],
    "M_C1_M M_C1H12_M": [
        [-0.360323, 0.0133191, 0.00167804]
    ],
    "M_C2_M M_C2H21_M": [
        [-0.205595, 0.0178729, 0.00225177]
    ],
    "M_C2_M M_C2H22_M": [
        [-0.33361, 0.0137473, 0.001732]
    ],
    "M_C20_M M_C20H20_M": [
        [-0.381892, 0.0141813, 0.00178668]
    ],
    "M_C21_M M_C21H211_M": [
        [0.0977575, 0.0144161, 0.00181626]
    ],
    "M_C21_M M_C21H212_M": [
        [0.0942743, 0.0158917, 0.00200217]
    ],
    "M_C21_M M_C21H213_M": [
        [0.0970643, 0.0154621, 0.00194805]
    ],
    "M_C22_M M_C22H221_M": [
        [-0.139339, 0.034962, 0.0044048]
    ],
    "M_C22_M M_C22H222_M": [
        [-0.33937, 0.0146483, 0.00184551]
    ],
    "M_C23_M M_C23H231_M": [
        [-0.0971387, 0.0271859, 0.0034251]
    ],
    "M_C23_M M_C23H232_M": [
        [-0.310368, 0.0162902, 0.00205237]
    ],
    "M_C24_M M_C24H241_M": [
        [-0.141973, 0.0212516, 0.00267744]
    ],
    "M_C24_M M_C24H242_M": [
        [-0.252364, 0.0161327, 0.00203252]
    ],
    "M_C25_M M_C25H25_M": [
        [-0.153956, 0.017697, 0.00222962]
    ],
    "M_C26_M M_C26H261_M": [
        [-0.00344715, 0.0124532, 0.00156896]
    ],
    "M_C26_M M_C26H262_M": [
        [0.000187808, 0.0157887, 0.00198918]
    ],
    "M_C26_M M_C26H263_M": [
        [0.0067521, 0.0159497, 0.00200947]
    ],
    "M_C27_M M_C27H271_M": [
        [0.00184004, 0.0168012, 0.00211675]
    ],
    "M_C27_M M_C27H272_M": [
        [0.00669606, 0.0161303, 0.00203222]
    ],
    "M_C27_M M_C27H273_M": [
        [-0.00123248, 0.0144865, 0.00182513]
    ]
}